Month,Item ID,Item Descreption,# Units,Store Code,Store Name,Item Brand,$ Revenue,Lens Type,Company Name
30/9/2024,5065,Lensme Contact Lenses - La Bella -3.25,1,9120,RYD DM - Nokhba Center,Lensme,40,Power,Dr.M - KSA
30/9/2024,5066,Lensme Contact Lenses - La Bella -3.5,4,2147,MAK MO - Makkah Mall,Lensme,160,Power,Magrabi - KSA
30/9/2024,5066,Lensme Contact Lenses - La Bella -3.5,2,2181,RYD MO - Nakhil Mall,Lensme,80,Power,Magrabi - KSA
30/9/2024,5066,Lensme Contact Lenses - La Bella -3.5,2,2234,RYD MO - Wadi Plaza,Lensme,80,Power,Magrabi - KSA
30/9/2024,5066,Lensme Contact Lenses - La Bella -3.5,2,2297,RYD MO - Granada Mall,Lensme,80,Power,Magrabi - KSA
30/9/2024,5066,Lensme Contact Lenses - La Bella -3.5,1,2302,JED MO - Red Sea Mall,Lensme,40,Power,Magrabi - KSA
30/9/2024,5066,Lensme Contact Lenses - La Bella -3.5,2,2309,RYD MO - Hamra Mall,Lensme,80,Power,Magrabi - KSA
30/9/2024,5066,Lensme Contact Lenses - La Bella -3.5,2,9112,RYD DM - Nakhil Mall,Lensme,80,Power,Dr.M - KSA
30/9/2024,5066,Lensme Contact Lenses - La Bella -3.5,1,9120,RYD DM - Nokhba Center,Lensme,40,Power,Dr.M - KSA
30/9/2024,5067,Lensme Contact Lenses - La Bella -3.75,2,2049,RYD MO - Madinah Road,Lensme,80,Power,Magrabi - KSA
30/9/2024,5067,Lensme Contact Lenses - La Bella -3.75,2,2138,RYD MO - Panorama Mall,Lensme,80,Power,Magrabi - KSA
30/9/2024,5067,Lensme Contact Lenses - La Bella -3.75,1,2147,MAK MO - Makkah Mall,Lensme,40,Power,Magrabi - KSA
30/9/2024,5067,Lensme Contact Lenses - La Bella -3.75,2,2238,RYD MO - Jarir Plaza,Lensme,80,Power,Magrabi - KSA
30/9/2024,5067,Lensme Contact Lenses - La Bella -3.75,2,2286,RYD MO - Riyadh Park Mall,Lensme,80,Power,Magrabi - KSA
30/9/2024,5067,Lensme Contact Lenses - La Bella -3.75,1,2304,MO - E.Commerce Saudi,Lensme,40,Power,Magrabi - KSA
30/9/2024,5067,Lensme Contact Lenses - La Bella -3.75,2,2312,RYD MO - 60th Street,Lensme,80,Power,Magrabi - KSA
30/9/2024,5067,Lensme Contact Lenses - La Bella -3.75,2,2331,TIF MO - The Park Mall,Lensme,80,Power,Magrabi - KSA
30/9/2024,5068,Lensme Contact Lenses - La Bella -4,2,2049,RYD MO - Madinah Road,Lensme,80,Power,Magrabi - KSA
30/9/2024,5068,Lensme Contact Lenses - La Bella -4,1,2303,JED MO - Magrabi Clinic Murjan,Lensme,40,Power,Magrabi - KSA
30/9/2024,5068,Lensme Contact Lenses - La Bella -4,2,2319,ASR MO - Magrabi Hospital,Lensme,80,Power,Magrabi - KSA
30/9/2024,5068,Lensme Contact Lenses - La Bella -4,2,2324,JED MO - Mooj Plaza,Lensme,80,Power,Magrabi - KSA
30/9/2024,5068,Lensme Contact Lenses - La Bella -4,1,2334,MAK MO - Azizia Park,Lensme,40,Power,Magrabi - KSA
30/9/2024,5068,Lensme Contact Lenses - La Bella -4,1,2342,JED MO - Tahlia Street,Lensme,40,Power,Magrabi - KSA
30/9/2024,5069,Lensme Contact Lenses - La Bella -4.25,1,2138,RYD MO - Panorama Mall,Lensme,40,Power,Magrabi - KSA
30/9/2024,5069,Lensme Contact Lenses - La Bella -4.25,2,2177,DMM MO - Faisaliyah Plaza,Lensme,80,Power,Magrabi - KSA
30/9/2024,5070,Lensme Contact Lenses - La Bella -4.5,2,2138,RYD MO - Panorama Mall,Lensme,80,Power,Magrabi - KSA
30/9/2024,5070,Lensme Contact Lenses - La Bella -4.5,1,2147,MAK MO - Makkah Mall,Lensme,40,Power,Magrabi - KSA
30/9/2024,5070,Lensme Contact Lenses - La Bella -4.5,2,2294,RYD MO - Kingdom Mall,Lensme,80,Power,Magrabi - KSA
30/9/2024,5070,Lensme Contact Lenses - La Bella -4.5,1,2303,JED MO - Magrabi Clinic Murjan,Lensme,40,Power,Magrabi - KSA
30/9/2024,5070,Lensme Contact Lenses - La Bella -4.5,1,2334,MAK MO - Azizia Park,Lensme,40,Power,Magrabi - KSA
30/9/2024,5071,Lensme Contact Lenses - La Bella -4.75,1,2147,MAK MO - Makkah Mall,Lensme,40,Power,Magrabi - KSA
30/9/2024,5071,Lensme Contact Lenses - La Bella -4.75,1,2311,DMM MO - Rashed Mall,Lensme,40,Power,Magrabi - KSA
30/9/2024,5072,Lensme Contact Lenses - La Bella -5,2,2302,JED MO - Red Sea Mall,Lensme,80,Power,Magrabi - KSA
30/9/2024,5072,Lensme Contact Lenses - La Bella -5,2,2318,QSM MO - Imam Bukhari Street,Lensme,80,Power,Magrabi - KSA
30/9/2024,5072,Lensme Contact Lenses - La Bella -5,1,9168,DMM DM - Magrabi Center Mouwasat,Lensme,40,Power,Dr.M - KSA
30/9/2024,5073,Lensme Contact Lenses - La Bella -5.25,1,9168,DMM DM - Magrabi Center Mouwasat,Lensme,40,Power,Dr.M - KSA
30/9/2024,5074,Lensme Contact Lenses - La Bella -5.5,2,2061,DMM MO - Cornich Boulevard,Lensme,80,Power,Magrabi - KSA
30/9/2024,5074,Lensme Contact Lenses - La Bella -5.5,1,2234,RYD MO - Wadi Plaza,Lensme,40,Power,Magrabi - KSA
30/9/2024,5075,Lensme Contact Lenses - La Bella -5.75,2,2139,RYD MO - Magrabi Hospital,Lensme,80,Power,Magrabi - KSA
30/9/2024,5076,Lensme Contact Lenses - La Bella -6,2,2038,JED MO - Sari Street,Lensme,80,Power,Magrabi - KSA
30/9/2024,5076,Lensme Contact Lenses - La Bella -6,2,2311,DMM MO - Rashed Mall,Lensme,80,Power,Magrabi - KSA
30/9/2024,5077,Lensme Contact Lenses - La Bella -6.5,1,2147,MAK MO - Makkah Mall,Lensme,40,Power,Magrabi - KSA
30/9/2024,5077,Lensme Contact Lenses - La Bella -6.5,2,2192,RYD MO - Telal Plaza,Lensme,80,Power,Magrabi - KSA
30/9/2024,5077,Lensme Contact Lenses - La Bella -6.5,1,2234,RYD MO - Wadi Plaza,Lensme,40,Power,Magrabi - KSA
30/9/2024,5078,Lensme Contact Lenses - La Bella -7,1,2147,MAK MO - Makkah Mall,Lensme,40,Power,Magrabi - KSA
30/9/2024,5078,Lensme Contact Lenses - La Bella -7,1,2311,DMM MO - Rashed Mall,Lensme,40,Power,Magrabi - KSA
30/9/2024,5080,Lensme Contact Lenses - La Bella -8,2,2308,TBK MO - Tabuk Park,Lensme,80,Power,Magrabi - KSA
30/9/2024,5081,Lensme Contact Lenses - La Bella -8.5,2,2181,RYD MO - Nakhil Mall,Lensme,80,Power,Magrabi - KSA
30/9/2024,2300,Lensme Contact Lenses - Latte +0.5,2,2147,MAK MO - Makkah Mall,Lensme,80,Power,Magrabi - KSA
30/9/2024,2301,Lensme Contact Lenses - Latte +1,1,2049,RYD MO - Madinah Road,Lensme,40,Power,Magrabi - KSA
30/9/2024,2302,Lensme Contact Lenses - Latte +1.5,2,2052,RYD MO - Okbah bin Nafee Road,Lensme,80,Power,Magrabi - KSA
30/9/2024,2302,Lensme Contact Lenses - Latte +1.5,1,2053,RYD MO - King Abdullah Road,Lensme,40,Power,Magrabi - KSA
30/9/2024,2302,Lensme Contact Lenses - Latte +1.5,1,2123,MED MO - Noor Mall,Lensme,40,Power,Magrabi - KSA
30/9/2024,2302,Lensme Contact Lenses - Latte +1.5,3,2147,MAK MO - Makkah Mall,Lensme,120,Power,Magrabi - KSA
30/9/2024,2302,Lensme Contact Lenses - Latte +1.5,4,2303,JED MO - Magrabi Clinic Murjan,Lensme,160,Power,Magrabi - KSA
30/9/2024,2302,Lensme Contact Lenses - Latte +1.5,1,2324,JED MO - Mooj Plaza,Lensme,40,Power,Magrabi - KSA
30/9/2024,2302,Lensme Contact Lenses - Latte +1.5,1,9101,RYD DM - Qasr Mall,Lensme,40,Power,Dr.M - KSA
30/9/2024,2302,Lensme Contact Lenses - Latte +1.5,1,9106,AHS DM - Ahsa Mall,Lensme,40,Power,Dr.M - KSA
30/9/2024,2303,Lensme Contact Lenses - Latte +2,4,2033,JED MO - Madinah Road,Lensme,160,Power,Magrabi - KSA
30/9/2024,2303,Lensme Contact Lenses - Latte +2,1,2053,RYD MO - King Abdullah Road,Lensme,40,Power,Magrabi - KSA
30/9/2024,2303,Lensme Contact Lenses - Latte +2,3,2147,MAK MO - Makkah Mall,Lensme,120,Power,Magrabi - KSA
30/9/2024,2303,Lensme Contact Lenses - Latte +2,1,2297,RYD MO - Granada Mall,Lensme,40,Power,Magrabi - KSA
30/9/2024,2303,Lensme Contact Lenses - Latte +2,1,2324,JED MO - Mooj Plaza,Lensme,40,Power,Magrabi - KSA
30/9/2024,2303,Lensme Contact Lenses - Latte +2,1,9101,RYD DM - Qasr Mall,Lensme,40,Power,Dr.M - KSA
30/9/2024,2304,Lensme Contact Lenses - Latte +2.5,1,2297,RYD MO - Granada Mall,Lensme,40,Power,Magrabi - KSA
30/9/2024,2304,Lensme Contact Lenses - Latte +2.5,2,9106,AHS DM - Ahsa Mall,Lensme,80,Power,Dr.M - KSA
30/9/2024,2304,Lensme Contact Lenses - Latte +2.5,1,9108,JED DM - Andalus Mall,Lensme,40,Power,Dr.M - KSA
30/9/2024,2305,Lensme Contact Lenses - Latte +3,1,2123,MED MO - Noor Mall,Lensme,40,Power,Magrabi - KSA
30/9/2024,2306,Lensme Contact Lenses - Latte +3.5,1,2049,RYD MO - Madinah Road,Lensme,40,Power,Magrabi - KSA
30/9/2024,2306,Lensme Contact Lenses - Latte +3.5,2,2311,DMM MO - Rashed Mall,Lensme,80,Power,Magrabi - KSA
30/9/2024,2306,Lensme Contact Lenses - Latte +3.5,1,9108,JED DM - Andalus Mall,Lensme,40,Power,Dr.M - KSA
30/9/2024,2308,Lensme Contact Lenses - Latte +4.5,2,9108,JED DM - Andalus Mall,Lensme,80,Power,Dr.M - KSA
30/9/2024,2253,Lensme Contact Lenses - Latte -0.5,2,2138,RYD MO - Panorama Mall,Lensme,80,Power,Magrabi - KSA
30/9/2024,2253,Lensme Contact Lenses - Latte -0.5,2,9119,DMM DM - Nakhil Mall,Lensme,80,Power,Dr.M - KSA
30/9/2024,2253,Lensme Contact Lenses - Latte -0.5,2,9157,JED DM - Mall of Arabia,Lensme,80,Power,Dr.M - KSA
30/9/2024,2254,Lensme Contact Lenses - Latte -0.75,1,2033,JED MO - Madinah Road,Lensme,40,Power,Magrabi - KSA
30/9/2024,2254,Lensme Contact Lenses - Latte -0.75,1,2053,RYD MO - King Abdullah Road,Lensme,40,Power,Magrabi - KSA
30/9/2024,2254,Lensme Contact Lenses - Latte -0.75,2,2069,QTF MO - Qouds Street,Lensme,80,Power,Magrabi - KSA
30/9/2024,2254,Lensme Contact Lenses - Latte -0.75,1,2123,MED MO - Noor Mall,Lensme,40,Power,Magrabi - KSA
30/9/2024,2254,Lensme Contact Lenses - Latte -0.75,1,2234,RYD MO - Wadi Plaza,Lensme,40,Power,Magrabi - KSA
30/9/2024,2254,Lensme Contact Lenses - Latte -0.75,1,2247,YNB MO - Dana Mall,Lensme,40,Power,Magrabi - KSA
30/9/2024,2254,Lensme Contact Lenses - Latte -0.75,2,2287,RYD MO - Magrabi Clinic Exit-14,Lensme,80,Power,Magrabi - KSA
30/9/2024,2254,Lensme Contact Lenses - Latte -0.75,2,2297,RYD MO - Granada Mall,Lensme,80,Power,Magrabi - KSA
30/9/2024,2254,Lensme Contact Lenses - Latte -0.75,1,2328,RYD MO - King Abdul Aziz,Lensme,40,Power,Magrabi - KSA
30/9/2024,2254,Lensme Contact Lenses - Latte -0.75,1,9106,AHS DM - Ahsa Mall,Lensme,40,Power,Dr.M - KSA
30/9/2024,2254,Lensme Contact Lenses - Latte -0.75,1,9148,JED DM - Prince Sultan Street,Lensme,40,Power,Dr.M - KSA
30/9/2024,2254,Lensme Contact Lenses - Latte -0.75,2,9157,JED DM - Mall of Arabia,Lensme,80,Power,Dr.M - KSA
30/9/2024,2255,Lensme Contact Lenses - Latte -1,2,2027,TIF MO - Shehar Street,Lensme,80,Power,Magrabi - KSA
30/9/2024,2255,Lensme Contact Lenses - Latte -1,1,2043,RYD MO - Olaya Street,Lensme,40,Power,Magrabi - KSA
30/9/2024,2255,Lensme Contact Lenses - Latte -1,2,2052,RYD MO - Okbah bin Nafee Road,Lensme,80,Power,Magrabi - KSA
30/9/2024,2255,Lensme Contact Lenses - Latte -1,1,2095,JED MO - Salama Plaza,Lensme,40,Power,Magrabi - KSA
30/9/2024,2255,Lensme Contact Lenses - Latte -1,1,2123,MED MO - Noor Mall,Lensme,40,Power,Magrabi - KSA
30/9/2024,2255,Lensme Contact Lenses - Latte -1,1,2147,MAK MO - Makkah Mall,Lensme,40,Power,Magrabi - KSA
30/9/2024,2255,Lensme Contact Lenses - Latte -1,2,2177,DMM MO - Faisaliyah Plaza,Lensme,80,Power,Magrabi - KSA
30/9/2024,2255,Lensme Contact Lenses - Latte -1,1,2199,RYD MO - Nakhla Plaza,Lensme,40,Power,Magrabi - KSA
30/9/2024,2255,Lensme Contact Lenses - Latte -1,1,2238,RYD MO - Jarir Plaza,Lensme,40,Power,Magrabi - KSA
30/9/2024,2255,Lensme Contact Lenses - Latte -1,3,2302,JED MO - Red Sea Mall,Lensme,120,Power,Magrabi - KSA
30/9/2024,2255,Lensme Contact Lenses - Latte -1,1,2308,TBK MO - Tabuk Park,Lensme,40,Power,Magrabi - KSA
30/9/2024,2255,Lensme Contact Lenses - Latte -1,1,2328,RYD MO - King Abdul Aziz,Lensme,40,Power,Magrabi - KSA
30/9/2024,2255,Lensme Contact Lenses - Latte -1,4,2344,RYD MO - Laysen Valley Plaza,Lensme,160,Power,Magrabi - KSA
30/9/2024,2255,Lensme Contact Lenses - Latte -1,1,9121,RYD DM - Hayat Mall,Lensme,40,Power,Dr.M - KSA
30/9/2024,2255,Lensme Contact Lenses - Latte -1,2,9157,JED DM - Mall of Arabia,Lensme,80,Power,Dr.M - KSA
30/9/2024,2256,Lensme Contact Lenses - Latte -1.25,2,2030,MED MO - Sultanah Street,Lensme,80,Power,Magrabi - KSA
30/9/2024,2256,Lensme Contact Lenses - Latte -1.25,1,2033,JED MO - Madinah Road,Lensme,40,Power,Magrabi - KSA
30/9/2024,2256,Lensme Contact Lenses - Latte -1.25,1,2052,RYD MO - Okbah bin Nafee Road,Lensme,40,Power,Magrabi - KSA
30/9/2024,2256,Lensme Contact Lenses - Latte -1.25,1,2095,JED MO - Salama Plaza,Lensme,40,Power,Magrabi - KSA
30/9/2024,2256,Lensme Contact Lenses - Latte -1.25,1,2100,DMM MO - Dhahran Mall,Lensme,40,Power,Magrabi - KSA
30/9/2024,2256,Lensme Contact Lenses - Latte -1.25,3,2147,MAK MO - Makkah Mall,Lensme,120,Power,Magrabi - KSA
30/9/2024,2256,Lensme Contact Lenses - Latte -1.25,1,2199,RYD MO - Nakhla Plaza,Lensme,40,Power,Magrabi - KSA
30/9/2024,2256,Lensme Contact Lenses - Latte -1.25,1,2247,YNB MO - Dana Mall,Lensme,40,Power,Magrabi - KSA
30/9/2024,2256,Lensme Contact Lenses - Latte -1.25,2,2302,JED MO - Red Sea Mall,Lensme,80,Power,Magrabi - KSA
30/9/2024,2256,Lensme Contact Lenses - Latte -1.25,1,2336,TBK MO - Tabuk Boulevard,Lensme,40,Power,Magrabi - KSA
30/9/2024,2256,Lensme Contact Lenses - Latte -1.25,2,2340,DMM MO - Magrabi Hospital,Lensme,80,Power,Magrabi - KSA
30/9/2024,2256,Lensme Contact Lenses - Latte -1.25,1,9124,DR.M - E.Commerce,Lensme,40,Power,Dr.M - KSA
30/9/2024,2256,Lensme Contact Lenses - Latte -1.25,1,9148,JED DM - Prince Sultan Street,Lensme,40,Power,Dr.M - KSA
30/9/2024,2257,Lensme Contact Lenses - Latte -1.5,2,2049,RYD MO - Madinah Road,Lensme,80,Power,Magrabi - KSA
30/9/2024,2257,Lensme Contact Lenses - Latte -1.5,1,2052,RYD MO - Okbah bin Nafee Road,Lensme,40,Power,Magrabi - KSA
30/9/2024,2257,Lensme Contact Lenses - Latte -1.5,2,2061,DMM MO - Cornich Boulevard,Lensme,80,Power,Magrabi - KSA
30/9/2024,2257,Lensme Contact Lenses - Latte -1.5,1,2095,JED MO - Salama Plaza,Lensme,40,Power,Magrabi - KSA
30/9/2024,2257,Lensme Contact Lenses - Latte -1.5,1,2100,DMM MO - Dhahran Mall,Lensme,40,Power,Magrabi - KSA
30/9/2024,2257,Lensme Contact Lenses - Latte -1.5,2,2123,MED MO - Noor Mall,Lensme,80,Power,Magrabi - KSA
30/9/2024,2257,Lensme Contact Lenses - Latte -1.5,1,2138,RYD MO - Panorama Mall,Lensme,40,Power,Magrabi - KSA
30/9/2024,2257,Lensme Contact Lenses - Latte -1.5,1,2234,RYD MO - Wadi Plaza,Lensme,40,Power,Magrabi - KSA
30/9/2024,2257,Lensme Contact Lenses - Latte -1.5,1,2238,RYD MO - Jarir Plaza,Lensme,40,Power,Magrabi - KSA
30/9/2024,2257,Lensme Contact Lenses - Latte -1.5,1,2242,RYD MO - Khalid bin Walid Street,Lensme,40,Power,Magrabi - KSA
30/9/2024,2257,Lensme Contact Lenses - Latte -1.5,2,2247,YNB MO - Dana Mall,Lensme,80,Power,Magrabi - KSA
30/9/2024,2257,Lensme Contact Lenses - Latte -1.5,2,2289,RYD MO - Riyadh Gallery,Lensme,80,Power,Magrabi - KSA
30/9/2024,2257,Lensme Contact Lenses - Latte -1.5,1,2302,JED MO - Red Sea Mall,Lensme,40,Power,Magrabi - KSA
30/9/2024,2257,Lensme Contact Lenses - Latte -1.5,4,2304,MO - E.Commerce Saudi,Lensme,160,Power,Magrabi - KSA
30/9/2024,2257,Lensme Contact Lenses - Latte -1.5,4,2308,TBK MO - Tabuk Park,Lensme,160,Power,Magrabi - KSA
30/9/2024,2257,Lensme Contact Lenses - Latte -1.5,2,2309,RYD MO - Hamra Mall,Lensme,80,Power,Magrabi - KSA
30/9/2024,2257,Lensme Contact Lenses - Latte -1.5,2,2323,JED MO - The Village Mall,Lensme,80,Power,Magrabi - KSA
30/9/2024,2257,Lensme Contact Lenses - Latte -1.5,2,2328,RYD MO - King Abdul Aziz,Lensme,80,Power,Magrabi - KSA
30/9/2024,2257,Lensme Contact Lenses - Latte -1.5,2,2334,MAK MO - Azizia Park,Lensme,80,Power,Magrabi - KSA
30/9/2024,2257,Lensme Contact Lenses - Latte -1.5,1,2336,TBK MO - Tabuk Boulevard,Lensme,40,Power,Magrabi - KSA
30/9/2024,2257,Lensme Contact Lenses - Latte -1.5,1,9124,DR.M - E.Commerce,Lensme,40,Power,Dr.M - KSA
30/9/2024,2257,Lensme Contact Lenses - Latte -1.5,1,9126,JED DM - Haifa Mall,Lensme,40,Power,Dr.M - KSA
30/9/2024,2258,Lensme Contact Lenses - Latte -1.75,2,2030,MED MO - Sultanah Street,Lensme,80,Power,Magrabi - KSA
30/9/2024,2258,Lensme Contact Lenses - Latte -1.75,1,2033,JED MO - Madinah Road,Lensme,40,Power,Magrabi - KSA
30/9/2024,2258,Lensme Contact Lenses - Latte -1.75,1,2053,RYD MO - King Abdullah Road,Lensme,40,Power,Magrabi - KSA
30/9/2024,2258,Lensme Contact Lenses - Latte -1.75,2,2069,QTF MO - Qouds Street,Lensme,80,Power,Magrabi - KSA
30/9/2024,2258,Lensme Contact Lenses - Latte -1.75,2,2095,JED MO - Salama Plaza,Lensme,80,Power,Magrabi - KSA
30/9/2024,2258,Lensme Contact Lenses - Latte -1.75,1,2100,DMM MO - Dhahran Mall,Lensme,40,Power,Magrabi - KSA
30/9/2024,2258,Lensme Contact Lenses - Latte -1.75,4,2123,MED MO - Noor Mall,Lensme,160,Power,Magrabi - KSA
30/9/2024,2258,Lensme Contact Lenses - Latte -1.75,1,2138,RYD MO - Panorama Mall,Lensme,40,Power,Magrabi - KSA
30/9/2024,2258,Lensme Contact Lenses - Latte -1.75,2,2142,JBL MO - Jubail AM Road,Lensme,80,Power,Magrabi - KSA
30/9/2024,2258,Lensme Contact Lenses - Latte -1.75,1,2242,RYD MO - Khalid bin Walid Street,Lensme,40,Power,Magrabi - KSA
30/9/2024,2258,Lensme Contact Lenses - Latte -1.75,2,2297,RYD MO - Granada Mall,Lensme,80,Power,Magrabi - KSA
30/9/2024,2258,Lensme Contact Lenses - Latte -1.75,1,2298,DMM MO - Nakhil Mall,Lensme,40,Power,Magrabi - KSA
30/9/2024,2258,Lensme Contact Lenses - Latte -1.75,1,2302,JED MO - Red Sea Mall,Lensme,40,Power,Magrabi - KSA
30/9/2024,2258,Lensme Contact Lenses - Latte -1.75,2,2304,MO - E.Commerce Saudi,Lensme,80,Power,Magrabi - KSA
30/9/2024,2258,Lensme Contact Lenses - Latte -1.75,2,2306,MAK MO - Tassan Plaza,Lensme,80,Power,Magrabi - KSA
30/9/2024,2258,Lensme Contact Lenses - Latte -1.75,2,2308,TBK MO - Tabuk Park,Lensme,80,Power,Magrabi - KSA
30/9/2024,2258,Lensme Contact Lenses - Latte -1.75,2,2328,RYD MO - King Abdul Aziz,Lensme,80,Power,Magrabi - KSA
30/9/2024,2258,Lensme Contact Lenses - Latte -1.75,2,2332,RYD MO - The View Mall,Lensme,80,Power,Magrabi - KSA
30/9/2024,2258,Lensme Contact Lenses - Latte -1.75,2,2334,MAK MO - Azizia Park,Lensme,80,Power,Magrabi - KSA
30/9/2024,2258,Lensme Contact Lenses - Latte -1.75,2,2336,TBK MO - Tabuk Boulevard,Lensme,80,Power,Magrabi - KSA
30/9/2024,2258,Lensme Contact Lenses - Latte -1.75,2,9106,AHS DM - Ahsa Mall,Lensme,80,Power,Dr.M - KSA
30/9/2024,2258,Lensme Contact Lenses - Latte -1.75,1,9120,RYD DM - Nokhba Center,Lensme,40,Power,Dr.M - KSA
30/9/2024,2258,Lensme Contact Lenses - Latte -1.75,2,9121,RYD DM - Hayat Mall,Lensme,80,Power,Dr.M - KSA
30/9/2024,2258,Lensme Contact Lenses - Latte -1.75,2,9163,RYD DM - Hamra Mall,Lensme,80,Power,Dr.M - KSA
30/9/2024,2259,Lensme Contact Lenses - Latte -2,2,2027,TIF MO - Shehar Street,Lensme,80,Power,Magrabi - KSA
30/9/2024,2259,Lensme Contact Lenses - Latte -2,1,2033,JED MO - Madinah Road,Lensme,40,Power,Magrabi - KSA
30/9/2024,2259,Lensme Contact Lenses - Latte -2,1,2038,JED MO - Sari Street,Lensme,40,Power,Magrabi - KSA
30/9/2024,2259,Lensme Contact Lenses - Latte -2,1,2069,QTF MO - Qouds Street,Lensme,40,Power,Magrabi - KSA
30/9/2024,2259,Lensme Contact Lenses - Latte -2,1,2100,DMM MO - Dhahran Mall,Lensme,40,Power,Magrabi - KSA
30/9/2024,2259,Lensme Contact Lenses - Latte -2,2,2138,RYD MO - Panorama Mall,Lensme,80,Power,Magrabi - KSA
30/9/2024,2259,Lensme Contact Lenses - Latte -2,2,2147,MAK MO - Makkah Mall,Lensme,80,Power,Magrabi - KSA
30/9/2024,2259,Lensme Contact Lenses - Latte -2,2,2181,RYD MO - Nakhil Mall,Lensme,80,Power,Magrabi - KSA
30/9/2024,2259,Lensme Contact Lenses - Latte -2,1,2192,RYD MO - Telal Plaza,Lensme,40,Power,Magrabi - KSA
30/9/2024,2259,Lensme Contact Lenses - Latte -2,1,2234,RYD MO - Wadi Plaza,Lensme,40,Power,Magrabi - KSA
30/9/2024,2259,Lensme Contact Lenses - Latte -2,1,2298,DMM MO - Nakhil Mall,Lensme,40,Power,Magrabi - KSA
30/9/2024,2259,Lensme Contact Lenses - Latte -2,1,2302,JED MO - Red Sea Mall,Lensme,40,Power,Magrabi - KSA
30/9/2024,2259,Lensme Contact Lenses - Latte -2,2,2308,TBK MO - Tabuk Park,Lensme,80,Power,Magrabi - KSA
30/9/2024,2259,Lensme Contact Lenses - Latte -2,1,2323,JED MO - The Village Mall,Lensme,40,Power,Magrabi - KSA
30/9/2024,2259,Lensme Contact Lenses - Latte -2,1,2331,TIF MO - The Park Mall,Lensme,40,Power,Magrabi - KSA
30/9/2024,2259,Lensme Contact Lenses - Latte -2,2,9114,MAK DM - Makkah Mall,Lensme,80,Power,Dr.M - KSA
30/9/2024,2259,Lensme Contact Lenses - Latte -2,1,9136,DMM DM - Shatea Square,Lensme,40,Power,Dr.M - KSA
30/9/2024,2260,Lensme Contact Lenses - Latte -2.25,2,2030,MED MO - Sultanah Street,Lensme,80,Power,Magrabi - KSA
30/9/2024,2260,Lensme Contact Lenses - Latte -2.25,2,2033,JED MO - Madinah Road,Lensme,80,Power,Magrabi - KSA
30/9/2024,2260,Lensme Contact Lenses - Latte -2.25,1,2049,RYD MO - Madinah Road,Lensme,40,Power,Magrabi - KSA
30/9/2024,2260,Lensme Contact Lenses - Latte -2.25,2,2052,RYD MO - Okbah bin Nafee Road,Lensme,80,Power,Magrabi - KSA
30/9/2024,2260,Lensme Contact Lenses - Latte -2.25,1,2192,RYD MO - Telal Plaza,Lensme,40,Power,Magrabi - KSA
30/9/2024,2260,Lensme Contact Lenses - Latte -2.25,1,2199,RYD MO - Nakhla Plaza,Lensme,40,Power,Magrabi - KSA
30/9/2024,2260,Lensme Contact Lenses - Latte -2.25,2,2242,RYD MO - Khalid bin Walid Street,Lensme,80,Power,Magrabi - KSA
30/9/2024,2260,Lensme Contact Lenses - Latte -2.25,2,2297,RYD MO - Granada Mall,Lensme,80,Power,Magrabi - KSA
30/9/2024,2260,Lensme Contact Lenses - Latte -2.25,1,2298,DMM MO - Nakhil Mall,Lensme,40,Power,Magrabi - KSA
30/9/2024,2260,Lensme Contact Lenses - Latte -2.25,1,2302,JED MO - Red Sea Mall,Lensme,40,Power,Magrabi - KSA
30/9/2024,2260,Lensme Contact Lenses - Latte -2.25,2,2304,MO - E.Commerce Saudi,Lensme,80,Power,Magrabi - KSA
30/9/2024,2260,Lensme Contact Lenses - Latte -2.25,1,2323,JED MO - The Village Mall,Lensme,40,Power,Magrabi - KSA
30/9/2024,2260,Lensme Contact Lenses - Latte -2.25,1,2331,TIF MO - The Park Mall,Lensme,40,Power,Magrabi - KSA
30/9/2024,2260,Lensme Contact Lenses - Latte -2.25,1,9112,RYD DM - Nakhil Mall,Lensme,40,Power,Dr.M - KSA
30/9/2024,2260,Lensme Contact Lenses - Latte -2.25,1,9120,RYD DM - Nokhba Center,Lensme,40,Power,Dr.M - KSA
30/9/2024,2260,Lensme Contact Lenses - Latte -2.25,1,9132,RYD DM - Rawabi Plaza,Lensme,40,Power,Dr.M - KSA
30/9/2024,2261,Lensme Contact Lenses - Latte -2.5,2,2034,JED MO - Safa Eye Hospital,Lensme,80,Power,Magrabi - KSA
30/9/2024,2261,Lensme Contact Lenses - Latte -2.5,1,2038,JED MO - Sari Street,Lensme,40,Power,Magrabi - KSA
30/9/2024,2261,Lensme Contact Lenses - Latte -2.5,1,2061,DMM MO - Cornich Boulevard,Lensme,40,Power,Magrabi - KSA
30/9/2024,2261,Lensme Contact Lenses - Latte -2.5,1,2095,JED MO - Salama Plaza,Lensme,40,Power,Magrabi - KSA
30/9/2024,2261,Lensme Contact Lenses - Latte -2.5,2,2100,DMM MO - Dhahran Mall,Lensme,80,Power,Magrabi - KSA
30/9/2024,2261,Lensme Contact Lenses - Latte -2.5,2,2289,RYD MO - Riyadh Gallery,Lensme,80,Power,Magrabi - KSA
30/9/2024,2261,Lensme Contact Lenses - Latte -2.5,2,2297,RYD MO - Granada Mall,Lensme,80,Power,Magrabi - KSA
30/9/2024,2261,Lensme Contact Lenses - Latte -2.5,1,2298,DMM MO - Nakhil Mall,Lensme,40,Power,Magrabi - KSA
30/9/2024,2261,Lensme Contact Lenses - Latte -2.5,1,2302,JED MO - Red Sea Mall,Lensme,40,Power,Magrabi - KSA
30/9/2024,2261,Lensme Contact Lenses - Latte -2.5,2,2308,TBK MO - Tabuk Park,Lensme,80,Power,Magrabi - KSA
30/9/2024,2261,Lensme Contact Lenses - Latte -2.5,2,2309,RYD MO - Hamra Mall,Lensme,80,Power,Magrabi - KSA
30/9/2024,2261,Lensme Contact Lenses - Latte -2.5,2,2330,JED MO - U Walk Mall,Lensme,80,Power,Magrabi - KSA
30/9/2024,2261,Lensme Contact Lenses - Latte -2.5,1,9111,JED DM - Red Sea Mall,Lensme,40,Power,Dr.M - KSA
30/9/2024,2261,Lensme Contact Lenses - Latte -2.5,2,9131,QSM DM - Nakhil Plaza,Lensme,80,Power,Dr.M - KSA
30/9/2024,2261,Lensme Contact Lenses - Latte -2.5,1,9154,MED DM - Noor Mall,Lensme,40,Power,Dr.M - KSA
30/9/2024,2262,Lensme Contact Lenses - Latte -2.75,2,2033,JED MO - Madinah Road,Lensme,80,Power,Magrabi - KSA
30/9/2024,2262,Lensme Contact Lenses - Latte -2.75,4,2049,RYD MO - Madinah Road,Lensme,160,Power,Magrabi - KSA
30/9/2024,2262,Lensme Contact Lenses - Latte -2.75,2,2061,DMM MO - Cornich Boulevard,Lensme,80,Power,Magrabi - KSA
30/9/2024,2262,Lensme Contact Lenses - Latte -2.75,1,2123,MED MO - Noor Mall,Lensme,40,Power,Magrabi - KSA
30/9/2024,2262,Lensme Contact Lenses - Latte -2.75,1,2177,DMM MO - Faisaliyah Plaza,Lensme,40,Power,Magrabi - KSA
30/9/2024,2262,Lensme Contact Lenses - Latte -2.75,2,2234,RYD MO - Wadi Plaza,Lensme,80,Power,Magrabi - KSA
30/9/2024,2262,Lensme Contact Lenses - Latte -2.75,2,2286,RYD MO - Riyadh Park Mall,Lensme,80,Power,Magrabi - KSA
30/9/2024,2262,Lensme Contact Lenses - Latte -2.75,2,2313,RYD MO - Hassan bin Ali Street,Lensme,80,Power,Magrabi - KSA
30/9/2024,2262,Lensme Contact Lenses - Latte -2.75,2,2331,TIF MO - The Park Mall,Lensme,80,Power,Magrabi - KSA
30/9/2024,2262,Lensme Contact Lenses - Latte -2.75,2,2339,RYD MO - Yasmin Plaza,Lensme,80,Power,Magrabi - KSA
30/9/2024,2262,Lensme Contact Lenses - Latte -2.75,1,9112,RYD DM - Nakhil Mall,Lensme,40,Power,Dr.M - KSA
30/9/2024,2262,Lensme Contact Lenses - Latte -2.75,1,9115,RYD DM - Riyadh Gallery,Lensme,40,Power,Dr.M - KSA
30/9/2024,2262,Lensme Contact Lenses - Latte -2.75,1,9126,JED DM - Haifa Mall,Lensme,40,Power,Dr.M - KSA
30/9/2024,2262,Lensme Contact Lenses - Latte -2.75,1,9132,RYD DM - Rawabi Plaza,Lensme,40,Power,Dr.M - KSA
30/9/2024,2262,Lensme Contact Lenses - Latte -2.75,1,9140,RYD DM - Irqah plaza,Lensme,40,Power,Dr.M - KSA
30/9/2024,2263,Lensme Contact Lenses - Latte -3,3,2049,RYD MO - Madinah Road,Lensme,120,Power,Magrabi - KSA
30/9/2024,2263,Lensme Contact Lenses - Latte -3,1,2052,RYD MO - Okbah bin Nafee Road,Lensme,40,Power,Magrabi - KSA
30/9/2024,2263,Lensme Contact Lenses - Latte -3,2,2067,AHS MO - Elwan Plaza,Lensme,80,Power,Magrabi - KSA
30/9/2024,2263,Lensme Contact Lenses - Latte -3,2,2069,QTF MO - Qouds Street,Lensme,80,Power,Magrabi - KSA
30/9/2024,2263,Lensme Contact Lenses - Latte -3,2,2123,MED MO - Noor Mall,Lensme,80,Power,Magrabi - KSA
30/9/2024,2263,Lensme Contact Lenses - Latte -3,4,2142,JBL MO - Jubail AM Road,Lensme,160,Power,Magrabi - KSA
30/9/2024,2263,Lensme Contact Lenses - Latte -3,1,2234,RYD MO - Wadi Plaza,Lensme,40,Power,Magrabi - KSA
30/9/2024,2263,Lensme Contact Lenses - Latte -3,2,2294,RYD MO - Kingdom Mall,Lensme,80,Power,Magrabi - KSA
30/9/2024,2263,Lensme Contact Lenses - Latte -3,2,2298,DMM MO - Nakhil Mall,Lensme,80,Power,Magrabi - KSA
30/9/2024,2263,Lensme Contact Lenses - Latte -3,1,2308,TBK MO - Tabuk Park,Lensme,40,Power,Magrabi - KSA
30/9/2024,2263,Lensme Contact Lenses - Latte -3,3,9111,JED DM - Red Sea Mall,Lensme,120,Power,Dr.M - KSA
30/9/2024,2263,Lensme Contact Lenses - Latte -3,2,9120,RYD DM - Nokhba Center,Lensme,80,Power,Dr.M - KSA
30/9/2024,2263,Lensme Contact Lenses - Latte -3,1,9136,DMM DM - Shatea Square,Lensme,40,Power,Dr.M - KSA
30/9/2024,2264,Lensme Contact Lenses - Latte -3.25,1,2052,RYD MO - Okbah bin Nafee Road,Lensme,40,Power,Magrabi - KSA
30/9/2024,2264,Lensme Contact Lenses - Latte -3.25,3,2123,MED MO - Noor Mall,Lensme,120,Power,Magrabi - KSA
30/9/2024,2264,Lensme Contact Lenses - Latte -3.25,2,2181,RYD MO - Nakhil Mall,Lensme,80,Power,Magrabi - KSA
30/9/2024,2264,Lensme Contact Lenses - Latte -3.25,2,2198,ASR MO - Bin Galala Plaza,Lensme,80,Power,Magrabi - KSA
30/9/2024,2264,Lensme Contact Lenses - Latte -3.25,1,2199,RYD MO - Nakhla Plaza,Lensme,40,Power,Magrabi - KSA
30/9/2024,2264,Lensme Contact Lenses - Latte -3.25,2,2286,RYD MO - Riyadh Park Mall,Lensme,80,Power,Magrabi - KSA
30/9/2024,2264,Lensme Contact Lenses - Latte -3.25,2,2297,RYD MO - Granada Mall,Lensme,80,Power,Magrabi - KSA
30/9/2024,2264,Lensme Contact Lenses - Latte -3.25,2,2303,JED MO - Magrabi Clinic Murjan,Lensme,80,Power,Magrabi - KSA
30/9/2024,2264,Lensme Contact Lenses - Latte -3.25,5,2308,TBK MO - Tabuk Park,Lensme,200,Power,Magrabi - KSA
30/9/2024,2264,Lensme Contact Lenses - Latte -3.25,2,2330,JED MO - U Walk Mall,Lensme,80,Power,Magrabi - KSA
30/9/2024,2264,Lensme Contact Lenses - Latte -3.25,1,9115,RYD DM - Riyadh Gallery,Lensme,40,Power,Dr.M - KSA
30/9/2024,2264,Lensme Contact Lenses - Latte -3.25,1,9140,RYD DM - Irqah plaza,Lensme,40,Power,Dr.M - KSA
30/9/2024,2265,Lensme Contact Lenses - Latte -3.5,1,2027,TIF MO - Shehar Street,Lensme,40,Power,Magrabi - KSA
30/9/2024,2265,Lensme Contact Lenses - Latte -3.5,1,2069,QTF MO - Qouds Street,Lensme,40,Power,Magrabi - KSA
30/9/2024,2265,Lensme Contact Lenses - Latte -3.5,2,2234,RYD MO - Wadi Plaza,Lensme,80,Power,Magrabi - KSA
30/9/2024,2265,Lensme Contact Lenses - Latte -3.5,1,2248,DMM MO - Shatea Plaza,Lensme,40,Power,Magrabi - KSA
30/9/2024,2265,Lensme Contact Lenses - Latte -3.5,4,2308,TBK MO - Tabuk Park,Lensme,160,Power,Magrabi - KSA
30/9/2024,2265,Lensme Contact Lenses - Latte -3.5,1,2320,MAK MO - Dan Plaza,Lensme,40,Power,Magrabi - KSA
30/9/2024,2265,Lensme Contact Lenses - Latte -3.5,1,2323,JED MO - The Village Mall,Lensme,40,Power,Magrabi - KSA
30/9/2024,2265,Lensme Contact Lenses - Latte -3.5,1,9120,RYD DM - Nokhba Center,Lensme,40,Power,Dr.M - KSA
30/9/2024,2265,Lensme Contact Lenses - Latte -3.5,1,9142,AHS DM - Baha Mall,Lensme,40,Power,Dr.M - KSA
30/9/2024,2266,Lensme Contact Lenses - Latte -3.75,1,2027,TIF MO - Shehar Street,Lensme,40,Power,Magrabi - KSA
30/9/2024,2266,Lensme Contact Lenses - Latte -3.75,2,2052,RYD MO - Okbah bin Nafee Road,Lensme,80,Power,Magrabi - KSA
30/9/2024,2266,Lensme Contact Lenses - Latte -3.75,3,2199,RYD MO - Nakhla Plaza,Lensme,120,Power,Magrabi - KSA
30/9/2024,2266,Lensme Contact Lenses - Latte -3.75,2,2234,RYD MO - Wadi Plaza,Lensme,80,Power,Magrabi - KSA
30/9/2024,2266,Lensme Contact Lenses - Latte -3.75,1,2248,DMM MO - Shatea Plaza,Lensme,40,Power,Magrabi - KSA
30/9/2024,2266,Lensme Contact Lenses - Latte -3.75,2,2302,JED MO - Red Sea Mall,Lensme,80,Power,Magrabi - KSA
30/9/2024,2266,Lensme Contact Lenses - Latte -3.75,1,2308,TBK MO - Tabuk Park,Lensme,40,Power,Magrabi - KSA
30/9/2024,2266,Lensme Contact Lenses - Latte -3.75,1,2320,MAK MO - Dan Plaza,Lensme,40,Power,Magrabi - KSA
30/9/2024,2266,Lensme Contact Lenses - Latte -3.75,1,2323,JED MO - The Village Mall,Lensme,40,Power,Magrabi - KSA
30/9/2024,2266,Lensme Contact Lenses - Latte -3.75,1,9120,RYD DM - Nokhba Center,Lensme,40,Power,Dr.M - KSA
30/9/2024,2267,Lensme Contact Lenses - Latte -4,1,2027,TIF MO - Shehar Street,Lensme,40,Power,Magrabi - KSA
30/9/2024,2267,Lensme Contact Lenses - Latte -4,2,2049,RYD MO - Madinah Road,Lensme,80,Power,Magrabi - KSA
30/9/2024,2267,Lensme Contact Lenses - Latte -4,2,2100,DMM MO - Dhahran Mall,Lensme,80,Power,Magrabi - KSA
30/9/2024,2267,Lensme Contact Lenses - Latte -4,1,2147,MAK MO - Makkah Mall,Lensme,40,Power,Magrabi - KSA
30/9/2024,2267,Lensme Contact Lenses - Latte -4,2,2242,RYD MO - Khalid bin Walid Street,Lensme,80,Power,Magrabi - KSA
30/9/2024,2267,Lensme Contact Lenses - Latte -4,4,2302,JED MO - Red Sea Mall,Lensme,160,Power,Magrabi - KSA
30/9/2024,2267,Lensme Contact Lenses - Latte -4,1,2303,JED MO - Magrabi Clinic Murjan,Lensme,40,Power,Magrabi - KSA
30/9/2024,2267,Lensme Contact Lenses - Latte -4,2,2304,MO - E.Commerce Saudi,Lensme,80,Power,Magrabi - KSA
30/9/2024,2267,Lensme Contact Lenses - Latte -4,2,2336,TBK MO - Tabuk Boulevard,Lensme,80,Power,Magrabi - KSA
30/9/2024,2267,Lensme Contact Lenses - Latte -4,2,9130,RYD DM - Yasmin Plaza,Lensme,80,Power,Dr.M - KSA
30/9/2024,2267,Lensme Contact Lenses - Latte -4,1,9142,AHS DM - Baha Mall,Lensme,40,Power,Dr.M - KSA
30/9/2024,2267,Lensme Contact Lenses - Latte -4,2,9155,TIF DM - Jouri Mall,Lensme,80,Power,Dr.M - KSA
30/9/2024,2268,Lensme Contact Lenses - Latte -4.25,3,2027,TIF MO - Shehar Street,Lensme,120,Power,Magrabi - KSA
30/9/2024,2268,Lensme Contact Lenses - Latte -4.25,1,2147,MAK MO - Makkah Mall,Lensme,40,Power,Magrabi - KSA
30/9/2024,2268,Lensme Contact Lenses - Latte -4.25,2,2247,YNB MO - Dana Mall,Lensme,80,Power,Magrabi - KSA
30/9/2024,2269,Lensme Contact Lenses - Latte -4.5,1,2165,RYD MO - Hetteen Plaza,Lensme,40,Power,Magrabi - KSA
30/9/2024,2269,Lensme Contact Lenses - Latte -4.5,2,2192,RYD MO - Telal Plaza,Lensme,80,Power,Magrabi - KSA
30/9/2024,2269,Lensme Contact Lenses - Latte -4.5,1,2303,JED MO - Magrabi Clinic Murjan,Lensme,40,Power,Magrabi - KSA
30/9/2024,2269,Lensme Contact Lenses - Latte -4.5,2,2308,TBK MO - Tabuk Park,Lensme,80,Power,Magrabi - KSA
30/9/2024,2269,Lensme Contact Lenses - Latte -4.5,1,2311,DMM MO - Rashed Mall,Lensme,40,Power,Magrabi - KSA
30/9/2024,2270,Lensme Contact Lenses - Latte -4.75,2,2030,MED MO - Sultanah Street,Lensme,80,Power,Magrabi - KSA
30/9/2024,2270,Lensme Contact Lenses - Latte -4.75,1,2165,RYD MO - Hetteen Plaza,Lensme,40,Power,Magrabi - KSA
30/9/2024,2270,Lensme Contact Lenses - Latte -4.75,1,2311,DMM MO - Rashed Mall,Lensme,40,Power,Magrabi - KSA
30/9/2024,2271,Lensme Contact Lenses - Latte -5,6,2123,MED MO - Noor Mall,Lensme,240,Power,Magrabi - KSA
30/9/2024,2271,Lensme Contact Lenses - Latte -5,2,2302,JED MO - Red Sea Mall,Lensme,80,Power,Magrabi - KSA
30/9/2024,2272,Lensme Contact Lenses - Latte -5.25,1,2289,RYD MO - Riyadh Gallery,Lensme,40,Power,Magrabi - KSA
30/9/2024,2273,Lensme Contact Lenses - Latte -5.5,1,2030,MED MO - Sultanah Street,Lensme,40,Power,Magrabi - KSA
30/9/2024,2275,Lensme Contact Lenses - Latte -6,1,2030,MED MO - Sultanah Street,Lensme,40,Power,Magrabi - KSA
30/9/2024,2275,Lensme Contact Lenses - Latte -6,1,2289,RYD MO - Riyadh Gallery,Lensme,40,Power,Magrabi - KSA
30/9/2024,2277,Lensme Contact Lenses - Latte -7,2,2308,TBK MO - Tabuk Park,Lensme,80,Power,Magrabi - KSA
30/9/2024,2277,Lensme Contact Lenses - Latte -7,2,9148,JED DM - Prince Sultan Street,Lensme,80,Power,Dr.M - KSA
30/9/2024,2120,Lensme Contact Lenses - Lime +0.5,1,2342,JED MO - Tahlia Street,Lensme,40,Power,Magrabi - KSA
30/9/2024,2121,Lensme Contact Lenses - Lime +1,2,2323,JED MO - The Village Mall,Lensme,80,Power,Magrabi - KSA
30/9/2024,2121,Lensme Contact Lenses - Lime +1,1,2342,JED MO - Tahlia Street,Lensme,40,Power,Magrabi - KSA
30/9/2024,2122,Lensme Contact Lenses - Lime +1.5,2,2308,TBK MO - Tabuk Park,Lensme,80,Power,Magrabi - KSA
30/9/2024,2125,Lensme Contact Lenses - Lime +3,2,2323,JED MO - The Village Mall,Lensme,80,Power,Magrabi - KSA
30/9/2024,2130,Lensme Contact Lenses - Lime +5.5,2,2298,DMM MO - Nakhil Mall,Lensme,80,Power,Magrabi - KSA
30/9/2024,2073,Lensme Contact Lenses - Lime -0.5,2,2286,RYD MO - Riyadh Park Mall,Lensme,80,Power,Magrabi - KSA
30/9/2024,2074,Lensme Contact Lenses - Lime -0.75,1,2033,JED MO - Madinah Road,Lensme,40,Power,Magrabi - KSA
30/9/2024,2074,Lensme Contact Lenses - Lime -0.75,1,2308,TBK MO - Tabuk Park,Lensme,40,Power,Magrabi - KSA
30/9/2024,2074,Lensme Contact Lenses - Lime -0.75,1,9148,JED DM - Prince Sultan Street,Lensme,40,Power,Dr.M - KSA
30/9/2024,2075,Lensme Contact Lenses - Lime -1,2,2027,TIF MO - Shehar Street,Lensme,80,Power,Magrabi - KSA
30/9/2024,2075,Lensme Contact Lenses - Lime -1,1,2238,RYD MO - Jarir Plaza,Lensme,40,Power,Magrabi - KSA
30/9/2024,2075,Lensme Contact Lenses - Lime -1,1,2308,TBK MO - Tabuk Park,Lensme,40,Power,Magrabi - KSA
30/9/2024,2075,Lensme Contact Lenses - Lime -1,1,9148,JED DM - Prince Sultan Street,Lensme,40,Power,Dr.M - KSA
30/9/2024,2076,Lensme Contact Lenses - Lime -1.25,1,2324,JED MO - Mooj Plaza,Lensme,40,Power,Magrabi - KSA
30/9/2024,2078,Lensme Contact Lenses - Lime -1.75,2,2069,QTF MO - Qouds Street,Lensme,80,Power,Magrabi - KSA
30/9/2024,2078,Lensme Contact Lenses - Lime -1.75,1,2095,JED MO - Salama Plaza,Lensme,40,Power,Magrabi - KSA
30/9/2024,2078,Lensme Contact Lenses - Lime -1.75,2,2123,MED MO - Noor Mall,Lensme,80,Power,Magrabi - KSA
30/9/2024,2078,Lensme Contact Lenses - Lime -1.75,2,2181,RYD MO - Nakhil Mall,Lensme,80,Power,Magrabi - KSA
30/9/2024,2079,Lensme Contact Lenses - Lime -2,2,2043,RYD MO - Olaya Street,Lensme,80,Power,Magrabi - KSA
30/9/2024,2079,Lensme Contact Lenses - Lime -2,1,2238,RYD MO - Jarir Plaza,Lensme,40,Power,Magrabi - KSA
30/9/2024,2080,Lensme Contact Lenses - Lime -2.25,1,2033,JED MO - Madinah Road,Lensme,40,Power,Magrabi - KSA
30/9/2024,2080,Lensme Contact Lenses - Lime -2.25,2,2100,DMM MO - Dhahran Mall,Lensme,80,Power,Magrabi - KSA
30/9/2024,2080,Lensme Contact Lenses - Lime -2.25,1,2304,MO - E.Commerce Saudi,Lensme,40,Power,Magrabi - KSA
30/9/2024,2081,Lensme Contact Lenses - Lime -2.5,1,2095,JED MO - Salama Plaza,Lensme,40,Power,Magrabi - KSA
30/9/2024,2082,Lensme Contact Lenses - Lime -2.75,1,2304,MO - E.Commerce Saudi,Lensme,40,Power,Magrabi - KSA
30/9/2024,2082,Lensme Contact Lenses - Lime -2.75,1,2324,JED MO - Mooj Plaza,Lensme,40,Power,Magrabi - KSA
30/9/2024,2083,Lensme Contact Lenses - Lime -3,1,2030,MED MO - Sultanah Street,Lensme,40,Power,Magrabi - KSA
30/9/2024,2083,Lensme Contact Lenses - Lime -3,1,2049,RYD MO - Madinah Road,Lensme,40,Power,Magrabi - KSA
30/9/2024,2083,Lensme Contact Lenses - Lime -3,1,2334,MAK MO - Azizia Park,Lensme,40,Power,Magrabi - KSA
30/9/2024,2084,Lensme Contact Lenses - Lime -3.25,1,2304,MO - E.Commerce Saudi,Lensme,40,Power,Magrabi - KSA
30/9/2024,2085,Lensme Contact Lenses - Lime -3.5,1,2049,RYD MO - Madinah Road,Lensme,40,Power,Magrabi - KSA
30/9/2024,2085,Lensme Contact Lenses - Lime -3.5,2,2100,DMM MO - Dhahran Mall,Lensme,80,Power,Magrabi - KSA
30/9/2024,2085,Lensme Contact Lenses - Lime -3.5,1,2334,MAK MO - Azizia Park,Lensme,40,Power,Magrabi - KSA
30/9/2024,2086,Lensme Contact Lenses - Lime -3.75,1,2030,MED MO - Sultanah Street,Lensme,40,Power,Magrabi - KSA
30/9/2024,2087,Lensme Contact Lenses - Lime -4,2,2123,MED MO - Noor Mall,Lensme,80,Power,Magrabi - KSA
30/9/2024,2087,Lensme Contact Lenses - Lime -4,2,2304,MO - E.Commerce Saudi,Lensme,80,Power,Magrabi - KSA
30/9/2024,2088,Lensme Contact Lenses - Lime -4.25,2,2027,TIF MO - Shehar Street,Lensme,80,Power,Magrabi - KSA
30/9/2024,2088,Lensme Contact Lenses - Lime -4.25,2,2123,MED MO - Noor Mall,Lensme,80,Power,Magrabi - KSA
30/9/2024,2089,Lensme Contact Lenses - Lime -4.5,1,2027,TIF MO - Shehar Street,Lensme,40,Power,Magrabi - KSA
30/9/2024,2089,Lensme Contact Lenses - Lime -4.5,2,2340,DMM MO - Magrabi Hospital,Lensme,80,Power,Magrabi - KSA
30/9/2024,2091,Lensme Contact Lenses - Lime -5,1,2027,TIF MO - Shehar Street,Lensme,40,Power,Magrabi - KSA
30/9/2024,2091,Lensme Contact Lenses - Lime -5,2,9108,JED DM - Andalus Mall,Lensme,80,Power,Dr.M - KSA
30/9/2024,2180,Lensme Contact Lenses - Malakite +0.5,2,2147,MAK MO - Makkah Mall,Lensme,80,Power,Magrabi - KSA
30/9/2024,2181,Lensme Contact Lenses - Malakite +1,2,2248,DMM MO - Shatea Plaza,Lensme,80,Power,Magrabi - KSA
30/9/2024,2182,Lensme Contact Lenses - Malakite +1.5,2,2248,DMM MO - Shatea Plaza,Lensme,80,Power,Magrabi - KSA
30/9/2024,2133,Lensme Contact Lenses - Malakite -0.5,1,2192,RYD MO - Telal Plaza,Lensme,40,Power,Magrabi - KSA
30/9/2024,2135,Lensme Contact Lenses - Malakite -1,2,2181,RYD MO - Nakhil Mall,Lensme,80,Power,Magrabi - KSA
30/9/2024,2135,Lensme Contact Lenses - Malakite -1,1,2192,RYD MO - Telal Plaza,Lensme,40,Power,Magrabi - KSA
30/9/2024,2136,Lensme Contact Lenses - Malakite -1.25,1,2049,RYD MO - Madinah Road,Lensme,40,Power,Magrabi - KSA
30/9/2024,2137,Lensme Contact Lenses - Malakite -1.5,1,2049,RYD MO - Madinah Road,Lensme,40,Power,Magrabi - KSA
30/9/2024,2137,Lensme Contact Lenses - Malakite -1.5,1,2308,TBK MO - Tabuk Park,Lensme,40,Power,Magrabi - KSA
30/9/2024,2137,Lensme Contact Lenses - Malakite -1.5,2,9146,TBK DM - Park Mall,Lensme,80,Power,Dr.M - KSA
30/9/2024,2138,Lensme Contact Lenses - Malakite -1.75,2,9155,TIF DM - Jouri Mall,Lensme,80,Power,Dr.M - KSA
30/9/2024,2139,Lensme Contact Lenses - Malakite -2,1,2181,RYD MO - Nakhil Mall,Lensme,40,Power,Magrabi - KSA
30/9/2024,2141,Lensme Contact Lenses - Malakite -2.5,1,2181,RYD MO - Nakhil Mall,Lensme,40,Power,Magrabi - KSA
30/9/2024,2141,Lensme Contact Lenses - Malakite -2.5,1,2304,MO - E.Commerce Saudi,Lensme,40,Power,Magrabi - KSA
30/9/2024,2141,Lensme Contact Lenses - Malakite -2.5,1,2308,TBK MO - Tabuk Park,Lensme,40,Power,Magrabi - KSA
30/9/2024,2143,Lensme Contact Lenses - Malakite -3,1,2147,MAK MO - Makkah Mall,Lensme,40,Power,Magrabi - KSA
30/9/2024,2145,Lensme Contact Lenses - Malakite -3.5,1,2147,MAK MO - Makkah Mall,Lensme,40,Power,Magrabi - KSA
30/9/2024,2147,Lensme Contact Lenses - Malakite -4,2,2095,JED MO - Salama Plaza,Lensme,80,Power,Magrabi - KSA
30/9/2024,2153,Lensme Contact Lenses - Malakite -5.5,2,2147,MAK MO - Makkah Mall,Lensme,80,Power,Magrabi - KSA
30/9/2024,2153,Lensme Contact Lenses - Malakite -5.5,1,2306,MAK MO - Tassan Plaza,Lensme,40,Power,Magrabi - KSA
30/9/2024,2155,Lensme Contact Lenses - Malakite -6,1,2306,MAK MO - Tassan Plaza,Lensme,40,Power,Magrabi - KSA
30/9/2024,2360,Lensme Contact Lenses - Marble +0.5,1,2033,JED MO - Madinah Road,Lensme,40,Power,Magrabi - KSA
30/9/2024,2361,Lensme Contact Lenses - Marble +1,2,2033,JED MO - Madinah Road,Lensme,80,Power,Magrabi - KSA
30/9/2024,2361,Lensme Contact Lenses - Marble +1,2,2049,RYD MO - Madinah Road,Lensme,80,Power,Magrabi - KSA
30/9/2024,2361,Lensme Contact Lenses - Marble +1,2,2053,RYD MO - King Abdullah Road,Lensme,80,Power,Magrabi - KSA
30/9/2024,2361,Lensme Contact Lenses - Marble +1,2,2069,QTF MO - Qouds Street,Lensme,80,Power,Magrabi - KSA
30/9/2024,2362,Lensme Contact Lenses - Marble +1.5,1,2306,MAK MO - Tassan Plaza,Lensme,40,Power,Magrabi - KSA
30/9/2024,2363,Lensme Contact Lenses - Marble +2,2,2147,MAK MO - Makkah Mall,Lensme,80,Power,Magrabi - KSA
30/9/2024,2363,Lensme Contact Lenses - Marble +2,1,2306,MAK MO - Tassan Plaza,Lensme,40,Power,Magrabi - KSA
30/9/2024,2364,Lensme Contact Lenses - Marble +2.5,1,2095,JED MO - Salama Plaza,Lensme,40,Power,Magrabi - KSA
30/9/2024,2364,Lensme Contact Lenses - Marble +2.5,1,2139,RYD MO - Magrabi Hospital,Lensme,40,Power,Magrabi - KSA
30/9/2024,2365,Lensme Contact Lenses - Marble +3,1,2095,JED MO - Salama Plaza,Lensme,40,Power,Magrabi - KSA
30/9/2024,2365,Lensme Contact Lenses - Marble +3,2,2334,MAK MO - Azizia Park,Lensme,80,Power,Magrabi - KSA
30/9/2024,2366,Lensme Contact Lenses - Marble +3.5,1,2297,RYD MO - Granada Mall,Lensme,40,Power,Magrabi - KSA
30/9/2024,2366,Lensme Contact Lenses - Marble +3.5,2,9148,JED DM - Prince Sultan Street,Lensme,80,Power,Dr.M - KSA
30/9/2024,2367,Lensme Contact Lenses - Marble +4,1,2297,RYD MO - Granada Mall,Lensme,40,Power,Magrabi - KSA
30/9/2024,2369,Lensme Contact Lenses - Marble +5,2,2222,RYD MO - Centro Nakhil Plaza,Lensme,80,Power,Magrabi - KSA
30/9/2024,2313,Lensme Contact Lenses - Marble -0.5,2,2138,RYD MO - Panorama Mall,Lensme,80,Power,Magrabi - KSA
30/9/2024,2313,Lensme Contact Lenses - Marble -0.5,2,2142,JBL MO - Jubail AM Road,Lensme,80,Power,Magrabi - KSA
30/9/2024,2313,Lensme Contact Lenses - Marble -0.5,2,2147,MAK MO - Makkah Mall,Lensme,80,Power,Magrabi - KSA
30/9/2024,2313,Lensme Contact Lenses - Marble -0.5,1,2199,RYD MO - Nakhla Plaza,Lensme,40,Power,Magrabi - KSA
30/9/2024,2313,Lensme Contact Lenses - Marble -0.5,2,2298,DMM MO - Nakhil Mall,Lensme,80,Power,Magrabi - KSA
30/9/2024,2313,Lensme Contact Lenses - Marble -0.5,2,2317,JED MO - Jeddah Park,Lensme,80,Power,Magrabi - KSA
30/9/2024,2313,Lensme Contact Lenses - Marble -0.5,2,9148,JED DM - Prince Sultan Street,Lensme,80,Power,Dr.M - KSA
30/9/2024,2314,Lensme Contact Lenses - Marble -0.75,1,2053,RYD MO - King Abdullah Road,Lensme,40,Power,Magrabi - KSA
30/9/2024,2314,Lensme Contact Lenses - Marble -0.75,2,2069,QTF MO - Qouds Street,Lensme,80,Power,Magrabi - KSA
30/9/2024,2314,Lensme Contact Lenses - Marble -0.75,4,2147,MAK MO - Makkah Mall,Lensme,160,Power,Magrabi - KSA
30/9/2024,2314,Lensme Contact Lenses - Marble -0.75,2,2198,ASR MO - Bin Galala Plaza,Lensme,80,Power,Magrabi - KSA
30/9/2024,2314,Lensme Contact Lenses - Marble -0.75,1,2340,DMM MO - Magrabi Hospital,Lensme,40,Power,Magrabi - KSA
30/9/2024,2314,Lensme Contact Lenses - Marble -0.75,2,9163,RYD DM - Hamra Mall,Lensme,80,Power,Dr.M - KSA
30/9/2024,2315,Lensme Contact Lenses - Marble -1,2,2027,TIF MO - Shehar Street,Lensme,80,Power,Magrabi - KSA
30/9/2024,2315,Lensme Contact Lenses - Marble -1,2,2033,JED MO - Madinah Road,Lensme,80,Power,Magrabi - KSA
30/9/2024,2315,Lensme Contact Lenses - Marble -1,2,2067,AHS MO - Elwan Plaza,Lensme,80,Power,Magrabi - KSA
30/9/2024,2315,Lensme Contact Lenses - Marble -1,2,2069,QTF MO - Qouds Street,Lensme,80,Power,Magrabi - KSA
30/9/2024,2315,Lensme Contact Lenses - Marble -1,2,2082,RYD MO - Hayat Mall,Lensme,80,Power,Magrabi - KSA
30/9/2024,2315,Lensme Contact Lenses - Marble -1,2,2100,DMM MO - Dhahran Mall,Lensme,80,Power,Magrabi - KSA
30/9/2024,2315,Lensme Contact Lenses - Marble -1,2,2123,MED MO - Noor Mall,Lensme,80,Power,Magrabi - KSA
30/9/2024,2315,Lensme Contact Lenses - Marble -1,3,2147,MAK MO - Makkah Mall,Lensme,120,Power,Magrabi - KSA
30/9/2024,2315,Lensme Contact Lenses - Marble -1,2,2181,RYD MO - Nakhil Mall,Lensme,80,Power,Magrabi - KSA
30/9/2024,2315,Lensme Contact Lenses - Marble -1,1,2198,ASR MO - Bin Galala Plaza,Lensme,40,Power,Magrabi - KSA
30/9/2024,2315,Lensme Contact Lenses - Marble -1,1,2199,RYD MO - Nakhla Plaza,Lensme,40,Power,Magrabi - KSA
30/9/2024,2315,Lensme Contact Lenses - Marble -1,1,2237,RYD MO - Uthman bin Affan Road,Lensme,40,Power,Magrabi - KSA
30/9/2024,2315,Lensme Contact Lenses - Marble -1,2,2238,RYD MO - Jarir Plaza,Lensme,80,Power,Magrabi - KSA
30/9/2024,2315,Lensme Contact Lenses - Marble -1,2,2242,RYD MO - Khalid bin Walid Street,Lensme,80,Power,Magrabi - KSA
30/9/2024,2315,Lensme Contact Lenses - Marble -1,1,2247,YNB MO - Dana Mall,Lensme,40,Power,Magrabi - KSA
30/9/2024,2315,Lensme Contact Lenses - Marble -1,2,2287,RYD MO - Magrabi Clinic Exit-14,Lensme,80,Power,Magrabi - KSA
30/9/2024,2315,Lensme Contact Lenses - Marble -1,1,2297,RYD MO - Granada Mall,Lensme,40,Power,Magrabi - KSA
30/9/2024,2315,Lensme Contact Lenses - Marble -1,4,2298,DMM MO - Nakhil Mall,Lensme,160,Power,Magrabi - KSA
30/9/2024,2315,Lensme Contact Lenses - Marble -1,2,2302,JED MO - Red Sea Mall,Lensme,80,Power,Magrabi - KSA
30/9/2024,2315,Lensme Contact Lenses - Marble -1,1,2304,MO - E.Commerce Saudi,Lensme,40,Power,Magrabi - KSA
30/9/2024,2315,Lensme Contact Lenses - Marble -1,1,2308,TBK MO - Tabuk Park,Lensme,40,Power,Magrabi - KSA
30/9/2024,2315,Lensme Contact Lenses - Marble -1,1,2317,JED MO - Jeddah Park,Lensme,40,Power,Magrabi - KSA
30/9/2024,2315,Lensme Contact Lenses - Marble -1,2,2331,TIF MO - The Park Mall,Lensme,80,Power,Magrabi - KSA
30/9/2024,2315,Lensme Contact Lenses - Marble -1,1,2342,JED MO - Tahlia Street,Lensme,40,Power,Magrabi - KSA
30/9/2024,2315,Lensme Contact Lenses - Marble -1,1,9124,DR.M - E.Commerce,Lensme,40,Power,Dr.M - KSA
30/9/2024,2315,Lensme Contact Lenses - Marble -1,1,9146,TBK DM - Park Mall,Lensme,40,Power,Dr.M - KSA
30/9/2024,2316,Lensme Contact Lenses - Marble -1.25,1,2033,JED MO - Madinah Road,Lensme,40,Power,Magrabi - KSA
30/9/2024,2316,Lensme Contact Lenses - Marble -1.25,1,2043,RYD MO - Olaya Street,Lensme,40,Power,Magrabi - KSA
30/9/2024,2316,Lensme Contact Lenses - Marble -1.25,2,2072,HAL MO - Airport Street,Lensme,80,Power,Magrabi - KSA
30/9/2024,2316,Lensme Contact Lenses - Marble -1.25,1,2095,JED MO - Salama Plaza,Lensme,40,Power,Magrabi - KSA
30/9/2024,2316,Lensme Contact Lenses - Marble -1.25,2,2100,DMM MO - Dhahran Mall,Lensme,80,Power,Magrabi - KSA
30/9/2024,2316,Lensme Contact Lenses - Marble -1.25,2,2123,MED MO - Noor Mall,Lensme,80,Power,Magrabi - KSA
30/9/2024,2316,Lensme Contact Lenses - Marble -1.25,1,2147,MAK MO - Makkah Mall,Lensme,40,Power,Magrabi - KSA
30/9/2024,2316,Lensme Contact Lenses - Marble -1.25,2,2192,RYD MO - Telal Plaza,Lensme,80,Power,Magrabi - KSA
30/9/2024,2316,Lensme Contact Lenses - Marble -1.25,1,2198,ASR MO - Bin Galala Plaza,Lensme,40,Power,Magrabi - KSA
30/9/2024,2316,Lensme Contact Lenses - Marble -1.25,1,2247,YNB MO - Dana Mall,Lensme,40,Power,Magrabi - KSA
30/9/2024,2316,Lensme Contact Lenses - Marble -1.25,1,2297,RYD MO - Granada Mall,Lensme,40,Power,Magrabi - KSA
30/9/2024,2316,Lensme Contact Lenses - Marble -1.25,1,2303,JED MO - Magrabi Clinic Murjan,Lensme,40,Power,Magrabi - KSA
30/9/2024,2316,Lensme Contact Lenses - Marble -1.25,2,2304,MO - E.Commerce Saudi,Lensme,80,Power,Magrabi - KSA
30/9/2024,2316,Lensme Contact Lenses - Marble -1.25,1,2308,TBK MO - Tabuk Park,Lensme,40,Power,Magrabi - KSA
30/9/2024,2316,Lensme Contact Lenses - Marble -1.25,2,2320,MAK MO - Dan Plaza,Lensme,80,Power,Magrabi - KSA
30/9/2024,2316,Lensme Contact Lenses - Marble -1.25,2,2323,JED MO - The Village Mall,Lensme,80,Power,Magrabi - KSA
30/9/2024,2316,Lensme Contact Lenses - Marble -1.25,1,2334,MAK MO - Azizia Park,Lensme,40,Power,Magrabi - KSA
30/9/2024,2316,Lensme Contact Lenses - Marble -1.25,2,2342,JED MO - Tahlia Street,Lensme,80,Power,Magrabi - KSA
30/9/2024,2316,Lensme Contact Lenses - Marble -1.25,1,9120,RYD DM - Nokhba Center,Lensme,40,Power,Dr.M - KSA
30/9/2024,2316,Lensme Contact Lenses - Marble -1.25,2,9130,RYD DM - Yasmin Plaza,Lensme,80,Power,Dr.M - KSA
30/9/2024,2316,Lensme Contact Lenses - Marble -1.25,2,9143,AHS DM - Khamis Avenue,Lensme,80,Power,Dr.M - KSA
30/9/2024,2316,Lensme Contact Lenses - Marble -1.25,1,9146,TBK DM - Park Mall,Lensme,40,Power,Dr.M - KSA
30/9/2024,2317,Lensme Contact Lenses - Marble -1.5,2,2027,TIF MO - Shehar Street,Lensme,80,Power,Magrabi - KSA
30/9/2024,2317,Lensme Contact Lenses - Marble -1.5,1,2082,RYD MO - Hayat Mall,Lensme,40,Power,Magrabi - KSA
30/9/2024,2317,Lensme Contact Lenses - Marble -1.5,2,2100,DMM MO - Dhahran Mall,Lensme,80,Power,Magrabi - KSA
30/9/2024,2317,Lensme Contact Lenses - Marble -1.5,5,2123,MED MO - Noor Mall,Lensme,200,Power,Magrabi - KSA
30/9/2024,2317,Lensme Contact Lenses - Marble -1.5,2,2138,RYD MO - Panorama Mall,Lensme,80,Power,Magrabi - KSA
30/9/2024,2317,Lensme Contact Lenses - Marble -1.5,6,2147,MAK MO - Makkah Mall,Lensme,240,Power,Magrabi - KSA
30/9/2024,2317,Lensme Contact Lenses - Marble -1.5,3,2181,RYD MO - Nakhil Mall,Lensme,120,Power,Magrabi - KSA
30/9/2024,2317,Lensme Contact Lenses - Marble -1.5,2,2198,ASR MO - Bin Galala Plaza,Lensme,80,Power,Magrabi - KSA
30/9/2024,2317,Lensme Contact Lenses - Marble -1.5,4,2298,DMM MO - Nakhil Mall,Lensme,160,Power,Magrabi - KSA
30/9/2024,2317,Lensme Contact Lenses - Marble -1.5,2,2302,JED MO - Red Sea Mall,Lensme,80,Power,Magrabi - KSA
30/9/2024,2317,Lensme Contact Lenses - Marble -1.5,1,2304,MO - E.Commerce Saudi,Lensme,40,Power,Magrabi - KSA
30/9/2024,2317,Lensme Contact Lenses - Marble -1.5,2,2308,TBK MO - Tabuk Park,Lensme,80,Power,Magrabi - KSA
30/9/2024,2317,Lensme Contact Lenses - Marble -1.5,2,2309,RYD MO - Hamra Mall,Lensme,80,Power,Magrabi - KSA
30/9/2024,2317,Lensme Contact Lenses - Marble -1.5,2,2311,DMM MO - Rashed Mall,Lensme,80,Power,Magrabi - KSA
30/9/2024,2317,Lensme Contact Lenses - Marble -1.5,2,2334,MAK MO - Azizia Park,Lensme,80,Power,Magrabi - KSA
30/9/2024,2317,Lensme Contact Lenses - Marble -1.5,1,9146,TBK DM - Park Mall,Lensme,40,Power,Dr.M - KSA
30/9/2024,2318,Lensme Contact Lenses - Marble -1.75,2,2043,RYD MO - Olaya Street,Lensme,80,Power,Magrabi - KSA
30/9/2024,2318,Lensme Contact Lenses - Marble -1.75,1,2053,RYD MO - King Abdullah Road,Lensme,40,Power,Magrabi - KSA
30/9/2024,2318,Lensme Contact Lenses - Marble -1.75,1,2061,DMM MO - Cornich Boulevard,Lensme,40,Power,Magrabi - KSA
30/9/2024,2318,Lensme Contact Lenses - Marble -1.75,1,2069,QTF MO - Qouds Street,Lensme,40,Power,Magrabi - KSA
30/9/2024,2318,Lensme Contact Lenses - Marble -1.75,3,2082,RYD MO - Hayat Mall,Lensme,120,Power,Magrabi - KSA
30/9/2024,2318,Lensme Contact Lenses - Marble -1.75,1,2123,MED MO - Noor Mall,Lensme,40,Power,Magrabi - KSA
30/9/2024,2318,Lensme Contact Lenses - Marble -1.75,2,2177,DMM MO - Faisaliyah Plaza,Lensme,80,Power,Magrabi - KSA
30/9/2024,2318,Lensme Contact Lenses - Marble -1.75,3,2181,RYD MO - Nakhil Mall,Lensme,120,Power,Magrabi - KSA
30/9/2024,2318,Lensme Contact Lenses - Marble -1.75,2,2222,RYD MO - Centro Nakhil Plaza,Lensme,80,Power,Magrabi - KSA
30/9/2024,2318,Lensme Contact Lenses - Marble -1.75,1,2237,RYD MO - Uthman bin Affan Road,Lensme,40,Power,Magrabi - KSA
30/9/2024,2318,Lensme Contact Lenses - Marble -1.75,1,2287,RYD MO - Magrabi Clinic Exit-14,Lensme,40,Power,Magrabi - KSA
30/9/2024,2318,Lensme Contact Lenses - Marble -1.75,3,2302,JED MO - Red Sea Mall,Lensme,120,Power,Magrabi - KSA
30/9/2024,2318,Lensme Contact Lenses - Marble -1.75,1,2304,MO - E.Commerce Saudi,Lensme,40,Power,Magrabi - KSA
30/9/2024,2318,Lensme Contact Lenses - Marble -1.75,1,2308,TBK MO - Tabuk Park,Lensme,40,Power,Magrabi - KSA
30/9/2024,2318,Lensme Contact Lenses - Marble -1.75,1,2317,JED MO - Jeddah Park,Lensme,40,Power,Magrabi - KSA
30/9/2024,2318,Lensme Contact Lenses - Marble -1.75,1,2334,MAK MO - Azizia Park,Lensme,40,Power,Magrabi - KSA
30/9/2024,2318,Lensme Contact Lenses - Marble -1.75,3,2336,TBK MO - Tabuk Boulevard,Lensme,120,Power,Magrabi - KSA
30/9/2024,2318,Lensme Contact Lenses - Marble -1.75,2,2339,RYD MO - Yasmin Plaza,Lensme,80,Power,Magrabi - KSA
30/9/2024,2318,Lensme Contact Lenses - Marble -1.75,1,2342,JED MO - Tahlia Street,Lensme,40,Power,Magrabi - KSA
30/9/2024,2318,Lensme Contact Lenses - Marble -1.75,2,9108,JED DM - Andalus Mall,Lensme,80,Power,Dr.M - KSA
30/9/2024,2318,Lensme Contact Lenses - Marble -1.75,2,9113,JED DM - Jeddah Park Mall,Lensme,80,Power,Dr.M - KSA
30/9/2024,2318,Lensme Contact Lenses - Marble -1.75,1,9120,RYD DM - Nokhba Center,Lensme,40,Power,Dr.M - KSA
30/9/2024,2318,Lensme Contact Lenses - Marble -1.75,2,9124,DR.M - E.Commerce,Lensme,80,Power,Dr.M - KSA
30/9/2024,2318,Lensme Contact Lenses - Marble -1.75,2,9155,TIF DM - Jouri Mall,Lensme,80,Power,Dr.M - KSA
30/9/2024,2319,Lensme Contact Lenses - Marble -2,1,2027,TIF MO - Shehar Street,Lensme,40,Power,Magrabi - KSA
30/9/2024,2319,Lensme Contact Lenses - Marble -2,1,2061,DMM MO - Cornich Boulevard,Lensme,40,Power,Magrabi - KSA
30/9/2024,2319,Lensme Contact Lenses - Marble -2,2,2067,AHS MO - Elwan Plaza,Lensme,80,Power,Magrabi - KSA
30/9/2024,2319,Lensme Contact Lenses - Marble -2,1,2069,QTF MO - Qouds Street,Lensme,40,Power,Magrabi - KSA
30/9/2024,2319,Lensme Contact Lenses - Marble -2,2,2100,DMM MO - Dhahran Mall,Lensme,80,Power,Magrabi - KSA
30/9/2024,2319,Lensme Contact Lenses - Marble -2,2,2147,MAK MO - Makkah Mall,Lensme,80,Power,Magrabi - KSA
30/9/2024,2319,Lensme Contact Lenses - Marble -2,2,2177,DMM MO - Faisaliyah Plaza,Lensme,80,Power,Magrabi - KSA
30/9/2024,2319,Lensme Contact Lenses - Marble -2,3,2181,RYD MO - Nakhil Mall,Lensme,120,Power,Magrabi - KSA
30/9/2024,2319,Lensme Contact Lenses - Marble -2,1,2198,ASR MO - Bin Galala Plaza,Lensme,40,Power,Magrabi - KSA
30/9/2024,2319,Lensme Contact Lenses - Marble -2,1,2297,RYD MO - Granada Mall,Lensme,40,Power,Magrabi - KSA
30/9/2024,2319,Lensme Contact Lenses - Marble -2,1,2302,JED MO - Red Sea Mall,Lensme,40,Power,Magrabi - KSA
30/9/2024,2319,Lensme Contact Lenses - Marble -2,2,2303,JED MO - Magrabi Clinic Murjan,Lensme,80,Power,Magrabi - KSA
30/9/2024,2319,Lensme Contact Lenses - Marble -2,1,2304,MO - E.Commerce Saudi,Lensme,40,Power,Magrabi - KSA
30/9/2024,2319,Lensme Contact Lenses - Marble -2,1,2308,TBK MO - Tabuk Park,Lensme,40,Power,Magrabi - KSA
30/9/2024,2319,Lensme Contact Lenses - Marble -2,2,2313,RYD MO - Hassan bin Ali Street,Lensme,80,Power,Magrabi - KSA
30/9/2024,2319,Lensme Contact Lenses - Marble -2,1,2324,JED MO - Mooj Plaza,Lensme,40,Power,Magrabi - KSA
30/9/2024,2319,Lensme Contact Lenses - Marble -2,2,2330,JED MO - U Walk Mall,Lensme,80,Power,Magrabi - KSA
30/9/2024,2319,Lensme Contact Lenses - Marble -2,2,2336,TBK MO - Tabuk Boulevard,Lensme,80,Power,Magrabi - KSA
30/9/2024,2319,Lensme Contact Lenses - Marble -2,1,2340,DMM MO - Magrabi Hospital,Lensme,40,Power,Magrabi - KSA
30/9/2024,2319,Lensme Contact Lenses - Marble -2,2,9114,MAK DM - Makkah Mall,Lensme,80,Power,Dr.M - KSA
30/9/2024,2319,Lensme Contact Lenses - Marble -2,2,9120,RYD DM - Nokhba Center,Lensme,80,Power,Dr.M - KSA
30/9/2024,2319,Lensme Contact Lenses - Marble -2,1,9130,RYD DM - Yasmin Plaza,Lensme,40,Power,Dr.M - KSA
30/9/2024,2319,Lensme Contact Lenses - Marble -2,1,9131,QSM DM - Nakhil Plaza,Lensme,40,Power,Dr.M - KSA
30/9/2024,2319,Lensme Contact Lenses - Marble -2,2,9142,AHS DM - Baha Mall,Lensme,80,Power,Dr.M - KSA
30/9/2024,2319,Lensme Contact Lenses - Marble -2,1,9146,TBK DM - Park Mall,Lensme,40,Power,Dr.M - KSA
30/9/2024,2319,Lensme Contact Lenses - Marble -2,1,9155,TIF DM - Jouri Mall,Lensme,40,Power,Dr.M - KSA
30/9/2024,2320,Lensme Contact Lenses - Marble -2.25,1,2033,JED MO - Madinah Road,Lensme,40,Power,Magrabi - KSA
30/9/2024,2320,Lensme Contact Lenses - Marble -2.25,2,2049,RYD MO - Madinah Road,Lensme,80,Power,Magrabi - KSA
30/9/2024,2320,Lensme Contact Lenses - Marble -2.25,2,2067,AHS MO - Elwan Plaza,Lensme,80,Power,Magrabi - KSA
30/9/2024,2320,Lensme Contact Lenses - Marble -2.25,3,2095,JED MO - Salama Plaza,Lensme,120,Power,Magrabi - KSA
30/9/2024,2320,Lensme Contact Lenses - Marble -2.25,4,2100,DMM MO - Dhahran Mall,Lensme,160,Power,Magrabi - KSA
30/9/2024,2320,Lensme Contact Lenses - Marble -2.25,1,2192,RYD MO - Telal Plaza,Lensme,40,Power,Magrabi - KSA
30/9/2024,2320,Lensme Contact Lenses - Marble -2.25,2,2242,RYD MO - Khalid bin Walid Street,Lensme,80,Power,Magrabi - KSA
30/9/2024,2320,Lensme Contact Lenses - Marble -2.25,1,2247,YNB MO - Dana Mall,Lensme,40,Power,Magrabi - KSA
30/9/2024,2320,Lensme Contact Lenses - Marble -2.25,2,2298,DMM MO - Nakhil Mall,Lensme,80,Power,Magrabi - KSA
30/9/2024,2320,Lensme Contact Lenses - Marble -2.25,2,2302,JED MO - Red Sea Mall,Lensme,80,Power,Magrabi - KSA
30/9/2024,2320,Lensme Contact Lenses - Marble -2.25,1,2303,JED MO - Magrabi Clinic Murjan,Lensme,40,Power,Magrabi - KSA
30/9/2024,2320,Lensme Contact Lenses - Marble -2.25,2,2304,MO - E.Commerce Saudi,Lensme,80,Power,Magrabi - KSA
30/9/2024,2320,Lensme Contact Lenses - Marble -2.25,1,2316,HAL MO - Hail Town Square Mall,Lensme,40,Power,Magrabi - KSA
30/9/2024,2320,Lensme Contact Lenses - Marble -2.25,1,2324,JED MO - Mooj Plaza,Lensme,40,Power,Magrabi - KSA
30/9/2024,2320,Lensme Contact Lenses - Marble -2.25,2,2330,JED MO - U Walk Mall,Lensme,80,Power,Magrabi - KSA
30/9/2024,2320,Lensme Contact Lenses - Marble -2.25,1,9112,RYD DM - Nakhil Mall,Lensme,40,Power,Dr.M - KSA
30/9/2024,2320,Lensme Contact Lenses - Marble -2.25,2,9130,RYD DM - Yasmin Plaza,Lensme,80,Power,Dr.M - KSA
30/9/2024,2320,Lensme Contact Lenses - Marble -2.25,1,9131,QSM DM - Nakhil Plaza,Lensme,40,Power,Dr.M - KSA
30/9/2024,2320,Lensme Contact Lenses - Marble -2.25,1,9143,AHS DM - Khamis Avenue,Lensme,40,Power,Dr.M - KSA
30/9/2024,2320,Lensme Contact Lenses - Marble -2.25,1,9155,TIF DM - Jouri Mall,Lensme,40,Power,Dr.M - KSA
30/9/2024,2320,Lensme Contact Lenses - Marble -2.25,2,9172,JED DM - Yasmin Mall,Lensme,80,Power,Dr.M - KSA
30/9/2024,2321,Lensme Contact Lenses - Marble -2.5,1,2030,MED MO - Sultanah Street,Lensme,40,Power,Magrabi - KSA
30/9/2024,2321,Lensme Contact Lenses - Marble -2.5,1,2033,JED MO - Madinah Road,Lensme,40,Power,Magrabi - KSA
30/9/2024,2321,Lensme Contact Lenses - Marble -2.5,2,2038,JED MO - Sari Street,Lensme,80,Power,Magrabi - KSA
30/9/2024,2321,Lensme Contact Lenses - Marble -2.5,1,2049,RYD MO - Madinah Road,Lensme,40,Power,Magrabi - KSA
30/9/2024,2321,Lensme Contact Lenses - Marble -2.5,1,2100,DMM MO - Dhahran Mall,Lensme,40,Power,Magrabi - KSA
30/9/2024,2321,Lensme Contact Lenses - Marble -2.5,4,2147,MAK MO - Makkah Mall,Lensme,160,Power,Magrabi - KSA
30/9/2024,2321,Lensme Contact Lenses - Marble -2.5,2,2181,RYD MO - Nakhil Mall,Lensme,80,Power,Magrabi - KSA
30/9/2024,2321,Lensme Contact Lenses - Marble -2.5,1,2192,RYD MO - Telal Plaza,Lensme,40,Power,Magrabi - KSA
30/9/2024,2321,Lensme Contact Lenses - Marble -2.5,1,2198,ASR MO - Bin Galala Plaza,Lensme,40,Power,Magrabi - KSA
30/9/2024,2321,Lensme Contact Lenses - Marble -2.5,1,2247,YNB MO - Dana Mall,Lensme,40,Power,Magrabi - KSA
30/9/2024,2321,Lensme Contact Lenses - Marble -2.5,1,2248,DMM MO - Shatea Plaza,Lensme,40,Power,Magrabi - KSA
30/9/2024,2321,Lensme Contact Lenses - Marble -2.5,1,2297,RYD MO - Granada Mall,Lensme,40,Power,Magrabi - KSA
30/9/2024,2321,Lensme Contact Lenses - Marble -2.5,3,2298,DMM MO - Nakhil Mall,Lensme,120,Power,Magrabi - KSA
30/9/2024,2321,Lensme Contact Lenses - Marble -2.5,1,2304,MO - E.Commerce Saudi,Lensme,40,Power,Magrabi - KSA
30/9/2024,2321,Lensme Contact Lenses - Marble -2.5,4,2308,TBK MO - Tabuk Park,Lensme,160,Power,Magrabi - KSA
30/9/2024,2321,Lensme Contact Lenses - Marble -2.5,2,2316,HAL MO - Hail Town Square Mall,Lensme,80,Power,Magrabi - KSA
30/9/2024,2321,Lensme Contact Lenses - Marble -2.5,2,2319,ASR MO - Magrabi Hospital,Lensme,80,Power,Magrabi - KSA
30/9/2024,2321,Lensme Contact Lenses - Marble -2.5,2,9126,JED DM - Haifa Mall,Lensme,80,Power,Dr.M - KSA
30/9/2024,2321,Lensme Contact Lenses - Marble -2.5,1,9143,AHS DM - Khamis Avenue,Lensme,40,Power,Dr.M - KSA
30/9/2024,2322,Lensme Contact Lenses - Marble -2.75,2,2061,DMM MO - Cornich Boulevard,Lensme,80,Power,Magrabi - KSA
30/9/2024,2322,Lensme Contact Lenses - Marble -2.75,2,2069,QTF MO - Qouds Street,Lensme,80,Power,Magrabi - KSA
30/9/2024,2322,Lensme Contact Lenses - Marble -2.75,1,2248,DMM MO - Shatea Plaza,Lensme,40,Power,Magrabi - KSA
30/9/2024,2322,Lensme Contact Lenses - Marble -2.75,1,2298,DMM MO - Nakhil Mall,Lensme,40,Power,Magrabi - KSA
30/9/2024,2322,Lensme Contact Lenses - Marble -2.75,1,2308,TBK MO - Tabuk Park,Lensme,40,Power,Magrabi - KSA
30/9/2024,2322,Lensme Contact Lenses - Marble -2.75,2,2312,RYD MO - 60th Street,Lensme,80,Power,Magrabi - KSA
30/9/2024,2322,Lensme Contact Lenses - Marble -2.75,1,2316,HAL MO - Hail Town Square Mall,Lensme,40,Power,Magrabi - KSA
30/9/2024,2322,Lensme Contact Lenses - Marble -2.75,1,9155,TIF DM - Jouri Mall,Lensme,40,Power,Dr.M - KSA
30/9/2024,2323,Lensme Contact Lenses - Marble -3,1,2027,TIF MO - Shehar Street,Lensme,40,Power,Magrabi - KSA
30/9/2024,2323,Lensme Contact Lenses - Marble -3,1,2030,MED MO - Sultanah Street,Lensme,40,Power,Magrabi - KSA
30/9/2024,2323,Lensme Contact Lenses - Marble -3,3,2067,AHS MO - Elwan Plaza,Lensme,120,Power,Magrabi - KSA
30/9/2024,2323,Lensme Contact Lenses - Marble -3,1,2100,DMM MO - Dhahran Mall,Lensme,40,Power,Magrabi - KSA
30/9/2024,2323,Lensme Contact Lenses - Marble -3,2,2238,RYD MO - Jarir Plaza,Lensme,80,Power,Magrabi - KSA
30/9/2024,2323,Lensme Contact Lenses - Marble -3,1,2287,RYD MO - Magrabi Clinic Exit-14,Lensme,40,Power,Magrabi - KSA
30/9/2024,2323,Lensme Contact Lenses - Marble -3,2,2304,MO - E.Commerce Saudi,Lensme,80,Power,Magrabi - KSA
30/9/2024,2323,Lensme Contact Lenses - Marble -3,1,2306,MAK MO - Tassan Plaza,Lensme,40,Power,Magrabi - KSA
30/9/2024,2323,Lensme Contact Lenses - Marble -3,2,2308,TBK MO - Tabuk Park,Lensme,80,Power,Magrabi - KSA
30/9/2024,2323,Lensme Contact Lenses - Marble -3,1,2317,JED MO - Jeddah Park,Lensme,40,Power,Magrabi - KSA
30/9/2024,2323,Lensme Contact Lenses - Marble -3,1,2318,QSM MO - Imam Bukhari Street,Lensme,40,Power,Magrabi - KSA
30/9/2024,2323,Lensme Contact Lenses - Marble -3,2,2331,TIF MO - The Park Mall,Lensme,80,Power,Magrabi - KSA
30/9/2024,2323,Lensme Contact Lenses - Marble -3,2,2340,DMM MO - Magrabi Hospital,Lensme,80,Power,Magrabi - KSA
30/9/2024,2323,Lensme Contact Lenses - Marble -3,1,9130,RYD DM - Yasmin Plaza,Lensme,40,Power,Dr.M - KSA
30/9/2024,2323,Lensme Contact Lenses - Marble -3,2,9132,RYD DM - Rawabi Plaza,Lensme,80,Power,Dr.M - KSA
30/9/2024,2323,Lensme Contact Lenses - Marble -3,1,9136,DMM DM - Shatea Square,Lensme,40,Power,Dr.M - KSA
30/9/2024,2323,Lensme Contact Lenses - Marble -3,1,9155,TIF DM - Jouri Mall,Lensme,40,Power,Dr.M - KSA
30/9/2024,2324,Lensme Contact Lenses - Marble -3.25,2,2027,TIF MO - Shehar Street,Lensme,80,Power,Magrabi - KSA
30/9/2024,2324,Lensme Contact Lenses - Marble -3.25,1,2049,RYD MO - Madinah Road,Lensme,40,Power,Magrabi - KSA
30/9/2024,2324,Lensme Contact Lenses - Marble -3.25,2,2052,RYD MO - Okbah bin Nafee Road,Lensme,80,Power,Magrabi - KSA
30/9/2024,2324,Lensme Contact Lenses - Marble -3.25,1,2067,AHS MO - Elwan Plaza,Lensme,40,Power,Magrabi - KSA
30/9/2024,2324,Lensme Contact Lenses - Marble -3.25,2,2138,RYD MO - Panorama Mall,Lensme,80,Power,Magrabi - KSA
30/9/2024,2324,Lensme Contact Lenses - Marble -3.25,1,2147,MAK MO - Makkah Mall,Lensme,40,Power,Magrabi - KSA
30/9/2024,2324,Lensme Contact Lenses - Marble -3.25,1,2181,RYD MO - Nakhil Mall,Lensme,40,Power,Magrabi - KSA
30/9/2024,2324,Lensme Contact Lenses - Marble -3.25,1,2306,MAK MO - Tassan Plaza,Lensme,40,Power,Magrabi - KSA
30/9/2024,2324,Lensme Contact Lenses - Marble -3.25,3,2308,TBK MO - Tabuk Park,Lensme,120,Power,Magrabi - KSA
30/9/2024,2324,Lensme Contact Lenses - Marble -3.25,5,2339,RYD MO - Yasmin Plaza,Lensme,200,Power,Magrabi - KSA
30/9/2024,2324,Lensme Contact Lenses - Marble -3.25,1,9112,RYD DM - Nakhil Mall,Lensme,40,Power,Dr.M - KSA
30/9/2024,2324,Lensme Contact Lenses - Marble -3.25,1,9136,DMM DM - Shatea Square,Lensme,40,Power,Dr.M - KSA
30/9/2024,2324,Lensme Contact Lenses - Marble -3.25,2,9154,MED DM - Noor Mall,Lensme,80,Power,Dr.M - KSA
30/9/2024,2324,Lensme Contact Lenses - Marble -3.25,2,9155,TIF DM - Jouri Mall,Lensme,80,Power,Dr.M - KSA
30/9/2024,2325,Lensme Contact Lenses - Marble -3.5,1,2027,TIF MO - Shehar Street,Lensme,40,Power,Magrabi - KSA
30/9/2024,2325,Lensme Contact Lenses - Marble -3.5,2,2038,JED MO - Sari Street,Lensme,80,Power,Magrabi - KSA
30/9/2024,2325,Lensme Contact Lenses - Marble -3.5,2,2052,RYD MO - Okbah bin Nafee Road,Lensme,80,Power,Magrabi - KSA
30/9/2024,2325,Lensme Contact Lenses - Marble -3.5,2,2061,DMM MO - Cornich Boulevard,Lensme,80,Power,Magrabi - KSA
30/9/2024,2325,Lensme Contact Lenses - Marble -3.5,1,2069,QTF MO - Qouds Street,Lensme,40,Power,Magrabi - KSA
30/9/2024,2325,Lensme Contact Lenses - Marble -3.5,1,2123,MED MO - Noor Mall,Lensme,40,Power,Magrabi - KSA
30/9/2024,2325,Lensme Contact Lenses - Marble -3.5,2,2139,RYD MO - Magrabi Hospital,Lensme,80,Power,Magrabi - KSA
30/9/2024,2325,Lensme Contact Lenses - Marble -3.5,1,2147,MAK MO - Makkah Mall,Lensme,40,Power,Magrabi - KSA
30/9/2024,2325,Lensme Contact Lenses - Marble -3.5,2,2199,RYD MO - Nakhla Plaza,Lensme,80,Power,Magrabi - KSA
30/9/2024,2325,Lensme Contact Lenses - Marble -3.5,2,2298,DMM MO - Nakhil Mall,Lensme,80,Power,Magrabi - KSA
30/9/2024,2325,Lensme Contact Lenses - Marble -3.5,2,2316,HAL MO - Hail Town Square Mall,Lensme,80,Power,Magrabi - KSA
30/9/2024,2325,Lensme Contact Lenses - Marble -3.5,1,2317,JED MO - Jeddah Park,Lensme,40,Power,Magrabi - KSA
30/9/2024,2325,Lensme Contact Lenses - Marble -3.5,1,2318,QSM MO - Imam Bukhari Street,Lensme,40,Power,Magrabi - KSA
30/9/2024,2325,Lensme Contact Lenses - Marble -3.5,1,2336,TBK MO - Tabuk Boulevard,Lensme,40,Power,Magrabi - KSA
30/9/2024,2325,Lensme Contact Lenses - Marble -3.5,2,9102,RYD DM - Khalid bin Walid Street,Lensme,80,Power,Dr.M - KSA
30/9/2024,2325,Lensme Contact Lenses - Marble -3.5,2,9155,TIF DM - Jouri Mall,Lensme,80,Power,Dr.M - KSA
30/9/2024,2326,Lensme Contact Lenses - Marble -3.75,2,2030,MED MO - Sultanah Street,Lensme,80,Power,Magrabi - KSA
30/9/2024,2326,Lensme Contact Lenses - Marble -3.75,2,2033,JED MO - Madinah Road,Lensme,80,Power,Magrabi - KSA
30/9/2024,2326,Lensme Contact Lenses - Marble -3.75,1,2053,RYD MO - King Abdullah Road,Lensme,40,Power,Magrabi - KSA
30/9/2024,2326,Lensme Contact Lenses - Marble -3.75,1,2069,QTF MO - Qouds Street,Lensme,40,Power,Magrabi - KSA
30/9/2024,2326,Lensme Contact Lenses - Marble -3.75,1,2123,MED MO - Noor Mall,Lensme,40,Power,Magrabi - KSA
30/9/2024,2326,Lensme Contact Lenses - Marble -3.75,2,2142,JBL MO - Jubail AM Road,Lensme,80,Power,Magrabi - KSA
30/9/2024,2326,Lensme Contact Lenses - Marble -3.75,2,2304,MO - E.Commerce Saudi,Lensme,80,Power,Magrabi - KSA
30/9/2024,2326,Lensme Contact Lenses - Marble -3.75,2,2308,TBK MO - Tabuk Park,Lensme,80,Power,Magrabi - KSA
30/9/2024,2326,Lensme Contact Lenses - Marble -3.75,2,2309,RYD MO - Hamra Mall,Lensme,80,Power,Magrabi - KSA
30/9/2024,2326,Lensme Contact Lenses - Marble -3.75,2,2317,JED MO - Jeddah Park,Lensme,80,Power,Magrabi - KSA
30/9/2024,2326,Lensme Contact Lenses - Marble -3.75,2,2318,QSM MO - Imam Bukhari Street,Lensme,80,Power,Magrabi - KSA
30/9/2024,2326,Lensme Contact Lenses - Marble -3.75,1,2336,TBK MO - Tabuk Boulevard,Lensme,40,Power,Magrabi - KSA
30/9/2024,2326,Lensme Contact Lenses - Marble -3.75,1,9122,RYD DM - Salam Mall,Lensme,40,Power,Dr.M - KSA
30/9/2024,2327,Lensme Contact Lenses - Marble -4,2,2033,JED MO - Madinah Road,Lensme,80,Power,Magrabi - KSA
30/9/2024,2327,Lensme Contact Lenses - Marble -4,1,2043,RYD MO - Olaya Street,Lensme,40,Power,Magrabi - KSA
30/9/2024,2327,Lensme Contact Lenses - Marble -4,1,2053,RYD MO - King Abdullah Road,Lensme,40,Power,Magrabi - KSA
30/9/2024,2327,Lensme Contact Lenses - Marble -4,2,2095,JED MO - Salama Plaza,Lensme,80,Power,Magrabi - KSA
30/9/2024,2327,Lensme Contact Lenses - Marble -4,2,2100,DMM MO - Dhahran Mall,Lensme,80,Power,Magrabi - KSA
30/9/2024,2327,Lensme Contact Lenses - Marble -4,3,2123,MED MO - Noor Mall,Lensme,120,Power,Magrabi - KSA
30/9/2024,2327,Lensme Contact Lenses - Marble -4,2,2147,MAK MO - Makkah Mall,Lensme,80,Power,Magrabi - KSA
30/9/2024,2327,Lensme Contact Lenses - Marble -4,2,2289,RYD MO - Riyadh Gallery,Lensme,80,Power,Magrabi - KSA
30/9/2024,2327,Lensme Contact Lenses - Marble -4,2,2302,JED MO - Red Sea Mall,Lensme,80,Power,Magrabi - KSA
30/9/2024,2327,Lensme Contact Lenses - Marble -4,1,2304,MO - E.Commerce Saudi,Lensme,40,Power,Magrabi - KSA
30/9/2024,2327,Lensme Contact Lenses - Marble -4,2,2308,TBK MO - Tabuk Park,Lensme,80,Power,Magrabi - KSA
30/9/2024,2327,Lensme Contact Lenses - Marble -4,2,2309,RYD MO - Hamra Mall,Lensme,80,Power,Magrabi - KSA
30/9/2024,2327,Lensme Contact Lenses - Marble -4,2,2318,QSM MO - Imam Bukhari Street,Lensme,80,Power,Magrabi - KSA
30/9/2024,2327,Lensme Contact Lenses - Marble -4,1,2336,TBK MO - Tabuk Boulevard,Lensme,40,Power,Magrabi - KSA
30/9/2024,2327,Lensme Contact Lenses - Marble -4,1,2339,RYD MO - Yasmin Plaza,Lensme,40,Power,Magrabi - KSA
30/9/2024,2327,Lensme Contact Lenses - Marble -4,1,9122,RYD DM - Salam Mall,Lensme,40,Power,Dr.M - KSA
30/9/2024,2328,Lensme Contact Lenses - Marble -4.25,1,2302,JED MO - Red Sea Mall,Lensme,40,Power,Magrabi - KSA
30/9/2024,2328,Lensme Contact Lenses - Marble -4.25,1,2331,TIF MO - The Park Mall,Lensme,40,Power,Magrabi - KSA
30/9/2024,2329,Lensme Contact Lenses - Marble -4.5,1,2027,TIF MO - Shehar Street,Lensme,40,Power,Magrabi - KSA
30/9/2024,2329,Lensme Contact Lenses - Marble -4.5,1,2043,RYD MO - Olaya Street,Lensme,40,Power,Magrabi - KSA
30/9/2024,2329,Lensme Contact Lenses - Marble -4.5,1,2123,MED MO - Noor Mall,Lensme,40,Power,Magrabi - KSA
30/9/2024,2329,Lensme Contact Lenses - Marble -4.5,1,2302,JED MO - Red Sea Mall,Lensme,40,Power,Magrabi - KSA
30/9/2024,2331,Lensme Contact Lenses - Marble -5,1,2027,TIF MO - Shehar Street,Lensme,40,Power,Magrabi - KSA
30/9/2024,2331,Lensme Contact Lenses - Marble -5,2,2123,MED MO - Noor Mall,Lensme,80,Power,Magrabi - KSA
30/9/2024,2331,Lensme Contact Lenses - Marble -5,1,2147,MAK MO - Makkah Mall,Lensme,40,Power,Magrabi - KSA
30/9/2024,2331,Lensme Contact Lenses - Marble -5,2,9111,JED DM - Red Sea Mall,Lensme,80,Power,Dr.M - KSA
30/9/2024,2331,Lensme Contact Lenses - Marble -5,2,9146,TBK DM - Park Mall,Lensme,80,Power,Dr.M - KSA
30/9/2024,2332,Lensme Contact Lenses - Marble -5.25,2,2123,MED MO - Noor Mall,Lensme,80,Power,Magrabi - KSA
30/9/2024,2333,Lensme Contact Lenses - Marble -5.5,1,2030,MED MO - Sultanah Street,Lensme,40,Power,Magrabi - KSA
30/9/2024,2333,Lensme Contact Lenses - Marble -5.5,1,2147,MAK MO - Makkah Mall,Lensme,40,Power,Magrabi - KSA
30/9/2024,2333,Lensme Contact Lenses - Marble -5.5,1,2331,TIF MO - The Park Mall,Lensme,40,Power,Magrabi - KSA
30/9/2024,2335,Lensme Contact Lenses - Marble -6,1,2030,MED MO - Sultanah Street,Lensme,40,Power,Magrabi - KSA
30/9/2024,2335,Lensme Contact Lenses - Marble -6,2,2034,JED MO - Safa Eye Hospital,Lensme,80,Power,Magrabi - KSA
30/9/2024,2335,Lensme Contact Lenses - Marble -6,1,2306,MAK MO - Tassan Plaza,Lensme,40,Power,Magrabi - KSA
30/9/2024,2335,Lensme Contact Lenses - Marble -6,2,2328,RYD MO - King Abdul Aziz,Lensme,80,Power,Magrabi - KSA
30/9/2024,2336,Lensme Contact Lenses - Marble -6.5,1,2306,MAK MO - Tassan Plaza,Lensme,40,Power,Magrabi - KSA
30/9/2024,2337,Lensme Contact Lenses - Marble -7,1,2061,DMM MO - Cornich Boulevard,Lensme,40,Power,Magrabi - KSA
30/9/2024,2338,Lensme Contact Lenses - Marble -7.5,1,2061,DMM MO - Cornich Boulevard,Lensme,40,Power,Magrabi - KSA
30/9/2024,2338,Lensme Contact Lenses - Marble -7.5,1,2289,RYD MO - Riyadh Gallery,Lensme,40,Power,Magrabi - KSA
30/9/2024,2338,Lensme Contact Lenses - Marble -7.5,1,2308,TBK MO - Tabuk Park,Lensme,40,Power,Magrabi - KSA
30/9/2024,2340,Lensme Contact Lenses - Marble -8.5,1,2289,RYD MO - Riyadh Gallery,Lensme,40,Power,Magrabi - KSA
30/9/2024,2340,Lensme Contact Lenses - Marble -8.5,1,2308,TBK MO - Tabuk Park,Lensme,40,Power,Magrabi - KSA
30/9/2024,5097,Lensme Contact Lenses - Mars -0.5,2,2123,MED MO - Noor Mall,Lensme,80,Power,Magrabi - KSA
30/9/2024,5097,Lensme Contact Lenses - Mars -0.5,1,2181,RYD MO - Nakhil Mall,Lensme,40,Power,Magrabi - KSA
30/9/2024,5098,Lensme Contact Lenses - Mars -0.75,1,2181,RYD MO - Nakhil Mall,Lensme,40,Power,Magrabi - KSA
30/9/2024,5099,Lensme Contact Lenses - Mars -1,1,2061,DMM MO - Cornich Boulevard,Lensme,40,Power,Magrabi - KSA
30/9/2024,5099,Lensme Contact Lenses - Mars -1,2,2123,MED MO - Noor Mall,Lensme,80,Power,Magrabi - KSA
30/9/2024,5099,Lensme Contact Lenses - Mars -1,2,2328,RYD MO - King Abdul Aziz,Lensme,80,Power,Magrabi - KSA
30/9/2024,5100,Lensme Contact Lenses - Mars -1.25,1,2030,MED MO - Sultanah Street,Lensme,40,Power,Magrabi - KSA
30/9/2024,5100,Lensme Contact Lenses - Mars -1.25,1,2061,DMM MO - Cornich Boulevard,Lensme,40,Power,Magrabi - KSA
30/9/2024,5100,Lensme Contact Lenses - Mars -1.25,2,2072,HAL MO - Airport Street,Lensme,80,Power,Magrabi - KSA
30/9/2024,5100,Lensme Contact Lenses - Mars -1.25,1,2147,MAK MO - Makkah Mall,Lensme,40,Power,Magrabi - KSA
30/9/2024,5100,Lensme Contact Lenses - Mars -1.25,1,2324,JED MO - Mooj Plaza,Lensme,40,Power,Magrabi - KSA
30/9/2024,5101,Lensme Contact Lenses - Mars -1.5,1,2030,MED MO - Sultanah Street,Lensme,40,Power,Magrabi - KSA
30/9/2024,5101,Lensme Contact Lenses - Mars -1.5,1,2147,MAK MO - Makkah Mall,Lensme,40,Power,Magrabi - KSA
30/9/2024,5101,Lensme Contact Lenses - Mars -1.5,2,2181,RYD MO - Nakhil Mall,Lensme,80,Power,Magrabi - KSA
30/9/2024,5101,Lensme Contact Lenses - Mars -1.5,2,2238,RYD MO - Jarir Plaza,Lensme,80,Power,Magrabi - KSA
30/9/2024,5101,Lensme Contact Lenses - Mars -1.5,1,2324,JED MO - Mooj Plaza,Lensme,40,Power,Magrabi - KSA
30/9/2024,5101,Lensme Contact Lenses - Mars -1.5,1,2334,MAK MO - Azizia Park,Lensme,40,Power,Magrabi - KSA
30/9/2024,5101,Lensme Contact Lenses - Mars -1.5,2,9102,RYD DM - Khalid bin Walid Street,Lensme,80,Power,Dr.M - KSA
30/9/2024,5102,Lensme Contact Lenses - Mars -1.75,2,2027,TIF MO - Shehar Street,Lensme,80,Power,Magrabi - KSA
30/9/2024,5102,Lensme Contact Lenses - Mars -1.75,2,2100,DMM MO - Dhahran Mall,Lensme,80,Power,Magrabi - KSA
30/9/2024,5102,Lensme Contact Lenses - Mars -1.75,4,2181,RYD MO - Nakhil Mall,Lensme,160,Power,Magrabi - KSA
30/9/2024,5102,Lensme Contact Lenses - Mars -1.75,2,2222,RYD MO - Centro Nakhil Plaza,Lensme,80,Power,Magrabi - KSA
30/9/2024,5102,Lensme Contact Lenses - Mars -1.75,1,2237,RYD MO - Uthman bin Affan Road,Lensme,40,Power,Magrabi - KSA
30/9/2024,5102,Lensme Contact Lenses - Mars -1.75,2,9102,RYD DM - Khalid bin Walid Street,Lensme,80,Power,Dr.M - KSA
30/9/2024,5102,Lensme Contact Lenses - Mars -1.75,2,9115,RYD DM - Riyadh Gallery,Lensme,80,Power,Dr.M - KSA
30/9/2024,5102,Lensme Contact Lenses - Mars -1.75,2,9120,RYD DM - Nokhba Center,Lensme,80,Power,Dr.M - KSA
30/9/2024,5120,Lensme Contact Lenses - Mars -2,2,2049,RYD MO - Madinah Road,Lensme,80,Power,Magrabi - KSA
30/9/2024,5120,Lensme Contact Lenses - Mars -2,1,2052,RYD MO - Okbah bin Nafee Road,Lensme,40,Power,Magrabi - KSA
30/9/2024,5120,Lensme Contact Lenses - Mars -2,2,2123,MED MO - Noor Mall,Lensme,80,Power,Magrabi - KSA
30/9/2024,5120,Lensme Contact Lenses - Mars -2,2,2142,JBL MO - Jubail AM Road,Lensme,80,Power,Magrabi - KSA
30/9/2024,5120,Lensme Contact Lenses - Mars -2,2,2181,RYD MO - Nakhil Mall,Lensme,80,Power,Magrabi - KSA
30/9/2024,5120,Lensme Contact Lenses - Mars -2,1,2237,RYD MO - Uthman bin Affan Road,Lensme,40,Power,Magrabi - KSA
30/9/2024,5120,Lensme Contact Lenses - Mars -2,2,2286,RYD MO - Riyadh Park Mall,Lensme,80,Power,Magrabi - KSA
30/9/2024,5120,Lensme Contact Lenses - Mars -2,2,2298,DMM MO - Nakhil Mall,Lensme,80,Power,Magrabi - KSA
30/9/2024,5120,Lensme Contact Lenses - Mars -2,1,2303,JED MO - Magrabi Clinic Murjan,Lensme,40,Power,Magrabi - KSA
30/9/2024,5120,Lensme Contact Lenses - Mars -2,2,2334,MAK MO - Azizia Park,Lensme,80,Power,Magrabi - KSA
30/9/2024,5121,Lensme Contact Lenses - Mars -2.25,1,2052,RYD MO - Okbah bin Nafee Road,Lensme,40,Power,Magrabi - KSA
30/9/2024,5121,Lensme Contact Lenses - Mars -2.25,2,2142,JBL MO - Jubail AM Road,Lensme,80,Power,Magrabi - KSA
30/9/2024,5121,Lensme Contact Lenses - Mars -2.25,2,2238,RYD MO - Jarir Plaza,Lensme,80,Power,Magrabi - KSA
30/9/2024,5121,Lensme Contact Lenses - Mars -2.25,2,2298,DMM MO - Nakhil Mall,Lensme,80,Power,Magrabi - KSA
30/9/2024,5121,Lensme Contact Lenses - Mars -2.25,1,2303,JED MO - Magrabi Clinic Murjan,Lensme,40,Power,Magrabi - KSA
30/9/2024,5121,Lensme Contact Lenses - Mars -2.25,1,2328,RYD MO - King Abdul Aziz,Lensme,40,Power,Magrabi - KSA
30/9/2024,5121,Lensme Contact Lenses - Mars -2.25,2,2332,RYD MO - The View Mall,Lensme,80,Power,Magrabi - KSA
30/9/2024,5121,Lensme Contact Lenses - Mars -2.25,1,9147,DMM DM - DAREEN MALL,Lensme,40,Power,Dr.M - KSA
30/9/2024,5122,Lensme Contact Lenses - Mars -2.5,2,2053,RYD MO - King Abdullah Road,Lensme,80,Power,Magrabi - KSA
30/9/2024,5122,Lensme Contact Lenses - Mars -2.5,2,2222,RYD MO - Centro Nakhil Plaza,Lensme,80,Power,Magrabi - KSA
30/9/2024,5122,Lensme Contact Lenses - Mars -2.5,1,2298,DMM MO - Nakhil Mall,Lensme,40,Power,Magrabi - KSA
30/9/2024,5122,Lensme Contact Lenses - Mars -2.5,2,2303,JED MO - Magrabi Clinic Murjan,Lensme,80,Power,Magrabi - KSA
30/9/2024,5122,Lensme Contact Lenses - Mars -2.5,1,2304,MO - E.Commerce Saudi,Lensme,40,Power,Magrabi - KSA
30/9/2024,5122,Lensme Contact Lenses - Mars -2.5,2,2308,TBK MO - Tabuk Park,Lensme,80,Power,Magrabi - KSA
30/9/2024,5122,Lensme Contact Lenses - Mars -2.5,1,2334,MAK MO - Azizia Park,Lensme,40,Power,Magrabi - KSA
30/9/2024,5122,Lensme Contact Lenses - Mars -2.5,1,2336,TBK MO - Tabuk Boulevard,Lensme,40,Power,Magrabi - KSA
30/9/2024,5122,Lensme Contact Lenses - Mars -2.5,1,9147,DMM DM - DAREEN MALL,Lensme,40,Power,Dr.M - KSA
30/9/2024,5123,Lensme Contact Lenses - Mars -2.75,2,2069,QTF MO - Qouds Street,Lensme,80,Power,Magrabi - KSA
30/9/2024,5123,Lensme Contact Lenses - Mars -2.75,1,2298,DMM MO - Nakhil Mall,Lensme,40,Power,Magrabi - KSA
30/9/2024,5123,Lensme Contact Lenses - Mars -2.75,1,2334,MAK MO - Azizia Park,Lensme,40,Power,Magrabi - KSA
30/9/2024,5123,Lensme Contact Lenses - Mars -2.75,1,2336,TBK MO - Tabuk Boulevard,Lensme,40,Power,Magrabi - KSA
30/9/2024,5123,Lensme Contact Lenses - Mars -2.75,2,9105,RYD DM - Aisha Plaza,Lensme,80,Power,Dr.M - KSA
30/9/2024,5123,Lensme Contact Lenses - Mars -2.75,2,9141,RYD DM - Ghadeer Square,Lensme,80,Power,Dr.M - KSA
30/9/2024,5124,Lensme Contact Lenses - Mars -3,2,2289,RYD MO - Riyadh Gallery,Lensme,80,Power,Magrabi - KSA
30/9/2024,5124,Lensme Contact Lenses - Mars -3,1,2304,MO - E.Commerce Saudi,Lensme,40,Power,Magrabi - KSA
30/9/2024,5124,Lensme Contact Lenses - Mars -3,2,2328,RYD MO - King Abdul Aziz,Lensme,80,Power,Magrabi - KSA
30/9/2024,5124,Lensme Contact Lenses - Mars -3,1,2334,MAK MO - Azizia Park,Lensme,40,Power,Magrabi - KSA
30/9/2024,5124,Lensme Contact Lenses - Mars -3,1,9102,RYD DM - Khalid bin Walid Street,Lensme,40,Power,Dr.M - KSA
30/9/2024,5124,Lensme Contact Lenses - Mars -3,2,9135,DMM DM - Bohaira Plaza,Lensme,80,Power,Dr.M - KSA
30/9/2024,5125,Lensme Contact Lenses - Mars -3.25,2,2053,RYD MO - King Abdullah Road,Lensme,80,Power,Magrabi - KSA
30/9/2024,5125,Lensme Contact Lenses - Mars -3.25,1,2287,RYD MO - Magrabi Clinic Exit-14,Lensme,40,Power,Magrabi - KSA
30/9/2024,5125,Lensme Contact Lenses - Mars -3.25,2,2318,QSM MO - Imam Bukhari Street,Lensme,80,Power,Magrabi - KSA
30/9/2024,5125,Lensme Contact Lenses - Mars -3.25,1,2323,JED MO - The Village Mall,Lensme,40,Power,Magrabi - KSA
30/9/2024,5126,Lensme Contact Lenses - Mars -3.5,2,2082,RYD MO - Hayat Mall,Lensme,80,Power,Magrabi - KSA
30/9/2024,5126,Lensme Contact Lenses - Mars -3.5,1,2147,MAK MO - Makkah Mall,Lensme,40,Power,Magrabi - KSA
30/9/2024,5126,Lensme Contact Lenses - Mars -3.5,1,2181,RYD MO - Nakhil Mall,Lensme,40,Power,Magrabi - KSA
30/9/2024,5126,Lensme Contact Lenses - Mars -3.5,1,2287,RYD MO - Magrabi Clinic Exit-14,Lensme,40,Power,Magrabi - KSA
30/9/2024,5126,Lensme Contact Lenses - Mars -3.5,2,2318,QSM MO - Imam Bukhari Street,Lensme,80,Power,Magrabi - KSA
30/9/2024,5126,Lensme Contact Lenses - Mars -3.5,2,9141,RYD DM - Ghadeer Square,Lensme,80,Power,Dr.M - KSA
30/9/2024,5127,Lensme Contact Lenses - Mars -3.75,1,2147,MAK MO - Makkah Mall,Lensme,40,Power,Magrabi - KSA
30/9/2024,5127,Lensme Contact Lenses - Mars -3.75,1,2323,JED MO - The Village Mall,Lensme,40,Power,Magrabi - KSA
30/9/2024,5127,Lensme Contact Lenses - Mars -3.75,1,9102,RYD DM - Khalid bin Walid Street,Lensme,40,Power,Dr.M - KSA
30/9/2024,5128,Lensme Contact Lenses - Mars -4,2,2147,MAK MO - Makkah Mall,Lensme,80,Power,Magrabi - KSA
30/9/2024,5128,Lensme Contact Lenses - Mars -4,2,2289,RYD MO - Riyadh Gallery,Lensme,80,Power,Magrabi - KSA
30/9/2024,5128,Lensme Contact Lenses - Mars -4,2,9155,TIF DM - Jouri Mall,Lensme,80,Power,Dr.M - KSA
30/9/2024,5130,Lensme Contact Lenses - Mars -4.5,1,2181,RYD MO - Nakhil Mall,Lensme,40,Power,Magrabi - KSA
30/9/2024,5137,Lensme Contact Lenses - Mars -6.5,1,2147,MAK MO - Makkah Mall,Lensme,40,Power,Magrabi - KSA
30/9/2024,5139,Lensme Contact Lenses - Mars -7.5,1,2147,MAK MO - Makkah Mall,Lensme,40,Power,Magrabi - KSA
30/9/2024,1942,Lensme Contact Lenses - Mist +1.5,2,2317,JED MO - Jeddah Park,Lensme,80,Power,Magrabi - KSA
30/9/2024,1943,Lensme Contact Lenses - Mist +2,1,2147,MAK MO - Makkah Mall,Lensme,40,Power,Magrabi - KSA
30/9/2024,1944,Lensme Contact Lenses - Mist +2.5,1,2147,MAK MO - Makkah Mall,Lensme,40,Power,Magrabi - KSA
30/9/2024,1944,Lensme Contact Lenses - Mist +2.5,2,2328,RYD MO - King Abdul Aziz,Lensme,80,Power,Magrabi - KSA
30/9/2024,1893,Lensme Contact Lenses - Mist -0.5,2,2095,JED MO - Salama Plaza,Lensme,80,Power,Magrabi - KSA
30/9/2024,1893,Lensme Contact Lenses - Mist -0.5,1,2298,DMM MO - Nakhil Mall,Lensme,40,Power,Magrabi - KSA
30/9/2024,1894,Lensme Contact Lenses - Mist -0.75,2,2027,TIF MO - Shehar Street,Lensme,80,Power,Magrabi - KSA
30/9/2024,1894,Lensme Contact Lenses - Mist -0.75,2,2033,JED MO - Madinah Road,Lensme,80,Power,Magrabi - KSA
30/9/2024,1894,Lensme Contact Lenses - Mist -0.75,1,2298,DMM MO - Nakhil Mall,Lensme,40,Power,Magrabi - KSA
30/9/2024,1896,Lensme Contact Lenses - Mist -1.25,2,2304,MO - E.Commerce Saudi,Lensme,80,Power,Magrabi - KSA
30/9/2024,1897,Lensme Contact Lenses - Mist -1.5,2,2053,RYD MO - King Abdullah Road,Lensme,80,Power,Magrabi - KSA
30/9/2024,1897,Lensme Contact Lenses - Mist -1.5,2,2147,MAK MO - Makkah Mall,Lensme,80,Power,Magrabi - KSA
30/9/2024,1898,Lensme Contact Lenses - Mist -1.75,2,2067,AHS MO - Elwan Plaza,Lensme,80,Power,Magrabi - KSA
30/9/2024,1898,Lensme Contact Lenses - Mist -1.75,4,2142,JBL MO - Jubail AM Road,Lensme,160,Power,Magrabi - KSA
30/9/2024,1898,Lensme Contact Lenses - Mist -1.75,1,2334,MAK MO - Azizia Park,Lensme,40,Power,Magrabi - KSA
30/9/2024,1898,Lensme Contact Lenses - Mist -1.75,1,9111,JED DM - Red Sea Mall,Lensme,40,Power,Dr.M - KSA
30/9/2024,1899,Lensme Contact Lenses - Mist -2,2,2147,MAK MO - Makkah Mall,Lensme,80,Power,Magrabi - KSA
30/9/2024,1899,Lensme Contact Lenses - Mist -2,4,2302,JED MO - Red Sea Mall,Lensme,160,Power,Magrabi - KSA
30/9/2024,1899,Lensme Contact Lenses - Mist -2,2,2304,MO - E.Commerce Saudi,Lensme,80,Power,Magrabi - KSA
30/9/2024,1900,Lensme Contact Lenses - Mist -2.25,1,2147,MAK MO - Makkah Mall,Lensme,40,Power,Magrabi - KSA
30/9/2024,1900,Lensme Contact Lenses - Mist -2.25,1,9111,JED DM - Red Sea Mall,Lensme,40,Power,Dr.M - KSA
30/9/2024,1900,Lensme Contact Lenses - Mist -2.25,1,9124,DR.M - E.Commerce,Lensme,40,Power,Dr.M - KSA
30/9/2024,1901,Lensme Contact Lenses - Mist -2.5,2,2147,MAK MO - Makkah Mall,Lensme,80,Power,Magrabi - KSA
30/9/2024,1901,Lensme Contact Lenses - Mist -2.5,2,2298,DMM MO - Nakhil Mall,Lensme,80,Power,Magrabi - KSA
30/9/2024,1901,Lensme Contact Lenses - Mist -2.5,2,2302,JED MO - Red Sea Mall,Lensme,80,Power,Magrabi - KSA
30/9/2024,1901,Lensme Contact Lenses - Mist -2.5,1,2334,MAK MO - Azizia Park,Lensme,40,Power,Magrabi - KSA
30/9/2024,1903,Lensme Contact Lenses - Mist -3,1,2147,MAK MO - Makkah Mall,Lensme,40,Power,Magrabi - KSA
30/9/2024,1903,Lensme Contact Lenses - Mist -3,2,2304,MO - E.Commerce Saudi,Lensme,80,Power,Magrabi - KSA
30/9/2024,1903,Lensme Contact Lenses - Mist -3,2,2328,RYD MO - King Abdul Aziz,Lensme,80,Power,Magrabi - KSA
30/9/2024,1903,Lensme Contact Lenses - Mist -3,1,9124,DR.M - E.Commerce,Lensme,40,Power,Dr.M - KSA
30/9/2024,1905,Lensme Contact Lenses - Mist -3.5,1,2308,TBK MO - Tabuk Park,Lensme,40,Power,Magrabi - KSA
30/9/2024,1906,Lensme Contact Lenses - Mist -3.75,1,2308,TBK MO - Tabuk Park,Lensme,40,Power,Magrabi - KSA
30/9/2024,1907,Lensme Contact Lenses - Mist -4,2,2069,QTF MO - Qouds Street,Lensme,80,Power,Magrabi - KSA
30/9/2024,1907,Lensme Contact Lenses - Mist -4,2,2303,JED MO - Magrabi Clinic Murjan,Lensme,80,Power,Magrabi - KSA
30/9/2024,1907,Lensme Contact Lenses - Mist -4,2,2304,MO - E.Commerce Saudi,Lensme,80,Power,Magrabi - KSA
30/9/2024,1908,Lensme Contact Lenses - Mist -4.25,1,2034,JED MO - Safa Eye Hospital,Lensme,40,Power,Magrabi - KSA
30/9/2024,1908,Lensme Contact Lenses - Mist -4.25,1,2192,RYD MO - Telal Plaza,Lensme,40,Power,Magrabi - KSA
30/9/2024,1909,Lensme Contact Lenses - Mist -4.5,1,2034,JED MO - Safa Eye Hospital,Lensme,40,Power,Magrabi - KSA
30/9/2024,1909,Lensme Contact Lenses - Mist -4.5,1,2192,RYD MO - Telal Plaza,Lensme,40,Power,Magrabi - KSA
30/9/2024,1911,Lensme Contact Lenses - Mist -5,2,2069,QTF MO - Qouds Street,Lensme,80,Power,Magrabi - KSA
30/9/2024,1914,Lensme Contact Lenses - Mist -5.75,2,2147,MAK MO - Makkah Mall,Lensme,80,Power,Magrabi - KSA
30/9/2024,1916,Lensme Contact Lenses - Mist -6.5,1,9148,JED DM - Prince Sultan Street,Lensme,40,Power,Dr.M - KSA
30/9/2024,1918,Lensme Contact Lenses - Mist -7.5,2,2318,QSM MO - Imam Bukhari Street,Lensme,80,Power,Magrabi - KSA
30/9/2024,1640,Lensme Contact Lenses - Olivine +0.5,1,2342,JED MO - Tahlia Street,Lensme,40,Power,Magrabi - KSA
30/9/2024,1641,Lensme Contact Lenses - Olivine +1,1,2147,MAK MO - Makkah Mall,Lensme,40,Power,Magrabi - KSA
30/9/2024,1641,Lensme Contact Lenses - Olivine +1,1,2342,JED MO - Tahlia Street,Lensme,40,Power,Magrabi - KSA
30/9/2024,1642,Lensme Contact Lenses - Olivine +1.5,1,2142,JBL MO - Jubail AM Road,Lensme,40,Power,Magrabi - KSA
30/9/2024,1642,Lensme Contact Lenses - Olivine +1.5,2,2147,MAK MO - Makkah Mall,Lensme,80,Power,Magrabi - KSA
30/9/2024,1642,Lensme Contact Lenses - Olivine +1.5,2,2248,DMM MO - Shatea Plaza,Lensme,80,Power,Magrabi - KSA
30/9/2024,1643,Lensme Contact Lenses - Olivine +2,1,2142,JBL MO - Jubail AM Road,Lensme,40,Power,Magrabi - KSA
30/9/2024,1643,Lensme Contact Lenses - Olivine +2,1,2147,MAK MO - Makkah Mall,Lensme,40,Power,Magrabi - KSA
30/9/2024,1644,Lensme Contact Lenses - Olivine +2.5,4,2147,MAK MO - Makkah Mall,Lensme,160,Power,Magrabi - KSA
30/9/2024,1644,Lensme Contact Lenses - Olivine +2.5,2,9148,JED DM - Prince Sultan Street,Lensme,80,Power,Dr.M - KSA
30/9/2024,1646,Lensme Contact Lenses - Olivine +3.5,2,2147,MAK MO - Makkah Mall,Lensme,80,Power,Magrabi - KSA
30/9/2024,1649,Lensme Contact Lenses - Olivine +5,2,2138,RYD MO - Panorama Mall,Lensme,80,Power,Magrabi - KSA
30/9/2024,1593,Lensme Contact Lenses - Olivine -0.5,2,2320,MAK MO - Dan Plaza,Lensme,80,Power,Magrabi - KSA
30/9/2024,1594,Lensme Contact Lenses - Olivine -0.75,2,2038,JED MO - Sari Street,Lensme,80,Power,Magrabi - KSA
30/9/2024,1594,Lensme Contact Lenses - Olivine -0.75,2,2147,MAK MO - Makkah Mall,Lensme,80,Power,Magrabi - KSA
30/9/2024,1595,Lensme Contact Lenses - Olivine -1,2,2030,MED MO - Sultanah Street,Lensme,80,Power,Magrabi - KSA
30/9/2024,1595,Lensme Contact Lenses - Olivine -1,1,2123,MED MO - Noor Mall,Lensme,40,Power,Magrabi - KSA
30/9/2024,1595,Lensme Contact Lenses - Olivine -1,1,2147,MAK MO - Makkah Mall,Lensme,40,Power,Magrabi - KSA
30/9/2024,1595,Lensme Contact Lenses - Olivine -1,2,2192,RYD MO - Telal Plaza,Lensme,80,Power,Magrabi - KSA
30/9/2024,1595,Lensme Contact Lenses - Olivine -1,1,2302,JED MO - Red Sea Mall,Lensme,40,Power,Magrabi - KSA
30/9/2024,1595,Lensme Contact Lenses - Olivine -1,2,9142,AHS DM - Baha Mall,Lensme,80,Power,Dr.M - KSA
30/9/2024,1596,Lensme Contact Lenses - Olivine -1.25,1,2038,JED MO - Sari Street,Lensme,40,Power,Magrabi - KSA
30/9/2024,1596,Lensme Contact Lenses - Olivine -1.25,1,2123,MED MO - Noor Mall,Lensme,40,Power,Magrabi - KSA
30/9/2024,1596,Lensme Contact Lenses - Olivine -1.25,1,2147,MAK MO - Makkah Mall,Lensme,40,Power,Magrabi - KSA
30/9/2024,1596,Lensme Contact Lenses - Olivine -1.25,3,2181,RYD MO - Nakhil Mall,Lensme,120,Power,Magrabi - KSA
30/9/2024,1596,Lensme Contact Lenses - Olivine -1.25,2,2199,RYD MO - Nakhla Plaza,Lensme,80,Power,Magrabi - KSA
30/9/2024,1596,Lensme Contact Lenses - Olivine -1.25,1,2302,JED MO - Red Sea Mall,Lensme,40,Power,Magrabi - KSA
30/9/2024,1596,Lensme Contact Lenses - Olivine -1.25,2,2304,MO - E.Commerce Saudi,Lensme,80,Power,Magrabi - KSA
30/9/2024,1596,Lensme Contact Lenses - Olivine -1.25,2,9153,MED DM - Magrabi Center Mouwasat,Lensme,80,Power,Dr.M - KSA
30/9/2024,1597,Lensme Contact Lenses - Olivine -1.5,3,2038,JED MO - Sari Street,Lensme,120,Power,Magrabi - KSA
30/9/2024,1597,Lensme Contact Lenses - Olivine -1.5,1,2147,MAK MO - Makkah Mall,Lensme,40,Power,Magrabi - KSA
30/9/2024,1597,Lensme Contact Lenses - Olivine -1.5,1,2181,RYD MO - Nakhil Mall,Lensme,40,Power,Magrabi - KSA
30/9/2024,1597,Lensme Contact Lenses - Olivine -1.5,1,2248,DMM MO - Shatea Plaza,Lensme,40,Power,Magrabi - KSA
30/9/2024,1598,Lensme Contact Lenses - Olivine -1.75,1,2053,RYD MO - King Abdullah Road,Lensme,40,Power,Magrabi - KSA
30/9/2024,1598,Lensme Contact Lenses - Olivine -1.75,1,2070,JBL MO - King Abdul Aziz,Lensme,40,Power,Magrabi - KSA
30/9/2024,1598,Lensme Contact Lenses - Olivine -1.75,2,2123,MED MO - Noor Mall,Lensme,80,Power,Magrabi - KSA
30/9/2024,1598,Lensme Contact Lenses - Olivine -1.75,2,2165,RYD MO - Hetteen Plaza,Lensme,80,Power,Magrabi - KSA
30/9/2024,1598,Lensme Contact Lenses - Olivine -1.75,1,2248,DMM MO - Shatea Plaza,Lensme,40,Power,Magrabi - KSA
30/9/2024,1599,Lensme Contact Lenses - Olivine -2,1,2070,JBL MO - King Abdul Aziz,Lensme,40,Power,Magrabi - KSA
30/9/2024,1599,Lensme Contact Lenses - Olivine -2,2,2095,JED MO - Salama Plaza,Lensme,80,Power,Magrabi - KSA
30/9/2024,1599,Lensme Contact Lenses - Olivine -2,4,2147,MAK MO - Makkah Mall,Lensme,160,Power,Magrabi - KSA
30/9/2024,1599,Lensme Contact Lenses - Olivine -2,1,2302,JED MO - Red Sea Mall,Lensme,40,Power,Magrabi - KSA
30/9/2024,1599,Lensme Contact Lenses - Olivine -2,2,2320,MAK MO - Dan Plaza,Lensme,80,Power,Magrabi - KSA
30/9/2024,1600,Lensme Contact Lenses - Olivine -2.25,2,2138,RYD MO - Panorama Mall,Lensme,80,Power,Magrabi - KSA
30/9/2024,1600,Lensme Contact Lenses - Olivine -2.25,2,2147,MAK MO - Makkah Mall,Lensme,80,Power,Magrabi - KSA
30/9/2024,1600,Lensme Contact Lenses - Olivine -2.25,1,2181,RYD MO - Nakhil Mall,Lensme,40,Power,Magrabi - KSA
30/9/2024,1600,Lensme Contact Lenses - Olivine -2.25,1,2302,JED MO - Red Sea Mall,Lensme,40,Power,Magrabi - KSA
30/9/2024,1601,Lensme Contact Lenses - Olivine -2.5,1,2038,JED MO - Sari Street,Lensme,40,Power,Magrabi - KSA
30/9/2024,1601,Lensme Contact Lenses - Olivine -2.5,2,2298,DMM MO - Nakhil Mall,Lensme,80,Power,Magrabi - KSA
30/9/2024,1601,Lensme Contact Lenses - Olivine -2.5,1,2304,MO - E.Commerce Saudi,Lensme,40,Power,Magrabi - KSA
30/9/2024,1601,Lensme Contact Lenses - Olivine -2.5,2,2339,RYD MO - Yasmin Plaza,Lensme,80,Power,Magrabi - KSA
30/9/2024,1602,Lensme Contact Lenses - Olivine -2.75,1,2095,JED MO - Salama Plaza,Lensme,40,Power,Magrabi - KSA
30/9/2024,1602,Lensme Contact Lenses - Olivine -2.75,2,2298,DMM MO - Nakhil Mall,Lensme,80,Power,Magrabi - KSA
30/9/2024,1603,Lensme Contact Lenses - Olivine -3,1,2034,JED MO - Safa Eye Hospital,Lensme,40,Power,Magrabi - KSA
30/9/2024,1603,Lensme Contact Lenses - Olivine -3,1,2287,RYD MO - Magrabi Clinic Exit-14,Lensme,40,Power,Magrabi - KSA
30/9/2024,1603,Lensme Contact Lenses - Olivine -3,1,2304,MO - E.Commerce Saudi,Lensme,40,Power,Magrabi - KSA
30/9/2024,1604,Lensme Contact Lenses - Olivine -3.25,1,2095,JED MO - Salama Plaza,Lensme,40,Power,Magrabi - KSA
30/9/2024,1604,Lensme Contact Lenses - Olivine -3.25,1,2147,MAK MO - Makkah Mall,Lensme,40,Power,Magrabi - KSA
30/9/2024,1604,Lensme Contact Lenses - Olivine -3.25,1,2181,RYD MO - Nakhil Mall,Lensme,40,Power,Magrabi - KSA
30/9/2024,1605,Lensme Contact Lenses - Olivine -3.5,1,2034,JED MO - Safa Eye Hospital,Lensme,40,Power,Magrabi - KSA
30/9/2024,1605,Lensme Contact Lenses - Olivine -3.5,1,2038,JED MO - Sari Street,Lensme,40,Power,Magrabi - KSA
30/9/2024,1605,Lensme Contact Lenses - Olivine -3.5,1,2287,RYD MO - Magrabi Clinic Exit-14,Lensme,40,Power,Magrabi - KSA
30/9/2024,1605,Lensme Contact Lenses - Olivine -3.5,1,2304,MO - E.Commerce Saudi,Lensme,40,Power,Magrabi - KSA
30/9/2024,1605,Lensme Contact Lenses - Olivine -3.5,2,2320,MAK MO - Dan Plaza,Lensme,80,Power,Magrabi - KSA
30/9/2024,1606,Lensme Contact Lenses - Olivine -3.75,2,2100,DMM MO - Dhahran Mall,Lensme,80,Power,Magrabi - KSA
30/9/2024,1606,Lensme Contact Lenses - Olivine -3.75,2,2123,MED MO - Noor Mall,Lensme,80,Power,Magrabi - KSA
30/9/2024,1607,Lensme Contact Lenses - Olivine -4,1,2027,TIF MO - Shehar Street,Lensme,40,Power,Magrabi - KSA
30/9/2024,1607,Lensme Contact Lenses - Olivine -4,2,2034,JED MO - Safa Eye Hospital,Lensme,80,Power,Magrabi - KSA
30/9/2024,1607,Lensme Contact Lenses - Olivine -4,2,2052,RYD MO - Okbah bin Nafee Road,Lensme,80,Power,Magrabi - KSA
30/9/2024,1607,Lensme Contact Lenses - Olivine -4,2,2147,MAK MO - Makkah Mall,Lensme,80,Power,Magrabi - KSA
30/9/2024,1607,Lensme Contact Lenses - Olivine -4,2,2177,DMM MO - Faisaliyah Plaza,Lensme,80,Power,Magrabi - KSA
30/9/2024,1607,Lensme Contact Lenses - Olivine -4,2,2302,JED MO - Red Sea Mall,Lensme,80,Power,Magrabi - KSA
30/9/2024,1607,Lensme Contact Lenses - Olivine -4,2,2303,JED MO - Magrabi Clinic Murjan,Lensme,80,Power,Magrabi - KSA
30/9/2024,1607,Lensme Contact Lenses - Olivine -4,2,2324,JED MO - Mooj Plaza,Lensme,80,Power,Magrabi - KSA
30/9/2024,1608,Lensme Contact Lenses - Olivine -4.25,1,2027,TIF MO - Shehar Street,Lensme,40,Power,Magrabi - KSA
30/9/2024,1608,Lensme Contact Lenses - Olivine -4.25,1,2199,RYD MO - Nakhla Plaza,Lensme,40,Power,Magrabi - KSA
30/9/2024,1609,Lensme Contact Lenses - Olivine -4.5,1,2053,RYD MO - King Abdullah Road,Lensme,40,Power,Magrabi - KSA
30/9/2024,1611,Lensme Contact Lenses - Olivine -5,4,2061,DMM MO - Cornich Boulevard,Lensme,160,Power,Magrabi - KSA
30/9/2024,1611,Lensme Contact Lenses - Olivine -5,2,2242,RYD MO - Khalid bin Walid Street,Lensme,80,Power,Magrabi - KSA
30/9/2024,1614,Lensme Contact Lenses - Olivine -5.75,1,2199,RYD MO - Nakhla Plaza,Lensme,40,Power,Magrabi - KSA
30/9/2024,1617,Lensme Contact Lenses - Olivine -7,1,2067,AHS MO - Elwan Plaza,Lensme,40,Power,Magrabi - KSA
30/9/2024,1621,Lensme Contact Lenses - Olivine -9,1,2067,AHS MO - Elwan Plaza,Lensme,40,Power,Magrabi - KSA
30/9/2024,5225,Lensme Contact Lenses - Petroleum +0.5,1,2033,JED MO - Madinah Road,Lensme,40,Power,Magrabi - KSA
30/9/2024,5226,Lensme Contact Lenses - Petroleum +1,1,2033,JED MO - Madinah Road,Lensme,40,Power,Magrabi - KSA
30/9/2024,5226,Lensme Contact Lenses - Petroleum +1,1,2034,JED MO - Safa Eye Hospital,Lensme,40,Power,Magrabi - KSA
30/9/2024,5228,Lensme Contact Lenses - Petroleum +2,1,2034,JED MO - Safa Eye Hospital,Lensme,40,Power,Magrabi - KSA
30/9/2024,5230,Lensme Contact Lenses - Petroleum +3,1,2247,YNB MO - Dana Mall,Lensme,40,Power,Magrabi - KSA
30/9/2024,5231,Lensme Contact Lenses - Petroleum +3.5,1,2247,YNB MO - Dana Mall,Lensme,40,Power,Magrabi - KSA
30/9/2024,5231,Lensme Contact Lenses - Petroleum +3.5,1,2328,RYD MO - King Abdul Aziz,Lensme,40,Power,Magrabi - KSA
30/9/2024,5232,Lensme Contact Lenses - Petroleum +4,1,2328,RYD MO - King Abdul Aziz,Lensme,40,Power,Magrabi - KSA
30/9/2024,5237,Lensme Contact Lenses - Petroleum -0.5,2,2027,TIF MO - Shehar Street,Lensme,80,Power,Magrabi - KSA
30/9/2024,5238,Lensme Contact Lenses - Petroleum -0.75,2,2147,MAK MO - Makkah Mall,Lensme,80,Power,Magrabi - KSA
30/9/2024,5238,Lensme Contact Lenses - Petroleum -0.75,1,2199,RYD MO - Nakhla Plaza,Lensme,40,Power,Magrabi - KSA
30/9/2024,5239,Lensme Contact Lenses - Petroleum -1,1,2061,DMM MO - Cornich Boulevard,Lensme,40,Power,Magrabi - KSA
30/9/2024,5239,Lensme Contact Lenses - Petroleum -1,1,2199,RYD MO - Nakhla Plaza,Lensme,40,Power,Magrabi - KSA
30/9/2024,5239,Lensme Contact Lenses - Petroleum -1,1,2298,DMM MO - Nakhil Mall,Lensme,40,Power,Magrabi - KSA
30/9/2024,5239,Lensme Contact Lenses - Petroleum -1,2,2302,JED MO - Red Sea Mall,Lensme,80,Power,Magrabi - KSA
30/9/2024,5239,Lensme Contact Lenses - Petroleum -1,1,2308,TBK MO - Tabuk Park,Lensme,40,Power,Magrabi - KSA
30/9/2024,5240,Lensme Contact Lenses - Petroleum -1.25,1,2030,MED MO - Sultanah Street,Lensme,40,Power,Magrabi - KSA
30/9/2024,5240,Lensme Contact Lenses - Petroleum -1.25,1,2061,DMM MO - Cornich Boulevard,Lensme,40,Power,Magrabi - KSA
30/9/2024,5240,Lensme Contact Lenses - Petroleum -1.25,2,2147,MAK MO - Makkah Mall,Lensme,80,Power,Magrabi - KSA
30/9/2024,5240,Lensme Contact Lenses - Petroleum -1.25,2,2198,ASR MO - Bin Galala Plaza,Lensme,80,Power,Magrabi - KSA
30/9/2024,5240,Lensme Contact Lenses - Petroleum -1.25,2,2238,RYD MO - Jarir Plaza,Lensme,80,Power,Magrabi - KSA
30/9/2024,5240,Lensme Contact Lenses - Petroleum -1.25,2,2302,JED MO - Red Sea Mall,Lensme,80,Power,Magrabi - KSA
30/9/2024,5240,Lensme Contact Lenses - Petroleum -1.25,2,2345,DMM MO - Khaleej Street,Lensme,80,Power,Magrabi - KSA
30/9/2024,5241,Lensme Contact Lenses - Petroleum -1.5,1,2030,MED MO - Sultanah Street,Lensme,40,Power,Magrabi - KSA
30/9/2024,5241,Lensme Contact Lenses - Petroleum -1.5,2,2038,JED MO - Sari Street,Lensme,80,Power,Magrabi - KSA
30/9/2024,5241,Lensme Contact Lenses - Petroleum -1.5,3,2147,MAK MO - Makkah Mall,Lensme,120,Power,Magrabi - KSA
30/9/2024,5241,Lensme Contact Lenses - Petroleum -1.5,2,2181,RYD MO - Nakhil Mall,Lensme,80,Power,Magrabi - KSA
30/9/2024,5241,Lensme Contact Lenses - Petroleum -1.5,1,2222,RYD MO - Centro Nakhil Plaza,Lensme,40,Power,Magrabi - KSA
30/9/2024,5241,Lensme Contact Lenses - Petroleum -1.5,1,2298,DMM MO - Nakhil Mall,Lensme,40,Power,Magrabi - KSA
30/9/2024,5241,Lensme Contact Lenses - Petroleum -1.5,4,2304,MO - E.Commerce Saudi,Lensme,160,Power,Magrabi - KSA
30/9/2024,5241,Lensme Contact Lenses - Petroleum -1.5,1,2324,JED MO - Mooj Plaza,Lensme,40,Power,Magrabi - KSA
30/9/2024,5241,Lensme Contact Lenses - Petroleum -1.5,2,2330,JED MO - U Walk Mall,Lensme,80,Power,Magrabi - KSA
30/9/2024,5242,Lensme Contact Lenses - Petroleum -1.75,1,2067,AHS MO - Elwan Plaza,Lensme,40,Power,Magrabi - KSA
30/9/2024,5242,Lensme Contact Lenses - Petroleum -1.75,2,2100,DMM MO - Dhahran Mall,Lensme,80,Power,Magrabi - KSA
30/9/2024,5242,Lensme Contact Lenses - Petroleum -1.75,4,2123,MED MO - Noor Mall,Lensme,160,Power,Magrabi - KSA
30/9/2024,5242,Lensme Contact Lenses - Petroleum -1.75,1,2138,RYD MO - Panorama Mall,Lensme,40,Power,Magrabi - KSA
30/9/2024,5242,Lensme Contact Lenses - Petroleum -1.75,1,2302,JED MO - Red Sea Mall,Lensme,40,Power,Magrabi - KSA
30/9/2024,5242,Lensme Contact Lenses - Petroleum -1.75,1,2324,JED MO - Mooj Plaza,Lensme,40,Power,Magrabi - KSA
30/9/2024,5260,Lensme Contact Lenses - Petroleum -2,1,2033,JED MO - Madinah Road,Lensme,40,Power,Magrabi - KSA
30/9/2024,5260,Lensme Contact Lenses - Petroleum -2,1,2067,AHS MO - Elwan Plaza,Lensme,40,Power,Magrabi - KSA
30/9/2024,5260,Lensme Contact Lenses - Petroleum -2,2,2123,MED MO - Noor Mall,Lensme,80,Power,Magrabi - KSA
30/9/2024,5260,Lensme Contact Lenses - Petroleum -2,1,2138,RYD MO - Panorama Mall,Lensme,40,Power,Magrabi - KSA
30/9/2024,5260,Lensme Contact Lenses - Petroleum -2,1,2222,RYD MO - Centro Nakhil Plaza,Lensme,40,Power,Magrabi - KSA
30/9/2024,5260,Lensme Contact Lenses - Petroleum -2,2,2237,RYD MO - Uthman bin Affan Road,Lensme,80,Power,Magrabi - KSA
30/9/2024,5260,Lensme Contact Lenses - Petroleum -2,2,2320,MAK MO - Dan Plaza,Lensme,80,Power,Magrabi - KSA
30/9/2024,5260,Lensme Contact Lenses - Petroleum -2,2,9136,DMM DM - Shatea Square,Lensme,80,Power,Dr.M - KSA
30/9/2024,5261,Lensme Contact Lenses - Petroleum -2.25,2,2052,RYD MO - Okbah bin Nafee Road,Lensme,80,Power,Magrabi - KSA
30/9/2024,5261,Lensme Contact Lenses - Petroleum -2.25,2,2067,AHS MO - Elwan Plaza,Lensme,80,Power,Magrabi - KSA
30/9/2024,5261,Lensme Contact Lenses - Petroleum -2.25,3,2100,DMM MO - Dhahran Mall,Lensme,120,Power,Magrabi - KSA
30/9/2024,5261,Lensme Contact Lenses - Petroleum -2.25,3,2123,MED MO - Noor Mall,Lensme,120,Power,Magrabi - KSA
30/9/2024,5261,Lensme Contact Lenses - Petroleum -2.25,1,2147,MAK MO - Makkah Mall,Lensme,40,Power,Magrabi - KSA
30/9/2024,5261,Lensme Contact Lenses - Petroleum -2.25,1,2302,JED MO - Red Sea Mall,Lensme,40,Power,Magrabi - KSA
30/9/2024,5261,Lensme Contact Lenses - Petroleum -2.25,2,2308,TBK MO - Tabuk Park,Lensme,80,Power,Magrabi - KSA
30/9/2024,5262,Lensme Contact Lenses - Petroleum -2.5,1,2033,JED MO - Madinah Road,Lensme,40,Power,Magrabi - KSA
30/9/2024,5262,Lensme Contact Lenses - Petroleum -2.5,2,2067,AHS MO - Elwan Plaza,Lensme,80,Power,Magrabi - KSA
30/9/2024,5262,Lensme Contact Lenses - Petroleum -2.5,1,2100,DMM MO - Dhahran Mall,Lensme,40,Power,Magrabi - KSA
30/9/2024,5262,Lensme Contact Lenses - Petroleum -2.5,1,2123,MED MO - Noor Mall,Lensme,40,Power,Magrabi - KSA
30/9/2024,5262,Lensme Contact Lenses - Petroleum -2.5,1,2147,MAK MO - Makkah Mall,Lensme,40,Power,Magrabi - KSA
30/9/2024,5262,Lensme Contact Lenses - Petroleum -2.5,1,2199,RYD MO - Nakhla Plaza,Lensme,40,Power,Magrabi - KSA
30/9/2024,5262,Lensme Contact Lenses - Petroleum -2.5,3,2303,JED MO - Magrabi Clinic Murjan,Lensme,120,Power,Magrabi - KSA
30/9/2024,5262,Lensme Contact Lenses - Petroleum -2.5,4,2308,TBK MO - Tabuk Park,Lensme,160,Power,Magrabi - KSA
30/9/2024,5262,Lensme Contact Lenses - Petroleum -2.5,2,2332,RYD MO - The View Mall,Lensme,80,Power,Magrabi - KSA
30/9/2024,5262,Lensme Contact Lenses - Petroleum -2.5,2,9157,JED DM - Mall of Arabia,Lensme,80,Power,Dr.M - KSA
30/9/2024,5263,Lensme Contact Lenses - Petroleum -2.75,2,2061,DMM MO - Cornich Boulevard,Lensme,80,Power,Magrabi - KSA
30/9/2024,5263,Lensme Contact Lenses - Petroleum -2.75,2,2123,MED MO - Noor Mall,Lensme,80,Power,Magrabi - KSA
30/9/2024,5263,Lensme Contact Lenses - Petroleum -2.75,2,2177,DMM MO - Faisaliyah Plaza,Lensme,80,Power,Magrabi - KSA
30/9/2024,5263,Lensme Contact Lenses - Petroleum -2.75,1,2303,JED MO - Magrabi Clinic Murjan,Lensme,40,Power,Magrabi - KSA
30/9/2024,5263,Lensme Contact Lenses - Petroleum -2.75,1,2304,MO - E.Commerce Saudi,Lensme,40,Power,Magrabi - KSA
30/9/2024,5263,Lensme Contact Lenses - Petroleum -2.75,2,2308,TBK MO - Tabuk Park,Lensme,80,Power,Magrabi - KSA
30/9/2024,5264,Lensme Contact Lenses - Petroleum -3,1,2100,DMM MO - Dhahran Mall,Lensme,40,Power,Magrabi - KSA
30/9/2024,5264,Lensme Contact Lenses - Petroleum -3,3,2147,MAK MO - Makkah Mall,Lensme,120,Power,Magrabi - KSA
30/9/2024,5264,Lensme Contact Lenses - Petroleum -3,1,2306,MAK MO - Tassan Plaza,Lensme,40,Power,Magrabi - KSA
30/9/2024,5264,Lensme Contact Lenses - Petroleum -3,1,2308,TBK MO - Tabuk Park,Lensme,40,Power,Magrabi - KSA
30/9/2024,5264,Lensme Contact Lenses - Petroleum -3,2,2334,MAK MO - Azizia Park,Lensme,80,Power,Magrabi - KSA
30/9/2024,5264,Lensme Contact Lenses - Petroleum -3,2,2336,TBK MO - Tabuk Boulevard,Lensme,80,Power,Magrabi - KSA
30/9/2024,5265,Lensme Contact Lenses - Petroleum -3.25,1,2038,JED MO - Sari Street,Lensme,40,Power,Magrabi - KSA
30/9/2024,5265,Lensme Contact Lenses - Petroleum -3.25,2,2181,RYD MO - Nakhil Mall,Lensme,80,Power,Magrabi - KSA
30/9/2024,5265,Lensme Contact Lenses - Petroleum -3.25,1,2199,RYD MO - Nakhla Plaza,Lensme,40,Power,Magrabi - KSA
30/9/2024,5265,Lensme Contact Lenses - Petroleum -3.25,2,2242,RYD MO - Khalid bin Walid Street,Lensme,80,Power,Magrabi - KSA
30/9/2024,5265,Lensme Contact Lenses - Petroleum -3.25,1,2306,MAK MO - Tassan Plaza,Lensme,40,Power,Magrabi - KSA
30/9/2024,5265,Lensme Contact Lenses - Petroleum -3.25,2,2308,TBK MO - Tabuk Park,Lensme,80,Power,Magrabi - KSA
30/9/2024,5265,Lensme Contact Lenses - Petroleum -3.25,1,9146,TBK DM - Park Mall,Lensme,40,Power,Dr.M - KSA
30/9/2024,5266,Lensme Contact Lenses - Petroleum -3.5,1,2038,JED MO - Sari Street,Lensme,40,Power,Magrabi - KSA
30/9/2024,5266,Lensme Contact Lenses - Petroleum -3.5,1,2100,DMM MO - Dhahran Mall,Lensme,40,Power,Magrabi - KSA
30/9/2024,5266,Lensme Contact Lenses - Petroleum -3.5,2,2139,RYD MO - Magrabi Hospital,Lensme,80,Power,Magrabi - KSA
30/9/2024,5266,Lensme Contact Lenses - Petroleum -3.5,2,2147,MAK MO - Makkah Mall,Lensme,80,Power,Magrabi - KSA
30/9/2024,5266,Lensme Contact Lenses - Petroleum -3.5,2,2308,TBK MO - Tabuk Park,Lensme,80,Power,Magrabi - KSA
30/9/2024,5267,Lensme Contact Lenses - Petroleum -3.75,1,2100,DMM MO - Dhahran Mall,Lensme,40,Power,Magrabi - KSA
30/9/2024,5267,Lensme Contact Lenses - Petroleum -3.75,2,2194,RYD MO - Alia Plaza,Lensme,80,Power,Magrabi - KSA
30/9/2024,5267,Lensme Contact Lenses - Petroleum -3.75,2,2242,RYD MO - Khalid bin Walid Street,Lensme,80,Power,Magrabi - KSA
30/9/2024,5267,Lensme Contact Lenses - Petroleum -3.75,2,2308,TBK MO - Tabuk Park,Lensme,80,Power,Magrabi - KSA
30/9/2024,5267,Lensme Contact Lenses - Petroleum -3.75,1,9146,TBK DM - Park Mall,Lensme,40,Power,Dr.M - KSA
30/9/2024,5268,Lensme Contact Lenses - Petroleum -4,2,2033,JED MO - Madinah Road,Lensme,80,Power,Magrabi - KSA
30/9/2024,5268,Lensme Contact Lenses - Petroleum -4,1,2100,DMM MO - Dhahran Mall,Lensme,40,Power,Magrabi - KSA
30/9/2024,5268,Lensme Contact Lenses - Petroleum -4,2,2123,MED MO - Noor Mall,Lensme,80,Power,Magrabi - KSA
30/9/2024,5268,Lensme Contact Lenses - Petroleum -4,4,2147,MAK MO - Makkah Mall,Lensme,160,Power,Magrabi - KSA
30/9/2024,5268,Lensme Contact Lenses - Petroleum -4,2,2287,RYD MO - Magrabi Clinic Exit-14,Lensme,80,Power,Magrabi - KSA
30/9/2024,5268,Lensme Contact Lenses - Petroleum -4,2,2297,RYD MO - Granada Mall,Lensme,80,Power,Magrabi - KSA
30/9/2024,5269,Lensme Contact Lenses - Petroleum -4.25,1,2069,QTF MO - Qouds Street,Lensme,40,Power,Magrabi - KSA
30/9/2024,5269,Lensme Contact Lenses - Petroleum -4.25,2,2192,RYD MO - Telal Plaza,Lensme,80,Power,Magrabi - KSA
30/9/2024,5269,Lensme Contact Lenses - Petroleum -4.25,1,2308,TBK MO - Tabuk Park,Lensme,40,Power,Magrabi - KSA
30/9/2024,5270,Lensme Contact Lenses - Petroleum -4.5,1,2069,QTF MO - Qouds Street,Lensme,40,Power,Magrabi - KSA
30/9/2024,5270,Lensme Contact Lenses - Petroleum -4.5,1,2302,JED MO - Red Sea Mall,Lensme,40,Power,Magrabi - KSA
30/9/2024,5271,Lensme Contact Lenses - Petroleum -4.75,1,2302,JED MO - Red Sea Mall,Lensme,40,Power,Magrabi - KSA
30/9/2024,5273,Lensme Contact Lenses - Petroleum -5.25,1,2308,TBK MO - Tabuk Park,Lensme,40,Power,Magrabi - KSA
30/9/2024,5274,Lensme Contact Lenses - Petroleum -5.5,1,2234,RYD MO - Wadi Plaza,Lensme,40,Power,Magrabi - KSA
30/9/2024,5274,Lensme Contact Lenses - Petroleum -5.5,1,2306,MAK MO - Tassan Plaza,Lensme,40,Power,Magrabi - KSA
30/9/2024,5276,Lensme Contact Lenses - Petroleum -6,1,2306,MAK MO - Tassan Plaza,Lensme,40,Power,Magrabi - KSA
30/9/2024,5277,Lensme Contact Lenses - Petroleum -6.5,1,2234,RYD MO - Wadi Plaza,Lensme,40,Power,Magrabi - KSA
30/9/2024,1881,Lensme Contact Lenses - Sky Blue +1,1,2181,RYD MO - Nakhil Mall,Lensme,40,Power,Magrabi - KSA
30/9/2024,1881,Lensme Contact Lenses - Sky Blue +1,2,2345,DMM MO - Khaleej Street,Lensme,80,Power,Magrabi - KSA
30/9/2024,1882,Lensme Contact Lenses - Sky Blue +1.5,2,2317,JED MO - Jeddah Park,Lensme,80,Power,Magrabi - KSA
30/9/2024,1883,Lensme Contact Lenses - Sky Blue +2,2,2303,JED MO - Magrabi Clinic Murjan,Lensme,80,Power,Magrabi - KSA
30/9/2024,1883,Lensme Contact Lenses - Sky Blue +2,2,2306,MAK MO - Tassan Plaza,Lensme,80,Power,Magrabi - KSA
30/9/2024,1884,Lensme Contact Lenses - Sky Blue +2.5,2,2082,RYD MO - Hayat Mall,Lensme,80,Power,Magrabi - KSA
30/9/2024,1888,Lensme Contact Lenses - Sky Blue +4.5,4,2237,RYD MO - Uthman bin Affan Road,Lensme,160,Power,Magrabi - KSA
30/9/2024,1833,Lensme Contact Lenses - Sky Blue -0.5,1,2069,QTF MO - Qouds Street,Lensme,40,Power,Magrabi - KSA
30/9/2024,1834,Lensme Contact Lenses - Sky Blue -0.75,1,2069,QTF MO - Qouds Street,Lensme,40,Power,Magrabi - KSA
30/9/2024,1834,Lensme Contact Lenses - Sky Blue -0.75,2,2177,DMM MO - Faisaliyah Plaza,Lensme,80,Power,Magrabi - KSA
30/9/2024,1834,Lensme Contact Lenses - Sky Blue -0.75,1,2181,RYD MO - Nakhil Mall,Lensme,40,Power,Magrabi - KSA
30/9/2024,1835,Lensme Contact Lenses - Sky Blue -1,1,2302,JED MO - Red Sea Mall,Lensme,40,Power,Magrabi - KSA
30/9/2024,1837,Lensme Contact Lenses - Sky Blue -1.5,2,2147,MAK MO - Makkah Mall,Lensme,80,Power,Magrabi - KSA
30/9/2024,1837,Lensme Contact Lenses - Sky Blue -1.5,2,2328,RYD MO - King Abdul Aziz,Lensme,80,Power,Magrabi - KSA
30/9/2024,1838,Lensme Contact Lenses - Sky Blue -1.75,1,2302,JED MO - Red Sea Mall,Lensme,40,Power,Magrabi - KSA
30/9/2024,1838,Lensme Contact Lenses - Sky Blue -1.75,1,2304,MO - E.Commerce Saudi,Lensme,40,Power,Magrabi - KSA
30/9/2024,1863,Lensme Contact Lenses - Sky Blue -10,2,2043,RYD MO - Olaya Street,Lensme,80,Power,Magrabi - KSA
30/9/2024,1839,Lensme Contact Lenses - Sky Blue -2,1,2302,JED MO - Red Sea Mall,Lensme,40,Power,Magrabi - KSA
30/9/2024,1839,Lensme Contact Lenses - Sky Blue -2,2,2304,MO - E.Commerce Saudi,Lensme,80,Power,Magrabi - KSA
30/9/2024,1840,Lensme Contact Lenses - Sky Blue -2.25,4,2030,MED MO - Sultanah Street,Lensme,160,Power,Magrabi - KSA
30/9/2024,1840,Lensme Contact Lenses - Sky Blue -2.25,1,2302,JED MO - Red Sea Mall,Lensme,40,Power,Magrabi - KSA
30/9/2024,1840,Lensme Contact Lenses - Sky Blue -2.25,2,2304,MO - E.Commerce Saudi,Lensme,80,Power,Magrabi - KSA
30/9/2024,1840,Lensme Contact Lenses - Sky Blue -2.25,2,9122,RYD DM - Salam Mall,Lensme,80,Power,Dr.M - KSA
30/9/2024,1842,Lensme Contact Lenses - Sky Blue -2.75,1,2123,MED MO - Noor Mall,Lensme,40,Power,Magrabi - KSA
30/9/2024,1843,Lensme Contact Lenses - Sky Blue -3,2,2247,YNB MO - Dana Mall,Lensme,80,Power,Magrabi - KSA
30/9/2024,1844,Lensme Contact Lenses - Sky Blue -3.25,2,2138,RYD MO - Panorama Mall,Lensme,80,Power,Magrabi - KSA
30/9/2024,1844,Lensme Contact Lenses - Sky Blue -3.25,1,2345,DMM MO - Khaleej Street,Lensme,40,Power,Magrabi - KSA
30/9/2024,1845,Lensme Contact Lenses - Sky Blue -3.5,1,2123,MED MO - Noor Mall,Lensme,40,Power,Magrabi - KSA
30/9/2024,1845,Lensme Contact Lenses - Sky Blue -3.5,1,2304,MO - E.Commerce Saudi,Lensme,40,Power,Magrabi - KSA
30/9/2024,1846,Lensme Contact Lenses - Sky Blue -3.75,1,2345,DMM MO - Khaleej Street,Lensme,40,Power,Magrabi - KSA
30/9/2024,1847,Lensme Contact Lenses - Sky Blue -4,3,2304,MO - E.Commerce Saudi,Lensme,120,Power,Magrabi - KSA
30/9/2024,1848,Lensme Contact Lenses - Sky Blue -4.25,1,2317,JED MO - Jeddah Park,Lensme,40,Power,Magrabi - KSA
30/9/2024,1849,Lensme Contact Lenses - Sky Blue -4.5,1,2317,JED MO - Jeddah Park,Lensme,40,Power,Magrabi - KSA
30/9/2024,1850,Lensme Contact Lenses - Sky Blue -4.75,1,2324,JED MO - Mooj Plaza,Lensme,40,Power,Magrabi - KSA
30/9/2024,1851,Lensme Contact Lenses - Sky Blue -5,1,2324,JED MO - Mooj Plaza,Lensme,40,Power,Magrabi - KSA
30/9/2024,1851,Lensme Contact Lenses - Sky Blue -5,1,9101,RYD DM - Qasr Mall,Lensme,40,Power,Dr.M - KSA
30/9/2024,1855,Lensme Contact Lenses - Sky Blue -6,1,2289,RYD MO - Riyadh Gallery,Lensme,40,Power,Magrabi - KSA
30/9/2024,1857,Lensme Contact Lenses - Sky Blue -7,1,2289,RYD MO - Riyadh Gallery,Lensme,40,Power,Magrabi - KSA
30/9/2024,1857,Lensme Contact Lenses - Sky Blue -7,1,9101,RYD DM - Qasr Mall,Lensme,40,Power,Dr.M - KSA
30/9/2024,1858,Lensme Contact Lenses - Sky Blue -7.5,2,2242,RYD MO - Khalid bin Walid Street,Lensme,80,Power,Magrabi - KSA
30/9/2024,1858,Lensme Contact Lenses - Sky Blue -7.5,1,2339,RYD MO - Yasmin Plaza,Lensme,40,Power,Magrabi - KSA
30/9/2024,1859,Lensme Contact Lenses - Sky Blue -8,1,2339,RYD MO - Yasmin Plaza,Lensme,40,Power,Magrabi - KSA
30/9/2024,1861,Lensme Contact Lenses - Sky Blue -9,2,2199,RYD MO - Nakhla Plaza,Lensme,80,Power,Magrabi - KSA
30/9/2024,2242,Lensme Contact Lenses - Smokey +1.5,2,2123,MED MO - Noor Mall,Lensme,80,Power,Magrabi - KSA
30/9/2024,2242,Lensme Contact Lenses - Smokey +1.5,2,2303,JED MO - Magrabi Clinic Murjan,Lensme,80,Power,Magrabi - KSA
30/9/2024,2243,Lensme Contact Lenses - Smokey +2,2,2303,JED MO - Magrabi Clinic Murjan,Lensme,80,Power,Magrabi - KSA
30/9/2024,2243,Lensme Contact Lenses - Smokey +2,2,2306,MAK MO - Tassan Plaza,Lensme,80,Power,Magrabi - KSA
30/9/2024,2244,Lensme Contact Lenses - Smokey +2.5,1,2095,JED MO - Salama Plaza,Lensme,40,Power,Magrabi - KSA
30/9/2024,2245,Lensme Contact Lenses - Smokey +3,1,2095,JED MO - Salama Plaza,Lensme,40,Power,Magrabi - KSA
30/9/2024,2194,Lensme Contact Lenses - Smokey -0.75,1,9120,RYD DM - Nokhba Center,Lensme,40,Power,Dr.M - KSA
30/9/2024,2196,Lensme Contact Lenses - Smokey -1.25,1,2147,MAK MO - Makkah Mall,Lensme,40,Power,Magrabi - KSA
30/9/2024,2196,Lensme Contact Lenses - Smokey -1.25,1,9120,RYD DM - Nokhba Center,Lensme,40,Power,Dr.M - KSA
30/9/2024,2197,Lensme Contact Lenses - Smokey -1.5,1,2147,MAK MO - Makkah Mall,Lensme,40,Power,Magrabi - KSA
30/9/2024,2199,Lensme Contact Lenses - Smokey -2,2,2070,JBL MO - King Abdul Aziz,Lensme,80,Power,Magrabi - KSA
30/9/2024,2199,Lensme Contact Lenses - Smokey -2,2,2181,RYD MO - Nakhil Mall,Lensme,80,Power,Magrabi - KSA
30/9/2024,2199,Lensme Contact Lenses - Smokey -2,2,9114,MAK DM - Makkah Mall,Lensme,80,Power,Dr.M - KSA
30/9/2024,2201,Lensme Contact Lenses - Smokey -2.5,2,2298,DMM MO - Nakhil Mall,Lensme,80,Power,Magrabi - KSA
30/9/2024,2201,Lensme Contact Lenses - Smokey -2.5,1,2304,MO - E.Commerce Saudi,Lensme,40,Power,Magrabi - KSA
30/9/2024,2202,Lensme Contact Lenses - Smokey -2.75,1,2222,RYD MO - Centro Nakhil Plaza,Lensme,40,Power,Magrabi - KSA
30/9/2024,2203,Lensme Contact Lenses - Smokey -3,1,2287,RYD MO - Magrabi Clinic Exit-14,Lensme,40,Power,Magrabi - KSA
30/9/2024,2203,Lensme Contact Lenses - Smokey -3,2,2304,MO - E.Commerce Saudi,Lensme,80,Power,Magrabi - KSA
30/9/2024,2205,Lensme Contact Lenses - Smokey -3.5,1,2222,RYD MO - Centro Nakhil Plaza,Lensme,40,Power,Magrabi - KSA
30/9/2024,2205,Lensme Contact Lenses - Smokey -3.5,1,2287,RYD MO - Magrabi Clinic Exit-14,Lensme,40,Power,Magrabi - KSA
30/9/2024,2205,Lensme Contact Lenses - Smokey -3.5,1,2304,MO - E.Commerce Saudi,Lensme,40,Power,Magrabi - KSA
30/9/2024,2205,Lensme Contact Lenses - Smokey -3.5,1,2308,TBK MO - Tabuk Park,Lensme,40,Power,Magrabi - KSA
30/9/2024,2207,Lensme Contact Lenses - Smokey -4,2,2123,MED MO - Noor Mall,Lensme,80,Power,Magrabi - KSA
30/9/2024,2209,Lensme Contact Lenses - Smokey -4.5,1,2308,TBK MO - Tabuk Park,Lensme,40,Power,Magrabi - KSA
30/9/2024,2209,Lensme Contact Lenses - Smokey -4.5,2,9168,DMM DM - Magrabi Center Mouwasat,Lensme,80,Power,Dr.M - KSA
30/9/2024,2215,Lensme Contact Lenses - Smokey -6,2,2302,JED MO - Red Sea Mall,Lensme,80,Power,Magrabi - KSA
30/9/2024,2215,Lensme Contact Lenses - Smokey -6,1,2334,MAK MO - Azizia Park,Lensme,40,Power,Magrabi - KSA
30/9/2024,2216,Lensme Contact Lenses - Smokey -6.5,1,2334,MAK MO - Azizia Park,Lensme,40,Power,Magrabi - KSA
30/9/2024,1821,Lensme Contact Lenses - Snowy +1,2,2030,MED MO - Sultanah Street,Lensme,80,Power,Magrabi - KSA
30/9/2024,1774,Lensme Contact Lenses - Snowy -0.75,2,2147,MAK MO - Makkah Mall,Lensme,80,Power,Magrabi - KSA
30/9/2024,1775,Lensme Contact Lenses - Snowy -1,4,2095,JED MO - Salama Plaza,Lensme,160,Power,Magrabi - KSA
30/9/2024,1778,Lensme Contact Lenses - Snowy -1.75,2,2181,RYD MO - Nakhil Mall,Lensme,80,Power,Magrabi - KSA
30/9/2024,1780,Lensme Contact Lenses - Snowy -2.25,2,2100,DMM MO - Dhahran Mall,Lensme,80,Power,Magrabi - KSA
30/9/2024,5472,Lensme Contact Lenses - Stone +0.5,2,2302,JED MO - Red Sea Mall,Lensme,80,Power,Magrabi - KSA
30/9/2024,5473,Lensme Contact Lenses - Stone +1,2,2033,JED MO - Madinah Road,Lensme,80,Power,Magrabi - KSA
30/9/2024,5473,Lensme Contact Lenses - Stone +1,1,2287,RYD MO - Magrabi Clinic Exit-14,Lensme,40,Power,Magrabi - KSA
30/9/2024,5473,Lensme Contact Lenses - Stone +1,2,2345,DMM MO - Khaleej Street,Lensme,80,Power,Magrabi - KSA
30/9/2024,5474,Lensme Contact Lenses - Stone +1.5,2,2147,MAK MO - Makkah Mall,Lensme,80,Power,Magrabi - KSA
30/9/2024,5474,Lensme Contact Lenses - Stone +1.5,2,2308,TBK MO - Tabuk Park,Lensme,80,Power,Magrabi - KSA
30/9/2024,5475,Lensme Contact Lenses - Stone +2,2,2147,MAK MO - Makkah Mall,Lensme,80,Power,Magrabi - KSA
30/9/2024,5475,Lensme Contact Lenses - Stone +2,2,2181,RYD MO - Nakhil Mall,Lensme,80,Power,Magrabi - KSA
30/9/2024,5475,Lensme Contact Lenses - Stone +2,2,2234,RYD MO - Wadi Plaza,Lensme,80,Power,Magrabi - KSA
30/9/2024,5476,Lensme Contact Lenses - Stone +2.5,1,2287,RYD MO - Magrabi Clinic Exit-14,Lensme,40,Power,Magrabi - KSA
30/9/2024,5425,Lensme Contact Lenses - Stone -0.5,1,2302,JED MO - Red Sea Mall,Lensme,40,Power,Magrabi - KSA
30/9/2024,5426,Lensme Contact Lenses - Stone -0.75,1,2069,QTF MO - Qouds Street,Lensme,40,Power,Magrabi - KSA
30/9/2024,5426,Lensme Contact Lenses - Stone -0.75,3,2302,JED MO - Red Sea Mall,Lensme,120,Power,Magrabi - KSA
30/9/2024,5427,Lensme Contact Lenses - Stone -1,2,2177,DMM MO - Faisaliyah Plaza,Lensme,80,Power,Magrabi - KSA
30/9/2024,5427,Lensme Contact Lenses - Stone -1,2,2237,RYD MO - Uthman bin Affan Road,Lensme,80,Power,Magrabi - KSA
30/9/2024,5427,Lensme Contact Lenses - Stone -1,2,2298,DMM MO - Nakhil Mall,Lensme,80,Power,Magrabi - KSA
30/9/2024,5427,Lensme Contact Lenses - Stone -1,3,2302,JED MO - Red Sea Mall,Lensme,120,Power,Magrabi - KSA
30/9/2024,5427,Lensme Contact Lenses - Stone -1,1,2304,MO - E.Commerce Saudi,Lensme,40,Power,Magrabi - KSA
30/9/2024,5427,Lensme Contact Lenses - Stone -1,2,2336,TBK MO - Tabuk Boulevard,Lensme,80,Power,Magrabi - KSA
30/9/2024,5428,Lensme Contact Lenses - Stone -1.25,1,2049,RYD MO - Madinah Road,Lensme,40,Power,Magrabi - KSA
30/9/2024,5428,Lensme Contact Lenses - Stone -1.25,1,2069,QTF MO - Qouds Street,Lensme,40,Power,Magrabi - KSA
30/9/2024,5428,Lensme Contact Lenses - Stone -1.25,1,2072,HAL MO - Airport Street,Lensme,40,Power,Magrabi - KSA
30/9/2024,5428,Lensme Contact Lenses - Stone -1.25,1,2123,MED MO - Noor Mall,Lensme,40,Power,Magrabi - KSA
30/9/2024,5428,Lensme Contact Lenses - Stone -1.25,1,2147,MAK MO - Makkah Mall,Lensme,40,Power,Magrabi - KSA
30/9/2024,5428,Lensme Contact Lenses - Stone -1.25,1,2302,JED MO - Red Sea Mall,Lensme,40,Power,Magrabi - KSA
30/9/2024,5428,Lensme Contact Lenses - Stone -1.25,1,2342,JED MO - Tahlia Street,Lensme,40,Power,Magrabi - KSA
30/9/2024,5429,Lensme Contact Lenses - Stone -1.5,2,2030,MED MO - Sultanah Street,Lensme,80,Power,Magrabi - KSA
30/9/2024,5429,Lensme Contact Lenses - Stone -1.5,2,2043,RYD MO - Olaya Street,Lensme,80,Power,Magrabi - KSA
30/9/2024,5429,Lensme Contact Lenses - Stone -1.5,1,2049,RYD MO - Madinah Road,Lensme,40,Power,Magrabi - KSA
30/9/2024,5429,Lensme Contact Lenses - Stone -1.5,2,2138,RYD MO - Panorama Mall,Lensme,80,Power,Magrabi - KSA
30/9/2024,5429,Lensme Contact Lenses - Stone -1.5,2,2142,JBL MO - Jubail AM Road,Lensme,80,Power,Magrabi - KSA
30/9/2024,5429,Lensme Contact Lenses - Stone -1.5,1,2192,RYD MO - Telal Plaza,Lensme,40,Power,Magrabi - KSA
30/9/2024,5429,Lensme Contact Lenses - Stone -1.5,1,2302,JED MO - Red Sea Mall,Lensme,40,Power,Magrabi - KSA
30/9/2024,5429,Lensme Contact Lenses - Stone -1.5,2,2304,MO - E.Commerce Saudi,Lensme,80,Power,Magrabi - KSA
30/9/2024,5429,Lensme Contact Lenses - Stone -1.5,2,2323,JED MO - The Village Mall,Lensme,80,Power,Magrabi - KSA
30/9/2024,5430,Lensme Contact Lenses - Stone -1.75,2,2082,RYD MO - Hayat Mall,Lensme,80,Power,Magrabi - KSA
30/9/2024,5430,Lensme Contact Lenses - Stone -1.75,1,2100,DMM MO - Dhahran Mall,Lensme,40,Power,Magrabi - KSA
30/9/2024,5430,Lensme Contact Lenses - Stone -1.75,2,2138,RYD MO - Panorama Mall,Lensme,80,Power,Magrabi - KSA
30/9/2024,5430,Lensme Contact Lenses - Stone -1.75,1,2147,MAK MO - Makkah Mall,Lensme,40,Power,Magrabi - KSA
30/9/2024,5430,Lensme Contact Lenses - Stone -1.75,1,2192,RYD MO - Telal Plaza,Lensme,40,Power,Magrabi - KSA
30/9/2024,5430,Lensme Contact Lenses - Stone -1.75,2,2237,RYD MO - Uthman bin Affan Road,Lensme,80,Power,Magrabi - KSA
30/9/2024,5430,Lensme Contact Lenses - Stone -1.75,1,2302,JED MO - Red Sea Mall,Lensme,40,Power,Magrabi - KSA
30/9/2024,5430,Lensme Contact Lenses - Stone -1.75,2,2339,RYD MO - Yasmin Plaza,Lensme,80,Power,Magrabi - KSA
30/9/2024,5431,Lensme Contact Lenses - Stone -2,1,2100,DMM MO - Dhahran Mall,Lensme,40,Power,Magrabi - KSA
30/9/2024,5431,Lensme Contact Lenses - Stone -2,2,2177,DMM MO - Faisaliyah Plaza,Lensme,80,Power,Magrabi - KSA
30/9/2024,5431,Lensme Contact Lenses - Stone -2,1,2192,RYD MO - Telal Plaza,Lensme,40,Power,Magrabi - KSA
30/9/2024,5431,Lensme Contact Lenses - Stone -2,1,2302,JED MO - Red Sea Mall,Lensme,40,Power,Magrabi - KSA
30/9/2024,5431,Lensme Contact Lenses - Stone -2,1,2342,JED MO - Tahlia Street,Lensme,40,Power,Magrabi - KSA
30/9/2024,5432,Lensme Contact Lenses - Stone -2.25,2,2033,JED MO - Madinah Road,Lensme,80,Power,Magrabi - KSA
30/9/2024,5432,Lensme Contact Lenses - Stone -2.25,1,2123,MED MO - Noor Mall,Lensme,40,Power,Magrabi - KSA
30/9/2024,5432,Lensme Contact Lenses - Stone -2.25,1,2181,RYD MO - Nakhil Mall,Lensme,40,Power,Magrabi - KSA
30/9/2024,5432,Lensme Contact Lenses - Stone -2.25,1,2199,RYD MO - Nakhla Plaza,Lensme,40,Power,Magrabi - KSA
30/9/2024,5432,Lensme Contact Lenses - Stone -2.25,2,2302,JED MO - Red Sea Mall,Lensme,80,Power,Magrabi - KSA
30/9/2024,5433,Lensme Contact Lenses - Stone -2.5,2,2072,HAL MO - Airport Street,Lensme,80,Power,Magrabi - KSA
30/9/2024,5433,Lensme Contact Lenses - Stone -2.5,1,2082,RYD MO - Hayat Mall,Lensme,40,Power,Magrabi - KSA
30/9/2024,5433,Lensme Contact Lenses - Stone -2.5,1,2302,JED MO - Red Sea Mall,Lensme,40,Power,Magrabi - KSA
30/9/2024,5433,Lensme Contact Lenses - Stone -2.5,1,2304,MO - E.Commerce Saudi,Lensme,40,Power,Magrabi - KSA
30/9/2024,5433,Lensme Contact Lenses - Stone -2.5,2,2319,ASR MO - Magrabi Hospital,Lensme,80,Power,Magrabi - KSA
30/9/2024,5433,Lensme Contact Lenses - Stone -2.5,1,9108,JED DM - Andalus Mall,Lensme,40,Power,Dr.M - KSA
30/9/2024,5434,Lensme Contact Lenses - Stone -2.75,1,2181,RYD MO - Nakhil Mall,Lensme,40,Power,Magrabi - KSA
30/9/2024,5434,Lensme Contact Lenses - Stone -2.75,2,2308,TBK MO - Tabuk Park,Lensme,80,Power,Magrabi - KSA
30/9/2024,5434,Lensme Contact Lenses - Stone -2.75,1,9124,DR.M - E.Commerce,Lensme,40,Power,Dr.M - KSA
30/9/2024,5435,Lensme Contact Lenses - Stone -3,1,2072,HAL MO - Airport Street,Lensme,40,Power,Magrabi - KSA
30/9/2024,5435,Lensme Contact Lenses - Stone -3,2,2147,MAK MO - Makkah Mall,Lensme,80,Power,Magrabi - KSA
30/9/2024,5435,Lensme Contact Lenses - Stone -3,1,2199,RYD MO - Nakhla Plaza,Lensme,40,Power,Magrabi - KSA
30/9/2024,5435,Lensme Contact Lenses - Stone -3,2,2304,MO - E.Commerce Saudi,Lensme,80,Power,Magrabi - KSA
30/9/2024,5436,Lensme Contact Lenses - Stone -3.25,1,2072,HAL MO - Airport Street,Lensme,40,Power,Magrabi - KSA
30/9/2024,5436,Lensme Contact Lenses - Stone -3.25,1,2247,YNB MO - Dana Mall,Lensme,40,Power,Magrabi - KSA
30/9/2024,5436,Lensme Contact Lenses - Stone -3.25,1,2287,RYD MO - Magrabi Clinic Exit-14,Lensme,40,Power,Magrabi - KSA
30/9/2024,5436,Lensme Contact Lenses - Stone -3.25,2,2308,TBK MO - Tabuk Park,Lensme,80,Power,Magrabi - KSA
30/9/2024,5437,Lensme Contact Lenses - Stone -3.5,2,2165,RYD MO - Hetteen Plaza,Lensme,80,Power,Magrabi - KSA
30/9/2024,5437,Lensme Contact Lenses - Stone -3.5,1,2247,YNB MO - Dana Mall,Lensme,40,Power,Magrabi - KSA
30/9/2024,5437,Lensme Contact Lenses - Stone -3.5,1,2308,TBK MO - Tabuk Park,Lensme,40,Power,Magrabi - KSA
30/9/2024,5437,Lensme Contact Lenses - Stone -3.5,1,9108,JED DM - Andalus Mall,Lensme,40,Power,Dr.M - KSA
30/9/2024,5438,Lensme Contact Lenses - Stone -3.75,2,2049,RYD MO - Madinah Road,Lensme,80,Power,Magrabi - KSA
30/9/2024,5438,Lensme Contact Lenses - Stone -3.75,1,2082,RYD MO - Hayat Mall,Lensme,40,Power,Magrabi - KSA
30/9/2024,5438,Lensme Contact Lenses - Stone -3.75,1,2287,RYD MO - Magrabi Clinic Exit-14,Lensme,40,Power,Magrabi - KSA
30/9/2024,5438,Lensme Contact Lenses - Stone -3.75,1,2308,TBK MO - Tabuk Park,Lensme,40,Power,Magrabi - KSA
30/9/2024,5439,Lensme Contact Lenses - Stone -4,2,2067,AHS MO - Elwan Plaza,Lensme,80,Power,Magrabi - KSA
30/9/2024,5439,Lensme Contact Lenses - Stone -4,2,2304,MO - E.Commerce Saudi,Lensme,80,Power,Magrabi - KSA
30/9/2024,5439,Lensme Contact Lenses - Stone -4,1,9124,DR.M - E.Commerce,Lensme,40,Power,Dr.M - KSA
30/9/2024,5440,Lensme Contact Lenses - Stone -4.25,1,2192,RYD MO - Telal Plaza,Lensme,40,Power,Magrabi - KSA
30/9/2024,5441,Lensme Contact Lenses - Stone -4.5,1,2027,TIF MO - Shehar Street,Lensme,40,Power,Magrabi - KSA
30/9/2024,5443,Lensme Contact Lenses - Stone -5,1,2027,TIF MO - Shehar Street,Lensme,40,Power,Magrabi - KSA
30/9/2024,5443,Lensme Contact Lenses - Stone -5,1,2147,MAK MO - Makkah Mall,Lensme,40,Power,Magrabi - KSA
30/9/2024,5445,Lensme Contact Lenses - Stone -5.5,2,2069,QTF MO - Qouds Street,Lensme,80,Power,Magrabi - KSA
30/9/2024,5445,Lensme Contact Lenses - Stone -5.5,1,2147,MAK MO - Makkah Mall,Lensme,40,Power,Magrabi - KSA
30/9/2024,5451,Lensme Contact Lenses - Stone -8,2,2238,RYD MO - Jarir Plaza,Lensme,80,Power,Magrabi - KSA
30/9/2024,2061,Lensme Contact Lenses - Sugar Gray +1,1,2306,MAK MO - Tassan Plaza,Lensme,40,Power,Magrabi - KSA
30/9/2024,2062,Lensme Contact Lenses - Sugar Gray +1.5,2,2049,RYD MO - Madinah Road,Lensme,80,Power,Magrabi - KSA
30/9/2024,2063,Lensme Contact Lenses - Sugar Gray +2,2,2049,RYD MO - Madinah Road,Lensme,80,Power,Magrabi - KSA
30/9/2024,2063,Lensme Contact Lenses - Sugar Gray +2,2,2323,JED MO - The Village Mall,Lensme,80,Power,Magrabi - KSA
30/9/2024,2070,Lensme Contact Lenses - Sugar Gray +5.5,2,2298,DMM MO - Nakhil Mall,Lensme,80,Power,Magrabi - KSA
30/9/2024,2014,Lensme Contact Lenses - Sugar Gray -0.75,2,2067,AHS MO - Elwan Plaza,Lensme,80,Power,Magrabi - KSA
30/9/2024,2014,Lensme Contact Lenses - Sugar Gray -0.75,1,9101,RYD DM - Qasr Mall,Lensme,40,Power,Dr.M - KSA
30/9/2024,2015,Lensme Contact Lenses - Sugar Gray -1,1,9101,RYD DM - Qasr Mall,Lensme,40,Power,Dr.M - KSA
30/9/2024,2016,Lensme Contact Lenses - Sugar Gray -1.25,4,2304,MO - E.Commerce Saudi,Lensme,160,Power,Magrabi - KSA
30/9/2024,2017,Lensme Contact Lenses - Sugar Gray -1.5,1,2053,RYD MO - King Abdullah Road,Lensme,40,Power,Magrabi - KSA
30/9/2024,2017,Lensme Contact Lenses - Sugar Gray -1.5,1,2181,RYD MO - Nakhil Mall,Lensme,40,Power,Magrabi - KSA
30/9/2024,2018,Lensme Contact Lenses - Sugar Gray -1.75,1,2053,RYD MO - King Abdullah Road,Lensme,40,Power,Magrabi - KSA
30/9/2024,2018,Lensme Contact Lenses - Sugar Gray -1.75,1,2095,JED MO - Salama Plaza,Lensme,40,Power,Magrabi - KSA
30/9/2024,2019,Lensme Contact Lenses - Sugar Gray -2,2,2030,MED MO - Sultanah Street,Lensme,80,Power,Magrabi - KSA
30/9/2024,2019,Lensme Contact Lenses - Sugar Gray -2,1,2181,RYD MO - Nakhil Mall,Lensme,40,Power,Magrabi - KSA
30/9/2024,2019,Lensme Contact Lenses - Sugar Gray -2,1,2306,MAK MO - Tassan Plaza,Lensme,40,Power,Magrabi - KSA
30/9/2024,2020,Lensme Contact Lenses - Sugar Gray -2.25,2,2100,DMM MO - Dhahran Mall,Lensme,80,Power,Magrabi - KSA
30/9/2024,2020,Lensme Contact Lenses - Sugar Gray -2.25,2,2165,RYD MO - Hetteen Plaza,Lensme,80,Power,Magrabi - KSA
30/9/2024,2020,Lensme Contact Lenses - Sugar Gray -2.25,1,2304,MO - E.Commerce Saudi,Lensme,40,Power,Magrabi - KSA
30/9/2024,2021,Lensme Contact Lenses - Sugar Gray -2.5,2,2033,JED MO - Madinah Road,Lensme,80,Power,Magrabi - KSA
30/9/2024,2021,Lensme Contact Lenses - Sugar Gray -2.5,1,2095,JED MO - Salama Plaza,Lensme,40,Power,Magrabi - KSA
30/9/2024,2021,Lensme Contact Lenses - Sugar Gray -2.5,1,2304,MO - E.Commerce Saudi,Lensme,40,Power,Magrabi - KSA
30/9/2024,2021,Lensme Contact Lenses - Sugar Gray -2.5,1,2306,MAK MO - Tassan Plaza,Lensme,40,Power,Magrabi - KSA
30/9/2024,2023,Lensme Contact Lenses - Sugar Gray -3,1,2304,MO - E.Commerce Saudi,Lensme,40,Power,Magrabi - KSA
30/9/2024,2023,Lensme Contact Lenses - Sugar Gray -3,2,2313,RYD MO - Hassan bin Ali Street,Lensme,80,Power,Magrabi - KSA
30/9/2024,2023,Lensme Contact Lenses - Sugar Gray -3,2,2328,RYD MO - King Abdul Aziz,Lensme,80,Power,Magrabi - KSA
30/9/2024,2023,Lensme Contact Lenses - Sugar Gray -3,1,9155,TIF DM - Jouri Mall,Lensme,40,Power,Dr.M - KSA
30/9/2024,2024,Lensme Contact Lenses - Sugar Gray -3.25,2,2069,QTF MO - Qouds Street,Lensme,80,Power,Magrabi - KSA
30/9/2024,2025,Lensme Contact Lenses - Sugar Gray -3.5,2,2147,MAK MO - Makkah Mall,Lensme,80,Power,Magrabi - KSA
30/9/2024,2025,Lensme Contact Lenses - Sugar Gray -3.5,1,2304,MO - E.Commerce Saudi,Lensme,40,Power,Magrabi - KSA
30/9/2024,2025,Lensme Contact Lenses - Sugar Gray -3.5,1,9155,TIF DM - Jouri Mall,Lensme,40,Power,Dr.M - KSA
30/9/2024,2027,Lensme Contact Lenses - Sugar Gray -4,2,2303,JED MO - Magrabi Clinic Murjan,Lensme,80,Power,Magrabi - KSA
30/9/2024,2027,Lensme Contact Lenses - Sugar Gray -4,4,2304,MO - E.Commerce Saudi,Lensme,160,Power,Magrabi - KSA
30/9/2024,2028,Lensme Contact Lenses - Sugar Gray -4.25,1,2317,JED MO - Jeddah Park,Lensme,40,Power,Magrabi - KSA
30/9/2024,2029,Lensme Contact Lenses - Sugar Gray -4.5,2,2298,DMM MO - Nakhil Mall,Lensme,80,Power,Magrabi - KSA
30/9/2024,2029,Lensme Contact Lenses - Sugar Gray -4.5,1,2317,JED MO - Jeddah Park,Lensme,40,Power,Magrabi - KSA
30/9/2024,2033,Lensme Contact Lenses - Sugar Gray -5.5,2,2061,DMM MO - Cornich Boulevard,Lensme,80,Power,Magrabi - KSA
30/9/2024,2033,Lensme Contact Lenses - Sugar Gray -5.5,1,2306,MAK MO - Tassan Plaza,Lensme,40,Power,Magrabi - KSA
30/9/2024,2035,Lensme Contact Lenses - Sugar Gray -6,1,2306,MAK MO - Tassan Plaza,Lensme,40,Power,Magrabi - KSA
30/9/2024,2036,Lensme Contact Lenses - Sugar Gray -6.5,1,2123,MED MO - Noor Mall,Lensme,40,Power,Magrabi - KSA
30/9/2024,2039,Lensme Contact Lenses - Sugar Gray -8,1,2123,MED MO - Noor Mall,Lensme,40,Power,Magrabi - KSA
30/9/2024,2420,Lensme Contact Lenses - Tea +0.5,2,2147,MAK MO - Makkah Mall,Lensme,80,Power,Magrabi - KSA
30/9/2024,2421,Lensme Contact Lenses - Tea +1,2,2038,JED MO - Sari Street,Lensme,80,Power,Magrabi - KSA
30/9/2024,2422,Lensme Contact Lenses - Tea +1.5,1,2306,MAK MO - Tassan Plaza,Lensme,40,Power,Magrabi - KSA
30/9/2024,2422,Lensme Contact Lenses - Tea +1.5,4,2317,JED MO - Jeddah Park,Lensme,160,Power,Magrabi - KSA
30/9/2024,2423,Lensme Contact Lenses - Tea +2,1,2306,MAK MO - Tassan Plaza,Lensme,40,Power,Magrabi - KSA
30/9/2024,2424,Lensme Contact Lenses - Tea +2.5,1,2139,RYD MO - Magrabi Hospital,Lensme,40,Power,Magrabi - KSA
30/9/2024,2426,Lensme Contact Lenses - Tea +3.5,2,2123,MED MO - Noor Mall,Lensme,80,Power,Magrabi - KSA
30/9/2024,2373,Lensme Contact Lenses - Tea -0.5,2,2123,MED MO - Noor Mall,Lensme,80,Power,Magrabi - KSA
30/9/2024,2373,Lensme Contact Lenses - Tea -0.5,4,2297,RYD MO - Granada Mall,Lensme,160,Power,Magrabi - KSA
30/9/2024,2374,Lensme Contact Lenses - Tea -0.75,2,2123,MED MO - Noor Mall,Lensme,80,Power,Magrabi - KSA
30/9/2024,2374,Lensme Contact Lenses - Tea -0.75,2,9163,RYD DM - Hamra Mall,Lensme,80,Power,Dr.M - KSA
30/9/2024,2375,Lensme Contact Lenses - Tea -1,2,2033,JED MO - Madinah Road,Lensme,80,Power,Magrabi - KSA
30/9/2024,2375,Lensme Contact Lenses - Tea -1,2,2043,RYD MO - Olaya Street,Lensme,80,Power,Magrabi - KSA
30/9/2024,2375,Lensme Contact Lenses - Tea -1,2,2052,RYD MO - Okbah bin Nafee Road,Lensme,80,Power,Magrabi - KSA
30/9/2024,2375,Lensme Contact Lenses - Tea -1,1,2138,RYD MO - Panorama Mall,Lensme,40,Power,Magrabi - KSA
30/9/2024,2375,Lensme Contact Lenses - Tea -1,2,2147,MAK MO - Makkah Mall,Lensme,80,Power,Magrabi - KSA
30/9/2024,2375,Lensme Contact Lenses - Tea -1,2,2177,DMM MO - Faisaliyah Plaza,Lensme,80,Power,Magrabi - KSA
30/9/2024,2375,Lensme Contact Lenses - Tea -1,2,2234,RYD MO - Wadi Plaza,Lensme,80,Power,Magrabi - KSA
30/9/2024,2375,Lensme Contact Lenses - Tea -1,1,2237,RYD MO - Uthman bin Affan Road,Lensme,40,Power,Magrabi - KSA
30/9/2024,2375,Lensme Contact Lenses - Tea -1,3,2298,DMM MO - Nakhil Mall,Lensme,120,Power,Magrabi - KSA
30/9/2024,2375,Lensme Contact Lenses - Tea -1,2,2309,RYD MO - Hamra Mall,Lensme,80,Power,Magrabi - KSA
30/9/2024,2375,Lensme Contact Lenses - Tea -1,2,2328,RYD MO - King Abdul Aziz,Lensme,80,Power,Magrabi - KSA
30/9/2024,2375,Lensme Contact Lenses - Tea -1,2,2334,MAK MO - Azizia Park,Lensme,80,Power,Magrabi - KSA
30/9/2024,2375,Lensme Contact Lenses - Tea -1,2,2336,TBK MO - Tabuk Boulevard,Lensme,80,Power,Magrabi - KSA
30/9/2024,2375,Lensme Contact Lenses - Tea -1,2,2342,JED MO - Tahlia Street,Lensme,80,Power,Magrabi - KSA
30/9/2024,2375,Lensme Contact Lenses - Tea -1,2,9157,JED DM - Mall of Arabia,Lensme,80,Power,Dr.M - KSA
30/9/2024,2375,Lensme Contact Lenses - Tea -1,2,9171,MED DM - Nahdi Clinic,Lensme,80,Power,Dr.M - KSA
30/9/2024,2376,Lensme Contact Lenses - Tea -1.25,2,2061,DMM MO - Cornich Boulevard,Lensme,80,Power,Magrabi - KSA
30/9/2024,2376,Lensme Contact Lenses - Tea -1.25,3,2100,DMM MO - Dhahran Mall,Lensme,120,Power,Magrabi - KSA
30/9/2024,2376,Lensme Contact Lenses - Tea -1.25,1,2123,MED MO - Noor Mall,Lensme,40,Power,Magrabi - KSA
30/9/2024,2376,Lensme Contact Lenses - Tea -1.25,2,2181,RYD MO - Nakhil Mall,Lensme,80,Power,Magrabi - KSA
30/9/2024,2376,Lensme Contact Lenses - Tea -1.25,1,2242,RYD MO - Khalid bin Walid Street,Lensme,40,Power,Magrabi - KSA
30/9/2024,2376,Lensme Contact Lenses - Tea -1.25,2,2298,DMM MO - Nakhil Mall,Lensme,80,Power,Magrabi - KSA
30/9/2024,2376,Lensme Contact Lenses - Tea -1.25,1,2302,JED MO - Red Sea Mall,Lensme,40,Power,Magrabi - KSA
30/9/2024,2376,Lensme Contact Lenses - Tea -1.25,1,2324,JED MO - Mooj Plaza,Lensme,40,Power,Magrabi - KSA
30/9/2024,2376,Lensme Contact Lenses - Tea -1.25,2,2342,JED MO - Tahlia Street,Lensme,80,Power,Magrabi - KSA
30/9/2024,2376,Lensme Contact Lenses - Tea -1.25,1,9105,RYD DM - Aisha Plaza,Lensme,40,Power,Dr.M - KSA
30/9/2024,2376,Lensme Contact Lenses - Tea -1.25,1,9120,RYD DM - Nokhba Center,Lensme,40,Power,Dr.M - KSA
30/9/2024,2377,Lensme Contact Lenses - Tea -1.5,1,2061,DMM MO - Cornich Boulevard,Lensme,40,Power,Magrabi - KSA
30/9/2024,2377,Lensme Contact Lenses - Tea -1.5,1,2069,QTF MO - Qouds Street,Lensme,40,Power,Magrabi - KSA
30/9/2024,2377,Lensme Contact Lenses - Tea -1.5,1,2082,RYD MO - Hayat Mall,Lensme,40,Power,Magrabi - KSA
30/9/2024,2377,Lensme Contact Lenses - Tea -1.5,1,2100,DMM MO - Dhahran Mall,Lensme,40,Power,Magrabi - KSA
30/9/2024,2377,Lensme Contact Lenses - Tea -1.5,1,2123,MED MO - Noor Mall,Lensme,40,Power,Magrabi - KSA
30/9/2024,2377,Lensme Contact Lenses - Tea -1.5,2,2138,RYD MO - Panorama Mall,Lensme,80,Power,Magrabi - KSA
30/9/2024,2377,Lensme Contact Lenses - Tea -1.5,1,2147,MAK MO - Makkah Mall,Lensme,40,Power,Magrabi - KSA
30/9/2024,2377,Lensme Contact Lenses - Tea -1.5,1,2181,RYD MO - Nakhil Mall,Lensme,40,Power,Magrabi - KSA
30/9/2024,2377,Lensme Contact Lenses - Tea -1.5,2,2294,RYD MO - Kingdom Mall,Lensme,80,Power,Magrabi - KSA
30/9/2024,2377,Lensme Contact Lenses - Tea -1.5,2,2298,DMM MO - Nakhil Mall,Lensme,80,Power,Magrabi - KSA
30/9/2024,2377,Lensme Contact Lenses - Tea -1.5,4,2302,JED MO - Red Sea Mall,Lensme,160,Power,Magrabi - KSA
30/9/2024,2377,Lensme Contact Lenses - Tea -1.5,2,2308,TBK MO - Tabuk Park,Lensme,80,Power,Magrabi - KSA
30/9/2024,2377,Lensme Contact Lenses - Tea -1.5,1,2319,ASR MO - Magrabi Hospital,Lensme,40,Power,Magrabi - KSA
30/9/2024,2377,Lensme Contact Lenses - Tea -1.5,2,2332,RYD MO - The View Mall,Lensme,80,Power,Magrabi - KSA
30/9/2024,2377,Lensme Contact Lenses - Tea -1.5,1,2336,TBK MO - Tabuk Boulevard,Lensme,40,Power,Magrabi - KSA
30/9/2024,2377,Lensme Contact Lenses - Tea -1.5,1,9105,RYD DM - Aisha Plaza,Lensme,40,Power,Dr.M - KSA
30/9/2024,2377,Lensme Contact Lenses - Tea -1.5,1,9120,RYD DM - Nokhba Center,Lensme,40,Power,Dr.M - KSA
30/9/2024,2377,Lensme Contact Lenses - Tea -1.5,1,9129,RYD DM - King Abdul Aziz street,Lensme,40,Power,Dr.M - KSA
30/9/2024,2377,Lensme Contact Lenses - Tea -1.5,2,9130,RYD DM - Yasmin Plaza,Lensme,80,Power,Dr.M - KSA
30/9/2024,2377,Lensme Contact Lenses - Tea -1.5,1,9134,QSM DM - Fayziyyah Plaza,Lensme,40,Power,Dr.M - KSA
30/9/2024,2378,Lensme Contact Lenses - Tea -1.75,2,2027,TIF MO - Shehar Street,Lensme,80,Power,Magrabi - KSA
30/9/2024,2378,Lensme Contact Lenses - Tea -1.75,1,2043,RYD MO - Olaya Street,Lensme,40,Power,Magrabi - KSA
30/9/2024,2378,Lensme Contact Lenses - Tea -1.75,1,2069,QTF MO - Qouds Street,Lensme,40,Power,Magrabi - KSA
30/9/2024,2378,Lensme Contact Lenses - Tea -1.75,2,2100,DMM MO - Dhahran Mall,Lensme,80,Power,Magrabi - KSA
30/9/2024,2378,Lensme Contact Lenses - Tea -1.75,1,2138,RYD MO - Panorama Mall,Lensme,40,Power,Magrabi - KSA
30/9/2024,2378,Lensme Contact Lenses - Tea -1.75,1,2147,MAK MO - Makkah Mall,Lensme,40,Power,Magrabi - KSA
30/9/2024,2378,Lensme Contact Lenses - Tea -1.75,2,2181,RYD MO - Nakhil Mall,Lensme,80,Power,Magrabi - KSA
30/9/2024,2378,Lensme Contact Lenses - Tea -1.75,1,2198,ASR MO - Bin Galala Plaza,Lensme,40,Power,Magrabi - KSA
30/9/2024,2378,Lensme Contact Lenses - Tea -1.75,1,2234,RYD MO - Wadi Plaza,Lensme,40,Power,Magrabi - KSA
30/9/2024,2378,Lensme Contact Lenses - Tea -1.75,1,2237,RYD MO - Uthman bin Affan Road,Lensme,40,Power,Magrabi - KSA
30/9/2024,2378,Lensme Contact Lenses - Tea -1.75,1,2298,DMM MO - Nakhil Mall,Lensme,40,Power,Magrabi - KSA
30/9/2024,2378,Lensme Contact Lenses - Tea -1.75,3,2304,MO - E.Commerce Saudi,Lensme,120,Power,Magrabi - KSA
30/9/2024,2378,Lensme Contact Lenses - Tea -1.75,1,2306,MAK MO - Tassan Plaza,Lensme,40,Power,Magrabi - KSA
30/9/2024,2378,Lensme Contact Lenses - Tea -1.75,2,2308,TBK MO - Tabuk Park,Lensme,80,Power,Magrabi - KSA
30/9/2024,2378,Lensme Contact Lenses - Tea -1.75,1,2320,MAK MO - Dan Plaza,Lensme,40,Power,Magrabi - KSA
30/9/2024,2378,Lensme Contact Lenses - Tea -1.75,1,2324,JED MO - Mooj Plaza,Lensme,40,Power,Magrabi - KSA
30/9/2024,2378,Lensme Contact Lenses - Tea -1.75,1,2336,TBK MO - Tabuk Boulevard,Lensme,40,Power,Magrabi - KSA
30/9/2024,2378,Lensme Contact Lenses - Tea -1.75,1,2339,RYD MO - Yasmin Plaza,Lensme,40,Power,Magrabi - KSA
30/9/2024,2378,Lensme Contact Lenses - Tea -1.75,1,9106,AHS DM - Ahsa Mall,Lensme,40,Power,Dr.M - KSA
30/9/2024,2378,Lensme Contact Lenses - Tea -1.75,1,9112,RYD DM - Nakhil Mall,Lensme,40,Power,Dr.M - KSA
30/9/2024,2378,Lensme Contact Lenses - Tea -1.75,2,9113,JED DM - Jeddah Park Mall,Lensme,80,Power,Dr.M - KSA
30/9/2024,2378,Lensme Contact Lenses - Tea -1.75,1,9129,RYD DM - King Abdul Aziz street,Lensme,40,Power,Dr.M - KSA
30/9/2024,2378,Lensme Contact Lenses - Tea -1.75,2,9168,DMM DM - Magrabi Center Mouwasat,Lensme,80,Power,Dr.M - KSA
30/9/2024,2403,Lensme Contact Lenses - Tea -10,1,2198,ASR MO - Bin Galala Plaza,Lensme,40,Power,Magrabi - KSA
30/9/2024,2379,Lensme Contact Lenses - Tea -2,1,2061,DMM MO - Cornich Boulevard,Lensme,40,Power,Magrabi - KSA
30/9/2024,2379,Lensme Contact Lenses - Tea -2,3,2082,RYD MO - Hayat Mall,Lensme,120,Power,Magrabi - KSA
30/9/2024,2379,Lensme Contact Lenses - Tea -2,2,2100,DMM MO - Dhahran Mall,Lensme,80,Power,Magrabi - KSA
30/9/2024,2379,Lensme Contact Lenses - Tea -2,2,2138,RYD MO - Panorama Mall,Lensme,80,Power,Magrabi - KSA
30/9/2024,2379,Lensme Contact Lenses - Tea -2,1,2181,RYD MO - Nakhil Mall,Lensme,40,Power,Magrabi - KSA
30/9/2024,2379,Lensme Contact Lenses - Tea -2,1,2237,RYD MO - Uthman bin Affan Road,Lensme,40,Power,Magrabi - KSA
30/9/2024,2379,Lensme Contact Lenses - Tea -2,1,2242,RYD MO - Khalid bin Walid Street,Lensme,40,Power,Magrabi - KSA
30/9/2024,2379,Lensme Contact Lenses - Tea -2,1,2302,JED MO - Red Sea Mall,Lensme,40,Power,Magrabi - KSA
30/9/2024,2379,Lensme Contact Lenses - Tea -2,4,2304,MO - E.Commerce Saudi,Lensme,160,Power,Magrabi - KSA
30/9/2024,2379,Lensme Contact Lenses - Tea -2,2,2308,TBK MO - Tabuk Park,Lensme,80,Power,Magrabi - KSA
30/9/2024,2379,Lensme Contact Lenses - Tea -2,2,2309,RYD MO - Hamra Mall,Lensme,80,Power,Magrabi - KSA
30/9/2024,2379,Lensme Contact Lenses - Tea -2,1,2319,ASR MO - Magrabi Hospital,Lensme,40,Power,Magrabi - KSA
30/9/2024,2379,Lensme Contact Lenses - Tea -2,1,2320,MAK MO - Dan Plaza,Lensme,40,Power,Magrabi - KSA
30/9/2024,2379,Lensme Contact Lenses - Tea -2,1,2323,JED MO - The Village Mall,Lensme,40,Power,Magrabi - KSA
30/9/2024,2379,Lensme Contact Lenses - Tea -2,1,2339,RYD MO - Yasmin Plaza,Lensme,40,Power,Magrabi - KSA
30/9/2024,2379,Lensme Contact Lenses - Tea -2,1,9108,JED DM - Andalus Mall,Lensme,40,Power,Dr.M - KSA
30/9/2024,2379,Lensme Contact Lenses - Tea -2,1,9134,QSM DM - Fayziyyah Plaza,Lensme,40,Power,Dr.M - KSA
30/9/2024,2379,Lensme Contact Lenses - Tea -2,1,9155,TIF DM - Jouri Mall,Lensme,40,Power,Dr.M - KSA
30/9/2024,2380,Lensme Contact Lenses - Tea -2.25,1,2043,RYD MO - Olaya Street,Lensme,40,Power,Magrabi - KSA
30/9/2024,2380,Lensme Contact Lenses - Tea -2.25,2,2052,RYD MO - Okbah bin Nafee Road,Lensme,80,Power,Magrabi - KSA
30/9/2024,2380,Lensme Contact Lenses - Tea -2.25,1,2123,MED MO - Noor Mall,Lensme,40,Power,Magrabi - KSA
30/9/2024,2380,Lensme Contact Lenses - Tea -2.25,1,2192,RYD MO - Telal Plaza,Lensme,40,Power,Magrabi - KSA
30/9/2024,2380,Lensme Contact Lenses - Tea -2.25,1,2199,RYD MO - Nakhla Plaza,Lensme,40,Power,Magrabi - KSA
30/9/2024,2380,Lensme Contact Lenses - Tea -2.25,2,2242,RYD MO - Khalid bin Walid Street,Lensme,80,Power,Magrabi - KSA
30/9/2024,2380,Lensme Contact Lenses - Tea -2.25,1,2248,DMM MO - Shatea Plaza,Lensme,40,Power,Magrabi - KSA
30/9/2024,2380,Lensme Contact Lenses - Tea -2.25,2,2289,RYD MO - Riyadh Gallery,Lensme,80,Power,Magrabi - KSA
30/9/2024,2380,Lensme Contact Lenses - Tea -2.25,1,2294,RYD MO - Kingdom Mall,Lensme,40,Power,Magrabi - KSA
30/9/2024,2380,Lensme Contact Lenses - Tea -2.25,2,2304,MO - E.Commerce Saudi,Lensme,80,Power,Magrabi - KSA
30/9/2024,2380,Lensme Contact Lenses - Tea -2.25,3,2308,TBK MO - Tabuk Park,Lensme,120,Power,Magrabi - KSA
30/9/2024,2380,Lensme Contact Lenses - Tea -2.25,1,2323,JED MO - The Village Mall,Lensme,40,Power,Magrabi - KSA
30/9/2024,2380,Lensme Contact Lenses - Tea -2.25,1,2328,RYD MO - King Abdul Aziz,Lensme,40,Power,Magrabi - KSA
30/9/2024,2380,Lensme Contact Lenses - Tea -2.25,2,2330,JED MO - U Walk Mall,Lensme,80,Power,Magrabi - KSA
30/9/2024,2380,Lensme Contact Lenses - Tea -2.25,2,2345,DMM MO - Khaleej Street,Lensme,80,Power,Magrabi - KSA
30/9/2024,2380,Lensme Contact Lenses - Tea -2.25,1,9108,JED DM - Andalus Mall,Lensme,40,Power,Dr.M - KSA
30/9/2024,2380,Lensme Contact Lenses - Tea -2.25,1,9112,RYD DM - Nakhil Mall,Lensme,40,Power,Dr.M - KSA
30/9/2024,2380,Lensme Contact Lenses - Tea -2.25,2,9146,TBK DM - Park Mall,Lensme,80,Power,Dr.M - KSA
30/9/2024,2380,Lensme Contact Lenses - Tea -2.25,1,9155,TIF DM - Jouri Mall,Lensme,40,Power,Dr.M - KSA
30/9/2024,2381,Lensme Contact Lenses - Tea -2.5,2,2082,RYD MO - Hayat Mall,Lensme,80,Power,Magrabi - KSA
30/9/2024,2381,Lensme Contact Lenses - Tea -2.5,1,2123,MED MO - Noor Mall,Lensme,40,Power,Magrabi - KSA
30/9/2024,2381,Lensme Contact Lenses - Tea -2.5,2,2181,RYD MO - Nakhil Mall,Lensme,80,Power,Magrabi - KSA
30/9/2024,2381,Lensme Contact Lenses - Tea -2.5,1,2192,RYD MO - Telal Plaza,Lensme,40,Power,Magrabi - KSA
30/9/2024,2381,Lensme Contact Lenses - Tea -2.5,1,2199,RYD MO - Nakhla Plaza,Lensme,40,Power,Magrabi - KSA
30/9/2024,2381,Lensme Contact Lenses - Tea -2.5,1,2234,RYD MO - Wadi Plaza,Lensme,40,Power,Magrabi - KSA
30/9/2024,2381,Lensme Contact Lenses - Tea -2.5,1,2302,JED MO - Red Sea Mall,Lensme,40,Power,Magrabi - KSA
30/9/2024,2381,Lensme Contact Lenses - Tea -2.5,3,2304,MO - E.Commerce Saudi,Lensme,120,Power,Magrabi - KSA
30/9/2024,2381,Lensme Contact Lenses - Tea -2.5,1,2308,TBK MO - Tabuk Park,Lensme,40,Power,Magrabi - KSA
30/9/2024,2381,Lensme Contact Lenses - Tea -2.5,1,2309,RYD MO - Hamra Mall,Lensme,40,Power,Magrabi - KSA
30/9/2024,2381,Lensme Contact Lenses - Tea -2.5,1,2320,MAK MO - Dan Plaza,Lensme,40,Power,Magrabi - KSA
30/9/2024,2381,Lensme Contact Lenses - Tea -2.5,2,2334,MAK MO - Azizia Park,Lensme,80,Power,Magrabi - KSA
30/9/2024,2381,Lensme Contact Lenses - Tea -2.5,2,2342,JED MO - Tahlia Street,Lensme,80,Power,Magrabi - KSA
30/9/2024,2381,Lensme Contact Lenses - Tea -2.5,1,9106,AHS DM - Ahsa Mall,Lensme,40,Power,Dr.M - KSA
30/9/2024,2382,Lensme Contact Lenses - Tea -2.75,2,2069,QTF MO - Qouds Street,Lensme,80,Power,Magrabi - KSA
30/9/2024,2382,Lensme Contact Lenses - Tea -2.75,2,2147,MAK MO - Makkah Mall,Lensme,80,Power,Magrabi - KSA
30/9/2024,2382,Lensme Contact Lenses - Tea -2.75,1,2248,DMM MO - Shatea Plaza,Lensme,40,Power,Magrabi - KSA
30/9/2024,2382,Lensme Contact Lenses - Tea -2.75,1,2294,RYD MO - Kingdom Mall,Lensme,40,Power,Magrabi - KSA
30/9/2024,2382,Lensme Contact Lenses - Tea -2.75,2,2297,RYD MO - Granada Mall,Lensme,80,Power,Magrabi - KSA
30/9/2024,2382,Lensme Contact Lenses - Tea -2.75,2,2298,DMM MO - Nakhil Mall,Lensme,80,Power,Magrabi - KSA
30/9/2024,2382,Lensme Contact Lenses - Tea -2.75,1,2302,JED MO - Red Sea Mall,Lensme,40,Power,Magrabi - KSA
30/9/2024,2382,Lensme Contact Lenses - Tea -2.75,3,2304,MO - E.Commerce Saudi,Lensme,120,Power,Magrabi - KSA
30/9/2024,2382,Lensme Contact Lenses - Tea -2.75,2,2330,JED MO - U Walk Mall,Lensme,80,Power,Magrabi - KSA
30/9/2024,2382,Lensme Contact Lenses - Tea -2.75,2,9101,RYD DM - Qasr Mall,Lensme,80,Power,Dr.M - KSA
30/9/2024,2382,Lensme Contact Lenses - Tea -2.75,1,9157,JED DM - Mall of Arabia,Lensme,40,Power,Dr.M - KSA
30/9/2024,2383,Lensme Contact Lenses - Tea -3,1,2027,TIF MO - Shehar Street,Lensme,40,Power,Magrabi - KSA
30/9/2024,2383,Lensme Contact Lenses - Tea -3,2,2034,JED MO - Safa Eye Hospital,Lensme,80,Power,Magrabi - KSA
30/9/2024,2383,Lensme Contact Lenses - Tea -3,1,2052,RYD MO - Okbah bin Nafee Road,Lensme,40,Power,Magrabi - KSA
30/9/2024,2383,Lensme Contact Lenses - Tea -3,1,2067,AHS MO - Elwan Plaza,Lensme,40,Power,Magrabi - KSA
30/9/2024,2383,Lensme Contact Lenses - Tea -3,1,2069,QTF MO - Qouds Street,Lensme,40,Power,Magrabi - KSA
30/9/2024,2383,Lensme Contact Lenses - Tea -3,2,2100,DMM MO - Dhahran Mall,Lensme,80,Power,Magrabi - KSA
30/9/2024,2383,Lensme Contact Lenses - Tea -3,2,2123,MED MO - Noor Mall,Lensme,80,Power,Magrabi - KSA
30/9/2024,2383,Lensme Contact Lenses - Tea -3,1,2199,RYD MO - Nakhla Plaza,Lensme,40,Power,Magrabi - KSA
30/9/2024,2383,Lensme Contact Lenses - Tea -3,2,2302,JED MO - Red Sea Mall,Lensme,80,Power,Magrabi - KSA
30/9/2024,2383,Lensme Contact Lenses - Tea -3,2,2303,JED MO - Magrabi Clinic Murjan,Lensme,80,Power,Magrabi - KSA
30/9/2024,2383,Lensme Contact Lenses - Tea -3,2,2304,MO - E.Commerce Saudi,Lensme,80,Power,Magrabi - KSA
30/9/2024,2383,Lensme Contact Lenses - Tea -3,1,2340,DMM MO - Magrabi Hospital,Lensme,40,Power,Magrabi - KSA
30/9/2024,2383,Lensme Contact Lenses - Tea -3,1,9157,JED DM - Mall of Arabia,Lensme,40,Power,Dr.M - KSA
30/9/2024,2384,Lensme Contact Lenses - Tea -3.25,1,2027,TIF MO - Shehar Street,Lensme,40,Power,Magrabi - KSA
30/9/2024,2384,Lensme Contact Lenses - Tea -3.25,1,2069,QTF MO - Qouds Street,Lensme,40,Power,Magrabi - KSA
30/9/2024,2384,Lensme Contact Lenses - Tea -3.25,1,2147,MAK MO - Makkah Mall,Lensme,40,Power,Magrabi - KSA
30/9/2024,2384,Lensme Contact Lenses - Tea -3.25,2,2234,RYD MO - Wadi Plaza,Lensme,80,Power,Magrabi - KSA
30/9/2024,2384,Lensme Contact Lenses - Tea -3.25,2,2242,RYD MO - Khalid bin Walid Street,Lensme,80,Power,Magrabi - KSA
30/9/2024,2384,Lensme Contact Lenses - Tea -3.25,1,2304,MO - E.Commerce Saudi,Lensme,40,Power,Magrabi - KSA
30/9/2024,2384,Lensme Contact Lenses - Tea -3.25,1,2306,MAK MO - Tassan Plaza,Lensme,40,Power,Magrabi - KSA
30/9/2024,2384,Lensme Contact Lenses - Tea -3.25,1,2340,DMM MO - Magrabi Hospital,Lensme,40,Power,Magrabi - KSA
30/9/2024,2384,Lensme Contact Lenses - Tea -3.25,2,9111,JED DM - Red Sea Mall,Lensme,80,Power,Dr.M - KSA
30/9/2024,2385,Lensme Contact Lenses - Tea -3.5,1,2030,MED MO - Sultanah Street,Lensme,40,Power,Magrabi - KSA
30/9/2024,2385,Lensme Contact Lenses - Tea -3.5,1,2052,RYD MO - Okbah bin Nafee Road,Lensme,40,Power,Magrabi - KSA
30/9/2024,2385,Lensme Contact Lenses - Tea -3.5,2,2147,MAK MO - Makkah Mall,Lensme,80,Power,Magrabi - KSA
30/9/2024,2385,Lensme Contact Lenses - Tea -3.5,2,2177,DMM MO - Faisaliyah Plaza,Lensme,80,Power,Magrabi - KSA
30/9/2024,2385,Lensme Contact Lenses - Tea -3.5,1,2199,RYD MO - Nakhla Plaza,Lensme,40,Power,Magrabi - KSA
30/9/2024,2385,Lensme Contact Lenses - Tea -3.5,3,2304,MO - E.Commerce Saudi,Lensme,120,Power,Magrabi - KSA
30/9/2024,2385,Lensme Contact Lenses - Tea -3.5,2,2308,TBK MO - Tabuk Park,Lensme,80,Power,Magrabi - KSA
30/9/2024,2385,Lensme Contact Lenses - Tea -3.5,2,2313,RYD MO - Hassan bin Ali Street,Lensme,80,Power,Magrabi - KSA
30/9/2024,2385,Lensme Contact Lenses - Tea -3.5,2,2318,QSM MO - Imam Bukhari Street,Lensme,80,Power,Magrabi - KSA
30/9/2024,2385,Lensme Contact Lenses - Tea -3.5,2,2323,JED MO - The Village Mall,Lensme,80,Power,Magrabi - KSA
30/9/2024,2385,Lensme Contact Lenses - Tea -3.5,2,9136,DMM DM - Shatea Square,Lensme,80,Power,Dr.M - KSA
30/9/2024,2386,Lensme Contact Lenses - Tea -3.75,2,2033,JED MO - Madinah Road,Lensme,80,Power,Magrabi - KSA
30/9/2024,2386,Lensme Contact Lenses - Tea -3.75,1,2067,AHS MO - Elwan Plaza,Lensme,40,Power,Magrabi - KSA
30/9/2024,2386,Lensme Contact Lenses - Tea -3.75,2,2147,MAK MO - Makkah Mall,Lensme,80,Power,Magrabi - KSA
30/9/2024,2386,Lensme Contact Lenses - Tea -3.75,2,2234,RYD MO - Wadi Plaza,Lensme,80,Power,Magrabi - KSA
30/9/2024,2386,Lensme Contact Lenses - Tea -3.75,2,2304,MO - E.Commerce Saudi,Lensme,80,Power,Magrabi - KSA
30/9/2024,2386,Lensme Contact Lenses - Tea -3.75,1,2306,MAK MO - Tassan Plaza,Lensme,40,Power,Magrabi - KSA
30/9/2024,2386,Lensme Contact Lenses - Tea -3.75,2,2308,TBK MO - Tabuk Park,Lensme,80,Power,Magrabi - KSA
30/9/2024,2386,Lensme Contact Lenses - Tea -3.75,2,2309,RYD MO - Hamra Mall,Lensme,80,Power,Magrabi - KSA
30/9/2024,2387,Lensme Contact Lenses - Tea -4,1,2030,MED MO - Sultanah Street,Lensme,40,Power,Magrabi - KSA
30/9/2024,2387,Lensme Contact Lenses - Tea -4,2,2034,JED MO - Safa Eye Hospital,Lensme,80,Power,Magrabi - KSA
30/9/2024,2387,Lensme Contact Lenses - Tea -4,4,2049,RYD MO - Madinah Road,Lensme,160,Power,Magrabi - KSA
30/9/2024,2387,Lensme Contact Lenses - Tea -4,2,2138,RYD MO - Panorama Mall,Lensme,80,Power,Magrabi - KSA
30/9/2024,2387,Lensme Contact Lenses - Tea -4,2,2147,MAK MO - Makkah Mall,Lensme,80,Power,Magrabi - KSA
30/9/2024,2387,Lensme Contact Lenses - Tea -4,2,2177,DMM MO - Faisaliyah Plaza,Lensme,80,Power,Magrabi - KSA
30/9/2024,2387,Lensme Contact Lenses - Tea -4,2,2234,RYD MO - Wadi Plaza,Lensme,80,Power,Magrabi - KSA
30/9/2024,2387,Lensme Contact Lenses - Tea -4,2,2294,RYD MO - Kingdom Mall,Lensme,80,Power,Magrabi - KSA
30/9/2024,2387,Lensme Contact Lenses - Tea -4,1,2303,JED MO - Magrabi Clinic Murjan,Lensme,40,Power,Magrabi - KSA
30/9/2024,2387,Lensme Contact Lenses - Tea -4,1,2304,MO - E.Commerce Saudi,Lensme,40,Power,Magrabi - KSA
30/9/2024,2387,Lensme Contact Lenses - Tea -4,1,2306,MAK MO - Tassan Plaza,Lensme,40,Power,Magrabi - KSA
30/9/2024,2387,Lensme Contact Lenses - Tea -4,2,2308,TBK MO - Tabuk Park,Lensme,80,Power,Magrabi - KSA
30/9/2024,2387,Lensme Contact Lenses - Tea -4,2,2336,TBK MO - Tabuk Boulevard,Lensme,80,Power,Magrabi - KSA
30/9/2024,2387,Lensme Contact Lenses - Tea -4,2,9108,JED DM - Andalus Mall,Lensme,80,Power,Dr.M - KSA
30/9/2024,2387,Lensme Contact Lenses - Tea -4,2,9131,QSM DM - Nakhil Plaza,Lensme,80,Power,Dr.M - KSA
30/9/2024,2387,Lensme Contact Lenses - Tea -4,2,9155,TIF DM - Jouri Mall,Lensme,80,Power,Dr.M - KSA
30/9/2024,2389,Lensme Contact Lenses - Tea -4.5,2,2034,JED MO - Safa Eye Hospital,Lensme,80,Power,Magrabi - KSA
30/9/2024,2389,Lensme Contact Lenses - Tea -4.5,1,2303,JED MO - Magrabi Clinic Murjan,Lensme,40,Power,Magrabi - KSA
30/9/2024,2389,Lensme Contact Lenses - Tea -4.5,2,9140,RYD DM - Irqah plaza,Lensme,80,Power,Dr.M - KSA
30/9/2024,2390,Lensme Contact Lenses - Tea -4.75,2,2194,RYD MO - Alia Plaza,Lensme,80,Power,Magrabi - KSA
30/9/2024,2390,Lensme Contact Lenses - Tea -4.75,2,2289,RYD MO - Riyadh Gallery,Lensme,80,Power,Magrabi - KSA
30/9/2024,2392,Lensme Contact Lenses - Tea -5.25,2,2067,AHS MO - Elwan Plaza,Lensme,80,Power,Magrabi - KSA
30/9/2024,2393,Lensme Contact Lenses - Tea -5.5,2,2027,TIF MO - Shehar Street,Lensme,80,Power,Magrabi - KSA
30/9/2024,2393,Lensme Contact Lenses - Tea -5.5,1,2067,AHS MO - Elwan Plaza,Lensme,40,Power,Magrabi - KSA
30/9/2024,2393,Lensme Contact Lenses - Tea -5.5,2,9155,TIF DM - Jouri Mall,Lensme,80,Power,Dr.M - KSA
30/9/2024,2394,Lensme Contact Lenses - Tea -5.75,1,2067,AHS MO - Elwan Plaza,Lensme,40,Power,Magrabi - KSA
30/9/2024,2395,Lensme Contact Lenses - Tea -6,2,2052,RYD MO - Okbah bin Nafee Road,Lensme,80,Power,Magrabi - KSA
30/9/2024,2395,Lensme Contact Lenses - Tea -6,1,2198,ASR MO - Bin Galala Plaza,Lensme,40,Power,Magrabi - KSA
30/9/2024,2395,Lensme Contact Lenses - Tea -6,1,2237,RYD MO - Uthman bin Affan Road,Lensme,40,Power,Magrabi - KSA
30/9/2024,2395,Lensme Contact Lenses - Tea -6,1,2247,YNB MO - Dana Mall,Lensme,40,Power,Magrabi - KSA
30/9/2024,2395,Lensme Contact Lenses - Tea -6,2,2294,RYD MO - Kingdom Mall,Lensme,80,Power,Magrabi - KSA
30/9/2024,2395,Lensme Contact Lenses - Tea -6,2,9142,AHS DM - Baha Mall,Lensme,80,Power,Dr.M - KSA
30/9/2024,2396,Lensme Contact Lenses - Tea -6.5,2,2030,MED MO - Sultanah Street,Lensme,80,Power,Magrabi - KSA
30/9/2024,2396,Lensme Contact Lenses - Tea -6.5,2,2234,RYD MO - Wadi Plaza,Lensme,80,Power,Magrabi - KSA
30/9/2024,2396,Lensme Contact Lenses - Tea -6.5,1,2247,YNB MO - Dana Mall,Lensme,40,Power,Magrabi - KSA
30/9/2024,2397,Lensme Contact Lenses - Tea -7,2,2027,TIF MO - Shehar Street,Lensme,80,Power,Magrabi - KSA
30/9/2024,2397,Lensme Contact Lenses - Tea -7,1,2237,RYD MO - Uthman bin Affan Road,Lensme,40,Power,Magrabi - KSA
30/9/2024,2398,Lensme Contact Lenses - Tea -7.5,2,2234,RYD MO - Wadi Plaza,Lensme,80,Power,Magrabi - KSA
30/9/2024,2399,Lensme Contact Lenses - Tea -8,2,2308,TBK MO - Tabuk Park,Lensme,80,Power,Magrabi - KSA
30/9/2024,4013,Lensme Multi purpose Solution 150 ml,1,2030,MED MO - Sultanah Street,Lensme,10,Solution,Magrabi - KSA
30/9/2024,4013,Lensme Multi purpose Solution 150 ml,1,2053,RYD MO - King Abdullah Road,Lensme,10,Solution,Magrabi - KSA
30/9/2024,4013,Lensme Multi purpose Solution 150 ml,15,2061,DMM MO - Cornich Boulevard,Lensme,150,Solution,Magrabi - KSA
30/9/2024,4013,Lensme Multi purpose Solution 150 ml,1,2199,RYD MO - Nakhla Plaza,Lensme,10,Solution,Magrabi - KSA
30/9/2024,4013,Lensme Multi purpose Solution 150 ml,5,2247,YNB MO - Dana Mall,Lensme,50,Solution,Magrabi - KSA
30/9/2024,4013,Lensme Multi purpose Solution 150 ml,5,2311,DMM MO - Rashed Mall,Lensme,50,Solution,Magrabi - KSA
30/9/2024,4013,Lensme Multi purpose Solution 150 ml,6,2313,RYD MO - Hassan bin Ali Street,Lensme,60,Solution,Magrabi - KSA
30/9/2024,4013,Lensme Multi purpose Solution 150 ml,2,2318,QSM MO - Imam Bukhari Street,Lensme,20,Solution,Magrabi - KSA
30/9/2024,4013,Lensme Multi purpose Solution 150 ml,5,2334,MAK MO - Azizia Park,Lensme,50,Solution,Magrabi - KSA
30/9/2024,4013,Lensme Multi purpose Solution 150 ml,6,2345,DMM MO - Khaleej Street,Lensme,60,Solution,Magrabi - KSA
30/9/2024,4013,Lensme Multi purpose Solution 150 ml,2,9135,DMM DM - Bohaira Plaza,Lensme,20,Solution,Dr.M - KSA
30/9/2024,4013,Lensme Multi purpose Solution 150 ml,1,9168,DMM DM - Magrabi Center Mouwasat,Lensme,10,Solution,Dr.M - KSA
30/9/2024,273,Newlens Contact Lenses - Almond,2,9111,JED DM - Red Sea Mall,Newlens,150,Plano,Dr.M - KSA
30/9/2024,273,Newlens Contact Lenses - Almond,1,9114,MAK DM - Makkah Mall,Newlens,75,Plano,Dr.M - KSA
30/9/2024,273,Newlens Contact Lenses - Almond,1,9121,RYD DM - Hayat Mall,Newlens,75,Plano,Dr.M - KSA
30/9/2024,273,Newlens Contact Lenses - Almond,2,9131,QSM DM - Nakhil Plaza,Newlens,150,Plano,Dr.M - KSA
30/9/2024,273,Newlens Contact Lenses - Almond,2,9165,GIZ DM - Rashid Mall,Newlens,150,Plano,Dr.M - KSA
30/9/2024,1113,Newlens Contact Lenses - Amandy,1,2304,MO - E.Commerce Saudi,Newlens,75,Plano,Magrabi - KSA
30/9/2024,1113,Newlens Contact Lenses - Amandy,1,9112,RYD DM - Nakhil Mall,Newlens,75,Plano,Dr.M - KSA
30/9/2024,1113,Newlens Contact Lenses - Amandy,3,9131,QSM DM - Nakhil Plaza,Newlens,225,Plano,Dr.M - KSA
30/9/2024,1113,Newlens Contact Lenses - Amandy,1,9147,DMM DM - DAREEN MALL,Newlens,75,Plano,Dr.M - KSA
30/9/2024,1113,Newlens Contact Lenses - Amandy,1,9163,RYD DM - Hamra Mall,Newlens,75,Plano,Dr.M - KSA
30/9/2024,1113,Newlens Contact Lenses - Amandy,1,9165,GIZ DM - Rashid Mall,Newlens,75,Plano,Dr.M - KSA
30/9/2024,1053,Newlens Contact Lenses - Amber,1,9113,JED DM - Jeddah Park Mall,Newlens,75,Plano,Dr.M - KSA
30/9/2024,1053,Newlens Contact Lenses - Amber,1,9123,JED DM - Nahdi Shop-in-Shop 1(no,Newlens,75,Plano,Dr.M - KSA
30/9/2024,1053,Newlens Contact Lenses - Amber,1,9148,JED DM - Prince Sultan Street,Newlens,75,Plano,Dr.M - KSA
30/9/2024,633,Newlens Contact Lenses - Cappuccino,2,9113,JED DM - Jeddah Park Mall,Newlens,150,Plano,Dr.M - KSA
30/9/2024,633,Newlens Contact Lenses - Cappuccino,1,9114,MAK DM - Makkah Mall,Newlens,75,Plano,Dr.M - KSA
30/9/2024,633,Newlens Contact Lenses - Cappuccino,1,9115,RYD DM - Riyadh Gallery,Newlens,75,Plano,Dr.M - KSA
30/9/2024,633,Newlens Contact Lenses - Cappuccino,3,9131,QSM DM - Nakhil Plaza,Newlens,225,Plano,Dr.M - KSA
30/9/2024,633,Newlens Contact Lenses - Cappuccino,2,9136,DMM DM - Shatea Square,Newlens,150,Plano,Dr.M - KSA
30/9/2024,633,Newlens Contact Lenses - Cappuccino,2,9142,AHS DM - Baha Mall,Newlens,150,Plano,Dr.M - KSA
30/9/2024,633,Newlens Contact Lenses - Cappuccino,2,9146,TBK DM - Park Mall,Newlens,150,Plano,Dr.M - KSA
30/9/2024,633,Newlens Contact Lenses - Cappuccino,2,9154,MED DM - Noor Mall,Newlens,150,Plano,Dr.M - KSA
30/9/2024,633,Newlens Contact Lenses - Cappuccino,1,9157,JED DM - Mall of Arabia,Newlens,75,Plano,Dr.M - KSA
30/9/2024,633,Newlens Contact Lenses - Cappuccino,2,9165,GIZ DM - Rashid Mall,Newlens,150,Plano,Dr.M - KSA
30/9/2024,813,Newlens Contact Lenses - Copper,1,2304,MO - E.Commerce Saudi,Newlens,75,Plano,Magrabi - KSA
30/9/2024,813,Newlens Contact Lenses - Copper,1,9112,RYD DM - Nakhil Mall,Newlens,75,Plano,Dr.M - KSA
30/9/2024,813,Newlens Contact Lenses - Copper,3,9131,QSM DM - Nakhil Plaza,Newlens,225,Plano,Dr.M - KSA
30/9/2024,813,Newlens Contact Lenses - Copper,1,9142,AHS DM - Baha Mall,Newlens,75,Plano,Dr.M - KSA
30/9/2024,813,Newlens Contact Lenses - Copper,2,9157,JED DM - Mall of Arabia,Newlens,150,Plano,Dr.M - KSA
30/9/2024,813,Newlens Contact Lenses - Copper,1,9163,RYD DM - Hamra Mall,Newlens,75,Plano,Dr.M - KSA
30/9/2024,693,Newlens Contact Lenses - Cream,1,2304,MO - E.Commerce Saudi,Newlens,75,Plano,Magrabi - KSA
30/9/2024,693,Newlens Contact Lenses - Cream,2,9131,QSM DM - Nakhil Plaza,Newlens,150,Plano,Dr.M - KSA
30/9/2024,693,Newlens Contact Lenses - Cream,1,9139,RYD DM - Hitteen Square ,Newlens,75,Plano,Dr.M - KSA
30/9/2024,693,Newlens Contact Lenses - Cream,1,9146,TBK DM - Park Mall,Newlens,75,Plano,Dr.M - KSA
30/9/2024,693,Newlens Contact Lenses - Cream,2,9147,DMM DM - DAREEN MALL,Newlens,150,Plano,Dr.M - KSA
30/9/2024,333,Newlens Contact Lenses - Diamond,1,9154,MED DM - Noor Mall,Newlens,75,Plano,Dr.M - KSA
30/9/2024,213,Newlens Contact Lenses - Espresso,1,9111,JED DM - Red Sea Mall,Newlens,75,Plano,Dr.M - KSA
30/9/2024,213,Newlens Contact Lenses - Espresso,2,9122,RYD DM - Salam Mall,Newlens,150,Plano,Dr.M - KSA
30/9/2024,213,Newlens Contact Lenses - Espresso,1,9139,RYD DM - Hitteen Square ,Newlens,75,Plano,Dr.M - KSA
30/9/2024,213,Newlens Contact Lenses - Espresso,1,9142,AHS DM - Baha Mall,Newlens,75,Plano,Dr.M - KSA
30/9/2024,213,Newlens Contact Lenses - Espresso,1,9165,GIZ DM - Rashid Mall,Newlens,75,Plano,Dr.M - KSA
30/9/2024,573,Newlens Contact Lenses - Gray,1,9112,RYD DM - Nakhil Mall,Newlens,75,Plano,Dr.M - KSA
30/9/2024,573,Newlens Contact Lenses - Gray,1,9131,QSM DM - Nakhil Plaza,Newlens,75,Plano,Dr.M - KSA
30/9/2024,573,Newlens Contact Lenses - Gray,2,9144,DMM DM - Dhahran Mall 2,Newlens,150,Plano,Dr.M - KSA
30/9/2024,1233,Newlens Contact Lenses - Jazz,1,9101,RYD DM - Qasr Mall,Newlens,75,Plano,Dr.M - KSA
30/9/2024,1233,Newlens Contact Lenses - Jazz,1,9106,AHS DM - Ahsa Mall,Newlens,75,Plano,Dr.M - KSA
30/9/2024,1233,Newlens Contact Lenses - Jazz,1,9111,JED DM - Red Sea Mall,Newlens,75,Plano,Dr.M - KSA
30/9/2024,1233,Newlens Contact Lenses - Jazz,2,9112,RYD DM - Nakhil Mall,Newlens,150,Plano,Dr.M - KSA
30/9/2024,1233,Newlens Contact Lenses - Jazz,1,9113,JED DM - Jeddah Park Mall,Newlens,75,Plano,Dr.M - KSA
30/9/2024,1233,Newlens Contact Lenses - Jazz,1,9114,MAK DM - Makkah Mall,Newlens,75,Plano,Dr.M - KSA
30/9/2024,1233,Newlens Contact Lenses - Jazz,1,9121,RYD DM - Hayat Mall,Newlens,75,Plano,Dr.M - KSA
30/9/2024,1233,Newlens Contact Lenses - Jazz,1,9126,JED DM - Haifa Mall,Newlens,75,Plano,Dr.M - KSA
30/9/2024,1233,Newlens Contact Lenses - Jazz,2,9131,QSM DM - Nakhil Plaza,Newlens,150,Plano,Dr.M - KSA
30/9/2024,1233,Newlens Contact Lenses - Jazz,1,9146,TBK DM - Park Mall,Newlens,75,Plano,Dr.M - KSA
30/9/2024,1233,Newlens Contact Lenses - Jazz,1,9147,DMM DM - DAREEN MALL,Newlens,75,Plano,Dr.M - KSA
30/9/2024,1233,Newlens Contact Lenses - Jazz,1,9148,JED DM - Prince Sultan Street,Newlens,75,Plano,Dr.M - KSA
30/9/2024,1233,Newlens Contact Lenses - Jazz,3,9154,MED DM - Noor Mall,Newlens,225,Plano,Dr.M - KSA
30/9/2024,1233,Newlens Contact Lenses - Jazz,3,9157,JED DM - Mall of Arabia,Newlens,225,Plano,Dr.M - KSA
30/9/2024,1233,Newlens Contact Lenses - Jazz,1,9165,GIZ DM - Rashid Mall,Newlens,75,Plano,Dr.M - KSA
30/9/2024,753,Newlens Contact Lenses - Kalakas,2,2304,MO - E.Commerce Saudi,Newlens,150,Plano,Magrabi - KSA
30/9/2024,753,Newlens Contact Lenses - Kalakas,1,9123,JED DM - Nahdi Shop-in-Shop 1(no,Newlens,75,Plano,Dr.M - KSA
30/9/2024,753,Newlens Contact Lenses - Kalakas,1,9142,AHS DM - Baha Mall,Newlens,75,Plano,Dr.M - KSA
30/9/2024,753,Newlens Contact Lenses - Kalakas,1,9144,DMM DM - Dhahran Mall 2,Newlens,75,Plano,Dr.M - KSA
30/9/2024,753,Newlens Contact Lenses - Kalakas,1,9157,JED DM - Mall of Arabia,Newlens,75,Plano,Dr.M - KSA
30/9/2024,753,Newlens Contact Lenses - Kalakas,3,9165,GIZ DM - Rashid Mall,Newlens,225,Plano,Dr.M - KSA
30/9/2024,873,Newlens Contact Lenses - L'Amour,4,2304,MO - E.Commerce Saudi,Newlens,300,Plano,Magrabi - KSA
30/9/2024,873,Newlens Contact Lenses - L'Amour,1,9114,MAK DM - Makkah Mall,Newlens,75,Plano,Dr.M - KSA
30/9/2024,873,Newlens Contact Lenses - L'Amour,1,9115,RYD DM - Riyadh Gallery,Newlens,75,Plano,Dr.M - KSA
30/9/2024,873,Newlens Contact Lenses - L'Amour,3,9131,QSM DM - Nakhil Plaza,Newlens,225,Plano,Dr.M - KSA
30/9/2024,873,Newlens Contact Lenses - L'Amour,2,9136,DMM DM - Shatea Square,Newlens,150,Plano,Dr.M - KSA
30/9/2024,873,Newlens Contact Lenses - L'Amour,1,9142,AHS DM - Baha Mall,Newlens,75,Plano,Dr.M - KSA
30/9/2024,873,Newlens Contact Lenses - L'Amour,2,9146,TBK DM - Park Mall,Newlens,150,Plano,Dr.M - KSA
30/9/2024,873,Newlens Contact Lenses - L'Amour,2,9148,JED DM - Prince Sultan Street,Newlens,150,Plano,Dr.M - KSA
30/9/2024,873,Newlens Contact Lenses - L'Amour,1,9154,MED DM - Noor Mall,Newlens,75,Plano,Dr.M - KSA
30/9/2024,873,Newlens Contact Lenses - L'Amour,1,9165,GIZ DM - Rashid Mall,Newlens,75,Plano,Dr.M - KSA
30/9/2024,933,Newlens Contact Lenses - Mint,1,9106,AHS DM - Ahsa Mall,Newlens,75,Plano,Dr.M - KSA
30/9/2024,933,Newlens Contact Lenses - Mint,2,9111,JED DM - Red Sea Mall,Newlens,150,Plano,Dr.M - KSA
30/9/2024,933,Newlens Contact Lenses - Mint,1,9112,RYD DM - Nakhil Mall,Newlens,75,Plano,Dr.M - KSA
30/9/2024,933,Newlens Contact Lenses - Mint,1,9144,DMM DM - Dhahran Mall 2,Newlens,75,Plano,Dr.M - KSA
30/9/2024,933,Newlens Contact Lenses - Mint,1,9147,DMM DM - DAREEN MALL,Newlens,75,Plano,Dr.M - KSA
30/9/2024,933,Newlens Contact Lenses - Mint,1,9148,JED DM - Prince Sultan Street,Newlens,75,Plano,Dr.M - KSA
30/9/2024,393,Newlens Contact Lenses - River,1,9126,JED DM - Haifa Mall,Newlens,75,Plano,Dr.M - KSA
30/9/2024,393,Newlens Contact Lenses - River,1,9131,QSM DM - Nakhil Plaza,Newlens,75,Plano,Dr.M - KSA
30/9/2024,393,Newlens Contact Lenses - River,1,9165,GIZ DM - Rashid Mall,Newlens,75,Plano,Dr.M - KSA
30/9/2024,453,Newlens Contact Lenses - Sky,1,9131,QSM DM - Nakhil Plaza,Newlens,75,Plano,Dr.M - KSA
30/9/2024,1173,Newlens Contact Lenses - Sol,1,2304,MO - E.Commerce Saudi,Newlens,75,Plano,Magrabi - KSA
30/9/2024,1173,Newlens Contact Lenses - Sol,2,9114,MAK DM - Makkah Mall,Newlens,150,Plano,Dr.M - KSA
30/9/2024,1173,Newlens Contact Lenses - Sol,1,9147,DMM DM - DAREEN MALL,Newlens,75,Plano,Dr.M - KSA
30/9/2024,1173,Newlens Contact Lenses - Sol,1,9148,JED DM - Prince Sultan Street,Newlens,75,Plano,Dr.M - KSA
30/9/2024,1173,Newlens Contact Lenses - Sol,1,9154,MED DM - Noor Mall,Newlens,75,Plano,Dr.M - KSA
30/9/2024,1173,Newlens Contact Lenses - Sol,1,9157,JED DM - Mall of Arabia,Newlens,75,Plano,Dr.M - KSA
30/9/2024,513,Newlens Contact Lenses - Sunset,1,9101,RYD DM - Qasr Mall,Newlens,75,Plano,Dr.M - KSA
30/9/2024,513,Newlens Contact Lenses - Sunset,1,9131,QSM DM - Nakhil Plaza,Newlens,75,Plano,Dr.M - KSA
30/9/2024,324,Newlens Contact Lenses - Almond +2,2,9171,MED DM - Nahdi Clinic,Newlens,80,Power,Dr.M - KSA
30/9/2024,328,Newlens Contact Lenses - Almond +4,2,9108,JED DM - Andalus Mall,Newlens,80,Power,Dr.M - KSA
30/9/2024,275,Newlens Contact Lenses - Almond -0.75,2,9148,JED DM - Prince Sultan Street,Newlens,80,Power,Dr.M - KSA
30/9/2024,275,Newlens Contact Lenses - Almond -0.75,2,9154,MED DM - Noor Mall,Newlens,80,Power,Dr.M - KSA
30/9/2024,276,Newlens Contact Lenses - Almond -1,3,2304,MO - E.Commerce Saudi,Newlens,120,Power,Magrabi - KSA
30/9/2024,276,Newlens Contact Lenses - Almond -1,1,9113,JED DM - Jeddah Park Mall,Newlens,40,Power,Dr.M - KSA
30/9/2024,276,Newlens Contact Lenses - Almond -1,2,9121,RYD DM - Hayat Mall,Newlens,80,Power,Dr.M - KSA
30/9/2024,276,Newlens Contact Lenses - Almond -1,2,9138,DMM DM - Faisaliyah Square,Newlens,80,Power,Dr.M - KSA
30/9/2024,276,Newlens Contact Lenses - Almond -1,3,9154,MED DM - Noor Mall,Newlens,120,Power,Dr.M - KSA
30/9/2024,276,Newlens Contact Lenses - Almond -1,2,9157,JED DM - Mall of Arabia,Newlens,80,Power,Dr.M - KSA
30/9/2024,276,Newlens Contact Lenses - Almond -1,2,9167,RYD DM - Olaya Street (New),Newlens,80,Power,Dr.M - KSA
30/9/2024,277,Newlens Contact Lenses - Almond -1.25,1,2304,MO - E.Commerce Saudi,Newlens,40,Power,Magrabi - KSA
30/9/2024,277,Newlens Contact Lenses - Almond -1.25,2,9165,GIZ DM - Rashid Mall,Newlens,80,Power,Dr.M - KSA
30/9/2024,278,Newlens Contact Lenses - Almond -1.5,1,9113,JED DM - Jeddah Park Mall,Newlens,40,Power,Dr.M - KSA
30/9/2024,278,Newlens Contact Lenses - Almond -1.5,2,9148,JED DM - Prince Sultan Street,Newlens,80,Power,Dr.M - KSA
30/9/2024,278,Newlens Contact Lenses - Almond -1.5,1,9154,MED DM - Noor Mall,Newlens,40,Power,Dr.M - KSA
30/9/2024,280,Newlens Contact Lenses - Almond -2,2,9108,JED DM - Andalus Mall,Newlens,80,Power,Dr.M - KSA
30/9/2024,281,Newlens Contact Lenses - Almond -2.25,2,9122,RYD DM - Salam Mall,Newlens,80,Power,Dr.M - KSA
30/9/2024,283,Newlens Contact Lenses - Almond -2.75,3,2304,MO - E.Commerce Saudi,Newlens,120,Power,Magrabi - KSA
30/9/2024,283,Newlens Contact Lenses - Almond -2.75,1,9123,JED DM - Nahdi Shop-in-Shop 1(no,Newlens,40,Power,Dr.M - KSA
30/9/2024,283,Newlens Contact Lenses - Almond -2.75,2,9170,JED DM - Aziz Mall,Newlens,80,Power,Dr.M - KSA
30/9/2024,284,Newlens Contact Lenses - Almond -3,2,9144,DMM DM - Dhahran Mall 2,Newlens,80,Power,Dr.M - KSA
30/9/2024,285,Newlens Contact Lenses - Almond -3.25,2,2304,MO - E.Commerce Saudi,Newlens,80,Power,Magrabi - KSA
30/9/2024,285,Newlens Contact Lenses - Almond -3.25,1,9119,DMM DM - Nakhil Mall,Newlens,40,Power,Dr.M - KSA
30/9/2024,285,Newlens Contact Lenses - Almond -3.25,1,9143,AHS DM - Khamis Avenue,Newlens,40,Power,Dr.M - KSA
30/9/2024,286,Newlens Contact Lenses - Almond -3.5,2,2304,MO - E.Commerce Saudi,Newlens,80,Power,Magrabi - KSA
30/9/2024,286,Newlens Contact Lenses - Almond -3.5,1,9123,JED DM - Nahdi Shop-in-Shop 1(no,Newlens,40,Power,Dr.M - KSA
30/9/2024,287,Newlens Contact Lenses - Almond -3.75,2,2304,MO - E.Commerce Saudi,Newlens,80,Power,Magrabi - KSA
30/9/2024,287,Newlens Contact Lenses - Almond -3.75,1,9143,AHS DM - Khamis Avenue,Newlens,40,Power,Dr.M - KSA
30/9/2024,287,Newlens Contact Lenses - Almond -3.75,2,9147,DMM DM - DAREEN MALL,Newlens,80,Power,Dr.M - KSA
30/9/2024,288,Newlens Contact Lenses - Almond -4,1,9119,DMM DM - Nakhil Mall,Newlens,40,Power,Dr.M - KSA
30/9/2024,1163,Newlens Contact Lenses - Amandy +1.5,2,9165,GIZ DM - Rashid Mall,Newlens,80,Power,Dr.M - KSA
30/9/2024,1168,Newlens Contact Lenses - Amandy +4,2,9108,JED DM - Andalus Mall,Newlens,80,Power,Dr.M - KSA
30/9/2024,1170,Newlens Contact Lenses - Amandy +5,2,9119,DMM DM - Nakhil Mall,Newlens,80,Power,Dr.M - KSA
30/9/2024,1114,Newlens Contact Lenses - Amandy -0.5,1,9165,GIZ DM - Rashid Mall,Newlens,40,Power,Dr.M - KSA
30/9/2024,1116,Newlens Contact Lenses - Amandy -1,1,2304,MO - E.Commerce Saudi,Newlens,40,Power,Magrabi - KSA
30/9/2024,1116,Newlens Contact Lenses - Amandy -1,1,9165,GIZ DM - Rashid Mall,Newlens,40,Power,Dr.M - KSA
30/9/2024,1118,Newlens Contact Lenses - Amandy -1.5,1,2304,MO - E.Commerce Saudi,Newlens,40,Power,Magrabi - KSA
30/9/2024,1119,Newlens Contact Lenses - Amandy -1.75,1,2304,MO - E.Commerce Saudi,Newlens,40,Power,Magrabi - KSA
30/9/2024,1119,Newlens Contact Lenses - Amandy -1.75,2,9108,JED DM - Andalus Mall,Newlens,80,Power,Dr.M - KSA
30/9/2024,1121,Newlens Contact Lenses - Amandy -2.25,1,9126,JED DM - Haifa Mall,Newlens,40,Power,Dr.M - KSA
30/9/2024,1121,Newlens Contact Lenses - Amandy -2.25,2,9163,RYD DM - Hamra Mall,Newlens,80,Power,Dr.M - KSA
30/9/2024,1124,Newlens Contact Lenses - Amandy -3,1,2304,MO - E.Commerce Saudi,Newlens,40,Power,Magrabi - KSA
30/9/2024,1124,Newlens Contact Lenses - Amandy -3,1,9126,JED DM - Haifa Mall,Newlens,40,Power,Dr.M - KSA
30/9/2024,1126,Newlens Contact Lenses - Amandy -3.5,1,9101,RYD DM - Qasr Mall,Newlens,40,Power,Dr.M - KSA
30/9/2024,1127,Newlens Contact Lenses - Amandy -3.75,1,9101,RYD DM - Qasr Mall,Newlens,40,Power,Dr.M - KSA
30/9/2024,1127,Newlens Contact Lenses - Amandy -3.75,1,9111,JED DM - Red Sea Mall,Newlens,40,Power,Dr.M - KSA
30/9/2024,1127,Newlens Contact Lenses - Amandy -3.75,2,9115,RYD DM - Riyadh Gallery,Newlens,80,Power,Dr.M - KSA
30/9/2024,1128,Newlens Contact Lenses - Amandy -4,1,9111,JED DM - Red Sea Mall,Newlens,40,Power,Dr.M - KSA
30/9/2024,1128,Newlens Contact Lenses - Amandy -4,2,9154,MED DM - Noor Mall,Newlens,80,Power,Dr.M - KSA
30/9/2024,1132,Newlens Contact Lenses - Amandy -5,2,9112,RYD DM - Nakhil Mall,Newlens,80,Power,Dr.M - KSA
30/9/2024,1103,Newlens Contact Lenses - Amber +1.5,1,9135,DMM DM - Bohaira Plaza,Newlens,40,Power,Dr.M - KSA
30/9/2024,1104,Newlens Contact Lenses - Amber +2,1,9135,DMM DM - Bohaira Plaza,Newlens,40,Power,Dr.M - KSA
30/9/2024,1060,Newlens Contact Lenses - Amber -2,1,9157,JED DM - Mall of Arabia,Newlens,40,Power,Dr.M - KSA
30/9/2024,1062,Newlens Contact Lenses - Amber -2.5,1,9157,JED DM - Mall of Arabia,Newlens,40,Power,Dr.M - KSA
30/9/2024,1064,Newlens Contact Lenses - Amber -3,1,9112,RYD DM - Nakhil Mall,Newlens,40,Power,Dr.M - KSA
30/9/2024,1066,Newlens Contact Lenses - Amber -3.5,2,9142,AHS DM - Baha Mall,Newlens,80,Power,Dr.M - KSA
30/9/2024,1066,Newlens Contact Lenses - Amber -3.5,2,9157,JED DM - Mall of Arabia,Newlens,80,Power,Dr.M - KSA
30/9/2024,1067,Newlens Contact Lenses - Amber -3.75,2,9115,RYD DM - Riyadh Gallery,Newlens,80,Power,Dr.M - KSA
30/9/2024,1068,Newlens Contact Lenses - Amber -4,1,9112,RYD DM - Nakhil Mall,Newlens,40,Power,Dr.M - KSA
30/9/2024,683,Newlens Contact Lenses - Cappuccino +1.5,1,9112,RYD DM - Nakhil Mall,Newlens,40,Power,Dr.M - KSA
30/9/2024,685,Newlens Contact Lenses - Cappuccino +2.5,1,9112,RYD DM - Nakhil Mall,Newlens,40,Power,Dr.M - KSA
30/9/2024,685,Newlens Contact Lenses - Cappuccino +2.5,2,9154,MED DM - Noor Mall,Newlens,80,Power,Dr.M - KSA
30/9/2024,636,Newlens Contact Lenses - Cappuccino -1,1,2304,MO - E.Commerce Saudi,Newlens,40,Power,Magrabi - KSA
30/9/2024,636,Newlens Contact Lenses - Cappuccino -1,2,9131,QSM DM - Nakhil Plaza,Newlens,80,Power,Dr.M - KSA
30/9/2024,637,Newlens Contact Lenses - Cappuccino -1.25,3,2304,MO - E.Commerce Saudi,Newlens,120,Power,Magrabi - KSA
30/9/2024,637,Newlens Contact Lenses - Cappuccino -1.25,2,9111,JED DM - Red Sea Mall,Newlens,80,Power,Dr.M - KSA
30/9/2024,637,Newlens Contact Lenses - Cappuccino -1.25,2,9142,AHS DM - Baha Mall,Newlens,80,Power,Dr.M - KSA
30/9/2024,637,Newlens Contact Lenses - Cappuccino -1.25,1,9143,AHS DM - Khamis Avenue,Newlens,40,Power,Dr.M - KSA
30/9/2024,638,Newlens Contact Lenses - Cappuccino -1.5,2,2304,MO - E.Commerce Saudi,Newlens,80,Power,Magrabi - KSA
30/9/2024,638,Newlens Contact Lenses - Cappuccino -1.5,2,9101,RYD DM - Qasr Mall,Newlens,80,Power,Dr.M - KSA
30/9/2024,638,Newlens Contact Lenses - Cappuccino -1.5,1,9115,RYD DM - Riyadh Gallery,Newlens,40,Power,Dr.M - KSA
30/9/2024,638,Newlens Contact Lenses - Cappuccino -1.5,1,9148,JED DM - Prince Sultan Street,Newlens,40,Power,Dr.M - KSA
30/9/2024,639,Newlens Contact Lenses - Cappuccino -1.75,2,2304,MO - E.Commerce Saudi,Newlens,80,Power,Magrabi - KSA
30/9/2024,639,Newlens Contact Lenses - Cappuccino -1.75,1,9114,MAK DM - Makkah Mall,Newlens,40,Power,Dr.M - KSA
30/9/2024,639,Newlens Contact Lenses - Cappuccino -1.75,2,9130,RYD DM - Yasmin Plaza,Newlens,80,Power,Dr.M - KSA
30/9/2024,639,Newlens Contact Lenses - Cappuccino -1.75,1,9143,AHS DM - Khamis Avenue,Newlens,40,Power,Dr.M - KSA
30/9/2024,639,Newlens Contact Lenses - Cappuccino -1.75,2,9148,JED DM - Prince Sultan Street,Newlens,80,Power,Dr.M - KSA
30/9/2024,640,Newlens Contact Lenses - Cappuccino -2,2,9108,JED DM - Andalus Mall,Newlens,80,Power,Dr.M - KSA
30/9/2024,640,Newlens Contact Lenses - Cappuccino -2,2,9114,MAK DM - Makkah Mall,Newlens,80,Power,Dr.M - KSA
30/9/2024,640,Newlens Contact Lenses - Cappuccino -2,1,9115,RYD DM - Riyadh Gallery,Newlens,40,Power,Dr.M - KSA
30/9/2024,640,Newlens Contact Lenses - Cappuccino -2,4,9126,JED DM - Haifa Mall,Newlens,160,Power,Dr.M - KSA
30/9/2024,640,Newlens Contact Lenses - Cappuccino -2,1,9138,DMM DM - Faisaliyah Square,Newlens,40,Power,Dr.M - KSA
30/9/2024,640,Newlens Contact Lenses - Cappuccino -2,3,9154,MED DM - Noor Mall,Newlens,120,Power,Dr.M - KSA
30/9/2024,641,Newlens Contact Lenses - Cappuccino -2.25,2,9102,RYD DM - Khalid bin Walid Street,Newlens,80,Power,Dr.M - KSA
30/9/2024,641,Newlens Contact Lenses - Cappuccino -2.25,1,9114,MAK DM - Makkah Mall,Newlens,40,Power,Dr.M - KSA
30/9/2024,641,Newlens Contact Lenses - Cappuccino -2.25,2,9124,DR.M - E.Commerce,Newlens,80,Power,Dr.M - KSA
30/9/2024,641,Newlens Contact Lenses - Cappuccino -2.25,2,9136,DMM DM - Shatea Square,Newlens,80,Power,Dr.M - KSA
30/9/2024,641,Newlens Contact Lenses - Cappuccino -2.25,1,9138,DMM DM - Faisaliyah Square,Newlens,40,Power,Dr.M - KSA
30/9/2024,641,Newlens Contact Lenses - Cappuccino -2.25,2,9155,TIF DM - Jouri Mall,Newlens,80,Power,Dr.M - KSA
30/9/2024,641,Newlens Contact Lenses - Cappuccino -2.25,2,9163,RYD DM - Hamra Mall,Newlens,80,Power,Dr.M - KSA
30/9/2024,641,Newlens Contact Lenses - Cappuccino -2.25,1,9172,JED DM - Yasmin Mall,Newlens,40,Power,Dr.M - KSA
30/9/2024,642,Newlens Contact Lenses - Cappuccino -2.5,2,9143,AHS DM - Khamis Avenue,Newlens,80,Power,Dr.M - KSA
30/9/2024,642,Newlens Contact Lenses - Cappuccino -2.5,4,9146,TBK DM - Park Mall,Newlens,160,Power,Dr.M - KSA
30/9/2024,642,Newlens Contact Lenses - Cappuccino -2.5,1,9154,MED DM - Noor Mall,Newlens,40,Power,Dr.M - KSA
30/9/2024,643,Newlens Contact Lenses - Cappuccino -2.75,2,2304,MO - E.Commerce Saudi,Newlens,80,Power,Magrabi - KSA
30/9/2024,644,Newlens Contact Lenses - Cappuccino -3,4,2304,MO - E.Commerce Saudi,Newlens,160,Power,Magrabi - KSA
30/9/2024,644,Newlens Contact Lenses - Cappuccino -3,2,9111,JED DM - Red Sea Mall,Newlens,80,Power,Dr.M - KSA
30/9/2024,644,Newlens Contact Lenses - Cappuccino -3,1,9115,RYD DM - Riyadh Gallery,Newlens,40,Power,Dr.M - KSA
30/9/2024,644,Newlens Contact Lenses - Cappuccino -3,2,9154,MED DM - Noor Mall,Newlens,80,Power,Dr.M - KSA
30/9/2024,645,Newlens Contact Lenses - Cappuccino -3.25,1,9115,RYD DM - Riyadh Gallery,Newlens,40,Power,Dr.M - KSA
30/9/2024,645,Newlens Contact Lenses - Cappuccino -3.25,1,9172,JED DM - Yasmin Mall,Newlens,40,Power,Dr.M - KSA
30/9/2024,646,Newlens Contact Lenses - Cappuccino -3.5,2,9131,QSM DM - Nakhil Plaza,Newlens,80,Power,Dr.M - KSA
30/9/2024,646,Newlens Contact Lenses - Cappuccino -3.5,1,9148,JED DM - Prince Sultan Street,Newlens,40,Power,Dr.M - KSA
30/9/2024,647,Newlens Contact Lenses - Cappuccino -3.75,1,9142,AHS DM - Baha Mall,Newlens,40,Power,Dr.M - KSA
30/9/2024,648,Newlens Contact Lenses - Cappuccino -4,1,9142,AHS DM - Baha Mall,Newlens,40,Power,Dr.M - KSA
30/9/2024,866,Newlens Contact Lenses - Copper +3,2,9144,DMM DM - Dhahran Mall 2,Newlens,80,Power,Dr.M - KSA
30/9/2024,816,Newlens Contact Lenses - Copper -1,1,9155,TIF DM - Jouri Mall,Newlens,40,Power,Dr.M - KSA
30/9/2024,817,Newlens Contact Lenses - Copper -1.25,2,9122,RYD DM - Salam Mall,Newlens,80,Power,Dr.M - KSA
30/9/2024,817,Newlens Contact Lenses - Copper -1.25,1,9155,TIF DM - Jouri Mall,Newlens,40,Power,Dr.M - KSA
30/9/2024,818,Newlens Contact Lenses - Copper -1.5,2,2304,MO - E.Commerce Saudi,Newlens,80,Power,Magrabi - KSA
30/9/2024,818,Newlens Contact Lenses - Copper -1.5,1,9147,DMM DM - DAREEN MALL,Newlens,40,Power,Dr.M - KSA
30/9/2024,818,Newlens Contact Lenses - Copper -1.5,1,9154,MED DM - Noor Mall,Newlens,40,Power,Dr.M - KSA
30/9/2024,819,Newlens Contact Lenses - Copper -1.75,2,2304,MO - E.Commerce Saudi,Newlens,80,Power,Magrabi - KSA
30/9/2024,819,Newlens Contact Lenses - Copper -1.75,1,9154,MED DM - Noor Mall,Newlens,40,Power,Dr.M - KSA
30/9/2024,820,Newlens Contact Lenses - Copper -2,2,9112,RYD DM - Nakhil Mall,Newlens,80,Power,Dr.M - KSA
30/9/2024,820,Newlens Contact Lenses - Copper -2,1,9147,DMM DM - DAREEN MALL,Newlens,40,Power,Dr.M - KSA
30/9/2024,820,Newlens Contact Lenses - Copper -2,1,9154,MED DM - Noor Mall,Newlens,40,Power,Dr.M - KSA
30/9/2024,821,Newlens Contact Lenses - Copper -2.25,2,2304,MO - E.Commerce Saudi,Newlens,80,Power,Magrabi - KSA
30/9/2024,821,Newlens Contact Lenses - Copper -2.25,2,9131,QSM DM - Nakhil Plaza,Newlens,80,Power,Dr.M - KSA
30/9/2024,821,Newlens Contact Lenses - Copper -2.25,2,9142,AHS DM - Baha Mall,Newlens,80,Power,Dr.M - KSA
30/9/2024,822,Newlens Contact Lenses - Copper -2.5,3,2304,MO - E.Commerce Saudi,Newlens,120,Power,Magrabi - KSA
30/9/2024,822,Newlens Contact Lenses - Copper -2.5,1,9154,MED DM - Noor Mall,Newlens,40,Power,Dr.M - KSA
30/9/2024,823,Newlens Contact Lenses - Copper -2.75,2,2304,MO - E.Commerce Saudi,Newlens,80,Power,Magrabi - KSA
30/9/2024,823,Newlens Contact Lenses - Copper -2.75,1,9123,JED DM - Nahdi Shop-in-Shop 1(no,Newlens,40,Power,Dr.M - KSA
30/9/2024,823,Newlens Contact Lenses - Copper -2.75,2,9131,QSM DM - Nakhil Plaza,Newlens,80,Power,Dr.M - KSA
30/9/2024,823,Newlens Contact Lenses - Copper -2.75,2,9172,JED DM - Yasmin Mall,Newlens,80,Power,Dr.M - KSA
30/9/2024,824,Newlens Contact Lenses - Copper -3,1,9122,RYD DM - Salam Mall,Newlens,40,Power,Dr.M - KSA
30/9/2024,826,Newlens Contact Lenses - Copper -3.5,1,9122,RYD DM - Salam Mall,Newlens,40,Power,Dr.M - KSA
30/9/2024,826,Newlens Contact Lenses - Copper -3.5,1,9123,JED DM - Nahdi Shop-in-Shop 1(no,Newlens,40,Power,Dr.M - KSA
30/9/2024,827,Newlens Contact Lenses - Copper -3.75,1,2304,MO - E.Commerce Saudi,Newlens,40,Power,Magrabi - KSA
30/9/2024,827,Newlens Contact Lenses - Copper -3.75,2,9147,DMM DM - DAREEN MALL,Newlens,80,Power,Dr.M - KSA
30/9/2024,830,Newlens Contact Lenses - Copper -4.5,1,9154,MED DM - Noor Mall,Newlens,40,Power,Dr.M - KSA
30/9/2024,833,Newlens Contact Lenses - Copper -5.25,1,9154,MED DM - Noor Mall,Newlens,40,Power,Dr.M - KSA
30/9/2024,743,Newlens Contact Lenses - Cream +1.5,1,9135,DMM DM - Bohaira Plaza,Newlens,40,Power,Dr.M - KSA
30/9/2024,744,Newlens Contact Lenses - Cream +2,2,9108,JED DM - Andalus Mall,Newlens,80,Power,Dr.M - KSA
30/9/2024,744,Newlens Contact Lenses - Cream +2,1,9135,DMM DM - Bohaira Plaza,Newlens,40,Power,Dr.M - KSA
30/9/2024,748,Newlens Contact Lenses - Cream +4,2,9157,JED DM - Mall of Arabia,Newlens,80,Power,Dr.M - KSA
30/9/2024,696,Newlens Contact Lenses - Cream -1,2,2304,MO - E.Commerce Saudi,Newlens,80,Power,Magrabi - KSA
30/9/2024,698,Newlens Contact Lenses - Cream -1.5,2,2304,MO - E.Commerce Saudi,Newlens,80,Power,Magrabi - KSA
30/9/2024,699,Newlens Contact Lenses - Cream -1.75,2,2304,MO - E.Commerce Saudi,Newlens,80,Power,Magrabi - KSA
30/9/2024,700,Newlens Contact Lenses - Cream -2,1,2304,MO - E.Commerce Saudi,Newlens,40,Power,Magrabi - KSA
30/9/2024,703,Newlens Contact Lenses - Cream -2.75,1,2304,MO - E.Commerce Saudi,Newlens,40,Power,Magrabi - KSA
30/9/2024,705,Newlens Contact Lenses - Cream -3.25,1,9143,AHS DM - Khamis Avenue,Newlens,40,Power,Dr.M - KSA
30/9/2024,706,Newlens Contact Lenses - Cream -3.5,1,9113,JED DM - Jeddah Park Mall,Newlens,40,Power,Dr.M - KSA
30/9/2024,706,Newlens Contact Lenses - Cream -3.5,2,9142,AHS DM - Baha Mall,Newlens,80,Power,Dr.M - KSA
30/9/2024,707,Newlens Contact Lenses - Cream -3.75,1,9143,AHS DM - Khamis Avenue,Newlens,40,Power,Dr.M - KSA
30/9/2024,708,Newlens Contact Lenses - Cream -4,2,9144,DMM DM - Dhahran Mall 2,Newlens,80,Power,Dr.M - KSA
30/9/2024,711,Newlens Contact Lenses - Cream -4.75,2,9112,RYD DM - Nakhil Mall,Newlens,80,Power,Dr.M - KSA
30/9/2024,716,Newlens Contact Lenses - Cream -6,1,9113,JED DM - Jeddah Park Mall,Newlens,40,Power,Dr.M - KSA
30/9/2024,718,Newlens Contact Lenses - Cream -7,2,9137,RYD DM - Nada Plaza,Newlens,80,Power,Dr.M - KSA
30/9/2024,388,Newlens Contact Lenses - Diamond +4,1,9163,RYD DM - Hamra Mall,Newlens,40,Power,Dr.M - KSA
30/9/2024,389,Newlens Contact Lenses - Diamond +4.5,1,9163,RYD DM - Hamra Mall,Newlens,40,Power,Dr.M - KSA
30/9/2024,336,Newlens Contact Lenses - Diamond -1,2,9142,AHS DM - Baha Mall,Newlens,80,Power,Dr.M - KSA
30/9/2024,340,Newlens Contact Lenses - Diamond -2,1,9154,MED DM - Noor Mall,Newlens,40,Power,Dr.M - KSA
30/9/2024,341,Newlens Contact Lenses - Diamond -2.25,1,9154,MED DM - Noor Mall,Newlens,40,Power,Dr.M - KSA
30/9/2024,354,Newlens Contact Lenses - Diamond -5.5,2,9101,RYD DM - Qasr Mall,Newlens,80,Power,Dr.M - KSA
30/9/2024,267,Newlens Contact Lenses - Espresso +3.5,2,9108,JED DM - Andalus Mall,Newlens,80,Power,Dr.M - KSA
30/9/2024,216,Newlens Contact Lenses - Espresso -1,1,2304,MO - E.Commerce Saudi,Newlens,40,Power,Magrabi - KSA
30/9/2024,216,Newlens Contact Lenses - Espresso -1,2,9121,RYD DM - Hayat Mall,Newlens,80,Power,Dr.M - KSA
30/9/2024,216,Newlens Contact Lenses - Espresso -1,2,9142,AHS DM - Baha Mall,Newlens,80,Power,Dr.M - KSA
30/9/2024,216,Newlens Contact Lenses - Espresso -1,1,9155,TIF DM - Jouri Mall,Newlens,40,Power,Dr.M - KSA
30/9/2024,217,Newlens Contact Lenses - Espresso -1.25,1,2304,MO - E.Commerce Saudi,Newlens,40,Power,Magrabi - KSA
30/9/2024,217,Newlens Contact Lenses - Espresso -1.25,2,9129,RYD DM - King Abdul Aziz street,Newlens,80,Power,Dr.M - KSA
30/9/2024,217,Newlens Contact Lenses - Espresso -1.25,1,9137,RYD DM - Nada Plaza,Newlens,40,Power,Dr.M - KSA
30/9/2024,217,Newlens Contact Lenses - Espresso -1.25,1,9155,TIF DM - Jouri Mall,Newlens,40,Power,Dr.M - KSA
30/9/2024,217,Newlens Contact Lenses - Espresso -1.25,2,9165,GIZ DM - Rashid Mall,Newlens,80,Power,Dr.M - KSA
30/9/2024,218,Newlens Contact Lenses - Espresso -1.5,1,2304,MO - E.Commerce Saudi,Newlens,40,Power,Magrabi - KSA
30/9/2024,218,Newlens Contact Lenses - Espresso -1.5,2,9106,AHS DM - Ahsa Mall,Newlens,80,Power,Dr.M - KSA
30/9/2024,218,Newlens Contact Lenses - Espresso -1.5,1,9114,MAK DM - Makkah Mall,Newlens,40,Power,Dr.M - KSA
30/9/2024,218,Newlens Contact Lenses - Espresso -1.5,1,9147,DMM DM - DAREEN MALL,Newlens,40,Power,Dr.M - KSA
30/9/2024,219,Newlens Contact Lenses - Espresso -1.75,3,2304,MO - E.Commerce Saudi,Newlens,120,Power,Magrabi - KSA
30/9/2024,219,Newlens Contact Lenses - Espresso -1.75,1,9114,MAK DM - Makkah Mall,Newlens,40,Power,Dr.M - KSA
30/9/2024,220,Newlens Contact Lenses - Espresso -2,3,2304,MO - E.Commerce Saudi,Newlens,120,Power,Magrabi - KSA
30/9/2024,220,Newlens Contact Lenses - Espresso -2,1,9137,RYD DM - Nada Plaza,Newlens,40,Power,Dr.M - KSA
30/9/2024,220,Newlens Contact Lenses - Espresso -2,2,9142,AHS DM - Baha Mall,Newlens,80,Power,Dr.M - KSA
30/9/2024,220,Newlens Contact Lenses - Espresso -2,2,9143,AHS DM - Khamis Avenue,Newlens,80,Power,Dr.M - KSA
30/9/2024,220,Newlens Contact Lenses - Espresso -2,1,9147,DMM DM - DAREEN MALL,Newlens,40,Power,Dr.M - KSA
30/9/2024,220,Newlens Contact Lenses - Espresso -2,1,9157,JED DM - Mall of Arabia,Newlens,40,Power,Dr.M - KSA
30/9/2024,221,Newlens Contact Lenses - Espresso -2.25,6,2304,MO - E.Commerce Saudi,Newlens,240,Power,Magrabi - KSA
30/9/2024,221,Newlens Contact Lenses - Espresso -2.25,1,9143,AHS DM - Khamis Avenue,Newlens,40,Power,Dr.M - KSA
30/9/2024,222,Newlens Contact Lenses - Espresso -2.5,2,2304,MO - E.Commerce Saudi,Newlens,80,Power,Magrabi - KSA
30/9/2024,222,Newlens Contact Lenses - Espresso -2.5,1,9114,MAK DM - Makkah Mall,Newlens,40,Power,Dr.M - KSA
30/9/2024,222,Newlens Contact Lenses - Espresso -2.5,1,9143,AHS DM - Khamis Avenue,Newlens,40,Power,Dr.M - KSA
30/9/2024,222,Newlens Contact Lenses - Espresso -2.5,1,9154,MED DM - Noor Mall,Newlens,40,Power,Dr.M - KSA
30/9/2024,222,Newlens Contact Lenses - Espresso -2.5,1,9157,JED DM - Mall of Arabia,Newlens,40,Power,Dr.M - KSA
30/9/2024,223,Newlens Contact Lenses - Espresso -2.75,5,2304,MO - E.Commerce Saudi,Newlens,200,Power,Magrabi - KSA
30/9/2024,223,Newlens Contact Lenses - Espresso -2.75,1,9114,MAK DM - Makkah Mall,Newlens,40,Power,Dr.M - KSA
30/9/2024,223,Newlens Contact Lenses - Espresso -2.75,2,9172,JED DM - Yasmin Mall,Newlens,80,Power,Dr.M - KSA
30/9/2024,224,Newlens Contact Lenses - Espresso -3,2,2304,MO - E.Commerce Saudi,Newlens,80,Power,Magrabi - KSA
30/9/2024,225,Newlens Contact Lenses - Espresso -3.25,1,2304,MO - E.Commerce Saudi,Newlens,40,Power,Magrabi - KSA
30/9/2024,226,Newlens Contact Lenses - Espresso -3.5,6,2304,MO - E.Commerce Saudi,Newlens,240,Power,Magrabi - KSA
30/9/2024,226,Newlens Contact Lenses - Espresso -3.5,1,9154,MED DM - Noor Mall,Newlens,40,Power,Dr.M - KSA
30/9/2024,227,Newlens Contact Lenses - Espresso -3.75,2,2304,MO - E.Commerce Saudi,Newlens,80,Power,Magrabi - KSA
30/9/2024,227,Newlens Contact Lenses - Espresso -3.75,1,9111,JED DM - Red Sea Mall,Newlens,40,Power,Dr.M - KSA
30/9/2024,228,Newlens Contact Lenses - Espresso -4,1,2304,MO - E.Commerce Saudi,Newlens,40,Power,Magrabi - KSA
30/9/2024,228,Newlens Contact Lenses - Espresso -4,1,9111,JED DM - Red Sea Mall,Newlens,40,Power,Dr.M - KSA
30/9/2024,230,Newlens Contact Lenses - Espresso -4.5,2,9123,JED DM - Nahdi Shop-in-Shop 1(no,Newlens,80,Power,Dr.M - KSA
30/9/2024,230,Newlens Contact Lenses - Espresso -4.5,1,9154,MED DM - Noor Mall,Newlens,40,Power,Dr.M - KSA
30/9/2024,231,Newlens Contact Lenses - Espresso -4.75,2,9122,RYD DM - Salam Mall,Newlens,80,Power,Dr.M - KSA
30/9/2024,233,Newlens Contact Lenses - Espresso -5.25,1,9154,MED DM - Noor Mall,Newlens,40,Power,Dr.M - KSA
30/9/2024,237,Newlens Contact Lenses - Espresso -6.5,2,9122,RYD DM - Salam Mall,Newlens,80,Power,Dr.M - KSA
30/9/2024,240,Newlens Contact Lenses - Espresso -8,2,9106,AHS DM - Ahsa Mall,Newlens,80,Power,Dr.M - KSA
30/9/2024,240,Newlens Contact Lenses - Espresso -8,1,9114,MAK DM - Makkah Mall,Newlens,40,Power,Dr.M - KSA
30/9/2024,242,Newlens Contact Lenses - Espresso -9,1,9114,MAK DM - Makkah Mall,Newlens,40,Power,Dr.M - KSA
30/9/2024,576,Newlens Contact Lenses - Gray -1,2,9113,JED DM - Jeddah Park Mall,Newlens,80,Power,Dr.M - KSA
30/9/2024,576,Newlens Contact Lenses - Gray -1,2,9167,RYD DM - Olaya Street (New),Newlens,80,Power,Dr.M - KSA
30/9/2024,577,Newlens Contact Lenses - Gray -1.25,2,9122,RYD DM - Salam Mall,Newlens,80,Power,Dr.M - KSA
30/9/2024,578,Newlens Contact Lenses - Gray -1.5,2,9101,RYD DM - Qasr Mall,Newlens,80,Power,Dr.M - KSA
30/9/2024,580,Newlens Contact Lenses - Gray -2,1,2304,MO - E.Commerce Saudi,Newlens,40,Power,Magrabi - KSA
30/9/2024,580,Newlens Contact Lenses - Gray -2,2,9114,MAK DM - Makkah Mall,Newlens,80,Power,Dr.M - KSA
30/9/2024,581,Newlens Contact Lenses - Gray -2.25,1,9153,MED DM - Magrabi Center Mouwasat,Newlens,40,Power,Dr.M - KSA
30/9/2024,582,Newlens Contact Lenses - Gray -2.5,1,2304,MO - E.Commerce Saudi,Newlens,40,Power,Magrabi - KSA
30/9/2024,582,Newlens Contact Lenses - Gray -2.5,1,9153,MED DM - Magrabi Center Mouwasat,Newlens,40,Power,Dr.M - KSA
30/9/2024,583,Newlens Contact Lenses - Gray -2.75,1,9101,RYD DM - Qasr Mall,Newlens,40,Power,Dr.M - KSA
30/9/2024,583,Newlens Contact Lenses - Gray -2.75,2,9113,JED DM - Jeddah Park Mall,Newlens,80,Power,Dr.M - KSA
30/9/2024,584,Newlens Contact Lenses - Gray -3,1,9101,RYD DM - Qasr Mall,Newlens,40,Power,Dr.M - KSA
30/9/2024,586,Newlens Contact Lenses - Gray -3.5,1,9122,RYD DM - Salam Mall,Newlens,40,Power,Dr.M - KSA
30/9/2024,588,Newlens Contact Lenses - Gray -4,1,9122,RYD DM - Salam Mall,Newlens,40,Power,Dr.M - KSA
30/9/2024,588,Newlens Contact Lenses - Gray -4,2,9132,RYD DM - Rawabi Plaza,Newlens,80,Power,Dr.M - KSA
30/9/2024,1283,Newlens Contact Lenses - Jazz +1.5,1,9126,JED DM - Haifa Mall,Newlens,40,Power,Dr.M - KSA
30/9/2024,1284,Newlens Contact Lenses - Jazz +2,1,9126,JED DM - Haifa Mall,Newlens,40,Power,Dr.M - KSA
30/9/2024,1285,Newlens Contact Lenses - Jazz +2.5,1,9113,JED DM - Jeddah Park Mall,Newlens,40,Power,Dr.M - KSA
30/9/2024,1285,Newlens Contact Lenses - Jazz +2.5,1,9170,JED DM - Aziz Mall,Newlens,40,Power,Dr.M - KSA
30/9/2024,1286,Newlens Contact Lenses - Jazz +3,1,9113,JED DM - Jeddah Park Mall,Newlens,40,Power,Dr.M - KSA
30/9/2024,1286,Newlens Contact Lenses - Jazz +3,1,9170,JED DM - Aziz Mall,Newlens,40,Power,Dr.M - KSA
30/9/2024,1288,Newlens Contact Lenses - Jazz +4,2,9157,JED DM - Mall of Arabia,Newlens,80,Power,Dr.M - KSA
30/9/2024,1288,Newlens Contact Lenses - Jazz +4,1,9163,RYD DM - Hamra Mall,Newlens,40,Power,Dr.M - KSA
30/9/2024,1289,Newlens Contact Lenses - Jazz +4.5,1,9163,RYD DM - Hamra Mall,Newlens,40,Power,Dr.M - KSA
30/9/2024,1235,Newlens Contact Lenses - Jazz -0.75,1,9165,GIZ DM - Rashid Mall,Newlens,40,Power,Dr.M - KSA
30/9/2024,1236,Newlens Contact Lenses - Jazz -1,3,9113,JED DM - Jeddah Park Mall,Newlens,120,Power,Dr.M - KSA
30/9/2024,1236,Newlens Contact Lenses - Jazz -1,1,9114,MAK DM - Makkah Mall,Newlens,40,Power,Dr.M - KSA
30/9/2024,1236,Newlens Contact Lenses - Jazz -1,1,9121,RYD DM - Hayat Mall,Newlens,40,Power,Dr.M - KSA
30/9/2024,1236,Newlens Contact Lenses - Jazz -1,2,9142,AHS DM - Baha Mall,Newlens,80,Power,Dr.M - KSA
30/9/2024,1236,Newlens Contact Lenses - Jazz -1,2,9148,JED DM - Prince Sultan Street,Newlens,80,Power,Dr.M - KSA
30/9/2024,1236,Newlens Contact Lenses - Jazz -1,1,9165,GIZ DM - Rashid Mall,Newlens,40,Power,Dr.M - KSA
30/9/2024,1236,Newlens Contact Lenses - Jazz -1,2,9170,JED DM - Aziz Mall,Newlens,80,Power,Dr.M - KSA
30/9/2024,1237,Newlens Contact Lenses - Jazz -1.25,2,9111,JED DM - Red Sea Mall,Newlens,80,Power,Dr.M - KSA
30/9/2024,1237,Newlens Contact Lenses - Jazz -1.25,1,9114,MAK DM - Makkah Mall,Newlens,40,Power,Dr.M - KSA
30/9/2024,1237,Newlens Contact Lenses - Jazz -1.25,1,9121,RYD DM - Hayat Mall,Newlens,40,Power,Dr.M - KSA
30/9/2024,1237,Newlens Contact Lenses - Jazz -1.25,4,9131,QSM DM - Nakhil Plaza,Newlens,160,Power,Dr.M - KSA
30/9/2024,1237,Newlens Contact Lenses - Jazz -1.25,2,9144,DMM DM - Dhahran Mall 2,Newlens,80,Power,Dr.M - KSA
30/9/2024,1238,Newlens Contact Lenses - Jazz -1.5,1,9113,JED DM - Jeddah Park Mall,Newlens,40,Power,Dr.M - KSA
30/9/2024,1238,Newlens Contact Lenses - Jazz -1.5,1,9114,MAK DM - Makkah Mall,Newlens,40,Power,Dr.M - KSA
30/9/2024,1238,Newlens Contact Lenses - Jazz -1.5,2,9146,TBK DM - Park Mall,Newlens,80,Power,Dr.M - KSA
30/9/2024,1238,Newlens Contact Lenses - Jazz -1.5,2,9148,JED DM - Prince Sultan Street,Newlens,80,Power,Dr.M - KSA
30/9/2024,1238,Newlens Contact Lenses - Jazz -1.5,1,9154,MED DM - Noor Mall,Newlens,40,Power,Dr.M - KSA
30/9/2024,1238,Newlens Contact Lenses - Jazz -1.5,2,9155,TIF DM - Jouri Mall,Newlens,80,Power,Dr.M - KSA
30/9/2024,1238,Newlens Contact Lenses - Jazz -1.5,2,9171,MED DM - Nahdi Clinic,Newlens,80,Power,Dr.M - KSA
30/9/2024,1239,Newlens Contact Lenses - Jazz -1.75,2,9102,RYD DM - Khalid bin Walid Street,Newlens,80,Power,Dr.M - KSA
30/9/2024,1239,Newlens Contact Lenses - Jazz -1.75,1,9114,MAK DM - Makkah Mall,Newlens,40,Power,Dr.M - KSA
30/9/2024,1239,Newlens Contact Lenses - Jazz -1.75,2,9122,RYD DM - Salam Mall,Newlens,80,Power,Dr.M - KSA
30/9/2024,1239,Newlens Contact Lenses - Jazz -1.75,2,9130,RYD DM - Yasmin Plaza,Newlens,80,Power,Dr.M - KSA
30/9/2024,1239,Newlens Contact Lenses - Jazz -1.75,2,9148,JED DM - Prince Sultan Street,Newlens,80,Power,Dr.M - KSA
30/9/2024,1239,Newlens Contact Lenses - Jazz -1.75,1,9154,MED DM - Noor Mall,Newlens,40,Power,Dr.M - KSA
30/9/2024,1240,Newlens Contact Lenses - Jazz -2,1,2304,MO - E.Commerce Saudi,Newlens,40,Power,Magrabi - KSA
30/9/2024,1240,Newlens Contact Lenses - Jazz -2,1,9101,RYD DM - Qasr Mall,Newlens,40,Power,Dr.M - KSA
30/9/2024,1240,Newlens Contact Lenses - Jazz -2,2,9114,MAK DM - Makkah Mall,Newlens,80,Power,Dr.M - KSA
30/9/2024,1240,Newlens Contact Lenses - Jazz -2,2,9126,JED DM - Haifa Mall,Newlens,80,Power,Dr.M - KSA
30/9/2024,1240,Newlens Contact Lenses - Jazz -2,1,9143,AHS DM - Khamis Avenue,Newlens,40,Power,Dr.M - KSA
30/9/2024,1240,Newlens Contact Lenses - Jazz -2,2,9148,JED DM - Prince Sultan Street,Newlens,80,Power,Dr.M - KSA
30/9/2024,1240,Newlens Contact Lenses - Jazz -2,3,9154,MED DM - Noor Mall,Newlens,120,Power,Dr.M - KSA
30/9/2024,1240,Newlens Contact Lenses - Jazz -2,2,9171,MED DM - Nahdi Clinic,Newlens,80,Power,Dr.M - KSA
30/9/2024,1241,Newlens Contact Lenses - Jazz -2.25,1,9126,JED DM - Haifa Mall,Newlens,40,Power,Dr.M - KSA
30/9/2024,1241,Newlens Contact Lenses - Jazz -2.25,2,9142,AHS DM - Baha Mall,Newlens,80,Power,Dr.M - KSA
30/9/2024,1241,Newlens Contact Lenses - Jazz -2.25,1,9153,MED DM - Magrabi Center Mouwasat,Newlens,40,Power,Dr.M - KSA
30/9/2024,1241,Newlens Contact Lenses - Jazz -2.25,3,9154,MED DM - Noor Mall,Newlens,120,Power,Dr.M - KSA
30/9/2024,1241,Newlens Contact Lenses - Jazz -2.25,2,9155,TIF DM - Jouri Mall,Newlens,80,Power,Dr.M - KSA
30/9/2024,1241,Newlens Contact Lenses - Jazz -2.25,1,9172,JED DM - Yasmin Mall,Newlens,40,Power,Dr.M - KSA
30/9/2024,1242,Newlens Contact Lenses - Jazz -2.5,1,9101,RYD DM - Qasr Mall,Newlens,40,Power,Dr.M - KSA
30/9/2024,1242,Newlens Contact Lenses - Jazz -2.5,2,9113,JED DM - Jeddah Park Mall,Newlens,80,Power,Dr.M - KSA
30/9/2024,1242,Newlens Contact Lenses - Jazz -2.5,2,9143,AHS DM - Khamis Avenue,Newlens,80,Power,Dr.M - KSA
30/9/2024,1242,Newlens Contact Lenses - Jazz -2.5,1,9153,MED DM - Magrabi Center Mouwasat,Newlens,40,Power,Dr.M - KSA
30/9/2024,1242,Newlens Contact Lenses - Jazz -2.5,2,9165,GIZ DM - Rashid Mall,Newlens,80,Power,Dr.M - KSA
30/9/2024,1243,Newlens Contact Lenses - Jazz -2.75,1,2304,MO - E.Commerce Saudi,Newlens,40,Power,Magrabi - KSA
30/9/2024,1243,Newlens Contact Lenses - Jazz -2.75,2,9143,AHS DM - Khamis Avenue,Newlens,80,Power,Dr.M - KSA
30/9/2024,1243,Newlens Contact Lenses - Jazz -2.75,2,9165,GIZ DM - Rashid Mall,Newlens,80,Power,Dr.M - KSA
30/9/2024,1244,Newlens Contact Lenses - Jazz -3,1,2304,MO - E.Commerce Saudi,Newlens,40,Power,Magrabi - KSA
30/9/2024,1244,Newlens Contact Lenses - Jazz -3,2,9114,MAK DM - Makkah Mall,Newlens,80,Power,Dr.M - KSA
30/9/2024,1244,Newlens Contact Lenses - Jazz -3,2,9115,RYD DM - Riyadh Gallery,Newlens,80,Power,Dr.M - KSA
30/9/2024,1244,Newlens Contact Lenses - Jazz -3,1,9126,JED DM - Haifa Mall,Newlens,40,Power,Dr.M - KSA
30/9/2024,1244,Newlens Contact Lenses - Jazz -3,2,9154,MED DM - Noor Mall,Newlens,80,Power,Dr.M - KSA
30/9/2024,1245,Newlens Contact Lenses - Jazz -3.25,3,2304,MO - E.Commerce Saudi,Newlens,120,Power,Magrabi - KSA
30/9/2024,1245,Newlens Contact Lenses - Jazz -3.25,1,9115,RYD DM - Riyadh Gallery,Newlens,40,Power,Dr.M - KSA
30/9/2024,1245,Newlens Contact Lenses - Jazz -3.25,1,9119,DMM DM - Nakhil Mall,Newlens,40,Power,Dr.M - KSA
30/9/2024,1245,Newlens Contact Lenses - Jazz -3.25,1,9172,JED DM - Yasmin Mall,Newlens,40,Power,Dr.M - KSA
30/9/2024,1246,Newlens Contact Lenses - Jazz -3.5,1,2304,MO - E.Commerce Saudi,Newlens,40,Power,Magrabi - KSA
30/9/2024,1246,Newlens Contact Lenses - Jazz -3.5,2,9131,QSM DM - Nakhil Plaza,Newlens,80,Power,Dr.M - KSA
30/9/2024,1246,Newlens Contact Lenses - Jazz -3.5,2,9142,AHS DM - Baha Mall,Newlens,80,Power,Dr.M - KSA
30/9/2024,1246,Newlens Contact Lenses - Jazz -3.5,1,9143,AHS DM - Khamis Avenue,Newlens,40,Power,Dr.M - KSA
30/9/2024,1246,Newlens Contact Lenses - Jazz -3.5,2,9151,RYD DM - RIYADH PARK,Newlens,80,Power,Dr.M - KSA
30/9/2024,1246,Newlens Contact Lenses - Jazz -3.5,2,9154,MED DM - Noor Mall,Newlens,80,Power,Dr.M - KSA
30/9/2024,1246,Newlens Contact Lenses - Jazz -3.5,2,9157,JED DM - Mall of Arabia,Newlens,80,Power,Dr.M - KSA
30/9/2024,1247,Newlens Contact Lenses - Jazz -3.75,1,2304,MO - E.Commerce Saudi,Newlens,40,Power,Magrabi - KSA
30/9/2024,1247,Newlens Contact Lenses - Jazz -3.75,3,9115,RYD DM - Riyadh Gallery,Newlens,120,Power,Dr.M - KSA
30/9/2024,1248,Newlens Contact Lenses - Jazz -4,2,2304,MO - E.Commerce Saudi,Newlens,80,Power,Magrabi - KSA
30/9/2024,1248,Newlens Contact Lenses - Jazz -4,2,9102,RYD DM - Khalid bin Walid Street,Newlens,80,Power,Dr.M - KSA
30/9/2024,1248,Newlens Contact Lenses - Jazz -4,1,9119,DMM DM - Nakhil Mall,Newlens,40,Power,Dr.M - KSA
30/9/2024,1250,Newlens Contact Lenses - Jazz -4.5,2,9148,JED DM - Prince Sultan Street,Newlens,80,Power,Dr.M - KSA
30/9/2024,1251,Newlens Contact Lenses - Jazz -4.75,2,9122,RYD DM - Salam Mall,Newlens,80,Power,Dr.M - KSA
30/9/2024,1256,Newlens Contact Lenses - Jazz -6,1,9163,RYD DM - Hamra Mall,Newlens,40,Power,Dr.M - KSA
30/9/2024,1257,Newlens Contact Lenses - Jazz -6.5,1,9163,RYD DM - Hamra Mall,Newlens,40,Power,Dr.M - KSA
30/9/2024,1258,Newlens Contact Lenses - Jazz -7,2,9126,JED DM - Haifa Mall,Newlens,80,Power,Dr.M - KSA
30/9/2024,996,Newlens Contact Lenses - Joy -1,4,2304,MO - E.Commerce Saudi,Newlens,160,Power,Magrabi - KSA
30/9/2024,804,Newlens Contact Lenses - Kalakas +2,2,9171,MED DM - Nahdi Clinic,Newlens,80,Power,Dr.M - KSA
30/9/2024,808,Newlens Contact Lenses - Kalakas +4,2,9108,JED DM - Andalus Mall,Newlens,80,Power,Dr.M - KSA
30/9/2024,755,Newlens Contact Lenses - Kalakas -0.75,1,9165,GIZ DM - Rashid Mall,Newlens,40,Power,Dr.M - KSA
30/9/2024,756,Newlens Contact Lenses - Kalakas -1,2,9106,AHS DM - Ahsa Mall,Newlens,80,Power,Dr.M - KSA
30/9/2024,756,Newlens Contact Lenses - Kalakas -1,2,9138,DMM DM - Faisaliyah Square,Newlens,80,Power,Dr.M - KSA
30/9/2024,756,Newlens Contact Lenses - Kalakas -1,3,9143,AHS DM - Khamis Avenue,Newlens,120,Power,Dr.M - KSA
30/9/2024,756,Newlens Contact Lenses - Kalakas -1,1,9147,DMM DM - DAREEN MALL,Newlens,40,Power,Dr.M - KSA
30/9/2024,756,Newlens Contact Lenses - Kalakas -1,1,9154,MED DM - Noor Mall,Newlens,40,Power,Dr.M - KSA
30/9/2024,756,Newlens Contact Lenses - Kalakas -1,2,9157,JED DM - Mall of Arabia,Newlens,80,Power,Dr.M - KSA
30/9/2024,756,Newlens Contact Lenses - Kalakas -1,1,9165,GIZ DM - Rashid Mall,Newlens,40,Power,Dr.M - KSA
30/9/2024,757,Newlens Contact Lenses - Kalakas -1.25,4,2304,MO - E.Commerce Saudi,Newlens,160,Power,Magrabi - KSA
30/9/2024,757,Newlens Contact Lenses - Kalakas -1.25,2,9106,AHS DM - Ahsa Mall,Newlens,80,Power,Dr.M - KSA
30/9/2024,758,Newlens Contact Lenses - Kalakas -1.5,1,9112,RYD DM - Nakhil Mall,Newlens,40,Power,Dr.M - KSA
30/9/2024,758,Newlens Contact Lenses - Kalakas -1.5,1,9147,DMM DM - DAREEN MALL,Newlens,40,Power,Dr.M - KSA
30/9/2024,758,Newlens Contact Lenses - Kalakas -1.5,1,9154,MED DM - Noor Mall,Newlens,40,Power,Dr.M - KSA
30/9/2024,759,Newlens Contact Lenses - Kalakas -1.75,5,2304,MO - E.Commerce Saudi,Newlens,200,Power,Magrabi - KSA
30/9/2024,759,Newlens Contact Lenses - Kalakas -1.75,2,9108,JED DM - Andalus Mall,Newlens,80,Power,Dr.M - KSA
30/9/2024,759,Newlens Contact Lenses - Kalakas -1.75,1,9114,MAK DM - Makkah Mall,Newlens,40,Power,Dr.M - KSA
30/9/2024,760,Newlens Contact Lenses - Kalakas -2,1,9112,RYD DM - Nakhil Mall,Newlens,40,Power,Dr.M - KSA
30/9/2024,761,Newlens Contact Lenses - Kalakas -2.25,1,2304,MO - E.Commerce Saudi,Newlens,40,Power,Magrabi - KSA
30/9/2024,761,Newlens Contact Lenses - Kalakas -2.25,2,9108,JED DM - Andalus Mall,Newlens,80,Power,Dr.M - KSA
30/9/2024,761,Newlens Contact Lenses - Kalakas -2.25,1,9114,MAK DM - Makkah Mall,Newlens,40,Power,Dr.M - KSA
30/9/2024,762,Newlens Contact Lenses - Kalakas -2.5,1,9122,RYD DM - Salam Mall,Newlens,40,Power,Dr.M - KSA
30/9/2024,762,Newlens Contact Lenses - Kalakas -2.5,2,9165,GIZ DM - Rashid Mall,Newlens,80,Power,Dr.M - KSA
30/9/2024,763,Newlens Contact Lenses - Kalakas -2.75,1,2304,MO - E.Commerce Saudi,Newlens,40,Power,Magrabi - KSA
30/9/2024,763,Newlens Contact Lenses - Kalakas -2.75,2,9143,AHS DM - Khamis Avenue,Newlens,80,Power,Dr.M - KSA
30/9/2024,763,Newlens Contact Lenses - Kalakas -2.75,2,9165,GIZ DM - Rashid Mall,Newlens,80,Power,Dr.M - KSA
30/9/2024,764,Newlens Contact Lenses - Kalakas -3,1,2304,MO - E.Commerce Saudi,Newlens,40,Power,Magrabi - KSA
30/9/2024,764,Newlens Contact Lenses - Kalakas -3,2,9112,RYD DM - Nakhil Mall,Newlens,80,Power,Dr.M - KSA
30/9/2024,765,Newlens Contact Lenses - Kalakas -3.25,1,9122,RYD DM - Salam Mall,Newlens,40,Power,Dr.M - KSA
30/9/2024,765,Newlens Contact Lenses - Kalakas -3.25,2,9142,AHS DM - Baha Mall,Newlens,80,Power,Dr.M - KSA
30/9/2024,765,Newlens Contact Lenses - Kalakas -3.25,1,9143,AHS DM - Khamis Avenue,Newlens,40,Power,Dr.M - KSA
30/9/2024,766,Newlens Contact Lenses - Kalakas -3.5,1,2304,MO - E.Commerce Saudi,Newlens,40,Power,Magrabi - KSA
30/9/2024,766,Newlens Contact Lenses - Kalakas -3.5,1,9101,RYD DM - Qasr Mall,Newlens,40,Power,Dr.M - KSA
30/9/2024,766,Newlens Contact Lenses - Kalakas -3.5,2,9142,AHS DM - Baha Mall,Newlens,80,Power,Dr.M - KSA
30/9/2024,766,Newlens Contact Lenses - Kalakas -3.5,2,9151,RYD DM - RIYADH PARK,Newlens,80,Power,Dr.M - KSA
30/9/2024,767,Newlens Contact Lenses - Kalakas -3.75,1,2304,MO - E.Commerce Saudi,Newlens,40,Power,Magrabi - KSA
30/9/2024,767,Newlens Contact Lenses - Kalakas -3.75,1,9101,RYD DM - Qasr Mall,Newlens,40,Power,Dr.M - KSA
30/9/2024,768,Newlens Contact Lenses - Kalakas -4,2,9102,RYD DM - Khalid bin Walid Street,Newlens,80,Power,Dr.M - KSA
30/9/2024,768,Newlens Contact Lenses - Kalakas -4,2,9105,RYD DM - Aisha Plaza,Newlens,80,Power,Dr.M - KSA
30/9/2024,770,Newlens Contact Lenses - Kalakas -4.5,1,9154,MED DM - Noor Mall,Newlens,40,Power,Dr.M - KSA
30/9/2024,771,Newlens Contact Lenses - Kalakas -4.75,1,9154,MED DM - Noor Mall,Newlens,40,Power,Dr.M - KSA
30/9/2024,776,Newlens Contact Lenses - Kalakas -6,1,9101,RYD DM - Qasr Mall,Newlens,40,Power,Dr.M - KSA
30/9/2024,777,Newlens Contact Lenses - Kalakas -6.5,1,9171,MED DM - Nahdi Clinic,Newlens,40,Power,Dr.M - KSA
30/9/2024,778,Newlens Contact Lenses - Kalakas -7,1,9171,MED DM - Nahdi Clinic,Newlens,40,Power,Dr.M - KSA
30/9/2024,779,Newlens Contact Lenses - Kalakas -7.5,1,9101,RYD DM - Qasr Mall,Newlens,40,Power,Dr.M - KSA
30/9/2024,780,Newlens Contact Lenses - Kalakas -8,2,9154,MED DM - Noor Mall,Newlens,80,Power,Dr.M - KSA
30/9/2024,923,Newlens Contact Lenses - L'Amour +1.5,2,9165,GIZ DM - Rashid Mall,Newlens,80,Power,Dr.M - KSA
30/9/2024,928,Newlens Contact Lenses - L'Amour +4,1,9163,RYD DM - Hamra Mall,Newlens,40,Power,Dr.M - KSA
30/9/2024,929,Newlens Contact Lenses - L'Amour +4.5,1,9163,RYD DM - Hamra Mall,Newlens,40,Power,Dr.M - KSA
30/9/2024,874,Newlens Contact Lenses - L'Amour -0.5,1,9142,AHS DM - Baha Mall,Newlens,40,Power,Dr.M - KSA
30/9/2024,876,Newlens Contact Lenses - L'Amour -1,3,2304,MO - E.Commerce Saudi,Newlens,120,Power,Magrabi - KSA
30/9/2024,876,Newlens Contact Lenses - L'Amour -1,2,9106,AHS DM - Ahsa Mall,Newlens,80,Power,Dr.M - KSA
30/9/2024,876,Newlens Contact Lenses - L'Amour -1,1,9114,MAK DM - Makkah Mall,Newlens,40,Power,Dr.M - KSA
30/9/2024,876,Newlens Contact Lenses - L'Amour -1,2,9131,QSM DM - Nakhil Plaza,Newlens,80,Power,Dr.M - KSA
30/9/2024,876,Newlens Contact Lenses - L'Amour -1,2,9170,JED DM - Aziz Mall,Newlens,80,Power,Dr.M - KSA
30/9/2024,877,Newlens Contact Lenses - L'Amour -1.25,2,9111,JED DM - Red Sea Mall,Newlens,80,Power,Dr.M - KSA
30/9/2024,877,Newlens Contact Lenses - L'Amour -1.25,1,9114,MAK DM - Makkah Mall,Newlens,40,Power,Dr.M - KSA
30/9/2024,877,Newlens Contact Lenses - L'Amour -1.25,2,9131,QSM DM - Nakhil Plaza,Newlens,80,Power,Dr.M - KSA
30/9/2024,877,Newlens Contact Lenses - L'Amour -1.25,1,9143,AHS DM - Khamis Avenue,Newlens,40,Power,Dr.M - KSA
30/9/2024,878,Newlens Contact Lenses - L'Amour -1.5,4,2304,MO - E.Commerce Saudi,Newlens,160,Power,Magrabi - KSA
30/9/2024,878,Newlens Contact Lenses - L'Amour -1.5,1,9115,RYD DM - Riyadh Gallery,Newlens,40,Power,Dr.M - KSA
30/9/2024,878,Newlens Contact Lenses - L'Amour -1.5,2,9146,TBK DM - Park Mall,Newlens,80,Power,Dr.M - KSA
30/9/2024,878,Newlens Contact Lenses - L'Amour -1.5,2,9155,TIF DM - Jouri Mall,Newlens,80,Power,Dr.M - KSA
30/9/2024,878,Newlens Contact Lenses - L'Amour -1.5,2,9165,GIZ DM - Rashid Mall,Newlens,80,Power,Dr.M - KSA
30/9/2024,879,Newlens Contact Lenses - L'Amour -1.75,2,2304,MO - E.Commerce Saudi,Newlens,80,Power,Magrabi - KSA
30/9/2024,879,Newlens Contact Lenses - L'Amour -1.75,1,9143,AHS DM - Khamis Avenue,Newlens,40,Power,Dr.M - KSA
30/9/2024,879,Newlens Contact Lenses - L'Amour -1.75,2,9163,RYD DM - Hamra Mall,Newlens,80,Power,Dr.M - KSA
30/9/2024,880,Newlens Contact Lenses - L'Amour -2,2,9112,RYD DM - Nakhil Mall,Newlens,80,Power,Dr.M - KSA
30/9/2024,880,Newlens Contact Lenses - L'Amour -2,1,9115,RYD DM - Riyadh Gallery,Newlens,40,Power,Dr.M - KSA
30/9/2024,880,Newlens Contact Lenses - L'Amour -2,1,9143,AHS DM - Khamis Avenue,Newlens,40,Power,Dr.M - KSA
30/9/2024,880,Newlens Contact Lenses - L'Amour -2,1,9148,JED DM - Prince Sultan Street,Newlens,40,Power,Dr.M - KSA
30/9/2024,880,Newlens Contact Lenses - L'Amour -2,2,9163,RYD DM - Hamra Mall,Newlens,80,Power,Dr.M - KSA
30/9/2024,881,Newlens Contact Lenses - L'Amour -2.25,1,9102,RYD DM - Khalid bin Walid Street,Newlens,40,Power,Dr.M - KSA
30/9/2024,881,Newlens Contact Lenses - L'Amour -2.25,1,9112,RYD DM - Nakhil Mall,Newlens,40,Power,Dr.M - KSA
30/9/2024,881,Newlens Contact Lenses - L'Amour -2.25,1,9148,JED DM - Prince Sultan Street,Newlens,40,Power,Dr.M - KSA
30/9/2024,881,Newlens Contact Lenses - L'Amour -2.25,2,9163,RYD DM - Hamra Mall,Newlens,80,Power,Dr.M - KSA
30/9/2024,882,Newlens Contact Lenses - L'Amour -2.5,1,2304,MO - E.Commerce Saudi,Newlens,40,Power,Magrabi - KSA
30/9/2024,882,Newlens Contact Lenses - L'Amour -2.5,4,9146,TBK DM - Park Mall,Newlens,160,Power,Dr.M - KSA
30/9/2024,883,Newlens Contact Lenses - L'Amour -2.75,3,2304,MO - E.Commerce Saudi,Newlens,120,Power,Magrabi - KSA
30/9/2024,883,Newlens Contact Lenses - L'Amour -2.75,1,9112,RYD DM - Nakhil Mall,Newlens,40,Power,Dr.M - KSA
30/9/2024,883,Newlens Contact Lenses - L'Amour -2.75,2,9131,QSM DM - Nakhil Plaza,Newlens,80,Power,Dr.M - KSA
30/9/2024,884,Newlens Contact Lenses - L'Amour -3,1,9102,RYD DM - Khalid bin Walid Street,Newlens,40,Power,Dr.M - KSA
30/9/2024,884,Newlens Contact Lenses - L'Amour -3,2,9144,DMM DM - Dhahran Mall 2,Newlens,80,Power,Dr.M - KSA
30/9/2024,885,Newlens Contact Lenses - L'Amour -3.25,5,2304,MO - E.Commerce Saudi,Newlens,200,Power,Magrabi - KSA
30/9/2024,885,Newlens Contact Lenses - L'Amour -3.25,2,9142,AHS DM - Baha Mall,Newlens,80,Power,Dr.M - KSA
30/9/2024,886,Newlens Contact Lenses - L'Amour -3.5,1,9122,RYD DM - Salam Mall,Newlens,40,Power,Dr.M - KSA
30/9/2024,886,Newlens Contact Lenses - L'Amour -3.5,1,9143,AHS DM - Khamis Avenue,Newlens,40,Power,Dr.M - KSA
30/9/2024,887,Newlens Contact Lenses - L'Amour -3.75,1,9142,AHS DM - Baha Mall,Newlens,40,Power,Dr.M - KSA
30/9/2024,888,Newlens Contact Lenses - L'Amour -4,1,9122,RYD DM - Salam Mall,Newlens,40,Power,Dr.M - KSA
30/9/2024,888,Newlens Contact Lenses - L'Amour -4,1,9142,AHS DM - Baha Mall,Newlens,40,Power,Dr.M - KSA
30/9/2024,888,Newlens Contact Lenses - L'Amour -4,2,9144,DMM DM - Dhahran Mall 2,Newlens,80,Power,Dr.M - KSA
30/9/2024,890,Newlens Contact Lenses - L'Amour -4.5,1,9154,MED DM - Noor Mall,Newlens,40,Power,Dr.M - KSA
30/9/2024,891,Newlens Contact Lenses - L'Amour -4.75,2,9112,RYD DM - Nakhil Mall,Newlens,80,Power,Dr.M - KSA
30/9/2024,891,Newlens Contact Lenses - L'Amour -4.75,1,9154,MED DM - Noor Mall,Newlens,40,Power,Dr.M - KSA
30/9/2024,894,Newlens Contact Lenses - L'Amour -5.5,2,9101,RYD DM - Qasr Mall,Newlens,80,Power,Dr.M - KSA
30/9/2024,898,Newlens Contact Lenses - L'Amour -7,2,9148,JED DM - Prince Sultan Street,Newlens,80,Power,Dr.M - KSA
30/9/2024,985,Newlens Contact Lenses - Mint +2.5,1,9113,JED DM - Jeddah Park Mall,Newlens,40,Power,Dr.M - KSA
30/9/2024,986,Newlens Contact Lenses - Mint +3,1,9113,JED DM - Jeddah Park Mall,Newlens,40,Power,Dr.M - KSA
30/9/2024,986,Newlens Contact Lenses - Mint +3,2,9144,DMM DM - Dhahran Mall 2,Newlens,80,Power,Dr.M - KSA
30/9/2024,990,Newlens Contact Lenses - Mint +5,2,9119,DMM DM - Nakhil Mall,Newlens,80,Power,Dr.M - KSA
30/9/2024,934,Newlens Contact Lenses - Mint -0.5,1,9165,GIZ DM - Rashid Mall,Newlens,40,Power,Dr.M - KSA
30/9/2024,935,Newlens Contact Lenses - Mint -0.75,2,9148,JED DM - Prince Sultan Street,Newlens,80,Power,Dr.M - KSA
30/9/2024,935,Newlens Contact Lenses - Mint -0.75,2,9154,MED DM - Noor Mall,Newlens,80,Power,Dr.M - KSA
30/9/2024,936,Newlens Contact Lenses - Mint -1,2,2304,MO - E.Commerce Saudi,Newlens,80,Power,Magrabi - KSA
30/9/2024,936,Newlens Contact Lenses - Mint -1,1,9165,GIZ DM - Rashid Mall,Newlens,40,Power,Dr.M - KSA
30/9/2024,938,Newlens Contact Lenses - Mint -1.5,2,9124,DR.M - E.Commerce,Newlens,80,Power,Dr.M - KSA
30/9/2024,940,Newlens Contact Lenses - Mint -2,2,9126,JED DM - Haifa Mall,Newlens,80,Power,Dr.M - KSA
30/9/2024,940,Newlens Contact Lenses - Mint -2,2,9142,AHS DM - Baha Mall,Newlens,80,Power,Dr.M - KSA
30/9/2024,941,Newlens Contact Lenses - Mint -2.25,1,9112,RYD DM - Nakhil Mall,Newlens,40,Power,Dr.M - KSA
30/9/2024,942,Newlens Contact Lenses - Mint -2.5,1,2304,MO - E.Commerce Saudi,Newlens,40,Power,Magrabi - KSA
30/9/2024,942,Newlens Contact Lenses - Mint -2.5,2,9113,JED DM - Jeddah Park Mall,Newlens,80,Power,Dr.M - KSA
30/9/2024,943,Newlens Contact Lenses - Mint -2.75,3,2304,MO - E.Commerce Saudi,Newlens,120,Power,Magrabi - KSA
30/9/2024,943,Newlens Contact Lenses - Mint -2.75,1,9112,RYD DM - Nakhil Mall,Newlens,40,Power,Dr.M - KSA
30/9/2024,943,Newlens Contact Lenses - Mint -2.75,2,9113,JED DM - Jeddah Park Mall,Newlens,80,Power,Dr.M - KSA
30/9/2024,946,Newlens Contact Lenses - Mint -3.5,1,9124,DR.M - E.Commerce,Newlens,40,Power,Dr.M - KSA
30/9/2024,948,Newlens Contact Lenses - Mint -4,1,9124,DR.M - E.Commerce,Newlens,40,Power,Dr.M - KSA
30/9/2024,948,Newlens Contact Lenses - Mint -4,2,9154,MED DM - Noor Mall,Newlens,80,Power,Dr.M - KSA
30/9/2024,949,Newlens Contact Lenses - Mint -4.25,2,9108,JED DM - Andalus Mall,Newlens,80,Power,Dr.M - KSA
30/9/2024,957,Newlens Contact Lenses - Mint -6.5,2,9122,RYD DM - Salam Mall,Newlens,80,Power,Dr.M - KSA
30/9/2024,958,Newlens Contact Lenses - Mint -7,2,9126,JED DM - Haifa Mall,Newlens,80,Power,Dr.M - KSA
30/9/2024,958,Newlens Contact Lenses - Mint -7,2,9148,JED DM - Prince Sultan Street,Newlens,80,Power,Dr.M - KSA
30/9/2024,398,Newlens Contact Lenses - River -1.5,2,9165,GIZ DM - Rashid Mall,Newlens,80,Power,Dr.M - KSA
30/9/2024,400,Newlens Contact Lenses - River -2,2,9114,MAK DM - Makkah Mall,Newlens,80,Power,Dr.M - KSA
30/9/2024,456,Newlens Contact Lenses - Sky -1,1,2304,MO - E.Commerce Saudi,Newlens,40,Power,Magrabi - KSA
30/9/2024,456,Newlens Contact Lenses - Sky -1,2,9142,AHS DM - Baha Mall,Newlens,80,Power,Dr.M - KSA
30/9/2024,457,Newlens Contact Lenses - Sky -1.25,3,2304,MO - E.Commerce Saudi,Newlens,120,Power,Magrabi - KSA
30/9/2024,460,Newlens Contact Lenses - Sky -2,1,2304,MO - E.Commerce Saudi,Newlens,40,Power,Magrabi - KSA
30/9/2024,460,Newlens Contact Lenses - Sky -2,1,9101,RYD DM - Qasr Mall,Newlens,40,Power,Dr.M - KSA
30/9/2024,460,Newlens Contact Lenses - Sky -2,1,9138,DMM DM - Faisaliyah Square,Newlens,40,Power,Dr.M - KSA
30/9/2024,461,Newlens Contact Lenses - Sky -2.25,1,2304,MO - E.Commerce Saudi,Newlens,40,Power,Magrabi - KSA
30/9/2024,461,Newlens Contact Lenses - Sky -2.25,1,9138,DMM DM - Faisaliyah Square,Newlens,40,Power,Dr.M - KSA
30/9/2024,462,Newlens Contact Lenses - Sky -2.5,1,9101,RYD DM - Qasr Mall,Newlens,40,Power,Dr.M - KSA
30/9/2024,464,Newlens Contact Lenses - Sky -3,1,2304,MO - E.Commerce Saudi,Newlens,40,Power,Magrabi - KSA
30/9/2024,466,Newlens Contact Lenses - Sky -3.5,1,2304,MO - E.Commerce Saudi,Newlens,40,Power,Magrabi - KSA
30/9/2024,466,Newlens Contact Lenses - Sky -3.5,2,9167,RYD DM - Olaya Street (New),Newlens,80,Power,Dr.M - KSA
30/9/2024,478,Newlens Contact Lenses - Sky -7,2,9113,JED DM - Jeddah Park Mall,Newlens,80,Power,Dr.M - KSA
30/9/2024,478,Newlens Contact Lenses - Sky -7,2,9137,RYD DM - Nada Plaza,Newlens,80,Power,Dr.M - KSA
30/9/2024,1176,Newlens Contact Lenses - Sol -1,1,9147,DMM DM - DAREEN MALL,Newlens,40,Power,Dr.M - KSA
30/9/2024,1176,Newlens Contact Lenses - Sol -1,2,9148,JED DM - Prince Sultan Street,Newlens,80,Power,Dr.M - KSA
30/9/2024,1176,Newlens Contact Lenses - Sol -1,2,9154,MED DM - Noor Mall,Newlens,80,Power,Dr.M - KSA
30/9/2024,1178,Newlens Contact Lenses - Sol -1.5,1,2304,MO - E.Commerce Saudi,Newlens,40,Power,Magrabi - KSA
30/9/2024,1178,Newlens Contact Lenses - Sol -1.5,1,9147,DMM DM - DAREEN MALL,Newlens,40,Power,Dr.M - KSA
30/9/2024,1179,Newlens Contact Lenses - Sol -1.75,1,2304,MO - E.Commerce Saudi,Newlens,40,Power,Magrabi - KSA
30/9/2024,1180,Newlens Contact Lenses - Sol -2,1,2304,MO - E.Commerce Saudi,Newlens,40,Power,Magrabi - KSA
30/9/2024,1184,Newlens Contact Lenses - Sol -3,1,2304,MO - E.Commerce Saudi,Newlens,40,Power,Magrabi - KSA
30/9/2024,1184,Newlens Contact Lenses - Sol -3,1,9115,RYD DM - Riyadh Gallery,Newlens,40,Power,Dr.M - KSA
30/9/2024,1187,Newlens Contact Lenses - Sol -3.75,1,9115,RYD DM - Riyadh Gallery,Newlens,40,Power,Dr.M - KSA
30/9/2024,1200,Newlens Contact Lenses - Sol -8,1,9114,MAK DM - Makkah Mall,Newlens,40,Power,Dr.M - KSA
30/9/2024,1202,Newlens Contact Lenses - Sol -9,1,9114,MAK DM - Makkah Mall,Newlens,40,Power,Dr.M - KSA
30/9/2024,565,Newlens Contact Lenses - Sunset +2.5,2,9154,MED DM - Noor Mall,Newlens,80,Power,Dr.M - KSA
30/9/2024,568,Newlens Contact Lenses - Sunset +4,1,9163,RYD DM - Hamra Mall,Newlens,40,Power,Dr.M - KSA
30/9/2024,569,Newlens Contact Lenses - Sunset +4.5,1,9163,RYD DM - Hamra Mall,Newlens,40,Power,Dr.M - KSA
30/9/2024,519,Newlens Contact Lenses - Sunset -1.75,4,9154,MED DM - Noor Mall,Newlens,160,Power,Dr.M - KSA
30/9/2024,521,Newlens Contact Lenses - Sunset -2.25,2,9122,RYD DM - Salam Mall,Newlens,80,Power,Dr.M - KSA
30/9/2024,524,Newlens Contact Lenses - Sunset -3,2,2304,MO - E.Commerce Saudi,Newlens,80,Power,Magrabi - KSA
30/9/2024,526,Newlens Contact Lenses - Sunset -3.5,2,9154,MED DM - Noor Mall,Newlens,80,Power,Dr.M - KSA
30/9/2024,527,Newlens Contact Lenses - Sunset -3.75,2,9115,RYD DM - Riyadh Gallery,Newlens,80,Power,Dr.M - KSA
30/9/2024,540,Newlens Contact Lenses - Sunset -8,2,9106,AHS DM - Ahsa Mall,Newlens,80,Power,Dr.M - KSA
30/9/2024,1472,Lensme Contact Lenses - Honey,1,2306,MAK MO - Tassan Plaza,Lensme,75,Plano,Magrabi - KSA
30/9/2024,2722,Lensme Contact Lenses - Arabia Eye +1.5,1,2297,RYD MO - Granada Mall,Lensme,40,Power,Magrabi - KSA
30/9/2024,2682,Lensme Contact Lenses - Arabia Eye -2.75,1,2100,DMM MO - Dhahran Mall,Lensme,40,Power,Magrabi - KSA
30/9/2024,2687,Lensme Contact Lenses - Arabia Eye -4,1,2100,DMM MO - Dhahran Mall,Lensme,40,Power,Magrabi - KSA
30/9/2024,2499,Lensme Contact Lenses - Date -2,1,2061,DMM MO - Cornich Boulevard,Lensme,40,Power,Magrabi - KSA
30/9/2024,2499,Lensme Contact Lenses - Date -2,2,9135,DMM DM - Bohaira Plaza,Lensme,80,Power,Dr.M - KSA
30/9/2024,2661,Lensme Contact Lenses - Drama +1,2,2139,RYD MO - Magrabi Hospital,Lensme,80,Power,Magrabi - KSA
30/9/2024,2662,Lensme Contact Lenses - Drama +1.5,2,2289,RYD MO - Riyadh Gallery,Lensme,80,Power,Magrabi - KSA
30/9/2024,2664,Lensme Contact Lenses - Drama +2.5,1,2177,DMM MO - Faisaliyah Plaza,Lensme,40,Power,Magrabi - KSA
30/9/2024,2666,Lensme Contact Lenses - Drama +3.5,1,2177,DMM MO - Faisaliyah Plaza,Lensme,40,Power,Magrabi - KSA
30/9/2024,1581,Lensme Contact Lenses - Gray +1,1,9114,MAK DM - Makkah Mall,Lensme,40,Power,Dr.M - KSA
30/9/2024,1581,Lensme Contact Lenses - Gray +1,2,9146,TBK DM - Park Mall,Lensme,80,Power,Dr.M - KSA
30/9/2024,1582,Lensme Contact Lenses - Gray +1.5,1,9114,MAK DM - Makkah Mall,Lensme,40,Power,Dr.M - KSA
30/9/2024,1526,Lensme Contact Lenses - Honey +3.5,2,2306,MAK MO - Tassan Plaza,Lensme,80,Power,Magrabi - KSA
30/9/2024,1489,Lensme Contact Lenses - Honey -4.5,1,2311,DMM MO - Rashed Mall,Lensme,40,Power,Magrabi - KSA
30/9/2024,1490,Lensme Contact Lenses - Honey -4.75,1,2311,DMM MO - Rashed Mall,Lensme,40,Power,Magrabi - KSA
30/9/2024,1498,Lensme Contact Lenses - Honey -7.5,1,2027,TIF MO - Shehar Street,Lensme,40,Power,Magrabi - KSA
30/9/2024,1502,Lensme Contact Lenses - Honey -9.5,1,2027,TIF MO - Shehar Street,Lensme,40,Power,Magrabi - KSA
30/9/2024,5026,Lensme Contact Lenses - La Bella +1,1,2298,DMM MO - Nakhil Mall,Lensme,40,Power,Magrabi - KSA
30/9/2024,5028,Lensme Contact Lenses - La Bella +2,1,2298,DMM MO - Nakhil Mall,Lensme,40,Power,Magrabi - KSA
30/9/2024,5037,Lensme Contact Lenses - La Bella -0.5,1,2067,AHS MO - Elwan Plaza,Lensme,40,Power,Magrabi - KSA
30/9/2024,5037,Lensme Contact Lenses - La Bella -0.5,1,2342,JED MO - Tahlia Street,Lensme,40,Power,Magrabi - KSA
30/9/2024,5038,Lensme Contact Lenses - La Bella -0.75,1,2067,AHS MO - Elwan Plaza,Lensme,40,Power,Magrabi - KSA
30/9/2024,5038,Lensme Contact Lenses - La Bella -0.75,1,2342,JED MO - Tahlia Street,Lensme,40,Power,Magrabi - KSA
30/9/2024,5061,Lensme Contact Lenses - La Bella -2.25,1,2248,DMM MO - Shatea Plaza,Lensme,40,Power,Magrabi - KSA
30/9/2024,2260,Lensme Contact Lenses - Latte -2.25,2,2181,RYD MO - Nakhil Mall,Lensme,80,Power,Magrabi - KSA
,,,,,,,,,
,,,,,,,,,
,,,,,,,,,
,,,,,,,,,
,,,,,,,,,
,,,,,,,,,