Item,Location,Min Quantity,Max Quantity,no of unit per box,threshould
101011000006,Jeddah,220.00 ,241.00 ,1,50
101011000006,Riyadh,66.00 ,81.00 ,1,50
101011000008,Jeddah,214.00 ,288.00 ,1,50
101011000008,Riyadh,12.00 ,16.00 ,1,50
101011000009,Jeddah,10.00 ,13.00 ,1,50
101011000009,Riyadh,2.00 ,2.00 ,1,50
101011000011,Jeddah,36.00 ,44.00 ,1,50
101011000011,Riyadh,25.00 ,32.00 ,1,50
101011000013,Jeddah,25.00 ,34.00 ,1,50
101011000013,Riyadh,263.00 ,340.00 ,1,50
101011000019,Jeddah,"2,437.00 ","2,658.00 ",1,50
101011000019,Riyadh,31.00 ,37.00 ,1,50
101011000021,Jeddah,39.00 ,50.00 ,1,50
101011000021,Riyadh,136.00 ,166.00 ,1,50
101011000022,Jeddah,632.00 ,864.00 ,1,50
101011000022,Riyadh,"1,493.00 ","1,880.00 ",1,50
101011000023,Jeddah,76.00 ,112.00 ,1,50
101011000023,Riyadh,507.00 ,648.00 ,1,50
101011000024,Jeddah,10.00 ,14.00 ,1,50
101011000024,Riyadh,67.00 ,90.00 ,1,50
101011000027,Jeddah,358.00 ,486.00 ,1,50
101011000027,Riyadh,370.00 ,452.00 ,1,50
101011000028,Jeddah,10.00 ,12.00 ,1,50
101011000028,Riyadh,12.00 ,15.00 ,1,50
101011000032,Jeddah,26.00 ,33.00 ,1,50
101011000032,Riyadh,49.00 ,62.00 ,1,50
101011000035,Jeddah,489.00 ,636.00 ,1,50
101011000035,Riyadh,561.00 ,674.00 ,1,50
101011000039,Jeddah,14.00 ,18.00 ,1,50
101011000039,Riyadh,26.00 ,32.00 ,1,50
101011000040,Jeddah,17.00 ,23.00 ,1,50
101011000040,Riyadh,6.00 ,7.00 ,1,50
101011000041,Jeddah,8.00 ,10.00 ,1,50
101011000041,Riyadh,9.00 ,12.00 ,1,50
101011000044,Jeddah,44.00 ,61.00 ,1,50
101011000044,Riyadh,76.00 ,93.00 ,1,50
101011000048,Jeddah,57.00 ,77.00 ,1,50
101011000048,Riyadh,231.00 ,286.00 ,1,50
101011000050,Jeddah,4.00 ,5.00 ,1,50
101011000050,Riyadh,52.00 ,62.00 ,1,50
101011000053,Jeddah,38.00 ,51.00 ,1,50
101011000053,Riyadh,51.00 ,65.00 ,1,50
101011000055,Jeddah,421.00 ,534.00 ,1,50
101011000055,Riyadh,53.00 ,69.00 ,1,50
101011000056,Jeddah,123.00 ,172.00 ,1,50
101011000056,Riyadh,126.00 ,149.00 ,1,50
101011000057,Jeddah,30.00 ,42.00 ,1,50
101011000057,Riyadh,202.00 ,251.00 ,1,50
101011000058,Jeddah,104.00 ,132.00 ,1,50
101011000058,Riyadh,259.00 ,325.00 ,1,50
101011000059,Jeddah,32.00 ,43.00 ,1,50
101011000059,Riyadh,76.00 ,100.00 ,1,50
101011000061,Jeddah,36.00 ,48.00 ,1,50
101011000061,Riyadh,79.00 ,98.00 ,1,50
101011000063,Jeddah,1.00 ,1.00 ,1,50
101011000065,Jeddah,282.00 ,382.00 ,1,50
101011000065,Riyadh,184.00 ,241.00 ,1,50
101011000066,Jeddah,1.00 ,1.00 ,1,50
101011000066,Riyadh,20.00 ,24.00 ,1,50
101011000068,Jeddah,32.00 ,42.00 ,1,50
101011000068,Riyadh,126.00 ,152.00 ,1,50
101011000069,Jeddah,36.00 ,54.00 ,1,50
101011000069,Riyadh,216.00 ,293.00 ,1,50
101011000072,Jeddah,2.00 ,3.00 ,1,50
101011000072,Riyadh,89.00 ,118.00 ,1,50
101011000073,Jeddah,3.00 ,3.00 ,1,50
101011000073,Riyadh,3.00 ,4.00 ,1,50
101011000074,Jeddah,16.00 ,21.00 ,1,50
101011000074,Riyadh,85.00 ,107.00 ,1,50
101011000075,Jeddah,14.00 ,17.00 ,1,50
101011000075,Riyadh,88.00 ,116.00 ,1,50
101011000076,Jeddah,48.00 ,64.00 ,1,50
101011000076,Riyadh,130.00 ,166.00 ,1,50
101011000080,Jeddah,13.00 ,17.00 ,1,50
101011000080,Riyadh,161.00 ,198.00 ,1,50
101011000082,Jeddah,18.00 ,22.00 ,1,50
101011000082,Riyadh,37.00 ,47.00 ,1,50
101011000084,Jeddah,538.00 ,656.00 ,1,50
101011000084,Riyadh,268.00 ,333.00 ,1,50
101011000086,Jeddah,13.00 ,17.00 ,1,50
101011000086,Riyadh,70.00 ,89.00 ,1,50
101011000089,Jeddah,36.00 ,48.00 ,1,50
101011000089,Riyadh,77.00 ,97.00 ,1,50
101011000092,Jeddah,111.00 ,145.00 ,1,50
101011000092,Riyadh,342.00 ,455.00 ,1,50
101011000093,Jeddah,481.00 ,586.00 ,1,50
101011000093,Riyadh,392.00 ,499.00 ,1,50
101011000094,Jeddah,65.00 ,89.00 ,1,50
101011000094,Riyadh,134.00 ,164.00 ,1,50
101011000095,Jeddah,1.00 ,1.00 ,1,50
101011000097,Jeddah,321.00 ,454.00 ,1,50
101011000097,Riyadh,493.00 ,667.00 ,1,50
101011000099,Jeddah,223.00 ,300.00 ,1,50
101011000099,Riyadh,"1,017.00 ","1,243.00 ",1,50
101011000100,Jeddah,10.00 ,13.00 ,1,50
101011000100,Riyadh,83.00 ,112.00 ,1,50
101011000103,Jeddah,105.00 ,145.00 ,1,50
101011000103,Riyadh,269.00 ,326.00 ,1,50
101011000104,Jeddah,38.00 ,54.00 ,1,50
101011000104,Riyadh,85.00 ,103.00 ,1,50
101011000105,Jeddah,27.00 ,35.00 ,1,50
101011000105,Riyadh,58.00 ,73.00 ,1,50
101011000110,Jeddah,400.00 ,540.00 ,1,50
101011000110,Riyadh,"1,972.00 ","2,534.00 ",1,50
101011000114,Jeddah,14.00 ,17.00 ,1,50
101011000114,Riyadh,132.00 ,162.00 ,1,50
101011000116,Jeddah,18.00 ,26.00 ,1,50
101011000116,Riyadh,20.00 ,25.00 ,1,50
101011000117,Jeddah,40.00 ,52.00 ,1,50
101011000117,Riyadh,61.00 ,73.00 ,1,50
101011000119,Jeddah,140.00 ,187.00 ,1,50
101011000119,Riyadh,356.00 ,440.00 ,1,50
101011000124,Jeddah,258.00 ,368.00 ,1,50
101011000124,Riyadh,111.00 ,138.00 ,1,50
101011000125,Jeddah,16.00 ,22.00 ,1,50
101011000125,Riyadh,131.00 ,167.00 ,1,50
101011000127,Jeddah,13.00 ,18.00 ,1,50
101011000127,Riyadh,21.00 ,26.00 ,1,50
101011000128,Jeddah,20.00 ,28.00 ,1,50
101011000128,Riyadh,15.00 ,19.00 ,1,50
101011000130,Jeddah,123.00 ,157.00 ,1,50
101011000130,Riyadh,129.00 ,161.00 ,1,50
101011000131,Jeddah,16.00 ,21.00 ,1,50
101011000131,Riyadh,77.00 ,103.00 ,1,50
101011000132,Jeddah,2.00 ,2.00 ,1,50
101011000136,Jeddah,131.00 ,171.00 ,1,50
101011000136,Riyadh,139.00 ,171.00 ,1,50
101011000137,Jeddah,11.00 ,15.00 ,1,50
101011000137,Riyadh,31.00 ,40.00 ,1,50
101011000138,Jeddah,"1,076.00 ","1,145.00 ",1,50
101011000138,Riyadh,66.00 ,79.00 ,1,50
101011000140,Jeddah,277.00 ,376.00 ,1,50
101011000140,Riyadh,916.00 ,"1,151.00 ",1,50
101011000141,Jeddah,8.00 ,11.00 ,1,50
101011000141,Riyadh,38.00 ,48.00 ,1,50
101011000142,Jeddah,12.00 ,15.00 ,1,50
101011000142,Riyadh,45.00 ,54.00 ,1,50
101011000145,Jeddah,759.00 ,974.00 ,1,50
101011000145,Riyadh,950.00 ,"1,233.00 ",1,50
101011000151,Jeddah,120.00 ,171.00 ,1,50
101011000151,Riyadh,49.00 ,59.00 ,1,50
101011000152,Jeddah,1.00 ,2.00 ,1,50
101011000154,Jeddah,1.00 ,1.00 ,1,50
101011000156,Jeddah,22.00 ,33.00 ,1,50
101011000156,Riyadh,60.00 ,72.00 ,1,50
101011000160,Jeddah,36.00 ,45.00 ,1,50
101011000160,Riyadh,42.00 ,56.00 ,1,50
101011000161,Jeddah,50.00 ,69.00 ,1,50
101011000161,Riyadh,87.00 ,110.00 ,1,50
101011000162,Jeddah,139.00 ,180.00 ,1,50
101011000162,Riyadh,113.00 ,139.00 ,1,50
101011000163,Jeddah,133.00 ,175.00 ,1,50
101011000163,Riyadh,132.00 ,166.00 ,1,50
101011000166,Jeddah,216.00 ,270.00 ,1,50
101011000166,Riyadh,135.00 ,166.00 ,1,50
101011000167,Jeddah,239.00 ,310.00 ,1,50
101011000167,Riyadh,387.00 ,481.00 ,1,50
101011000170,Jeddah,93.00 ,132.00 ,1,50
101011000170,Riyadh,"1,197.00 ","1,461.00 ",1,50
101011000173,Jeddah,14.00 ,19.00 ,1,50
101011000173,Riyadh,712.00 ,925.00 ,1,50
101011000177,Jeddah,86.00 ,129.00 ,1,50
101011000177,Riyadh,"1,121.00 ","1,355.00 ",1,50
101011000178,Jeddah,116.00 ,147.00 ,1,50
101011000178,Riyadh,122.00 ,161.00 ,1,50
101011000179,Jeddah,6.00 ,8.00 ,1,50
101011000179,Riyadh,5.00 ,7.00 ,1,50
101011000180,Jeddah,"1,082.00 ","1,427.00 ",1,50
101011000180,Riyadh,"1,081.00 ","1,295.00 ",1,50
101011000181,Jeddah,3.00 ,4.00 ,1,50
101011000181,Riyadh,43.00 ,53.00 ,1,50
101011000182,Jeddah,46.00 ,71.00 ,1,50
101011000182,Riyadh,315.00 ,390.00 ,1,50
101011000184,Jeddah,43.00 ,59.00 ,1,50
101011000184,Riyadh,940.00 ,"1,162.00 ",1,50
101011000189,Jeddah,31.00 ,39.00 ,1,50
101011000189,Riyadh,540.00 ,680.00 ,1,50
101011000190,Jeddah,41.00 ,53.00 ,1,50
101011000190,Riyadh,36.00 ,44.00 ,1,50
101011000196,Jeddah,46.00 ,61.00 ,1,50
101011000196,Riyadh,238.00 ,319.00 ,1,50
101011000198,Jeddah,14.00 ,21.00 ,1,50
101011000198,Riyadh,62.00 ,74.00 ,1,50
101011000206,Jeddah,92.00 ,125.00 ,1,50
101011000206,Riyadh,71.00 ,91.00 ,1,50
101011000207,Jeddah,54.00 ,69.00 ,1,50
101011000207,Riyadh,18.00 ,22.00 ,1,50
101011000209,Jeddah,2.00 ,2.00 ,1,50
101011000210,Jeddah,191.00 ,240.00 ,1,50
101011000210,Riyadh,231.00 ,296.00 ,1,50
101011000212,Jeddah,97.00 ,125.00 ,1,50
101011000212,Riyadh,474.00 ,579.00 ,1,50
101011000219,Jeddah,447.00 ,613.00 ,1,50
101011000219,Riyadh,984.00 ,"1,202.00 ",1,50
101011000229,Jeddah,2.00 ,3.00 ,1,50
101011000230,Jeddah,2.00 ,4.00 ,1,50
101011000231,Jeddah,108.00 ,141.00 ,1,50
101011000231,Riyadh,268.00 ,324.00 ,1,50
101011000234,Jeddah,35.00 ,50.00 ,1,50
101011000234,Riyadh,130.00 ,156.00 ,1,50
101011000235,Jeddah,202.00 ,281.00 ,1,50
101011000235,Riyadh,540.00 ,659.00 ,1,50
101011000241,Jeddah,10.00 ,14.00 ,1,50
101011000241,Riyadh,67.00 ,87.00 ,1,50
101011000247,Jeddah,184.00 ,232.00 ,1,50
101011000247,Riyadh,290.00 ,350.00 ,1,50
101011000249,Jeddah,215.00 ,281.00 ,1,50
101011000249,Riyadh,"1,002.00 ","1,258.00 ",1,50
101011000250,Jeddah,15.00 ,22.00 ,1,50
101011000250,Riyadh,154.00 ,192.00 ,1,50
101011000252,Jeddah,41.00 ,55.00 ,1,50
101011000252,Riyadh,160.00 ,204.00 ,1,50
101011000260,Jeddah,339.00 ,474.00 ,1,50
101011000260,Riyadh,642.00 ,794.00 ,1,50
101011000263,Jeddah,1.00 ,1.00 ,1,50
101011000267,Jeddah,858.00 ,"1,166.00 ",1,50
101011000267,Riyadh,"1,805.00 ","2,211.00 ",1,50
101011000268,Jeddah,110.00 ,153.00 ,1,50
101011000268,Riyadh,169.00 ,219.00 ,1,50
101011000273,Jeddah,20.00 ,25.00 ,1,50
101011000273,Riyadh,20.00 ,25.00 ,1,50
101011000279,Jeddah,23.00 ,29.00 ,1,50
101011000279,Riyadh,31.00 ,37.00 ,1,50
101011000283,Jeddah,20.00 ,25.00 ,1,50
101011000283,Riyadh,345.00 ,418.00 ,1,50
101011000284,Jeddah,6.00 ,7.00 ,1,50
101011000284,Riyadh,14.00 ,18.00 ,1,50
101011000287,Jeddah,23.00 ,28.00 ,1,50
101011000287,Riyadh,25.00 ,33.00 ,1,50
101011000289,Jeddah,4.00 ,6.00 ,1,50
101011000289,Riyadh,69.00 ,83.00 ,1,50
101011000299,Jeddah,27.00 ,35.00 ,1,50
101011000299,Riyadh,49.00 ,60.00 ,1,50
101011000302,Jeddah,3.00 ,4.00 ,1,50
101011000302,Riyadh,1.00 ,1.00 ,1,50
101011000304,Jeddah,1.00 ,1.00 ,1,50
101011000305,Jeddah,17.00 ,22.00 ,1,50
101011000305,Riyadh,44.00 ,53.00 ,1,50
101011000306,Jeddah,87.00 ,119.00 ,1,50
101011000306,Riyadh,168.00 ,204.00 ,1,50
101011000308,Jeddah,1.00 ,1.00 ,1,50
101011000310,Jeddah,3.00 ,4.00 ,1,50
101011000310,Riyadh,32.00 ,38.00 ,1,50
101011000311,Jeddah,24.00 ,31.00 ,1,50
101011000311,Riyadh,41.00 ,52.00 ,1,50
101011000316,Jeddah,76.00 ,104.00 ,1,50
101011000316,Riyadh,287.00 ,347.00 ,1,50
101011000319,Jeddah,376.00 ,538.00 ,1,50
101011000319,Riyadh,319.00 ,399.00 ,1,50
101011000321,Jeddah,315.00 ,415.00 ,1,50
101011000321,Riyadh,"1,135.00 ","1,403.00 ",1,50
101011000322,Jeddah,14.00 ,18.00 ,1,50
101011000322,Riyadh,81.00 ,109.00 ,1,50
101011000325,Jeddah,323.00 ,444.00 ,1,50
101011000325,Riyadh,430.00 ,525.00 ,1,50
101011000326,Jeddah,55.00 ,74.00 ,1,50
101011000328,Jeddah,8.00 ,11.00 ,1,50
101011000328,Riyadh,54.00 ,66.00 ,1,50
101011000329,Jeddah,2.00 ,2.00 ,1,50
101011000329,Riyadh,8.00 ,10.00 ,1,50
101011000332,Jeddah,25.00 ,36.00 ,1,50
101011000332,Riyadh,67.00 ,90.00 ,1,50
101011000334,Jeddah,11.00 ,14.00 ,1,50
101011000334,Riyadh,147.00 ,182.00 ,1,50
101011000335,Jeddah,850.00 ,"1,168.00 ",1,50
101011000335,Riyadh,"1,069.00 ","1,288.00 ",1,50
101011000336,Jeddah,36.00 ,48.00 ,1,50
101011000336,Riyadh,38.00 ,47.00 ,1,50
101011000337,Jeddah,12.00 ,16.00 ,1,50
101011000337,Riyadh,119.00 ,143.00 ,1,50
101011000338,Jeddah,11.00 ,14.00 ,1,50
101011000338,Riyadh,8.00 ,10.00 ,1,50
101011000340,Jeddah,"1,166.00 ","1,493.00 ",1,50
101011000340,Riyadh,"1,519.00 ","1,821.00 ",1,50
101011000342,Jeddah,328.00 ,476.00 ,1,50
101011000342,Riyadh,960.00 ,"1,171.00 ",1,50
101011000343,Jeddah,8.00 ,11.00 ,1,50
101011000343,Riyadh,178.00 ,213.00 ,1,50
101011000344,Jeddah,129.00 ,173.00 ,1,50
101011000345,Jeddah,19.00 ,24.00 ,1,50
101011000345,Riyadh,201.00 ,241.00 ,1,50
101011000346,Jeddah,3.00 ,4.00 ,1,50
101011000346,Riyadh,4.00 ,4.00 ,1,50
101011000347,Jeddah,1.00 ,1.00 ,1,50
101011000350,Jeddah,406.00 ,537.00 ,1,50
101011000350,Riyadh,"2,583.00 ","3,166.00 ",1,50
101011000352,Jeddah,49.00 ,67.00 ,1,50
101011000352,Riyadh,194.00 ,244.00 ,1,50
101011000355,Jeddah,2.00 ,2.00 ,1,50
101011000360,Jeddah,30.00 ,40.00 ,1,50
101011000360,Riyadh,54.00 ,70.00 ,1,50
101011000361,Jeddah,12.00 ,15.00 ,1,50
101011000361,Riyadh,5.00 ,6.00 ,1,50
101011000370,Jeddah,24.00 ,29.00 ,1,50
101011000372,Jeddah,2.00 ,3.00 ,1,50
101011000372,Riyadh,14.00 ,17.00 ,1,50
101011000374,Jeddah,97.00 ,123.00 ,1,50
101011000374,Riyadh,334.00 ,407.00 ,1,50
101011000375,Jeddah,3.00 ,4.00 ,1,50
101011000375,Riyadh,1.00 ,1.00 ,1,50
101011000377,Jeddah,38.00 ,47.00 ,1,50
101011000377,Riyadh,43.00 ,53.00 ,1,50
101011000382,Jeddah,619.00 ,795.00 ,1,50
101011000382,Riyadh,"1,486.00 ","1,794.00 ",1,50
101011000386,Jeddah,130.00 ,170.00 ,1,50
101011000386,Riyadh,463.00 ,584.00 ,1,50
101011000391,Jeddah,100.00 ,132.00 ,1,50
101011000391,Riyadh,341.00 ,413.00 ,1,50
101011000392,Jeddah,362.00 ,478.00 ,1,50
101011000392,Riyadh,720.00 ,905.00 ,1,50
101011000393,Jeddah,147.00 ,187.00 ,1,50
101011000393,Riyadh,158.00 ,192.00 ,1,50
101011000395,Jeddah,26.00 ,35.00 ,1,50
101011000395,Riyadh,52.00 ,65.00 ,1,50
101011000404,Jeddah,163.00 ,198.00 ,1,50
101011000404,Riyadh,678.00 ,803.00 ,1,50
101011000406,Jeddah,66.00 ,87.00 ,1,50
101011000406,Riyadh,268.00 ,340.00 ,1,50
101011000407,Jeddah,27.00 ,34.00 ,1,50
101011000407,Riyadh,28.00 ,34.00 ,1,50
101011000408,Jeddah,30.00 ,39.00 ,1,50
101011000408,Riyadh,140.00 ,167.00 ,1,50
101011000409,Jeddah,256.00 ,370.00 ,1,50
101011000409,Riyadh,"1,462.00 ","1,799.00 ",1,50
101011000411,Jeddah,77.00 ,109.00 ,1,50
101011000411,Riyadh,182.00 ,236.00 ,1,50
101011000412,Jeddah,18.00 ,26.00 ,1,50
101011000413,Jeddah,37.00 ,49.00 ,1,50
101011000413,Riyadh,80.00 ,100.00 ,1,50
101011000414,Jeddah,44.00 ,65.00 ,1,50
101011000414,Riyadh,207.00 ,260.00 ,1,50
101011000415,Jeddah,65.00 ,80.00 ,1,50
101011000415,Riyadh,138.00 ,168.00 ,1,50
101011000416,Jeddah,35.00 ,47.00 ,1,50
101011000416,Riyadh,187.00 ,237.00 ,1,50
101011000418,Jeddah,119.00 ,156.00 ,1,50
101011000418,Riyadh,269.00 ,337.00 ,1,50
101011000419,Jeddah,25.00 ,34.00 ,1,50
101011000419,Riyadh,69.00 ,82.00 ,1,50
101011000421,Jeddah,15.00 ,20.00 ,1,50
101011000423,Jeddah,12.00 ,16.00 ,1,50
101011000423,Riyadh,180.00 ,218.00 ,1,50
101011000424,Jeddah,14.00 ,19.00 ,1,50
101011000437,Jeddah,13.00 ,17.00 ,1,50
101011000437,Riyadh,63.00 ,77.00 ,1,50
101011000439,Jeddah,1.00 ,1.00 ,1,50
101011000440,Jeddah,99.00 ,126.00 ,1,50
101011000440,Riyadh,293.00 ,370.00 ,1,50
101011000446,Jeddah,5.00 ,7.00 ,1,50
101011000446,Riyadh,8.00 ,10.00 ,1,50
101011000452,Jeddah,"2,348.00 ","2,931.00 ",1,50
101011000452,Riyadh,"3,635.00 ","4,457.00 ",1,50
101011000454,Jeddah,118.00 ,147.00 ,1,50
101011000454,Riyadh,382.00 ,491.00 ,1,50
101011000461,Jeddah,855.00 ,"1,086.00 ",1,50
101011000461,Riyadh,"2,508.00 ","3,031.00 ",1,50
101011000463,Jeddah,82.00 ,104.00 ,1,50
101011000463,Riyadh,105.00 ,142.00 ,1,50
101011000466,Jeddah,358.00 ,460.00 ,1,50
101011000466,Riyadh,731.00 ,933.00 ,1,50
101011000467,Jeddah,20.00 ,27.00 ,1,50
101011000467,Riyadh,168.00 ,211.00 ,1,50
101011000468,Jeddah,3.00 ,4.00 ,1,50
101011000469,Jeddah,11.00 ,15.00 ,1,50
101011000469,Riyadh,47.00 ,58.00 ,1,50
101011000472,Jeddah,13.00 ,17.00 ,1,50
101011000474,Jeddah,30.00 ,38.00 ,1,50
101011000475,Jeddah,5.00 ,6.00 ,1,50
101011000475,Riyadh,145.00 ,174.00 ,1,50
101011000478,Jeddah,144.00 ,185.00 ,1,50
101011000478,Riyadh,595.00 ,751.00 ,1,50
101011000479,Jeddah,23.00 ,28.00 ,1,50
101011000479,Riyadh,3.00 ,4.00 ,1,50
101011000480,Jeddah,19.00 ,25.00 ,1,50
101011000480,Riyadh,69.00 ,84.00 ,1,50
101011000481,Jeddah,235.00 ,332.00 ,1,50
101011000483,Jeddah,66.00 ,84.00 ,1,50
101011000483,Riyadh,91.00 ,112.00 ,1,50
101011000487,Jeddah,"1,512.00 ","1,881.00 ",1,50
101011000487,Riyadh,"1,894.00 ","2,322.00 ",1,50
101011000488,Jeddah,2.00 ,2.00 ,1,50
101011000490,Jeddah,78.00 ,99.00 ,1,50
101011000490,Riyadh,295.00 ,358.00 ,1,50
101011000491,Jeddah,18.00 ,23.00 ,1,50
101011000491,Riyadh,17.00 ,21.00 ,1,50
101011000492,Jeddah,199.00 ,260.00 ,1,50
101011000492,Riyadh,63.00 ,78.00 ,1,50
101011000498,Jeddah,188.00 ,298.00 ,1,50
101011000498,Riyadh,"1,017.00 ","1,234.00 ",1,50
101011000501,Jeddah,75.00 ,95.00 ,1,50
101011000501,Riyadh,18.00 ,22.00 ,1,50
101011000505,Jeddah,97.00 ,129.00 ,1,50
101011000505,Riyadh,"2,254.00 ","2,870.00 ",1,50
101011000506,Jeddah,34.00 ,48.00 ,1,50
101011000506,Riyadh,20.00 ,26.00 ,1,50
101011000508,Jeddah,1.00 ,1.00 ,1,50
101011000510,Jeddah,93.00 ,122.00 ,1,50
101011000510,Riyadh,136.00 ,180.00 ,1,50
101011000513,Jeddah,17.00 ,21.00 ,1,50
101011000513,Riyadh,271.00 ,328.00 ,1,50
101011000516,Jeddah,760.00 ,956.00 ,1,50
101011000516,Riyadh,896.00 ,"1,087.00 ",1,50
101011000519,Jeddah,3.00 ,3.00 ,1,50
101011000527,Jeddah,204.00 ,259.00 ,1,50
101011000527,Riyadh,273.00 ,332.00 ,1,50
101011000528,Jeddah,1.00 ,1.00 ,1,50
101011000529,Jeddah,2.00 ,3.00 ,1,50
101011000534,Jeddah,87.00 ,119.00 ,1,50
101011000534,Riyadh,93.00 ,113.00 ,1,50
101011000537,Jeddah,52.00 ,67.00 ,1,50
101011000537,Riyadh,135.00 ,164.00 ,1,50
101011000538,Jeddah,19.00 ,26.00 ,1,50
101011000538,Riyadh,254.00 ,299.00 ,1,50
101011000540,Jeddah,88.00 ,114.00 ,1,50
101011000540,Riyadh,337.00 ,405.00 ,1,50
101011000546,Jeddah,33.00 ,47.00 ,1,50
101011000546,Riyadh,63.00 ,84.00 ,1,50
101011000547,Jeddah,245.00 ,325.00 ,1,50
101011000547,Riyadh,511.00 ,653.00 ,1,50
101011000549,Jeddah,292.00 ,399.00 ,1,50
101011000549,Riyadh,758.00 ,924.00 ,1,50
101011000551,Jeddah,740.00 ,943.00 ,1,50
101011000551,Riyadh,"1,831.00 ","2,159.00 ",1,50
101011000552,Jeddah,48.00 ,70.00 ,1,50
101011000552,Riyadh,410.00 ,492.00 ,1,50
101011000554,Jeddah,7.00 ,10.00 ,1,50
101011000554,Riyadh,64.00 ,82.00 ,1,50
101011000555,Jeddah,41.00 ,54.00 ,1,50
101011000555,Riyadh,"1,002.00 ","1,230.00 ",1,50
101011000556,Jeddah,9.00 ,12.00 ,1,50
101011000556,Riyadh,65.00 ,77.00 ,1,50
101011000559,Jeddah,3.00 ,4.00 ,1,50
101011000559,Riyadh,2.00 ,2.00 ,1,50
101011000560,Jeddah,3.00 ,3.00 ,1,50
101011000560,Riyadh,22.00 ,27.00 ,1,50
101011000563,Jeddah,"1,289.00 ","1,674.00 ",1,50
101011000563,Riyadh,"3,729.00 ","4,576.00 ",1,50
101011000564,Jeddah,933.00 ,"1,235.00 ",1,50
101011000564,Riyadh,782.00 ,950.00 ,1,50
101011000565,Jeddah,346.00 ,417.00 ,1,50
101011000565,Riyadh,290.00 ,359.00 ,1,50
101011000570,Jeddah,4.00 ,6.00 ,1,50
101011000570,Riyadh,10.00 ,13.00 ,1,50
101011000573,Jeddah,3.00 ,4.00 ,1,50
101011000573,Riyadh,26.00 ,31.00 ,1,50
101011000575,Jeddah,3.00 ,5.00 ,1,50
101011000577,Jeddah,46.00 ,60.00 ,1,50
101011000579,Jeddah,4.00 ,7.00 ,1,50
101011000581,Jeddah,23.00 ,30.00 ,1,50
101011000582,Jeddah,1.00 ,1.00 ,1,50
101011000584,Jeddah,7.00 ,9.00 ,1,50
101011000584,Riyadh,1.00 ,2.00 ,1,50
101011000587,Jeddah,2.00 ,2.00 ,1,50
101011000589,Jeddah,3.00 ,4.00 ,1,50
101011000590,Jeddah,66.00 ,86.00 ,1,50
101011000591,Jeddah,16.00 ,20.00 ,1,50
101011000591,Riyadh,112.00 ,135.00 ,1,50
101011000593,Jeddah,121.00 ,151.00 ,1,50
101011000593,Riyadh,859.00 ,"1,118.00 ",1,50
101011000596,Jeddah,24.00 ,34.00 ,1,50
101011000596,Riyadh,7.00 ,9.00 ,1,50
101011000597,Jeddah,139.00 ,195.00 ,1,50
101011000597,Riyadh,453.00 ,553.00 ,1,50
101011000600,Jeddah,4.00 ,6.00 ,1,50
101011000604,Jeddah,257.00 ,404.00 ,1,50
101011000604,Riyadh,"1,155.00 ","1,399.00 ",1,50
101011000605,Jeddah,64.00 ,85.00 ,1,50
101011000605,Riyadh,105.00 ,128.00 ,1,50
101011000608,Jeddah,28.00 ,37.00 ,1,50
101011000608,Riyadh,5.00 ,6.00 ,1,50
101011000610,Jeddah,77.00 ,106.00 ,1,50
101011000610,Riyadh,105.00 ,127.00 ,1,50
101011000611,Jeddah,30.00 ,37.00 ,1,50
101011000611,Riyadh,183.00 ,238.00 ,1,50
101011000613,Jeddah,87.00 ,109.00 ,1,50
101011000613,Riyadh,497.00 ,608.00 ,1,50
101011000616,Jeddah,73.00 ,101.00 ,1,50
101011000616,Riyadh,907.00 ,"1,084.00 ",1,50
101011000617,Jeddah,11.00 ,15.00 ,1,50
101011000618,Jeddah,9.00 ,14.00 ,1,50
101011000618,Riyadh,44.00 ,54.00 ,1,50
101011000624,Jeddah,39.00 ,52.00 ,1,50
101011000624,Riyadh,253.00 ,329.00 ,1,50
101011000625,Jeddah,49.00 ,63.00 ,1,50
101011000625,Riyadh,159.00 ,191.00 ,1,50
101011000627,Jeddah,434.00 ,593.00 ,1,50
101011000627,Riyadh,"1,708.00 ","2,150.00 ",1,50
101011000629,Jeddah,19.00 ,25.00 ,1,50
101011000629,Riyadh,29.00 ,36.00 ,1,50
101011000630,Jeddah,62.00 ,81.00 ,1,50
101011000630,Riyadh,133.00 ,167.00 ,1,50
101011000633,Jeddah,407.00 ,512.00 ,1,50
101011000633,Riyadh,"1,483.00 ","1,892.00 ",1,50
101011000635,Jeddah,11.00 ,14.00 ,1,50
101011000635,Riyadh,29.00 ,37.00 ,1,50
101011000638,Jeddah,64.00 ,83.00 ,1,50
101011000638,Riyadh,367.00 ,444.00 ,1,50
101011000640,Jeddah,16.00 ,20.00 ,1,50
101011000640,Riyadh,127.00 ,153.00 ,1,50
101011000641,Jeddah,3.00 ,3.00 ,1,50
101011000641,Riyadh,10.00 ,13.00 ,1,50
101011000644,Jeddah,1.00 ,1.00 ,1,50
101011000644,Riyadh,1.00 ,2.00 ,1,50
101011000645,Jeddah,21.00 ,26.00 ,1,50
101011000645,Riyadh,117.00 ,151.00 ,1,50
101011000646,Jeddah,25.00 ,32.00 ,1,50
101011000646,Riyadh,242.00 ,315.00 ,1,50
101011000650,Jeddah,4.00 ,5.00 ,1,50
101011000650,Riyadh,4.00 ,5.00 ,1,50
101011000651,Jeddah,34.00 ,44.00 ,1,50
101011000651,Riyadh,169.00 ,204.00 ,1,50
101011000652,Jeddah,11.00 ,15.00 ,1,50
101011000652,Riyadh,16.00 ,20.00 ,1,50
101011000653,Jeddah,14.00 ,18.00 ,1,50
101011000653,Riyadh,216.00 ,292.00 ,1,50
101011000654,Jeddah,15.00 ,20.00 ,1,50
101011000654,Riyadh,8.00 ,10.00 ,1,50
101011000656,Jeddah,31.00 ,41.00 ,1,50
101011000656,Riyadh,51.00 ,64.00 ,1,50
101011000657,Jeddah,5.00 ,7.00 ,1,50
101011000657,Riyadh,27.00 ,33.00 ,1,50
101011000661,Jeddah,30.00 ,40.00 ,1,50
101011000661,Riyadh,175.00 ,237.00 ,1,50
101011000662,Jeddah,8.00 ,11.00 ,1,50
101011000665,Jeddah,29.00 ,39.00 ,1,50
101011000665,Riyadh,304.00 ,396.00 ,1,50
101011000666,Jeddah,46.00 ,61.00 ,1,50
101011000666,Riyadh,58.00 ,70.00 ,1,50
101011000668,Jeddah,"3,801.00 ","4,961.00 ",1,50
101011000668,Riyadh,"4,232.00 ","5,101.00 ",1,50
101011000669,Jeddah,4.00 ,5.00 ,1,50
101011000669,Riyadh,28.00 ,37.00 ,1,50
101011000676,Jeddah,15.00 ,19.00 ,1,50
101011000676,Riyadh,216.00 ,261.00 ,1,50
101011000681,Jeddah,16.00 ,22.00 ,1,50
101011000681,Riyadh,88.00 ,112.00 ,1,50
101011000682,Jeddah,56.00 ,72.00 ,1,50
101011000682,Riyadh,168.00 ,211.00 ,1,50
101011000684,Jeddah,17.00 ,23.00 ,1,50
101011000684,Riyadh,91.00 ,109.00 ,1,50
101011000686,Jeddah,37.00 ,50.00 ,1,50
101011000686,Riyadh,243.00 ,297.00 ,1,50
101011000687,Jeddah,156.00 ,242.00 ,1,50
101011000687,Riyadh,148.00 ,184.00 ,1,50
101011000689,Jeddah,23.00 ,31.00 ,1,50
101011000689,Riyadh,99.00 ,135.00 ,1,50
101011000692,Jeddah,167.00 ,258.00 ,1,50
101011000692,Riyadh,556.00 ,719.00 ,1,50
101011000693,Jeddah,3.00 ,4.00 ,1,50
101011000693,Riyadh,16.00 ,21.00 ,1,50
101011000694,Jeddah,4.00 ,6.00 ,1,50
101011000694,Riyadh,55.00 ,66.00 ,1,50
101011000695,Jeddah,231.00 ,314.00 ,1,50
101011000695,Riyadh,"1,551.00 ","1,937.00 ",1,50
101011000698,Jeddah,674.00 ,897.00 ,1,50
101011000698,Riyadh,"1,867.00 ","2,230.00 ",1,50
101011000700,Jeddah,46.00 ,58.00 ,1,50
101011000700,Riyadh,474.00 ,615.00 ,1,50
101011000703,Jeddah,996.00 ,"1,336.00 ",1,50
101011000703,Riyadh,767.00 ,963.00 ,1,50
101011000704,Jeddah,451.00 ,567.00 ,1,50
101011000704,Riyadh,591.00 ,741.00 ,1,50
101011000707,Jeddah,23.00 ,32.00 ,1,50
101011000707,Riyadh,218.00 ,265.00 ,1,50
101011000711,Jeddah,73.00 ,95.00 ,1,50
101011000711,Riyadh,500.00 ,610.00 ,1,50
101011000714,Jeddah,112.00 ,139.00 ,1,50
101011000714,Riyadh,612.00 ,820.00 ,1,50
101011000715,Jeddah,74.00 ,103.00 ,1,50
101011000715,Riyadh,360.00 ,429.00 ,1,50
101011000716,Jeddah,8.00 ,13.00 ,1,50
101011000718,Jeddah,222.00 ,286.00 ,1,50
101011000718,Riyadh,"1,494.00 ","1,910.00 ",1,50
101011000719,Jeddah,3.00 ,3.00 ,1,50
101011000719,Riyadh,149.00 ,194.00 ,1,50
101011000720,Jeddah,56.00 ,75.00 ,1,50
101011000720,Riyadh,212.00 ,261.00 ,1,50
101011000721,Jeddah,287.00 ,381.00 ,1,50
101011000721,Riyadh,582.00 ,708.00 ,1,50
101011000723,Jeddah,20.00 ,27.00 ,1,50
101011000723,Riyadh,5.00 ,6.00 ,1,50
101011000725,Jeddah,62.00 ,77.00 ,1,50
101011000725,Riyadh,17.00 ,21.00 ,1,50
101011000726,Jeddah,16.00 ,21.00 ,1,50
101011000726,Riyadh,35.00 ,43.00 ,1,50
101011000727,Jeddah,5.00 ,7.00 ,1,50
101011000727,Riyadh,41.00 ,51.00 ,1,50
101011000728,Jeddah,7.00 ,9.00 ,1,50
101011000728,Riyadh,35.00 ,47.00 ,1,50
101011000729,Jeddah,21.00 ,29.00 ,1,50
101011000729,Riyadh,111.00 ,151.00 ,1,50
101011000730,Jeddah,71.00 ,100.00 ,1,50
101011000730,Riyadh,184.00 ,231.00 ,1,50
101011000731,Jeddah,31.00 ,41.00 ,1,50
101011000731,Riyadh,94.00 ,115.00 ,1,50
101011000734,Jeddah,36.00 ,47.00 ,1,50
101011000734,Riyadh,42.00 ,52.00 ,1,50
101011000735,Jeddah,8.00 ,11.00 ,1,50
101011000735,Riyadh,93.00 ,127.00 ,1,50
101011000736,Jeddah,"4,350.00 ","5,509.00 ",1,50
101011000736,Riyadh,"6,314.00 ","8,078.00 ",1,50
101011000738,Jeddah,10.00 ,13.00 ,1,50
101011000738,Riyadh,9.00 ,12.00 ,1,50
101011000740,Jeddah,110.00 ,142.00 ,1,50
101011000740,Riyadh,120.00 ,146.00 ,1,50
101011000741,Jeddah,17.00 ,23.00 ,1,50
101011000741,Riyadh,94.00 ,112.00 ,1,50
101011000742,Jeddah,14.00 ,19.00 ,1,50
101011000742,Riyadh,134.00 ,170.00 ,1,50
101011000743,Jeddah,65.00 ,91.00 ,1,50
101011000743,Riyadh,361.00 ,440.00 ,1,50
101011000744,Jeddah,17.00 ,24.00 ,1,50
101011000744,Riyadh,78.00 ,94.00 ,1,50
101011000745,Jeddah,10.00 ,13.00 ,1,50
101011000745,Riyadh,48.00 ,64.00 ,1,50
101011000746,Jeddah,65.00 ,88.00 ,1,50
101011000746,Riyadh,279.00 ,351.00 ,1,50
101011000747,Jeddah,106.00 ,147.00 ,1,50
101011000747,Riyadh,653.00 ,794.00 ,1,50
101011000748,Jeddah,2.00 ,2.00 ,1,50
101011000748,Riyadh,5.00 ,6.00 ,1,50
101011000749,Jeddah,21.00 ,26.00 ,1,50
101011000749,Riyadh,116.00 ,153.00 ,1,50
101011000751,Jeddah,1.00 ,1.00 ,1,50
101011000757,Jeddah,12.00 ,14.00 ,1,50
101011000757,Riyadh,24.00 ,31.00 ,1,50
101011000758,Jeddah,159.00 ,213.00 ,1,50
101011000758,Riyadh,692.00 ,875.00 ,1,50
101011000762,Jeddah,33.00 ,42.00 ,1,50
101011000762,Riyadh,68.00 ,84.00 ,1,50
101011000765,Jeddah,23.00 ,32.00 ,1,50
101011000765,Riyadh,20.00 ,25.00 ,1,50
101011000771,Jeddah,59.00 ,81.00 ,1,50
101011000771,Riyadh,223.00 ,270.00 ,1,50
101011000774,Jeddah,2.00 ,3.00 ,1,50
101011000774,Riyadh,1.00 ,2.00 ,1,50
101011000776,Jeddah,128.00 ,202.00 ,1,50
101011000776,Riyadh,143.00 ,181.00 ,1,50
101011000777,Jeddah,47.00 ,61.00 ,1,50
101011000777,Riyadh,531.00 ,643.00 ,1,50
101011000779,Jeddah,7.00 ,10.00 ,1,50
101011000779,Riyadh,171.00 ,212.00 ,1,50
101011000783,Jeddah,44.00 ,64.00 ,1,50
101011000783,Riyadh,48.00 ,60.00 ,1,50
101011000784,Jeddah,77.00 ,98.00 ,1,50
101011000784,Riyadh,394.00 ,479.00 ,1,50
101011000786,Jeddah,554.00 ,713.00 ,1,50
101011000786,Riyadh,"1,667.00 ","1,971.00 ",1,50
101011000790,Jeddah,81.00 ,115.00 ,1,50
101011000790,Riyadh,61.00 ,77.00 ,1,50
101011000793,Jeddah,1.00 ,1.00 ,1,50
101011000799,Jeddah,63.00 ,87.00 ,1,50
101011000799,Riyadh,310.00 ,369.00 ,1,50
101011000802,Jeddah,142.00 ,170.00 ,1,50
101011000802,Riyadh,616.00 ,739.00 ,1,50
101011000803,Jeddah,127.00 ,164.00 ,1,50
101011000803,Riyadh,682.00 ,872.00 ,1,50
101011000804,Jeddah,21.00 ,30.00 ,1,50
101011000804,Riyadh,43.00 ,54.00 ,1,50
101011000807,Jeddah,75.00 ,96.00 ,1,50
101011000807,Riyadh,585.00 ,708.00 ,1,50
101011000808,Jeddah,92.00 ,122.00 ,1,50
101011000808,Riyadh,371.00 ,481.00 ,1,50
101011000811,Jeddah,247.00 ,308.00 ,1,50
101011000811,Riyadh,26.00 ,35.00 ,1,50
101011000812,Jeddah,466.00 ,571.00 ,1,50
101011000812,Riyadh,"6,700.00 ","8,059.00 ",1,50
101011000813,Jeddah,26.00 ,31.00 ,1,50
101011000813,Riyadh,110.00 ,133.00 ,1,50
101011000815,Jeddah,9.00 ,13.00 ,1,50
101011000815,Riyadh,188.00 ,238.00 ,1,50
101011000817,Jeddah,4.00 ,5.00 ,1,50
101011000817,Riyadh,31.00 ,38.00 ,1,50
101011000820,Jeddah,7.00 ,10.00 ,1,50
101011000820,Riyadh,44.00 ,58.00 ,1,50
101011000822,Jeddah,74.00 ,95.00 ,1,50
101011000822,Riyadh,354.00 ,435.00 ,1,50
101011000824,Jeddah,16.00 ,22.00 ,1,50
101011000824,Riyadh,42.00 ,57.00 ,1,50
101011000825,Jeddah,30.00 ,38.00 ,1,50
101011000825,Riyadh,152.00 ,184.00 ,1,50
101011000826,Jeddah,22.00 ,28.00 ,1,50
101011000826,Riyadh,155.00 ,190.00 ,1,50
101011000828,Jeddah,5.00 ,6.00 ,1,50
101011000828,Riyadh,8.00 ,10.00 ,1,50
101011000829,Jeddah,699.00 ,866.00 ,1,50
101011000829,Riyadh,337.00 ,409.00 ,1,50
101011000832,Jeddah,9.00 ,11.00 ,1,50
101011000832,Riyadh,15.00 ,20.00 ,1,50
101011000833,Jeddah,24.00 ,31.00 ,1,50
101011000833,Riyadh,41.00 ,50.00 ,1,50
101011000834,Jeddah,53.00 ,73.00 ,1,50
101011000834,Riyadh,614.00 ,735.00 ,1,50
101011000835,Jeddah,27.00 ,34.00 ,1,50
101011000835,Riyadh,34.00 ,40.00 ,1,50
101011000836,Jeddah,26.00 ,33.00 ,1,50
101011000836,Riyadh,16.00 ,20.00 ,1,50
101011000837,Jeddah,5.00 ,7.00 ,1,50
101011000837,Riyadh,12.00 ,15.00 ,1,50
101011000842,Jeddah,15.00 ,19.00 ,1,50
101011000842,Riyadh,14.00 ,17.00 ,1,50
101011000843,Jeddah,56.00 ,77.00 ,1,50
101011000843,Riyadh,254.00 ,319.00 ,1,50
101011000845,Jeddah,62.00 ,78.00 ,1,50
101011000845,Riyadh,201.00 ,256.00 ,1,50
101011000846,Jeddah,111.00 ,157.00 ,1,50
101011000846,Riyadh,28.00 ,35.00 ,1,50
101011000847,Jeddah,4.00 ,6.00 ,1,50
101011000847,Riyadh,25.00 ,31.00 ,1,50
101011000848,Jeddah,360.00 ,511.00 ,1,50
101011000848,Riyadh,518.00 ,611.00 ,1,50
101011000867,Jeddah,528.00 ,631.00 ,1,50
101011000867,Riyadh,140.00 ,178.00 ,1,50
101011000868,Jeddah,372.00 ,474.00 ,1,50
101011000868,Riyadh,"3,556.00 ","4,319.00 ",1,50
101011000869,Jeddah,66.00 ,99.00 ,1,50
101011000869,Riyadh,582.00 ,727.00 ,1,50
101011000870,Jeddah,16.00 ,20.00 ,1,50
101011000870,Riyadh,28.00 ,34.00 ,1,50
101011000871,Jeddah,125.00 ,172.00 ,1,50
101011000871,Riyadh,434.00 ,593.00 ,1,50
101011000872,Jeddah,1.00 ,1.00 ,1,50
101011000875,Jeddah,30.00 ,40.00 ,1,50
101011000875,Riyadh,148.00 ,191.00 ,1,50
101011000876,Jeddah,146.00 ,187.00 ,1,50
101011000876,Riyadh,179.00 ,217.00 ,1,50
101011000878,Jeddah,26.00 ,36.00 ,1,50
101011000878,Riyadh,292.00 ,371.00 ,1,50
101011000879,Jeddah,54.00 ,71.00 ,1,50
101011000879,Riyadh,188.00 ,230.00 ,1,50
101011000880,Jeddah,66.00 ,94.00 ,1,50
101011000880,Riyadh,363.00 ,446.00 ,1,50
101011000881,Jeddah,8.00 ,10.00 ,1,50
101011000881,Riyadh,107.00 ,126.00 ,1,50
101011000882,Jeddah,10.00 ,14.00 ,1,50
101011000882,Riyadh,220.00 ,278.00 ,1,50
101011000883,Jeddah,195.00 ,261.00 ,1,50
101011000883,Riyadh,143.00 ,169.00 ,1,50
101011000884,Jeddah,83.00 ,112.00 ,1,50
101011000884,Riyadh,158.00 ,197.00 ,1,50
101011000887,Jeddah,32.00 ,40.00 ,1,50
101011000887,Riyadh,146.00 ,195.00 ,1,50
101011000889,Jeddah,20.00 ,28.00 ,1,50
101011000891,Jeddah,23.00 ,36.00 ,1,50
101011000891,Riyadh,108.00 ,146.00 ,1,50
101011000892,Jeddah,111.00 ,169.00 ,1,50
101011000892,Riyadh,226.00 ,273.00 ,1,50
101011000894,Jeddah,35.00 ,43.00 ,1,50
101011000894,Riyadh,83.00 ,100.00 ,1,50
101011000895,Jeddah,29.00 ,37.00 ,1,50
101011000895,Riyadh,107.00 ,126.00 ,1,50
101011000896,Jeddah,57.00 ,85.00 ,1,50
101011000896,Riyadh,206.00 ,280.00 ,1,50
101011000897,Jeddah,12.00 ,15.00 ,1,50
101011000897,Riyadh,191.00 ,245.00 ,1,50
101011000900,Riyadh,8.00 ,10.00 ,1,50
101011000901,Jeddah,167.00 ,218.00 ,1,50
101011000901,Riyadh,344.00 ,470.00 ,1,50
101011000905,Jeddah,3.00 ,4.00 ,1,50
101011000906,Jeddah,14.00 ,20.00 ,1,50
101011000908,Jeddah,31.00 ,45.00 ,1,50
101011000908,Riyadh,23.00 ,29.00 ,1,50
101011000910,Jeddah,66.00 ,82.00 ,1,50
101011000910,Riyadh,468.00 ,610.00 ,1,50
101011000913,Jeddah,468.00 ,559.00 ,1,50
101011000913,Riyadh,223.00 ,269.00 ,1,50
101011000915,Riyadh,16.00 ,20.00 ,1,50
101011000918,Jeddah,603.00 ,758.00 ,1,50
101011000918,Riyadh,342.00 ,417.00 ,1,50
101011000919,Jeddah,9.00 ,13.00 ,1,50
101011000919,Riyadh,126.00 ,152.00 ,1,50
101011000924,Jeddah,48.00 ,66.00 ,1,50
101011000924,Riyadh,214.00 ,260.00 ,1,50
101011000926,Jeddah,27.00 ,36.00 ,1,50
101011000926,Riyadh,"1,005.00 ","1,274.00 ",1,50
101011000928,Jeddah,25.00 ,33.00 ,1,50
101011000928,Riyadh,96.00 ,123.00 ,1,50
101011000930,Jeddah,268.00 ,359.00 ,1,50
101011000930,Riyadh,687.00 ,866.00 ,1,50
101011000931,Jeddah,10.00 ,14.00 ,1,50
101011000931,Riyadh,329.00 ,401.00 ,1,50
101011000934,Jeddah,"1,532.00 ","2,045.00 ",1,50
101011000934,Riyadh,"3,981.00 ","4,895.00 ",1,50
101011000936,Jeddah,10.00 ,13.00 ,1,50
101011000936,Riyadh,40.00 ,48.00 ,1,50
101011000940,Jeddah,3.00 ,4.00 ,1,50
101011000940,Riyadh,147.00 ,177.00 ,1,50
101011000941,Jeddah,3.00 ,4.00 ,1,50
101011000941,Riyadh,80.00 ,99.00 ,1,50
101011000943,Jeddah,60.00 ,73.00 ,1,50
101011000943,Riyadh,313.00 ,394.00 ,1,50
101011000944,Jeddah,152.00 ,201.00 ,1,50
101011000944,Riyadh,775.00 ,944.00 ,1,50
101011000946,Jeddah,57.00 ,76.00 ,1,50
101011000946,Riyadh,130.00 ,156.00 ,1,50
101011000947,Jeddah,22.00 ,32.00 ,1,50
101011000949,Jeddah,26.00 ,33.00 ,1,50
101011000949,Riyadh,109.00 ,132.00 ,1,50
101011000950,Jeddah,191.00 ,256.00 ,1,50
101011000950,Riyadh,805.00 ,992.00 ,1,50
101011000953,Jeddah,22.00 ,34.00 ,1,50
101011000953,Riyadh,57.00 ,70.00 ,1,50
101011000956,Jeddah,1.00 ,2.00 ,1,50
101011000957,Jeddah,60.00 ,84.00 ,1,50
101011000957,Riyadh,276.00 ,351.00 ,1,50
101011000959,Jeddah,645.00 ,796.00 ,1,50
101011000959,Riyadh,463.00 ,582.00 ,1,50
101011000962,Jeddah,6.00 ,9.00 ,1,50
101011000962,Riyadh,85.00 ,108.00 ,1,50
101011000963,Jeddah,5.00 ,7.00 ,1,50
101011000964,Jeddah,5.00 ,8.00 ,1,50
101011000964,Riyadh,81.00 ,99.00 ,1,50
101011000973,Jeddah,385.00 ,501.00 ,1,50
101011000973,Riyadh,173.00 ,214.00 ,1,50
101011000974,Jeddah,132.00 ,181.00 ,1,50
101011000974,Riyadh,204.00 ,251.00 ,1,50
101011000975,Jeddah,90.00 ,117.00 ,1,50
101011000975,Riyadh,250.00 ,308.00 ,1,50
101011000978,Jeddah,188.00 ,266.00 ,1,50
101011000978,Riyadh,933.00 ,"1,130.00 ",1,50
101011000979,Jeddah,108.00 ,144.00 ,1,50
101011000979,Riyadh,165.00 ,209.00 ,1,50
101011000983,Jeddah,3.00 ,4.00 ,1,50
101011000983,Riyadh,1.00 ,2.00 ,1,50
101011000984,Jeddah,5.00 ,6.00 ,1,50
101011000984,Riyadh,3.00 ,4.00 ,1,50
101011000988,Jeddah,447.00 ,574.00 ,1,50
101011000988,Riyadh,"1,860.00 ","2,232.00 ",1,50
101011000998,Jeddah,15.00 ,20.00 ,1,50
101011000998,Riyadh,50.00 ,66.00 ,1,50
101011000999,Jeddah,68.00 ,97.00 ,1,50
101011000999,Riyadh,261.00 ,327.00 ,1,50
101011001001,Jeddah,21.00 ,30.00 ,1,50
101011001001,Riyadh,258.00 ,331.00 ,1,50
101011001006,Jeddah,5.00 ,7.00 ,1,50
101011001006,Riyadh,37.00 ,45.00 ,1,50
101011001007,Jeddah,21.00 ,28.00 ,1,50
101011001007,Riyadh,46.00 ,55.00 ,1,50
101011001008,Jeddah,1.00 ,1.00 ,1,50
101011001008,Riyadh,8.00 ,10.00 ,1,50
101011001013,Jeddah,78.00 ,108.00 ,1,50
101011001013,Riyadh,32.00 ,40.00 ,1,50
101011001014,Jeddah,"1,694.00 ","2,121.00 ",1,50
101011001014,Riyadh,"7,922.00 ","9,725.00 ",1,50
101011001015,Jeddah,5.00 ,6.00 ,1,50
101011001015,Riyadh,3.00 ,4.00 ,1,50
101011001016,Jeddah,"6,456.00 ","7,967.00 ",1,50
101011001016,Riyadh,"22,997.00 ","28,630.00 ",1,50
101011001019,Jeddah,1.00 ,1.00 ,1,50
101011001020,Jeddah,1.00 ,1.00 ,1,50
101011001021,Jeddah,4.00 ,5.00 ,1,50
101011001021,Riyadh,28.00 ,34.00 ,1,50
101011001023,Jeddah,5.00 ,7.00 ,1,50
101011001023,Riyadh,36.00 ,42.00 ,1,50
101011001024,Jeddah,31.00 ,41.00 ,1,50
101011001025,Jeddah,4.00 ,6.00 ,1,50
101011001025,Riyadh,13.00 ,16.00 ,1,50
101011001026,Jeddah,20.00 ,25.00 ,1,50
101011001026,Riyadh,234.00 ,298.00 ,1,50
101011001027,Jeddah,75.00 ,92.00 ,1,50
101011001027,Riyadh,56.00 ,67.00 ,1,50
101011001029,Jeddah,172.00 ,242.00 ,1,50
101011001029,Riyadh,566.00 ,713.00 ,1,50
101011001030,Jeddah,177.00 ,237.00 ,1,50
101011001030,Riyadh,"1,051.00 ","1,437.00 ",1,50
101011001031,Jeddah,7.00 ,9.00 ,1,50
101011001031,Riyadh,72.00 ,88.00 ,1,50
101011001032,Jeddah,148.00 ,214.00 ,1,50
101011001032,Riyadh,378.00 ,474.00 ,1,50
101011001034,Jeddah,166.00 ,232.00 ,1,50
101011001034,Riyadh,289.00 ,351.00 ,1,50
101011001035,Jeddah,52.00 ,70.00 ,1,50
101011001035,Riyadh,299.00 ,380.00 ,1,50
101011001036,Jeddah,24.00 ,36.00 ,1,50
101011001036,Riyadh,61.00 ,81.00 ,1,50
101011001047,Jeddah,32.00 ,40.00 ,1,50
101011001047,Riyadh,47.00 ,63.00 ,1,50
101011001050,Jeddah,859.00 ,"1,072.00 ",1,50
101011001053,Jeddah,49.00 ,66.00 ,1,50
101011001053,Riyadh,78.00 ,103.00 ,1,50
101011001055,Jeddah,150.00 ,206.00 ,1,50
101011001055,Riyadh,580.00 ,725.00 ,1,50
101011001056,Jeddah,3.00 ,4.00 ,1,50
101011001056,Riyadh,5.00 ,6.00 ,1,50
101011001059,Jeddah,3.00 ,4.00 ,1,50
101011001059,Riyadh,5.00 ,6.00 ,1,50
101011001062,Jeddah,64.00 ,87.00 ,1,50
101011001062,Riyadh,267.00 ,330.00 ,1,50
101011001064,Jeddah,1.00 ,1.00 ,1,50
101011001064,Riyadh,25.00 ,31.00 ,1,50
101011001065,Jeddah,58.00 ,73.00 ,1,50
101011001065,Riyadh,213.00 ,255.00 ,1,50
101011001067,Jeddah,11.00 ,16.00 ,1,50
101011001067,Riyadh,115.00 ,140.00 ,1,50
101011001069,Jeddah,4.00 ,6.00 ,1,50
101011001069,Riyadh,14.00 ,18.00 ,1,50
101011001071,Jeddah,48.00 ,68.00 ,1,50
101011001071,Riyadh,51.00 ,69.00 ,1,50
101011001072,Jeddah,3.00 ,4.00 ,1,50
101011001072,Riyadh,18.00 ,21.00 ,1,50
101011001073,Riyadh,12.00 ,14.00 ,1,50
101011001077,Jeddah,9.00 ,13.00 ,1,50
101011001077,Riyadh,70.00 ,88.00 ,1,50
101011001078,Jeddah,152.00 ,217.00 ,1,50
101011001078,Riyadh,"8,305.00 ","10,356.00 ",1,50
101011001080,Jeddah,21.00 ,30.00 ,1,50
101011001080,Riyadh,67.00 ,87.00 ,1,50
101011001081,Jeddah,440.00 ,550.00 ,1,50
101011001081,Riyadh,"1,174.00 ","1,457.00 ",1,50
101011001084,Jeddah,49.00 ,63.00 ,1,50
101011001084,Riyadh,25.00 ,29.00 ,1,50
101011001086,Jeddah,92.00 ,120.00 ,1,50
101011001086,Riyadh,157.00 ,196.00 ,1,50
101011001087,Jeddah,39.00 ,48.00 ,1,50
101011001087,Riyadh,31.00 ,37.00 ,1,50
101011001090,Jeddah,59.00 ,79.00 ,1,50
101011001090,Riyadh,632.00 ,785.00 ,1,50
101011001092,Jeddah,172.00 ,232.00 ,1,50
101011001092,Riyadh,400.00 ,499.00 ,1,50
101011001100,Jeddah,87.00 ,114.00 ,1,50
101011001100,Riyadh,15.00 ,18.00 ,1,50
101011001101,Jeddah,13.00 ,18.00 ,1,50
101011001101,Riyadh,154.00 ,181.00 ,1,50
101011001102,Jeddah,2.00 ,3.00 ,1,50
101011001103,Jeddah,13.00 ,17.00 ,1,50
101011001103,Riyadh,22.00 ,26.00 ,1,50
101011001105,Jeddah,1.00 ,1.00 ,1,50
101011001107,Jeddah,78.00 ,116.00 ,1,50
101011001107,Riyadh,"1,267.00 ","1,627.00 ",1,50
101011001109,Jeddah,77.00 ,94.00 ,1,50
101011001109,Riyadh,652.00 ,844.00 ,1,50
101011001110,Jeddah,69.00 ,103.00 ,1,50
101011001110,Riyadh,258.00 ,343.00 ,1,50
101011001111,Jeddah,34.00 ,43.00 ,1,50
101011001111,Riyadh,59.00 ,71.00 ,1,50
101011001114,Jeddah,16.00 ,22.00 ,1,50
101011001114,Riyadh,9.00 ,12.00 ,1,50
101011001115,Jeddah,108.00 ,159.00 ,1,50
101011001115,Riyadh,351.00 ,440.00 ,1,50
101011001118,Jeddah,434.00 ,528.00 ,1,50
101011001118,Riyadh,380.00 ,487.00 ,1,50
101011001119,Jeddah,74.00 ,102.00 ,1,50
101011001119,Riyadh,202.00 ,258.00 ,1,50
101011001121,Jeddah,646.00 ,847.00 ,1,50
101011001121,Riyadh,"4,189.00 ","5,044.00 ",1,50
101011001125,Jeddah,20.00 ,27.00 ,1,50
101011001125,Riyadh,105.00 ,133.00 ,1,50
101011001128,Jeddah,5.00 ,7.00 ,1,50
101011001128,Riyadh,100.00 ,120.00 ,1,50
101011001134,Jeddah,28.00 ,38.00 ,1,50
101011001134,Riyadh,78.00 ,102.00 ,1,50
101011001135,Jeddah,760.00 ,908.00 ,1,50
101011001135,Riyadh,"3,978.00 ","4,741.00 ",1,50
101011001136,Jeddah,81.00 ,125.00 ,1,50
101011001136,Riyadh,627.00 ,762.00 ,1,50
101011001141,Jeddah,7.00 ,9.00 ,1,50
101011001141,Riyadh,4.00 ,4.00 ,1,50
101011001144,Jeddah,7.00 ,9.00 ,1,50
101011001144,Riyadh,44.00 ,56.00 ,1,50
101011001149,Jeddah,164.00 ,223.00 ,1,50
101011001149,Riyadh,446.00 ,572.00 ,1,50
101011001150,Jeddah,215.00 ,267.00 ,1,50
101011001150,Riyadh,"1,298.00 ","1,560.00 ",1,50
101011001152,Jeddah,339.00 ,405.00 ,1,50
101011001152,Riyadh,314.00 ,386.00 ,1,50
101011001155,Jeddah,1.00 ,1.00 ,1,50
101011001155,Riyadh,1.00 ,1.00 ,1,50
101011001156,Jeddah,12.00 ,17.00 ,1,50
101011001156,Riyadh,62.00 ,78.00 ,1,50
101011001159,Jeddah,148.00 ,189.00 ,1,50
101011001159,Riyadh,668.00 ,812.00 ,1,50
101011001160,Jeddah,30.00 ,40.00 ,1,50
101011001160,Riyadh,135.00 ,169.00 ,1,50
101011001163,Jeddah,"5,445.00 ","6,503.00 ",1,50
101011001163,Riyadh,"1,490.00 ","1,827.00 ",1,50
101011001164,Jeddah,34.00 ,46.00 ,1,50
101011001164,Riyadh,124.00 ,156.00 ,1,50
101011001167,Jeddah,7.00 ,9.00 ,1,50
101011001167,Riyadh,43.00 ,52.00 ,1,50
101011001169,Jeddah,92.00 ,122.00 ,1,50
101011001169,Riyadh,278.00 ,337.00 ,1,50
101011001172,Jeddah,27.00 ,36.00 ,1,50
101011001172,Riyadh,86.00 ,104.00 ,1,50
101011001174,Jeddah,43.00 ,57.00 ,1,50
101011001174,Riyadh,278.00 ,341.00 ,1,50
101011001181,Jeddah,37.00 ,57.00 ,1,50
101011001181,Riyadh,221.00 ,261.00 ,1,50
101011001182,Jeddah,8.00 ,10.00 ,1,50
101011001182,Riyadh,18.00 ,23.00 ,1,50
101011001187,Riyadh,6.00 ,8.00 ,1,50
101011001190,Jeddah,29.00 ,42.00 ,1,50
101011001190,Riyadh,132.00 ,177.00 ,1,50
101011001193,Jeddah,147.00 ,186.00 ,1,50
101011001193,Riyadh,746.00 ,901.00 ,1,50
101011001194,Jeddah,72.00 ,93.00 ,1,50
101011001194,Riyadh,25.00 ,32.00 ,1,50
101011001195,Jeddah,84.00 ,113.00 ,1,50
101011001195,Riyadh,92.00 ,121.00 ,1,50
101011001196,Jeddah,1.00 ,1.00 ,1,50
101011001196,Riyadh,11.00 ,14.00 ,1,50
101011001205,Jeddah,18.00 ,24.00 ,1,50
101011001205,Riyadh,186.00 ,243.00 ,1,50
101011001207,Jeddah,5.00 ,8.00 ,1,50
101011001207,Riyadh,24.00 ,29.00 ,1,50
101011001212,Jeddah,97.00 ,136.00 ,1,50
101011001212,Riyadh,212.00 ,259.00 ,1,50
101011001213,Jeddah,13.00 ,18.00 ,1,50
101011001213,Riyadh,70.00 ,84.00 ,1,50
101011001214,Jeddah,"2,583.00 ","3,466.00 ",1,50
101011001214,Riyadh,"1,263.00 ","1,568.00 ",1,50
101011001215,Jeddah,35.00 ,50.00 ,1,50
101011001215,Riyadh,9.00 ,11.00 ,1,50
101011001216,Jeddah,"3,719.00 ","4,442.00 ",1,50
101011001216,Riyadh,"10,532.00 ","12,579.00 ",1,50
101011001221,Jeddah,67.00 ,94.00 ,1,50
101011001224,Jeddah,12.00 ,15.00 ,1,50
101011001224,Riyadh,488.00 ,600.00 ,1,50
101011001225,Jeddah,125.00 ,167.00 ,1,50
101011001225,Riyadh,237.00 ,299.00 ,1,50
101011001226,Jeddah,498.00 ,703.00 ,1,50
101011001226,Riyadh,"1,225.00 ","1,496.00 ",1,50
101011001230,Jeddah,10.00 ,13.00 ,1,50
101011001230,Riyadh,1.00 ,1.00 ,1,50
101011001232,Jeddah,1.00 ,1.00 ,1,50
101011001232,Riyadh,12.00 ,15.00 ,1,50
101011001233,Jeddah,39.00 ,50.00 ,1,50
101011001233,Riyadh,179.00 ,219.00 ,1,50
101011001234,Jeddah,408.00 ,522.00 ,1,50
101011001234,Riyadh,"1,302.00 ","1,581.00 ",1,50
101011001238,Jeddah,12.00 ,17.00 ,1,50
101011001238,Riyadh,58.00 ,73.00 ,1,50
101011001239,Jeddah,35.00 ,44.00 ,1,50
101011001239,Riyadh,210.00 ,247.00 ,1,50
101011001243,Jeddah,9.00 ,12.00 ,1,50
101011001244,Jeddah,38.00 ,50.00 ,1,50
101011001244,Riyadh,454.00 ,536.00 ,1,50
101011001246,Jeddah,9.00 ,14.00 ,1,50
101011001247,Jeddah,194.00 ,273.00 ,1,50
101011001247,Riyadh,21.00 ,26.00 ,1,50
101011001248,Jeddah,7.00 ,10.00 ,1,50
101011001248,Riyadh,18.00 ,23.00 ,1,50
101011001249,Jeddah,2.00 ,2.00 ,1,50
101011001249,Riyadh,11.00 ,13.00 ,1,50
101011001250,Jeddah,"1,638.00 ","2,135.00 ",1,50
101011001250,Riyadh,"2,226.00 ","2,667.00 ",1,50
101011001251,Jeddah,1.00 ,1.00 ,1,50
101011001252,Jeddah,38.00 ,52.00 ,1,50
101011001252,Riyadh,179.00 ,211.00 ,1,50
101011001254,Jeddah,1.00 ,1.00 ,1,50
101011001256,Jeddah,42.00 ,53.00 ,1,50
101011001256,Riyadh,38.00 ,47.00 ,1,50
101011001258,Jeddah,65.00 ,81.00 ,1,50
101011001258,Riyadh,136.00 ,166.00 ,1,50
101011001259,Riyadh,15.00 ,19.00 ,1,50
101011001264,Jeddah,38.00 ,51.00 ,1,50
101011001264,Riyadh,183.00 ,227.00 ,1,50
101011001271,Jeddah,1.00 ,1.00 ,1,50
101011001272,Jeddah,40.00 ,50.00 ,1,50
101011001272,Riyadh,151.00 ,184.00 ,1,50
101011001273,Jeddah,2.00 ,4.00 ,1,50
101011001275,Jeddah,59.00 ,75.00 ,1,50
101011001275,Riyadh,134.00 ,163.00 ,1,50
101011001277,Jeddah,1.00 ,1.00 ,1,50
101011001277,Riyadh,14.00 ,18.00 ,1,50
101011001279,Jeddah,11.00 ,14.00 ,1,50
101011001279,Riyadh,165.00 ,216.00 ,1,50
101011001281,Jeddah,8.00 ,13.00 ,1,50
101011001281,Riyadh,31.00 ,41.00 ,1,50
101011001288,Jeddah,10.00 ,13.00 ,1,50
101011001288,Riyadh,38.00 ,46.00 ,1,50
101011001289,Jeddah,311.00 ,418.00 ,1,50
101011001289,Riyadh,197.00 ,248.00 ,1,50
101011001292,Jeddah,366.00 ,481.00 ,1,50
101011001292,Riyadh,639.00 ,753.00 ,1,50
101011001293,Jeddah,136.00 ,168.00 ,1,50
101011001293,Riyadh,439.00 ,540.00 ,1,50
101011001297,Jeddah,8.00 ,11.00 ,1,50
101011001297,Riyadh,37.00 ,46.00 ,1,50
101011001298,Jeddah,306.00 ,380.00 ,1,50
101011001298,Riyadh,250.00 ,313.00 ,1,50
101011001301,Jeddah,187.00 ,244.00 ,1,50
101011001301,Riyadh,"1,598.00 ","1,927.00 ",1,50
101011001302,Jeddah,15.00 ,18.00 ,1,50
101011001302,Riyadh,15.00 ,20.00 ,1,50
101011001306,Jeddah,25.00 ,32.00 ,1,50
101011001306,Riyadh,87.00 ,105.00 ,1,50
101011001309,Jeddah,12.00 ,19.00 ,1,50
101011001309,Riyadh,8.00 ,10.00 ,1,50
101011001310,Jeddah,7.00 ,11.00 ,1,50
101011001310,Riyadh,20.00 ,25.00 ,1,50
101011001312,Jeddah,101.00 ,141.00 ,1,50
101011001312,Riyadh,5.00 ,6.00 ,1,50
101011001316,Jeddah,16.00 ,22.00 ,1,50
101011001316,Riyadh,85.00 ,106.00 ,1,50
101011001320,Jeddah,157.00 ,211.00 ,1,50
101011001320,Riyadh,444.00 ,560.00 ,1,50
101011001325,Jeddah,1.00 ,2.00 ,1,50
101011001326,Jeddah,8.00 ,12.00 ,1,50
101011001326,Riyadh,149.00 ,182.00 ,1,50
101011001329,Jeddah,123.00 ,162.00 ,1,50
101011001329,Riyadh,130.00 ,170.00 ,1,50
101011001330,Jeddah,38.00 ,51.00 ,1,50
101011001330,Riyadh,156.00 ,211.00 ,1,50
101011001332,Jeddah,110.00 ,167.00 ,1,50
101011001332,Riyadh,733.00 ,915.00 ,1,50
101011001337,Jeddah,29.00 ,41.00 ,1,50
101011001337,Riyadh,54.00 ,74.00 ,1,50
101011001339,Jeddah,1.00 ,1.00 ,1,50
101011001339,Riyadh,22.00 ,27.00 ,1,50
101011001340,Jeddah,2.00 ,3.00 ,1,50
101011001341,Jeddah,28.00 ,37.00 ,1,50
101011001341,Riyadh,96.00 ,116.00 ,1,50
101011001345,Jeddah,84.00 ,119.00 ,1,50
101011001345,Riyadh,111.00 ,140.00 ,1,50
101011001347,Jeddah,117.00 ,149.00 ,1,50
101011001347,Riyadh,526.00 ,667.00 ,1,50
101011001348,Jeddah,26.00 ,35.00 ,1,50
101011001348,Riyadh,130.00 ,156.00 ,1,50
101011001349,Jeddah,126.00 ,169.00 ,1,50
101011001349,Riyadh,664.00 ,805.00 ,1,50
101011001351,Jeddah,15.00 ,19.00 ,1,50
101011001351,Riyadh,4.00 ,5.00 ,1,50
101011001352,Jeddah,68.00 ,91.00 ,1,50
101011001352,Riyadh,116.00 ,141.00 ,1,50
101011001354,Jeddah,1.00 ,1.00 ,1,50
101011001356,Jeddah,3.00 ,5.00 ,1,50
101011001357,Jeddah,1.00 ,1.00 ,1,50
101011001357,Riyadh,2.00 ,2.00 ,1,50
101011001361,Jeddah,56.00 ,78.00 ,1,50
101011001361,Riyadh,189.00 ,248.00 ,1,50
101011001363,Jeddah,68.00 ,88.00 ,1,50
101011001363,Riyadh,106.00 ,133.00 ,1,50
101011001364,Jeddah,169.00 ,211.00 ,1,50
101011001364,Riyadh,808.00 ,980.00 ,1,50
101011001366,Jeddah,6.00 ,8.00 ,1,50
101011001366,Riyadh,16.00 ,21.00 ,1,50
101011001368,Jeddah,51.00 ,67.00 ,1,50
101011001368,Riyadh,374.00 ,470.00 ,1,50
101011001370,Jeddah,16.00 ,20.00 ,1,50
101011001370,Riyadh,51.00 ,62.00 ,1,50
101011001371,Jeddah,2.00 ,3.00 ,1,50
101011001371,Riyadh,1.00 ,2.00 ,1,50
101011001372,Jeddah,254.00 ,349.00 ,1,50
101011001372,Riyadh,296.00 ,397.00 ,1,50
101011001374,Jeddah,12.00 ,15.00 ,1,50
101011001374,Riyadh,18.00 ,23.00 ,1,50
101011001377,Jeddah,436.00 ,562.00 ,1,50
101011001377,Riyadh,"1,171.00 ","1,494.00 ",1,50
101011001378,Jeddah,16.00 ,23.00 ,1,50
101011001378,Riyadh,137.00 ,171.00 ,1,50
101011001379,Jeddah,369.00 ,530.00 ,1,50
101011001379,Riyadh,294.00 ,358.00 ,1,50
101011001382,Jeddah,22.00 ,30.00 ,1,50
101011001382,Riyadh,124.00 ,156.00 ,1,50
101011001383,Jeddah,2.00 ,3.00 ,1,50
101011001383,Riyadh,21.00 ,26.00 ,1,50
101011001386,Jeddah,604.00 ,834.00 ,1,50
101011001386,Riyadh,"1,483.00 ","1,883.00 ",1,50
101011001388,Jeddah,5.00 ,7.00 ,1,50
101011001388,Riyadh,49.00 ,59.00 ,1,50
101011001393,Jeddah,84.00 ,107.00 ,1,50
101011001393,Riyadh,221.00 ,282.00 ,1,50
101011001394,Jeddah,473.00 ,611.00 ,1,50
101011001394,Riyadh,391.00 ,503.00 ,1,50
101011001397,Jeddah,4.00 ,6.00 ,1,50
101011001397,Riyadh,11.00 ,13.00 ,1,50
101011001398,Jeddah,32.00 ,42.00 ,1,50
101011001398,Riyadh,99.00 ,120.00 ,1,50
101011001399,Jeddah,2.00 ,3.00 ,1,50
101011001399,Riyadh,37.00 ,49.00 ,1,50
101011001401,Jeddah,342.00 ,460.00 ,1,50
101011001401,Riyadh,817.00 ,"1,003.00 ",1,50
101011001402,Jeddah,140.00 ,179.00 ,1,50
101011001402,Riyadh,42.00 ,58.00 ,1,50
101011001403,Jeddah,68.00 ,86.00 ,1,50
101011001403,Riyadh,58.00 ,71.00 ,1,50
101011001404,Jeddah,448.00 ,572.00 ,1,50
101011001404,Riyadh,297.00 ,365.00 ,1,50
101011001406,Jeddah,63.00 ,85.00 ,1,50
101011001406,Riyadh,178.00 ,222.00 ,1,50
101011001409,Jeddah,226.00 ,279.00 ,1,50
101011001409,Riyadh,"1,514.00 ","1,878.00 ",1,50
101011001410,Jeddah,131.00 ,176.00 ,1,50
101011001410,Riyadh,38.00 ,48.00 ,1,50
101011001411,Jeddah,58.00 ,80.00 ,1,50
101011001411,Riyadh,242.00 ,300.00 ,1,50
101011001412,Jeddah,2.00 ,2.00 ,1,50
101011001412,Riyadh,130.00 ,175.00 ,1,50
101011001413,Jeddah,215.00 ,269.00 ,1,50
101011001413,Riyadh,134.00 ,164.00 ,1,50
101011001414,Jeddah,2.00 ,3.00 ,1,50
101011001414,Riyadh,6.00 ,7.00 ,1,50
101011001417,Jeddah,214.00 ,277.00 ,1,50
101011001417,Riyadh,"1,169.00 ","1,426.00 ",1,50
101011001419,Jeddah,10.00 ,13.00 ,1,50
101011001419,Riyadh,7.00 ,9.00 ,1,50
101011001420,Jeddah,20.00 ,25.00 ,1,50
101011001420,Riyadh,9.00 ,12.00 ,1,50
101011001421,Jeddah,911.00 ,"1,204.00 ",1,50
101011001421,Riyadh,"1,561.00 ","1,906.00 ",1,50
101011001423,Jeddah,14.00 ,18.00 ,1,50
101011001423,Riyadh,133.00 ,166.00 ,1,50
101011001424,Jeddah,7.00 ,11.00 ,1,50
101011001424,Riyadh,15.00 ,18.00 ,1,50
101011001425,Jeddah,1.00 ,1.00 ,1,50
101011001425,Riyadh,2.00 ,3.00 ,1,50
101011001426,Jeddah,49.00 ,65.00 ,1,50
101011001426,Riyadh,34.00 ,41.00 ,1,50
101011001427,Jeddah,3.00 ,4.00 ,1,50
101011001427,Riyadh,10.00 ,13.00 ,1,50
101011001430,Jeddah,31.00 ,42.00 ,1,50
101011001430,Riyadh,24.00 ,29.00 ,1,50
101011001432,Jeddah,19.00 ,24.00 ,1,50
101011001432,Riyadh,19.00 ,24.00 ,1,50
101011001433,Jeddah,31.00 ,39.00 ,1,50
101011001433,Riyadh,3.00 ,4.00 ,1,50
101011001435,Jeddah,7.00 ,10.00 ,1,50
101011001435,Riyadh,11.00 ,13.00 ,1,50
101011001445,Jeddah,18.00 ,27.00 ,1,50
101011001445,Riyadh,57.00 ,71.00 ,1,50
101011001447,Jeddah,10.00 ,16.00 ,1,50
101011001447,Riyadh,247.00 ,306.00 ,1,50
101011001449,Jeddah,10.00 ,15.00 ,1,50
101011001449,Riyadh,118.00 ,151.00 ,1,50
101011001456,Jeddah,42.00 ,52.00 ,1,50
101011001456,Riyadh,47.00 ,59.00 ,1,50
101011001462,Jeddah,3.00 ,5.00 ,1,50
101011001465,Jeddah,"1,439.00 ","1,623.00 ",1,50
101011001465,Riyadh,49.00 ,61.00 ,1,50
101011001467,Jeddah,24.00 ,35.00 ,1,50
101011001467,Riyadh,8.00 ,9.00 ,1,50
101011001470,Jeddah,299.00 ,357.00 ,1,50
101011001470,Riyadh,298.00 ,367.00 ,1,50
101011001473,Jeddah,195.00 ,244.00 ,1,50
101011001473,Riyadh,860.00 ,"1,042.00 ",1,50
101011001483,Jeddah,156.00 ,216.00 ,1,50
101011001483,Riyadh,543.00 ,692.00 ,1,50
101011001486,Jeddah,137.00 ,172.00 ,1,50
101011001486,Riyadh,679.00 ,880.00 ,1,50
101011001488,Jeddah,62.00 ,80.00 ,1,50
101011001488,Riyadh,87.00 ,107.00 ,1,50
101011001490,Jeddah,437.00 ,575.00 ,1,50
101011001490,Riyadh,"1,622.00 ","2,047.00 ",1,50
101011001491,Jeddah,21.00 ,28.00 ,1,50
101011001492,Jeddah,83.00 ,107.00 ,1,50
101011001492,Riyadh,47.00 ,58.00 ,1,50
101011001496,Jeddah,48.00 ,62.00 ,1,50
101011001496,Riyadh,46.00 ,58.00 ,1,50
101011001498,Jeddah,26.00 ,33.00 ,1,50
101011001498,Riyadh,72.00 ,88.00 ,1,50
101011001502,Jeddah,87.00 ,118.00 ,1,50
101011001502,Riyadh,169.00 ,222.00 ,1,50
101011001504,Jeddah,6.00 ,7.00 ,1,50
101011001504,Riyadh,35.00 ,44.00 ,1,50
101011001505,Jeddah,6.00 ,8.00 ,1,50
101011001506,Jeddah,47.00 ,60.00 ,1,50
101011001506,Riyadh,103.00 ,134.00 ,1,50
101011001512,Jeddah,266.00 ,330.00 ,1,50
101011001512,Riyadh,46.00 ,59.00 ,1,50
101011001514,Jeddah,1.00 ,1.00 ,1,50
101011001517,Jeddah,266.00 ,347.00 ,1,50
101011001517,Riyadh,829.00 ,"1,011.00 ",1,50
101011001518,Jeddah,231.00 ,324.00 ,1,50
101011001518,Riyadh,116.00 ,154.00 ,1,50
101011001519,Jeddah,117.00 ,144.00 ,1,50
101011001519,Riyadh,95.00 ,114.00 ,1,50
101011001520,Jeddah,8.00 ,11.00 ,1,50
101011001521,Jeddah,12.00 ,18.00 ,1,50
101011001521,Riyadh,92.00 ,119.00 ,1,50
101011001523,Jeddah,757.00 ,940.00 ,1,50
101011001523,Riyadh,"1,042.00 ","1,288.00 ",1,50
101011001524,Jeddah,4.00 ,5.00 ,1,50
101011001524,Riyadh,3.00 ,3.00 ,1,50
101011001525,Jeddah,17.00 ,23.00 ,1,50
101011001525,Riyadh,17.00 ,23.00 ,1,50
101011001526,Jeddah,26.00 ,32.00 ,1,50
101011001526,Riyadh,39.00 ,49.00 ,1,50
101011001527,Jeddah,10.00 ,13.00 ,1,50
101011001527,Riyadh,123.00 ,168.00 ,1,50
101011001528,Jeddah,17.00 ,22.00 ,1,50
101011001528,Riyadh,10.00 ,12.00 ,1,50
101011001530,Jeddah,60.00 ,82.00 ,1,50
101011001530,Riyadh,135.00 ,170.00 ,1,50
101011001533,Jeddah,23.00 ,29.00 ,1,50
101011001534,Jeddah,5.00 ,7.00 ,1,50
101011001534,Riyadh,68.00 ,84.00 ,1,50
101011001535,Jeddah,13.00 ,19.00 ,1,50
101011001535,Riyadh,28.00 ,39.00 ,1,50
101011001537,Jeddah,963.00 ,"1,004.00 ",1,50
101011001537,Riyadh,60.00 ,75.00 ,1,50
101011001538,Jeddah,16.00 ,20.00 ,1,50
101011001538,Riyadh,18.00 ,23.00 ,1,50
101011001542,Jeddah,9.00 ,12.00 ,1,50
101011001542,Riyadh,16.00 ,19.00 ,1,50
101011001544,Jeddah,"1,218.00 ","1,327.00 ",1,50
101011001544,Riyadh,18.00 ,23.00 ,1,50
101011001545,Jeddah,1.00 ,1.00 ,1,50
101011001545,Riyadh,1.00 ,1.00 ,1,50
101011001546,Jeddah,7.00 ,8.00 ,1,50
101011001546,Riyadh,1.00 ,1.00 ,1,50
101011001549,Jeddah,7.00 ,9.00 ,1,50
101011001549,Riyadh,25.00 ,33.00 ,1,50
101011001553,Jeddah,28.00 ,37.00 ,1,50
101011001553,Riyadh,67.00 ,84.00 ,1,50
101011001556,Jeddah,8.00 ,11.00 ,1,50
101011001558,Jeddah,154.00 ,237.00 ,1,50
101011001558,Riyadh,350.00 ,420.00 ,1,50
101011001560,Jeddah,6.00 ,8.00 ,1,50
101011001560,Riyadh,3.00 ,3.00 ,1,50
101011001561,Jeddah,127.00 ,158.00 ,1,50
101011001561,Riyadh,84.00 ,107.00 ,1,50
101011001566,Jeddah,33.00 ,44.00 ,1,50
101011001566,Riyadh,11.00 ,13.00 ,1,50
101011001568,Jeddah,111.00 ,154.00 ,1,50
101011001568,Riyadh,469.00 ,582.00 ,1,50
101011001571,Jeddah,23.00 ,29.00 ,1,50
101011001571,Riyadh,80.00 ,97.00 ,1,50
101011001575,Jeddah,4.00 ,5.00 ,1,50
101011001579,Jeddah,83.00 ,104.00 ,1,50
101011001579,Riyadh,60.00 ,74.00 ,1,50
101011001585,Jeddah,101.00 ,125.00 ,1,50
101011001585,Riyadh,208.00 ,254.00 ,1,50
101011001586,Jeddah,22.00 ,31.00 ,1,50
101011001586,Riyadh,22.00 ,27.00 ,1,50
101011001590,Jeddah,36.00 ,57.00 ,1,50
101011001590,Riyadh,178.00 ,223.00 ,1,50
101011001591,Jeddah,23.00 ,32.00 ,1,50
101011001591,Riyadh,275.00 ,356.00 ,1,50
101011001592,Jeddah,34.00 ,50.00 ,1,50
101011001592,Riyadh,139.00 ,167.00 ,1,50
101011001593,Jeddah,263.00 ,333.00 ,1,50
101011001593,Riyadh,673.00 ,867.00 ,1,50
101011001594,Jeddah,40.00 ,51.00 ,1,50
101011001594,Riyadh,68.00 ,82.00 ,1,50
101011001595,Jeddah,290.00 ,366.00 ,1,50
101011001595,Riyadh,"1,665.00 ","2,109.00 ",1,50
101011001597,Jeddah,18.00 ,25.00 ,1,50
101011001597,Riyadh,5.00 ,6.00 ,1,50
101011001599,Jeddah,197.00 ,253.00 ,1,50
101011001599,Riyadh,"1,294.00 ","1,580.00 ",1,50
101011001601,Jeddah,45.00 ,57.00 ,1,50
101011001601,Riyadh,41.00 ,54.00 ,1,50
101011001602,Jeddah,4.00 ,5.00 ,1,50
101011001602,Riyadh,22.00 ,28.00 ,1,50
101011001603,Jeddah,88.00 ,120.00 ,1,50
101011001603,Riyadh,167.00 ,212.00 ,1,50
101011001604,Jeddah,1.00 ,2.00 ,1,50
101011001604,Riyadh,10.00 ,13.00 ,1,50
101011001607,Jeddah,24.00 ,29.00 ,1,50
101011001607,Riyadh,143.00 ,177.00 ,1,50
101011001608,Jeddah,212.00 ,276.00 ,1,50
101011001608,Riyadh,340.00 ,414.00 ,1,50
101011001610,Jeddah,514.00 ,678.00 ,1,50
101011001610,Riyadh,220.00 ,267.00 ,1,50
101011001611,Jeddah,54.00 ,71.00 ,1,50
101011001611,Riyadh,51.00 ,67.00 ,1,50
101011001612,Jeddah,14.00 ,19.00 ,1,50
101011001612,Riyadh,16.00 ,20.00 ,1,50
101011001613,Jeddah,156.00 ,247.00 ,1,50
101011001613,Riyadh,658.00 ,776.00 ,1,50
101011001614,Jeddah,43.00 ,57.00 ,1,50
101011001614,Riyadh,110.00 ,134.00 ,1,50
101011001615,Jeddah,283.00 ,394.00 ,1,50
101011001615,Riyadh,235.00 ,284.00 ,1,50
101011001617,Jeddah,24.00 ,31.00 ,1,50
101011001617,Riyadh,7.00 ,9.00 ,1,50
101011001618,Jeddah,17.00 ,22.00 ,1,50
101011001618,Riyadh,22.00 ,26.00 ,1,50
101011001619,Jeddah,16.00 ,21.00 ,1,50
101011001619,Riyadh,120.00 ,148.00 ,1,50
101011001620,Jeddah,34.00 ,43.00 ,1,50
101011001620,Riyadh,27.00 ,33.00 ,1,50
101011001622,Jeddah,67.00 ,88.00 ,1,50
101011001622,Riyadh,528.00 ,666.00 ,1,50
101011001624,Jeddah,1.00 ,2.00 ,1,50
101011001624,Riyadh,111.00 ,152.00 ,1,50
101011001625,Jeddah,140.00 ,175.00 ,1,50
101011001625,Riyadh,109.00 ,134.00 ,1,50
101011001627,Jeddah,"1,046.00 ","1,413.00 ",1,50
101011001627,Riyadh,"2,110.00 ","2,591.00 ",1,50
101011001628,Jeddah,96.00 ,136.00 ,1,50
101011001628,Riyadh,409.00 ,538.00 ,1,50
101011001630,Jeddah,25.00 ,32.00 ,1,50
101011001630,Riyadh,"1,572.00 ","1,952.00 ",1,50
101011001631,Jeddah,37.00 ,50.00 ,1,50
101011001631,Riyadh,90.00 ,114.00 ,1,50
101011001634,Jeddah,6.00 ,9.00 ,1,50
101011001634,Riyadh,46.00 ,55.00 ,1,50
101011001637,Jeddah,318.00 ,404.00 ,1,50
101011001637,Riyadh,643.00 ,758.00 ,1,50
101011001638,Jeddah,37.00 ,50.00 ,1,50
101011001638,Riyadh,592.00 ,718.00 ,1,50
101011001641,Jeddah,60.00 ,74.00 ,1,50
101011001641,Riyadh,644.00 ,812.00 ,1,50
101011001644,Jeddah,20.00 ,25.00 ,1,50
101011001644,Riyadh,43.00 ,53.00 ,1,50
101011001646,Jeddah,"1,253.00 ","1,683.00 ",1,50
101011001646,Riyadh,923.00 ,"1,153.00 ",1,50
101011001649,Jeddah,4.00 ,6.00 ,1,50
101011001649,Riyadh,14.00 ,18.00 ,1,50
101011001650,Jeddah,69.00 ,87.00 ,1,50
101011001650,Riyadh,614.00 ,780.00 ,1,50
101011001651,Jeddah,150.00 ,203.00 ,1,50
101011001651,Riyadh,"1,864.00 ","2,351.00 ",1,50
101011001652,Jeddah,30.00 ,42.00 ,1,50
101011001652,Riyadh,58.00 ,75.00 ,1,50
101011001654,Jeddah,81.00 ,113.00 ,1,50
101011001654,Riyadh,271.00 ,343.00 ,1,50
101011001655,Jeddah,19.00 ,29.00 ,1,50
101011001655,Riyadh,101.00 ,126.00 ,1,50
101011001658,Jeddah,34.00 ,48.00 ,1,50
101011001659,Jeddah,"1,002.00 ","1,281.00 ",1,50
101011001659,Riyadh,"1,601.00 ","2,060.00 ",1,50
101011001660,Jeddah,27.00 ,41.00 ,1,50
101011001660,Riyadh,145.00 ,177.00 ,1,50
101011001663,Jeddah,33.00 ,43.00 ,1,50
101011001663,Riyadh,200.00 ,241.00 ,1,50
101011001665,Jeddah,517.00 ,681.00 ,1,50
101011001665,Riyadh,268.00 ,325.00 ,1,50
101011001670,Jeddah,"1,478.00 ","1,765.00 ",1,50
101011001670,Riyadh,"2,614.00 ","3,122.00 ",1,50
101011001671,Jeddah,5.00 ,6.00 ,1,50
101011001671,Riyadh,14.00 ,17.00 ,1,50
101011001674,Jeddah,10.00 ,14.00 ,1,50
101011001674,Riyadh,208.00 ,250.00 ,1,50
101011001676,Jeddah,169.00 ,206.00 ,1,50
101011001676,Riyadh,550.00 ,732.00 ,1,50
101011001681,Jeddah,213.00 ,276.00 ,1,50
101011001681,Riyadh,277.00 ,335.00 ,1,50
101011001683,Jeddah,69.00 ,85.00 ,1,50
101011001683,Riyadh,65.00 ,80.00 ,1,50
101011001684,Jeddah,17.00 ,23.00 ,1,50
101011001684,Riyadh,60.00 ,80.00 ,1,50
101011001685,Jeddah,59.00 ,88.00 ,1,50
101011001685,Riyadh,114.00 ,153.00 ,1,50
101011001687,Jeddah,11.00 ,14.00 ,1,50
101011001687,Riyadh,46.00 ,57.00 ,1,50
101011001689,Jeddah,11.00 ,13.00 ,1,50
101011001689,Riyadh,18.00 ,22.00 ,1,50
101011001691,Jeddah,76.00 ,95.00 ,1,50
101011001691,Riyadh,228.00 ,290.00 ,1,50
101011001695,Jeddah,61.00 ,77.00 ,1,50
101011001695,Riyadh,164.00 ,223.00 ,1,50
101011001696,Jeddah,6.00 ,7.00 ,1,50
101011001696,Riyadh,119.00 ,145.00 ,1,50
101011001697,Jeddah,125.00 ,179.00 ,1,50
101011001697,Riyadh,35.00 ,48.00 ,1,50
101011001698,Jeddah,47.00 ,59.00 ,1,50
101011001698,Riyadh,29.00 ,36.00 ,1,50
101011001699,Jeddah,123.00 ,157.00 ,1,50
101011001699,Riyadh,125.00 ,168.00 ,1,50
101011001702,Jeddah,262.00 ,409.00 ,1,50
101011001702,Riyadh,288.00 ,366.00 ,1,50
101011001704,Jeddah,311.00 ,398.00 ,1,50
101011001704,Riyadh,271.00 ,329.00 ,1,50
101011001711,Jeddah,99.00 ,128.00 ,1,50
101011001711,Riyadh,165.00 ,207.00 ,1,50
101011001712,Jeddah,72.00 ,99.00 ,1,50
101011001712,Riyadh,115.00 ,153.00 ,1,50
101011001715,Jeddah,219.00 ,281.00 ,1,50
101011001715,Riyadh,10.00 ,14.00 ,1,50
101011001716,Jeddah,"6,410.00 ","7,099.00 ",1,50
101011001716,Riyadh,371.00 ,450.00 ,1,50
101011001719,Jeddah,16.00 ,22.00 ,1,50
101011001719,Riyadh,88.00 ,115.00 ,1,50
101011001720,Jeddah,290.00 ,388.00 ,1,50
101011001720,Riyadh,235.00 ,285.00 ,1,50
101011001722,Jeddah,2.00 ,2.00 ,1,50
101011001722,Riyadh,5.00 ,6.00 ,1,50
101011001723,Jeddah,75.00 ,98.00 ,1,50
101011001723,Riyadh,163.00 ,204.00 ,1,50
101011001727,Jeddah,22.00 ,27.00 ,1,50
101011001727,Riyadh,37.00 ,50.00 ,1,50
101011001729,Jeddah,11.00 ,14.00 ,1,50
101011001732,Jeddah,105.00 ,155.00 ,1,50
101011001732,Riyadh,483.00 ,610.00 ,1,50
101011001735,Jeddah,25.00 ,39.00 ,1,50
101011001735,Riyadh,22.00 ,27.00 ,1,50
101011001737,Jeddah,15.00 ,22.00 ,1,50
101011001738,Jeddah,124.00 ,176.00 ,1,50
101011001738,Riyadh,342.00 ,403.00 ,1,50
101011001740,Jeddah,"2,317.00 ","2,602.00 ",1,50
101011001740,Riyadh,348.00 ,435.00 ,1,50
101011001743,Jeddah,571.00 ,816.00 ,1,50
101011001743,Riyadh,917.00 ,"1,183.00 ",1,50
101011001745,Jeddah,3.00 ,3.00 ,1,50
101011001747,Jeddah,12.00 ,18.00 ,1,50
101011001747,Riyadh,9.00 ,11.00 ,1,50
101011001748,Jeddah,88.00 ,121.00 ,1,50
101011001748,Riyadh,142.00 ,175.00 ,1,50
101011001750,Jeddah,472.00 ,582.00 ,1,50
101011001750,Riyadh,"2,927.00 ","3,568.00 ",1,50
101011001755,Jeddah,17.00 ,23.00 ,1,50
101011001755,Riyadh,35.00 ,42.00 ,1,50
101011001758,Jeddah,3.00 ,4.00 ,1,50
101011001758,Riyadh,34.00 ,41.00 ,1,50
101011001764,Jeddah,22.00 ,28.00 ,1,50
101011001764,Riyadh,26.00 ,33.00 ,1,50
101011001765,Jeddah,169.00 ,237.00 ,1,50
101011001765,Riyadh,323.00 ,396.00 ,1,50
101011001770,Jeddah,411.00 ,559.00 ,1,50
101011001770,Riyadh,724.00 ,902.00 ,1,50
101011001771,Jeddah,78.00 ,100.00 ,1,50
101011001771,Riyadh,347.00 ,451.00 ,1,50
101011001775,Jeddah,49.00 ,60.00 ,1,50
101011001775,Riyadh,346.00 ,433.00 ,1,50
101011001776,Jeddah,152.00 ,185.00 ,1,50
101011001776,Riyadh,82.00 ,98.00 ,1,50
101011001777,Jeddah,78.00 ,95.00 ,1,50
101011001777,Riyadh,72.00 ,90.00 ,1,50
101011001778,Jeddah,484.00 ,669.00 ,1,50
101011001778,Riyadh,"3,167.00 ","4,073.00 ",1,50
101011001779,Jeddah,37.00 ,46.00 ,1,50
101011001779,Riyadh,96.00 ,117.00 ,1,50
101011001786,Jeddah,11.00 ,14.00 ,1,50
101011001786,Riyadh,496.00 ,605.00 ,1,50
101011001788,Jeddah,202.00 ,247.00 ,1,50
101011001788,Riyadh,60.00 ,74.00 ,1,50
101011001789,Jeddah,19.00 ,25.00 ,1,50
101011001789,Riyadh,53.00 ,68.00 ,1,50
101011001812,Jeddah,41.00 ,53.00 ,1,50
101011001812,Riyadh,28.00 ,37.00 ,1,50
101011002051,Jeddah,28.00 ,36.00 ,1,50
101011002056,Jeddah,17.00 ,24.00 ,1,50
101011002056,Riyadh,38.00 ,47.00 ,1,50
101011002057,Jeddah,6.00 ,8.00 ,1,50
101011002057,Riyadh,19.00 ,26.00 ,1,50
101011002058,Jeddah,26.00 ,35.00 ,1,50
101011002058,Riyadh,107.00 ,134.00 ,1,50
101011002088,Jeddah,37.00 ,51.00 ,1,50
101011002088,Riyadh,193.00 ,231.00 ,1,50
101011002123,Jeddah,4.00 ,5.00 ,1,50
101011002123,Riyadh,2.00 ,3.00 ,1,50
101011002124,Jeddah,15.00 ,20.00 ,1,50
101011002124,Riyadh,1.00 ,1.00 ,1,50
101011002125,Jeddah,2.00 ,3.00 ,1,50
101011002125,Riyadh,2.00 ,2.00 ,1,50
101011002126,Jeddah,3.00 ,4.00 ,1,50
101011002126,Riyadh,2.00 ,2.00 ,1,50
101011002127,Jeddah,6.00 ,9.00 ,1,50
101011002127,Riyadh,13.00 ,16.00 ,1,50
101011002128,Jeddah,12.00 ,17.00 ,1,50
101011002128,Riyadh,13.00 ,16.00 ,1,50
101011002129,Jeddah,4.00 ,6.00 ,1,50
101011002129,Riyadh,11.00 ,14.00 ,1,50
101011002130,Jeddah,56.00 ,86.00 ,1,50
101011002130,Riyadh,21.00 ,26.00 ,1,50
101011002131,Jeddah,3.00 ,4.00 ,1,50
101011002131,Riyadh,4.00 ,5.00 ,1,50
101011002132,Jeddah,8.00 ,12.00 ,1,50
101011002132,Riyadh,61.00 ,81.00 ,1,50
101011002133,Jeddah,2.00 ,3.00 ,1,50
101011002133,Riyadh,5.00 ,6.00 ,1,50
101011002134,Jeddah,15.00 ,22.00 ,1,50
101011002134,Riyadh,18.00 ,23.00 ,1,50
101011002135,Jeddah,2.00 ,3.00 ,1,50
101011002135,Riyadh,38.00 ,46.00 ,1,50
101011002136,Jeddah,7.00 ,10.00 ,1,50
101011002136,Riyadh,42.00 ,55.00 ,1,50
101011002137,Jeddah,12.00 ,16.00 ,1,50
101011002137,Riyadh,77.00 ,93.00 ,1,50
101011002138,Jeddah,12.00 ,16.00 ,1,50
101011002138,Riyadh,4.00 ,5.00 ,1,50
101011002139,Jeddah,4.00 ,5.00 ,1,50
101011002139,Riyadh,4.00 ,4.00 ,1,50
101011002141,Jeddah,1.00 ,2.00 ,1,50
101011002141,Riyadh,5.00 ,6.00 ,1,50
101011002142,Jeddah,11.00 ,16.00 ,1,50
101011002142,Riyadh,2.00 ,3.00 ,1,50
101011002143,Jeddah,19.00 ,25.00 ,1,50
101011002143,Riyadh,6.00 ,7.00 ,1,50
101011002152,Jeddah,4.00 ,5.00 ,1,50
101011002153,Jeddah,44.00 ,66.00 ,1,50
101011002153,Riyadh,221.00 ,294.00 ,1,50
101011002154,Jeddah,1.00 ,1.00 ,1,50
101011002154,Riyadh,21.00 ,26.00 ,1,50
101011002155,Jeddah,23.00 ,30.00 ,1,50
101011002155,Riyadh,34.00 ,46.00 ,1,50
101011002158,Jeddah,11.00 ,13.00 ,1,50
101011002158,Riyadh,1.00 ,1.00 ,1,50
101011002159,Jeddah,2.00 ,2.00 ,1,50
101011002159,Riyadh,1.00 ,2.00 ,1,50
101011002160,Jeddah,97.00 ,124.00 ,1,50
101011002160,Riyadh,175.00 ,214.00 ,1,50
101011002161,Jeddah,16.00 ,21.00 ,1,50
101011002161,Riyadh,56.00 ,67.00 ,1,50
101011002162,Jeddah,18.00 ,23.00 ,1,50
101011002162,Riyadh,8.00 ,10.00 ,1,50
101011002163,Jeddah,21.00 ,26.00 ,1,50
101011002163,Riyadh,3.00 ,4.00 ,1,50
101011002164,Jeddah,4.00 ,6.00 ,1,50
101011002164,Riyadh,9.00 ,11.00 ,1,50
101011002165,Jeddah,7.00 ,9.00 ,1,50
101011002166,Jeddah,432.00 ,549.00 ,1,50
101011002166,Riyadh,584.00 ,716.00 ,1,50
101011002167,Jeddah,34.00 ,44.00 ,1,50
101011002167,Riyadh,9.00 ,12.00 ,1,50
101011002168,Jeddah,15.00 ,19.00 ,1,50
101011002169,Jeddah,35.00 ,45.00 ,1,50
101011002169,Riyadh,7.00 ,9.00 ,1,50
101011002170,Jeddah,3.00 ,4.00 ,1,50
101011002170,Riyadh,8.00 ,11.00 ,1,50
101011002171,Jeddah,3.00 ,4.00 ,1,50
101011002171,Riyadh,2.00 ,2.00 ,1,50
101011002172,Jeddah,4.00 ,5.00 ,1,50
101011002173,Jeddah,1.00 ,1.00 ,1,50
101011002174,Jeddah,33.00 ,46.00 ,1,50
101011002174,Riyadh,28.00 ,34.00 ,1,50
101011002175,Jeddah,43.00 ,56.00 ,1,50
101011002175,Riyadh,131.00 ,162.00 ,1,50
101011002176,Jeddah,67.00 ,87.00 ,1,50
101011002176,Riyadh,83.00 ,103.00 ,1,50
101011002177,Jeddah,71.00 ,91.00 ,1,50
101011002177,Riyadh,38.00 ,46.00 ,1,50
101011002178,Jeddah,11.00 ,15.00 ,1,50
101011002178,Riyadh,1.00 ,1.00 ,1,50
101011002179,Riyadh,141.00 ,175.00 ,1,50
101011002182,Jeddah,24.00 ,36.00 ,1,50
101011002182,Riyadh,6.00 ,7.00 ,1,50
101011002183,Jeddah,28.00 ,36.00 ,1,50
101011002183,Riyadh,6.00 ,7.00 ,1,50
101011002184,Jeddah,8.00 ,11.00 ,1,50
101011002184,Riyadh,22.00 ,29.00 ,1,50
101011002185,Jeddah,10.00 ,14.00 ,1,50
101011002185,Riyadh,20.00 ,27.00 ,1,50
101011002186,Jeddah,2.00 ,3.00 ,1,50
101011002186,Riyadh,5.00 ,6.00 ,1,50
101011002187,Jeddah,4.00 ,6.00 ,1,50
101011002187,Riyadh,25.00 ,31.00 ,1,50
101011002188,Jeddah,6.00 ,8.00 ,1,50
101011002188,Riyadh,7.00 ,9.00 ,1,50
101011002198,Jeddah,1.00 ,2.00 ,1,50
101011002198,Riyadh,70.00 ,84.00 ,1,50
101011002199,Jeddah,23.00 ,30.00 ,1,50
101011002199,Riyadh,51.00 ,67.00 ,1,50
101011002200,Jeddah,114.00 ,154.00 ,1,50
101011002200,Riyadh,10.00 ,13.00 ,1,50
101011002203,Jeddah,6.00 ,8.00 ,1,50
101011002203,Riyadh,3.00 ,4.00 ,1,50
101011002204,Jeddah,12.00 ,16.00 ,1,50
101011002204,Riyadh,21.00 ,26.00 ,1,50
101011002205,Jeddah,32.00 ,41.00 ,1,50
101011002205,Riyadh,22.00 ,28.00 ,1,50
101011002206,Jeddah,12.00 ,17.00 ,1,50
101011002206,Riyadh,5.00 ,7.00 ,1,50
101011002207,Jeddah,13.00 ,17.00 ,1,50
101011002207,Riyadh,15.00 ,18.00 ,1,50
101011002208,Jeddah,9.00 ,12.00 ,1,50
101011002208,Riyadh,1.00 ,2.00 ,1,50
101011002209,Jeddah,15.00 ,20.00 ,1,50
101011002209,Riyadh,9.00 ,11.00 ,1,50
101011002210,Jeddah,5.00 ,7.00 ,1,50
101011002210,Riyadh,40.00 ,50.00 ,1,50
101011002211,Jeddah,2.00 ,3.00 ,1,50
101011002211,Riyadh,17.00 ,22.00 ,1,50
101011002212,Jeddah,2.00 ,3.00 ,1,50
101011002213,Jeddah,9.00 ,11.00 ,1,50
101011002213,Riyadh,13.00 ,16.00 ,1,50
101011002214,Jeddah,42.00 ,56.00 ,1,50
101011002215,Jeddah,7.00 ,9.00 ,1,50
101011002215,Riyadh,9.00 ,11.00 ,1,50
101011002216,Jeddah,3.00 ,4.00 ,1,50
101011002216,Riyadh,40.00 ,52.00 ,1,50
101011002217,Jeddah,26.00 ,33.00 ,1,50
101011002217,Riyadh,25.00 ,30.00 ,1,50
101011002218,Jeddah,28.00 ,38.00 ,1,50
101011002218,Riyadh,74.00 ,95.00 ,1,50
101011002219,Jeddah,14.00 ,18.00 ,1,50
101011002219,Riyadh,5.00 ,6.00 ,1,50
101011002225,Jeddah,53.00 ,71.00 ,1,50
101011002225,Riyadh,167.00 ,218.00 ,1,50
101011002226,Jeddah,2.00 ,2.00 ,1,50
101011002226,Riyadh,117.00 ,155.00 ,1,50
101011002227,Jeddah,90.00 ,133.00 ,1,50
101011002227,Riyadh,271.00 ,353.00 ,1,50
101011002230,Jeddah,116.00 ,151.00 ,1,50
101011002230,Riyadh,145.00 ,180.00 ,1,50
101011002241,Jeddah,10.00 ,13.00 ,1,50
101011002241,Riyadh,27.00 ,33.00 ,1,50
101011002279,Jeddah,170.00 ,239.00 ,1,50
101011002279,Riyadh,861.00 ,"1,131.00 ",1,50
101011002280,Jeddah,189.00 ,287.00 ,1,50
101011002280,Riyadh,513.00 ,663.00 ,1,50
101011002285,Jeddah,259.00 ,383.00 ,1,50
101011002285,Riyadh,828.00 ,"1,132.00 ",1,50
101011002288,Jeddah,27.00 ,36.00 ,1,50
101011002288,Riyadh,166.00 ,220.00 ,1,50
101011002289,Jeddah,250.00 ,333.00 ,1,50
101011002289,Riyadh,"1,428.00 ","1,740.00 ",1,50
101011002298,Jeddah,52.00 ,78.00 ,1,50
101011002298,Riyadh,57.00 ,70.00 ,1,50
101011002435,Jeddah,17.00 ,24.00 ,1,50
101011002436,Jeddah,119.00 ,178.00 ,1,50
101011002436,Riyadh,180.00 ,230.00 ,1,50
101011002437,Jeddah,2.00 ,3.00 ,1,50
101011002438,Jeddah,97.00 ,124.00 ,1,50
101011002445,Jeddah,4.00 ,6.00 ,1,50
101011002446,Jeddah,1.00 ,2.00 ,1,50
101011002448,Jeddah,4.00 ,5.00 ,1,50
101011002448,Riyadh,28.00 ,33.00 ,1,50
101011002450,Jeddah,7.00 ,10.00 ,1,50
101011002450,Riyadh,2.00 ,2.00 ,1,50
101011002451,Jeddah,1.00 ,1.00 ,1,50
101011002468,Jeddah,256.00 ,332.00 ,1,50
101011002468,Riyadh,78.00 ,101.00 ,1,50
101011002469,Jeddah,3.00 ,4.00 ,1,50
101011002469,Riyadh,132.00 ,160.00 ,1,50
101011002483,Jeddah,44.00 ,63.00 ,1,50
101011002483,Riyadh,531.00 ,714.00 ,1,50
101011002488,Jeddah,8.00 ,11.00 ,1,50
101011002488,Riyadh,24.00 ,30.00 ,1,50
101011002492,Jeddah,56.00 ,87.00 ,1,50
101011002492,Riyadh,150.00 ,203.00 ,1,50
101011002495,Jeddah,1.00 ,1.00 ,1,50
101011002495,Riyadh,3.00 ,4.00 ,1,50
101011002498,Jeddah,61.00 ,76.00 ,1,50
101011002498,Riyadh,153.00 ,190.00 ,1,50
101011002499,Jeddah,83.00 ,108.00 ,1,50
101011002499,Riyadh,400.00 ,506.00 ,1,50
101011002500,Jeddah,23.00 ,30.00 ,1,50
101011002500,Riyadh,11.00 ,13.00 ,1,50
101011002508,Jeddah,58.00 ,73.00 ,1,50
101011002508,Riyadh,272.00 ,329.00 ,1,50
101011002509,Jeddah,13.00 ,19.00 ,1,50
101011002510,Jeddah,62.00 ,84.00 ,1,50
101011002513,Jeddah,71.00 ,96.00 ,1,50
101011002513,Riyadh,228.00 ,275.00 ,1,50
101011002514,Jeddah,40.00 ,54.00 ,1,50
101011002514,Riyadh,64.00 ,81.00 ,1,50
101011002516,Jeddah,78.00 ,109.00 ,1,50
101011002516,Riyadh,203.00 ,254.00 ,1,50
101011002564,Jeddah,132.00 ,175.00 ,1,50
101011002564,Riyadh,214.00 ,280.00 ,1,50
101011002570,Jeddah,73.00 ,111.00 ,1,50
101011002570,Riyadh,169.00 ,206.00 ,1,50
101011002571,Jeddah,85.00 ,115.00 ,1,50
101011002571,Riyadh,238.00 ,293.00 ,1,50
101011002574,Jeddah,15.00 ,20.00 ,1,50
101011002574,Riyadh,53.00 ,65.00 ,1,50
101011003170,Jeddah,4.00 ,5.00 ,1,50
101011003170,Riyadh,35.00 ,44.00 ,1,50
101011003173,Jeddah,2.00 ,2.00 ,1,50
101011003324,Jeddah,12.00 ,15.00 ,1,50
101011003324,Riyadh,30.00 ,39.00 ,1,50
101011003326,Jeddah,4.00 ,6.00 ,1,50
101011003326,Riyadh,34.00 ,42.00 ,1,50
101011003327,Jeddah,8.00 ,11.00 ,1,50
101011003327,Riyadh,42.00 ,52.00 ,1,50
101011003328,Jeddah,16.00 ,22.00 ,1,50
101011003328,Riyadh,33.00 ,41.00 ,1,50
101011003333,Jeddah,6.00 ,7.00 ,1,50
101011003336,Riyadh,2.00 ,3.00 ,1,50
101011003337,Jeddah,8.00 ,10.00 ,1,50
101011003337,Riyadh,17.00 ,21.00 ,1,50
101011003338,Jeddah,23.00 ,36.00 ,1,50
101011003338,Riyadh,42.00 ,51.00 ,1,50
101011003340,Jeddah,8.00 ,11.00 ,1,50
101011003340,Riyadh,35.00 ,42.00 ,1,50
101011003341,Jeddah,8.00 ,11.00 ,1,50
101011003341,Riyadh,4.00 ,5.00 ,1,50
101011003342,Riyadh,2.00 ,2.00 ,1,50
101011003343,Riyadh,16.00 ,20.00 ,1,50
101011003344,Jeddah,18.00 ,25.00 ,1,50
101011003344,Riyadh,519.00 ,703.00 ,1,50
101011003345,Jeddah,23.00 ,35.00 ,1,50
101011003345,Riyadh,171.00 ,231.00 ,1,50
101011003346,Jeddah,5.00 ,7.00 ,1,50
101011003346,Riyadh,49.00 ,60.00 ,1,50
101011003347,Jeddah,2.00 ,2.00 ,1,50
101011003347,Riyadh,24.00 ,29.00 ,1,50
101011003348,Jeddah,2.00 ,2.00 ,1,50
101011003350,Jeddah,13.00 ,16.00 ,1,50
101011003350,Riyadh,236.00 ,305.00 ,1,50
101011003351,Jeddah,3.00 ,4.00 ,1,50
101011003351,Riyadh,10.00 ,13.00 ,1,50
101011003352,Jeddah,2.00 ,2.00 ,1,50
101011003352,Riyadh,12.00 ,16.00 ,1,50
101011003353,Jeddah,3.00 ,4.00 ,1,50
101011003353,Riyadh,3.00 ,3.00 ,1,50
101011003354,Jeddah,2.00 ,2.00 ,1,50
101011003354,Riyadh,3.00 ,4.00 ,1,50
101011003355,Jeddah,1.00 ,1.00 ,1,50
101011003355,Riyadh,1.00 ,2.00 ,1,50
101011003356,Jeddah,1.00 ,1.00 ,1,50
101011003356,Riyadh,1.00 ,2.00 ,1,50
101011003357,Jeddah,2.00 ,3.00 ,1,50
101011003357,Riyadh,4.00 ,4.00 ,1,50
101011003358,Jeddah,1.00 ,2.00 ,1,50
101011003358,Riyadh,1.00 ,2.00 ,1,50
101011003359,Jeddah,1.00 ,1.00 ,1,50
101011003359,Riyadh,1.00 ,2.00 ,1,50
101011003360,Jeddah,1.00 ,2.00 ,1,50
101011003360,Riyadh,1.00 ,2.00 ,1,50
101011003361,Jeddah,29.00 ,36.00 ,1,50
101011003361,Riyadh,36.00 ,49.00 ,1,50
101011003362,Jeddah,63.00 ,80.00 ,1,50
101011003362,Riyadh,72.00 ,89.00 ,1,50
101011003363,Jeddah,35.00 ,44.00 ,1,50
101011003363,Riyadh,40.00 ,53.00 ,1,50
101011003364,Jeddah,10.00 ,13.00 ,1,50
101011003364,Riyadh,40.00 ,50.00 ,1,50
101011003365,Jeddah,1.00 ,1.00 ,1,50
101011003365,Riyadh,14.00 ,17.00 ,1,50
101011003366,Riyadh,3.00 ,3.00 ,1,50
101011003367,Jeddah,1.00 ,1.00 ,1,50
101011003367,Riyadh,8.00 ,10.00 ,1,50
101011003368,Jeddah,1.00 ,1.00 ,1,50
101011003368,Riyadh,6.00 ,8.00 ,1,50
101011003371,Jeddah,26.00 ,34.00 ,1,50
101011003371,Riyadh,34.00 ,42.00 ,1,50
101011003373,Jeddah,7.00 ,9.00 ,1,50
101011003373,Riyadh,41.00 ,50.00 ,1,50
101011003374,Jeddah,18.00 ,27.00 ,1,50
101011003374,Riyadh,124.00 ,149.00 ,1,50
101011003377,Jeddah,10.00 ,14.00 ,1,50
101011003377,Riyadh,34.00 ,43.00 ,1,50
101011003378,Riyadh,14.00 ,18.00 ,1,50
101011003379,Jeddah,6.00 ,8.00 ,1,50
101011003379,Riyadh,32.00 ,40.00 ,1,50
101011003381,Jeddah,2.00 ,2.00 ,1,50
101011003381,Riyadh,9.00 ,12.00 ,1,50
101011003382,Riyadh,2.00 ,2.00 ,1,50
101011003383,Jeddah,2.00 ,3.00 ,1,50
101011003383,Riyadh,9.00 ,12.00 ,1,50
101011003384,Jeddah,4.00 ,5.00 ,1,50
101011003384,Riyadh,5.00 ,7.00 ,1,50
101011003385,Jeddah,3.00 ,4.00 ,1,50
101011003385,Riyadh,3.00 ,3.00 ,1,50
101011003386,Jeddah,2.00 ,4.00 ,1,50
101011003386,Riyadh,47.00 ,59.00 ,1,50
101011003387,Jeddah,29.00 ,40.00 ,1,50
101011003387,Riyadh,24.00 ,30.00 ,1,50
101011003388,Jeddah,7.00 ,10.00 ,1,50
101011003389,Jeddah,3.00 ,5.00 ,1,50
101011003390,Jeddah,2.00 ,3.00 ,1,50
101011003391,Jeddah,1.00 ,1.00 ,1,50
101011003391,Riyadh,2.00 ,2.00 ,1,50
101011003395,Jeddah,45.00 ,58.00 ,1,50
101011003395,Riyadh,8.00 ,10.00 ,1,50
101011003396,Jeddah,10.00 ,12.00 ,1,50
101011003396,Riyadh,13.00 ,17.00 ,1,50
101011003397,Jeddah,13.00 ,17.00 ,1,50
101011003397,Riyadh,3.00 ,4.00 ,1,50
101011003398,Jeddah,115.00 ,162.00 ,1,50
101011003398,Riyadh,48.00 ,60.00 ,1,50
101011003399,Jeddah,65.00 ,84.00 ,1,50
101011003399,Riyadh,44.00 ,54.00 ,1,50
101011003400,Jeddah,25.00 ,31.00 ,1,50
101011003400,Riyadh,36.00 ,45.00 ,1,50
101011003401,Jeddah,8.00 ,10.00 ,1,50
101011003401,Riyadh,44.00 ,58.00 ,1,50
101011003402,Jeddah,14.00 ,18.00 ,1,50
101011003402,Riyadh,16.00 ,20.00 ,1,50
101011003403,Jeddah,3.00 ,4.00 ,1,50
101011003403,Riyadh,3.00 ,3.00 ,1,50
101011003404,Jeddah,14.00 ,18.00 ,1,50
101011003404,Riyadh,7.00 ,9.00 ,1,50
101011003405,Jeddah,8.00 ,11.00 ,1,50
101011003405,Riyadh,26.00 ,32.00 ,1,50
101011003406,Jeddah,13.00 ,17.00 ,1,50
101011003406,Riyadh,10.00 ,12.00 ,1,50
101011003407,Jeddah,23.00 ,31.00 ,1,50
101011003407,Riyadh,19.00 ,24.00 ,1,50
101011003409,Jeddah,23.00 ,30.00 ,1,50
101011003409,Riyadh,71.00 ,88.00 ,1,50
101011003410,Jeddah,234.00 ,334.00 ,1,50
101011003410,Riyadh,357.00 ,448.00 ,1,50
101011003411,Jeddah,40.00 ,52.00 ,1,50
101011003413,Jeddah,31.00 ,43.00 ,1,50
101011003413,Riyadh,20.00 ,27.00 ,1,50
101011003415,Jeddah,12.00 ,17.00 ,1,50
101011003415,Riyadh,3.00 ,3.00 ,1,50
101011003416,Jeddah,9.00 ,12.00 ,1,50
101011003416,Riyadh,41.00 ,51.00 ,1,50
101011003417,Jeddah,104.00 ,141.00 ,1,50
101011003417,Riyadh,72.00 ,89.00 ,1,50
101011003418,Jeddah,224.00 ,301.00 ,1,50
101011003418,Riyadh,126.00 ,158.00 ,1,50
101011003419,Jeddah,151.00 ,212.00 ,1,50
101011003419,Riyadh,712.00 ,860.00 ,1,50
101011003420,Jeddah,20.00 ,25.00 ,1,50
101011003420,Riyadh,32.00 ,40.00 ,1,50
101011003421,Jeddah,42.00 ,63.00 ,1,50
101011003422,Jeddah,35.00 ,48.00 ,1,50
101011003422,Riyadh,57.00 ,71.00 ,1,50
101011003423,Jeddah,39.00 ,52.00 ,1,50
101011003423,Riyadh,50.00 ,61.00 ,1,50
101011003424,Jeddah,19.00 ,25.00 ,1,50
101011003425,Jeddah,72.00 ,94.00 ,1,50
101011003425,Riyadh,360.00 ,445.00 ,1,50
101011003426,Jeddah,27.00 ,37.00 ,1,50
101011003426,Riyadh,14.00 ,17.00 ,1,50
101011003427,Jeddah,9.00 ,12.00 ,1,50
101011003429,Jeddah,33.00 ,42.00 ,1,50
101011003429,Riyadh,48.00 ,57.00 ,1,50
101011003430,Jeddah,78.00 ,120.00 ,1,50
101011003430,Riyadh,282.00 ,365.00 ,1,50
101011003434,Jeddah,36.00 ,46.00 ,1,50
101011003434,Riyadh,34.00 ,42.00 ,1,50
101011003441,Jeddah,5.00 ,8.00 ,1,50
101011003441,Riyadh,3.00 ,4.00 ,1,50
101011003442,Jeddah,4.00 ,6.00 ,1,50
101011003442,Riyadh,18.00 ,21.00 ,1,50
101011003444,Jeddah,34.00 ,44.00 ,1,50
101011003449,Jeddah,11.00 ,15.00 ,1,50
101011003449,Riyadh,164.00 ,216.00 ,1,50
101011003450,Jeddah,27.00 ,35.00 ,1,50
101011003450,Riyadh,16.00 ,20.00 ,1,50
101011003451,Jeddah,1.00 ,1.00 ,1,50
101011003451,Riyadh,1.00 ,2.00 ,1,50
101011003452,Jeddah,14.00 ,20.00 ,1,50
101011003452,Riyadh,7.00 ,8.00 ,1,50
101011003453,Jeddah,1.00 ,1.00 ,1,50
101011003453,Riyadh,4.00 ,5.00 ,1,50
101011003454,Jeddah,32.00 ,40.00 ,1,50
101011003454,Riyadh,27.00 ,33.00 ,1,50
101011003457,Jeddah,21.00 ,28.00 ,1,50
101011003457,Riyadh,20.00 ,25.00 ,1,50
101011003462,Jeddah,1.00 ,1.00 ,1,50
101011003465,Jeddah,1.00 ,1.00 ,1,50
101011003465,Riyadh,1.00 ,2.00 ,1,50
101011003468,Jeddah,6.00 ,8.00 ,1,50
101011003469,Jeddah,29.00 ,38.00 ,1,50
101011003469,Riyadh,34.00 ,42.00 ,1,50
101011003470,Jeddah,16.00 ,20.00 ,1,50
101011003470,Riyadh,129.00 ,175.00 ,1,50
101011003471,Jeddah,287.00 ,350.00 ,1,50
101011003471,Riyadh,501.00 ,633.00 ,1,50
101011003472,Jeddah,12.00 ,16.00 ,1,50
101011003472,Riyadh,608.00 ,779.00 ,1,50
101011003473,Jeddah,110.00 ,145.00 ,1,50
101011003473,Riyadh,144.00 ,179.00 ,1,50
101011003474,Jeddah,108.00 ,135.00 ,1,50
101011003474,Riyadh,183.00 ,226.00 ,1,50
101011003475,Jeddah,135.00 ,177.00 ,1,50
101011003475,Riyadh,118.00 ,159.00 ,1,50
101011003476,Jeddah,1.00 ,1.00 ,1,50
101011003476,Riyadh,3.00 ,4.00 ,1,50
101011003477,Jeddah,7.00 ,9.00 ,1,50
101011003477,Riyadh,8.00 ,10.00 ,1,50
101011003478,Jeddah,30.00 ,40.00 ,1,50
101011003478,Riyadh,168.00 ,202.00 ,1,50
101011003479,Jeddah,27.00 ,36.00 ,1,50
101011003479,Riyadh,250.00 ,308.00 ,1,50
101011003480,Jeddah,8.00 ,12.00 ,1,50
101011003480,Riyadh,396.00 ,542.00 ,1,50
101011003484,Jeddah,70.00 ,92.00 ,1,50
101011003484,Riyadh,174.00 ,231.00 ,1,50
101011003485,Jeddah,36.00 ,46.00 ,1,50
101011003485,Riyadh,230.00 ,303.00 ,1,50
101011003486,Jeddah,41.00 ,53.00 ,1,50
101011003486,Riyadh,106.00 ,130.00 ,1,50
101011003487,Jeddah,80.00 ,101.00 ,1,50
101011003487,Riyadh,170.00 ,205.00 ,1,50
101011003488,Jeddah,20.00 ,26.00 ,1,50
101011003488,Riyadh,34.00 ,44.00 ,1,50
101011003529,Jeddah,2.00 ,2.00 ,1,50
101011003529,Riyadh,15.00 ,18.00 ,1,50
101011003530,Jeddah,1.00 ,2.00 ,1,50
101011003530,Riyadh,21.00 ,25.00 ,1,50
101011003533,Jeddah,10.00 ,13.00 ,1,50
101011003533,Riyadh,133.00 ,174.00 ,1,50
101011003534,Jeddah,16.00 ,23.00 ,1,50
101011003534,Riyadh,189.00 ,240.00 ,1,50
101011003539,Jeddah,3.00 ,4.00 ,1,50
101011003540,Jeddah,1.00 ,2.00 ,1,50
101011003541,Jeddah,2.00 ,2.00 ,1,50
101011003543,Jeddah,1.00 ,1.00 ,1,50
101011003805,Jeddah,288.00 ,365.00 ,1,50
101011003805,Riyadh,449.00 ,577.00 ,1,50
101011003806,Jeddah,220.00 ,278.00 ,1,50
101011003806,Riyadh,178.00 ,222.00 ,1,50
101011003807,Jeddah,47.00 ,69.00 ,1,50
101011003808,Jeddah,163.00 ,231.00 ,1,50
101011003808,Riyadh,469.00 ,610.00 ,1,50
101011003809,Jeddah,25.00 ,33.00 ,1,50
101011003809,Riyadh,22.00 ,27.00 ,1,50
101011003810,Jeddah,31.00 ,46.00 ,1,50
101011003810,Riyadh,105.00 ,127.00 ,1,50
101011003811,Jeddah,79.00 ,123.00 ,1,50
101011003811,Riyadh,3.00 ,3.00 ,1,50
101011003812,Jeddah,69.00 ,89.00 ,1,50
101011003812,Riyadh,428.00 ,554.00 ,1,50
101011003813,Jeddah,32.00 ,43.00 ,1,50
101011003813,Riyadh,2.00 ,2.00 ,1,50
101011003814,Jeddah,67.00 ,99.00 ,1,50
101011003814,Riyadh,113.00 ,151.00 ,1,50
101011003815,Jeddah,38.00 ,50.00 ,1,50
101011003815,Riyadh,65.00 ,79.00 ,1,50
101011003816,Jeddah,18.00 ,26.00 ,1,50
101011003816,Riyadh,17.00 ,20.00 ,1,50
101011003818,Jeddah,157.00 ,196.00 ,1,50
101011003818,Riyadh,475.00 ,594.00 ,1,50
101011003820,Jeddah,50.00 ,73.00 ,1,50
101011003820,Riyadh,36.00 ,45.00 ,1,50
101011003821,Jeddah,4.00 ,5.00 ,1,50
101011003821,Riyadh,16.00 ,20.00 ,1,50
101011003822,Jeddah,13.00 ,17.00 ,1,50
101011003822,Riyadh,4.00 ,5.00 ,1,50
101011003831,Jeddah,40.00 ,59.00 ,1,50
101011003832,Jeddah,40.00 ,51.00 ,1,50
101011003833,Jeddah,39.00 ,52.00 ,1,50
101011003834,Jeddah,10.00 ,13.00 ,1,50
101011003835,Jeddah,89.00 ,136.00 ,1,50
101011003835,Riyadh,2.00 ,2.00 ,1,50
101011003836,Jeddah,9.00 ,12.00 ,1,50
101011003837,Jeddah,2.00 ,3.00 ,1,50
101011003839,Jeddah,7.00 ,8.00 ,1,50
101011003840,Jeddah,7.00 ,8.00 ,1,50
101011003842,Jeddah,6.00 ,7.00 ,1,50
101011003843,Jeddah,26.00 ,39.00 ,1,50
101011003843,Riyadh,2.00 ,2.00 ,1,50
101011003847,Jeddah,1.00 ,1.00 ,1,50
101011003852,Jeddah,1.00 ,1.00 ,1,50
101011003853,Riyadh,2.00 ,2.00 ,1,50
101011003855,Jeddah,27.00 ,34.00 ,1,50
101011003855,Riyadh,477.00 ,597.00 ,1,50
101011003856,Jeddah,25.00 ,31.00 ,1,50
101011003856,Riyadh,198.00 ,234.00 ,1,50
101011003861,Jeddah,1.00 ,1.00 ,1,50
101011003861,Riyadh,39.00 ,46.00 ,1,50
101011003862,Jeddah,6.00 ,7.00 ,1,50
101011003862,Riyadh,38.00 ,45.00 ,1,50
101011003863,Jeddah,2.00 ,3.00 ,1,50
101011003864,Jeddah,1.00 ,1.00 ,1,50
101011003865,Jeddah,1.00 ,1.00 ,1,50
101011003866,Jeddah,1.00 ,2.00 ,1,50
101011003867,Jeddah,1.00 ,1.00 ,1,50
101011003868,Riyadh,2.00 ,2.00 ,1,50
101011003869,Riyadh,28.00 ,35.00 ,1,50
101011003871,Riyadh,6.00 ,8.00 ,1,50
101011003872,Riyadh,10.00 ,12.00 ,1,50
101011003888,Jeddah,97.00 ,135.00 ,1,50
101011003888,Riyadh,618.00 ,748.00 ,1,50
101011003898,Jeddah,1.00 ,1.00 ,1,50
101011003901,Jeddah,58.00 ,85.00 ,1,50
101011003901,Riyadh,82.00 ,103.00 ,1,50
101011003902,Jeddah,46.00 ,64.00 ,1,50
101011003902,Riyadh,65.00 ,80.00 ,1,50
101011003908,Jeddah,219.00 ,281.00 ,1,50
101011003908,Riyadh,777.00 ,916.00 ,1,50
101011003909,Jeddah,151.00 ,183.00 ,1,50
101011003909,Riyadh,14.00 ,17.00 ,1,50
101011003910,Jeddah,132.00 ,190.00 ,1,50
101011003910,Riyadh,14.00 ,17.00 ,1,50
101011003911,Jeddah,149.00 ,232.00 ,1,50
101011003911,Riyadh,8.00 ,10.00 ,1,50
101011003912,Jeddah,176.00 ,215.00 ,1,50
101011003912,Riyadh,1.00 ,1.00 ,1,50
101011003913,Jeddah,148.00 ,187.00 ,1,50
101011003913,Riyadh,4.00 ,5.00 ,1,50
101011003914,Jeddah,37.00 ,52.00 ,1,50
101011003914,Riyadh,18.00 ,25.00 ,1,50
101011003915,Jeddah,2.00 ,2.00 ,1,50
101011003915,Riyadh,9.00 ,11.00 ,1,50
101011003916,Jeddah,11.00 ,15.00 ,1,50
101011003916,Riyadh,9.00 ,13.00 ,1,50
101011003917,Jeddah,3.00 ,4.00 ,1,50
101011003917,Riyadh,1.00 ,2.00 ,1,50
101011003921,Jeddah,4.00 ,6.00 ,1,50
101011003923,Jeddah,1.00 ,2.00 ,1,50
101011003923,Riyadh,"3,447.00 ","4,484.00 ",1,50
101011003926,Jeddah,22.00 ,31.00 ,1,50
101011003926,Riyadh,5.00 ,6.00 ,1,50
101011003928,Jeddah,1.00 ,1.00 ,1,50
101011003929,Jeddah,52.00 ,67.00 ,1,50
101011003929,Riyadh,498.00 ,675.00 ,1,50
101011003930,Jeddah,8.00 ,10.00 ,1,50
101011003930,Riyadh,"1,386.00 ","1,807.00 ",1,50
101011003934,Jeddah,34.00 ,48.00 ,1,50
101011003938,Jeddah,2.00 ,3.00 ,1,50
101011003938,Riyadh,9.00 ,12.00 ,1,50
101011003939,Jeddah,1.00 ,1.00 ,1,50
101011004103,Jeddah,9.00 ,12.00 ,1,50
101011004103,Riyadh,203.00 ,244.00 ,1,50
101011004104,Jeddah,559.00 ,750.00 ,1,50
101011004104,Riyadh,"2,025.00 ","2,547.00 ",1,50
101011004105,Jeddah,46.00 ,60.00 ,1,50
101011004105,Riyadh,103.00 ,126.00 ,1,50
101011004106,Jeddah,5.00 ,7.00 ,1,50
101011004106,Riyadh,68.00 ,82.00 ,1,50
101011004111,Jeddah,4.00 ,6.00 ,1,50
101011004116,Jeddah,122.00 ,168.00 ,1,50
101011004116,Riyadh,163.00 ,204.00 ,1,50
101011004120,Jeddah,178.00 ,227.00 ,1,50
101011004120,Riyadh,22.00 ,28.00 ,1,50
101011004123,Jeddah,56.00 ,74.00 ,1,50
101011004126,Jeddah,11.00 ,14.00 ,1,50
101011004217,Jeddah,62.00 ,79.00 ,1,50
101011004217,Riyadh,171.00 ,212.00 ,1,50
101011004218,Jeddah,22.00 ,27.00 ,1,50
101011004218,Riyadh,91.00 ,111.00 ,1,50
101011004219,Jeddah,3.00 ,4.00 ,1,50
101011004219,Riyadh,12.00 ,15.00 ,1,50
101011004220,Jeddah,489.00 ,596.00 ,1,50
101011004220,Riyadh,"1,793.00 ","2,306.00 ",1,50
101011004221,Jeddah,291.00 ,365.00 ,1,50
101011004221,Riyadh,"1,208.00 ","1,425.00 ",1,50
101011004222,Jeddah,274.00 ,391.00 ,1,50
101011004222,Riyadh,596.00 ,714.00 ,1,50
101011004223,Jeddah,5.00 ,7.00 ,1,50
101011004223,Riyadh,2.00 ,2.00 ,1,50
101011004224,Jeddah,3.00 ,4.00 ,1,50
101011004226,Jeddah,3.00 ,4.00 ,1,50
101011004226,Riyadh,3.00 ,3.00 ,1,50
101011004230,Jeddah,2.00 ,2.00 ,1,50
101011004230,Riyadh,14.00 ,17.00 ,1,50
101011004231,Jeddah,11.00 ,16.00 ,1,50
101011004231,Riyadh,42.00 ,51.00 ,1,50
101011004245,Jeddah,38.00 ,50.00 ,1,50
101011004246,Jeddah,188.00 ,242.00 ,1,50
101011004246,Riyadh,29.00 ,36.00 ,1,50
101011004248,Jeddah,"1,310.00 ","1,754.00 ",1,50
101011004248,Riyadh,"1,445.00 ","1,742.00 ",1,50
101011004249,Jeddah,2.00 ,2.00 ,1,50
101011004249,Riyadh,14.00 ,17.00 ,1,50
101011004250,Jeddah,42.00 ,52.00 ,1,50
101011004250,Riyadh,4.00 ,5.00 ,1,50
101011004251,Jeddah,19.00 ,28.00 ,1,50
101011004251,Riyadh,89.00 ,109.00 ,1,50
101011004252,Jeddah,7.00 ,11.00 ,1,50
101011004252,Riyadh,90.00 ,109.00 ,1,50
101011004256,Jeddah,61.00 ,73.00 ,1,50
101011004256,Riyadh,412.00 ,562.00 ,1,50
101011004258,Jeddah,2.00 ,3.00 ,1,50
101011004258,Riyadh,11.00 ,14.00 ,1,50
101011004274,Jeddah,115.00 ,159.00 ,1,50
101011004274,Riyadh,436.00 ,566.00 ,1,50
101011004275,Jeddah,10.00 ,13.00 ,1,50
101011004275,Riyadh,33.00 ,41.00 ,1,50
101011004285,Jeddah,6.00 ,8.00 ,1,50
101011004286,Jeddah,39.00 ,51.00 ,1,50
101011004286,Riyadh,152.00 ,182.00 ,1,50
101011004287,Jeddah,24.00 ,36.00 ,1,50
101011004287,Riyadh,172.00 ,212.00 ,1,50
101011004288,Jeddah,7.00 ,10.00 ,1,50
101011004288,Riyadh,152.00 ,189.00 ,1,50
101011004290,Jeddah,3.00 ,4.00 ,1,50
101011004290,Riyadh,14.00 ,17.00 ,1,50
101011004296,Jeddah,5.00 ,6.00 ,1,50
101011004297,Jeddah,1.00 ,1.00 ,1,50
101011004298,Jeddah,1.00 ,1.00 ,1,50
101011004553,Riyadh,50.00 ,62.00 ,1,50
101011004557,Riyadh,1.00 ,1.00 ,1,50
101011004558,Jeddah,1.00 ,2.00 ,1,50
101011004558,Riyadh,2.00 ,3.00 ,1,50
101011004559,Jeddah,1.00 ,1.00 ,1,50
101011004559,Riyadh,8.00 ,10.00 ,1,50
101011004560,Jeddah,11.00 ,14.00 ,1,50
101011004560,Riyadh,2.00 ,2.00 ,1,50
101011004562,Jeddah,7.00 ,9.00 ,1,50
101011004562,Riyadh,1.00 ,2.00 ,1,50
101011004563,Jeddah,24.00 ,31.00 ,1,50
101011004563,Riyadh,80.00 ,97.00 ,1,50
101011004566,Jeddah,50.00 ,60.00 ,1,50
101011004566,Riyadh,9.00 ,13.00 ,1,50
101011004567,Jeddah,3.00 ,4.00 ,1,50
101011004567,Riyadh,12.00 ,14.00 ,1,50
101011004568,Jeddah,8.00 ,11.00 ,1,50
101011004568,Riyadh,7.00 ,9.00 ,1,50
101011004569,Jeddah,56.00 ,72.00 ,1,50
101011004569,Riyadh,76.00 ,96.00 ,1,50
101011004570,Jeddah,62.00 ,81.00 ,1,50
101011004570,Riyadh,90.00 ,113.00 ,1,50
101011004571,Jeddah,60.00 ,76.00 ,1,50
101011004571,Riyadh,25.00 ,32.00 ,1,50
101011004572,Jeddah,38.00 ,53.00 ,1,50
101011004572,Riyadh,124.00 ,158.00 ,1,50
101011004573,Jeddah,170.00 ,215.00 ,1,50
101011004573,Riyadh,55.00 ,66.00 ,1,50
101011004574,Jeddah,35.00 ,48.00 ,1,50
101011004574,Riyadh,52.00 ,62.00 ,1,50
101011004575,Jeddah,4.00 ,6.00 ,1,50
101011004575,Riyadh,18.00 ,22.00 ,1,50
101011004576,Jeddah,7.00 ,10.00 ,1,50
101011004576,Riyadh,41.00 ,49.00 ,1,50
101011004578,Jeddah,74.00 ,92.00 ,1,50
101011004578,Riyadh,13.00 ,16.00 ,1,50
101011004582,Jeddah,2.00 ,3.00 ,1,50
101011004583,Jeddah,6.00 ,7.00 ,1,50
101011004584,Jeddah,1.00 ,1.00 ,1,50
101011004585,Jeddah,1.00 ,1.00 ,1,50
101011004585,Riyadh,1.00 ,1.00 ,1,50
101011004586,Jeddah,1.00 ,1.00 ,1,50
101011004586,Riyadh,1.00 ,1.00 ,1,50
101011004587,Jeddah,5.00 ,6.00 ,1,50
101011004587,Riyadh,1.00 ,1.00 ,1,50
101011004589,Jeddah,69.00 ,92.00 ,1,50
101011004589,Riyadh,38.00 ,48.00 ,1,50
101011004591,Jeddah,2.00 ,3.00 ,1,50
101011004591,Riyadh,5.00 ,6.00 ,1,50
101011004593,Jeddah,1.00 ,1.00 ,1,50
101011004593,Riyadh,4.00 ,5.00 ,1,50
101011004594,Jeddah,1.00 ,1.00 ,1,50
101011004594,Riyadh,4.00 ,5.00 ,1,50
101011004595,Jeddah,1.00 ,2.00 ,1,50
101011004595,Riyadh,2.00 ,2.00 ,1,50
101011004599,Jeddah,3.00 ,3.00 ,1,50
101011004601,Jeddah,18.00 ,24.00 ,1,50
101011004601,Riyadh,17.00 ,21.00 ,1,50
101011004608,Jeddah,34.00 ,54.00 ,1,50
101011004610,Jeddah,4.00 ,6.00 ,1,50
101011004613,Jeddah,1.00 ,1.00 ,1,50
101011004615,Jeddah,1.00 ,1.00 ,1,50
101011004615,Riyadh,10.00 ,13.00 ,1,50
101011004616,Jeddah,10.00 ,12.00 ,1,50
101011004616,Riyadh,29.00 ,35.00 ,1,50
101011004617,Riyadh,6.00 ,7.00 ,1,50
101011004618,Jeddah,3.00 ,4.00 ,1,50
101011004619,Jeddah,2.00 ,3.00 ,1,50
101011004621,Jeddah,1.00 ,1.00 ,1,50
101011004622,Jeddah,3.00 ,4.00 ,1,50
101011004622,Riyadh,18.00 ,23.00 ,1,50
101011004625,Jeddah,1.00 ,1.00 ,1,50
101011004625,Riyadh,11.00 ,13.00 ,1,50
101011004631,Jeddah,16.00 ,22.00 ,1,50
101011004635,Jeddah,2.00 ,2.00 ,1,50
101011004636,Riyadh,5.00 ,6.00 ,1,50
101011004645,Jeddah,6.00 ,9.00 ,1,50
101011004649,Jeddah,14.00 ,19.00 ,1,50
101011004650,Jeddah,34.00 ,43.00 ,1,50
101011004661,Jeddah,2.00 ,3.00 ,1,50
101011004672,Jeddah,33.00 ,44.00 ,1,50
101011004672,Riyadh,33.00 ,41.00 ,1,50
101011004674,Jeddah,133.00 ,204.00 ,1,50
101011004674,Riyadh,144.00 ,182.00 ,1,50
101011004675,Jeddah,14.00 ,18.00 ,1,50
101011004675,Riyadh,18.00 ,23.00 ,1,50
101011004676,Jeddah,86.00 ,114.00 ,1,50
101011004676,Riyadh,119.00 ,161.00 ,1,50
101011004677,Jeddah,25.00 ,32.00 ,1,50
101011004677,Riyadh,42.00 ,52.00 ,1,50
101011004679,Jeddah,351.00 ,439.00 ,1,50
101011004679,Riyadh,136.00 ,171.00 ,1,50
101011004680,Jeddah,26.00 ,34.00 ,1,50
101011004680,Riyadh,32.00 ,42.00 ,1,50
101011004681,Jeddah,72.00 ,103.00 ,1,50
101011004681,Riyadh,400.00 ,503.00 ,1,50
101011004682,Jeddah,56.00 ,71.00 ,1,50
101011004682,Riyadh,95.00 ,118.00 ,1,50
101011004683,Jeddah,51.00 ,66.00 ,1,50
101011004683,Riyadh,17.00 ,21.00 ,1,50
101011004686,Jeddah,7.00 ,9.00 ,1,50
101011004686,Riyadh,"2,301.00 ","2,942.00 ",1,50
101011004687,Jeddah,8.00 ,10.00 ,1,50
101011004687,Riyadh,16.00 ,20.00 ,1,50
101011004688,Jeddah,22.00 ,27.00 ,1,50
101011004688,Riyadh,30.00 ,35.00 ,1,50
101011004689,Jeddah,1.00 ,2.00 ,1,50
101011004689,Riyadh,66.00 ,82.00 ,1,50
101011004690,Jeddah,11.00 ,14.00 ,1,50
101011004690,Riyadh,7.00 ,8.00 ,1,50
101011004691,Jeddah,11.00 ,14.00 ,1,50
101011004691,Riyadh,3.00 ,3.00 ,1,50
101011004819,Jeddah,5.00 ,7.00 ,1,50
101011004819,Riyadh,39.00 ,53.00 ,1,50
101011004825,Jeddah,8.00 ,11.00 ,1,50
101011004825,Riyadh,3.00 ,3.00 ,1,50
101011004829,Jeddah,32.00 ,42.00 ,1,50
101011004829,Riyadh,231.00 ,304.00 ,1,50
101011004830,Jeddah,10.00 ,13.00 ,1,50
101011004830,Riyadh,57.00 ,71.00 ,1,50
101011004831,Jeddah,326.00 ,469.00 ,1,50
101011004831,Riyadh,427.00 ,525.00 ,1,50
101011004832,Jeddah,3.00 ,4.00 ,1,50
101011004832,Riyadh,10.00 ,13.00 ,1,50
101011004904,Riyadh,6.00 ,8.00 ,1,50
101011004905,Jeddah,8.00 ,11.00 ,1,50
101011004905,Riyadh,6.00 ,8.00 ,1,50
101011004999,Jeddah,118.00 ,143.00 ,1,50
101011004999,Riyadh,27.00 ,36.00 ,1,50
101011005189,Jeddah,30.00 ,37.00 ,1,50
101011005189,Riyadh,6.00 ,7.00 ,1,50
101011005191,Jeddah,40.00 ,54.00 ,1,50
101011005191,Riyadh,87.00 ,106.00 ,1,50
101011005192,Jeddah,90.00 ,121.00 ,1,50
101011005192,Riyadh,493.00 ,671.00 ,1,50
101011005195,Jeddah,1.00 ,1.00 ,1,50
101011005196,Jeddah,1.00 ,1.00 ,1,50
101011005197,Jeddah,9.00 ,12.00 ,1,50
101011005197,Riyadh,3.00 ,4.00 ,1,50
101011005217,Jeddah,25.00 ,34.00 ,1,50
101011005217,Riyadh,226.00 ,271.00 ,1,50
101011005220,Jeddah,2.00 ,2.00 ,1,50
101011005220,Riyadh,4.00 ,5.00 ,1,50
101011005224,Jeddah,11.00 ,15.00 ,1,50
101011005224,Riyadh,19.00 ,25.00 ,1,50
101011005226,Jeddah,1.00 ,1.00 ,1,50
101011005226,Riyadh,31.00 ,39.00 ,1,50
101011005227,Jeddah,1.00 ,1.00 ,1,50
101011005227,Riyadh,28.00 ,36.00 ,1,50
101011005231,Riyadh,44.00 ,53.00 ,1,50
101011005234,Jeddah,5.00 ,7.00 ,1,50
101011005235,Jeddah,26.00 ,35.00 ,1,50
101011005235,Riyadh,46.00 ,55.00 ,1,50
101011005236,Jeddah,192.00 ,247.00 ,1,50
101011005236,Riyadh,234.00 ,296.00 ,1,50
101011005237,Jeddah,4.00 ,6.00 ,1,50
101011005237,Riyadh,1.00 ,1.00 ,1,50
101011005238,Jeddah,18.00 ,24.00 ,1,50
101011005238,Riyadh,123.00 ,168.00 ,1,50
101011005239,Jeddah,4.00 ,5.00 ,1,50
101011005239,Riyadh,12.00 ,15.00 ,1,50
101011005240,Jeddah,42.00 ,52.00 ,1,50
101011005240,Riyadh,1.00 ,1.00 ,1,50
101011005241,Jeddah,110.00 ,149.00 ,1,50
101011005241,Riyadh,377.00 ,473.00 ,1,50
101011005244,Jeddah,1.00 ,1.00 ,1,50
101011005246,Jeddah,2.00 ,2.00 ,1,50
101011005247,Jeddah,8.00 ,11.00 ,1,50
101011005247,Riyadh,22.00 ,29.00 ,1,50
101011005248,Jeddah,3.00 ,4.00 ,1,50
101011005248,Riyadh,3.00 ,4.00 ,1,50
101011005249,Jeddah,4.00 ,5.00 ,1,50
101011005249,Riyadh,2.00 ,2.00 ,1,50
101011005251,Jeddah,7.00 ,11.00 ,1,50
101011005251,Riyadh,1.00 ,1.00 ,1,50
101011005252,Jeddah,7.00 ,11.00 ,1,50
101011005252,Riyadh,21.00 ,25.00 ,1,50
101011005254,Jeddah,22.00 ,29.00 ,1,50
101011005254,Riyadh,11.00 ,14.00 ,1,50
101011005256,Jeddah,48.00 ,75.00 ,1,50
101011005257,Jeddah,6.00 ,8.00 ,1,50
101011005257,Riyadh,21.00 ,26.00 ,1,50
101011005258,Jeddah,24.00 ,37.00 ,1,50
101011005258,Riyadh,132.00 ,163.00 ,1,50
101011005259,Riyadh,1.00 ,2.00 ,1,50
101011005260,Jeddah,14.00 ,20.00 ,1,50
101011005260,Riyadh,2.00 ,2.00 ,1,50
101011005261,Jeddah,1.00 ,1.00 ,1,50
101011005261,Riyadh,1.00 ,2.00 ,1,50
101011005264,Jeddah,91.00 ,115.00 ,1,50
101011005264,Riyadh,6.00 ,7.00 ,1,50
101011005271,Jeddah,7.00 ,8.00 ,1,50
101011005271,Riyadh,35.00 ,42.00 ,1,50
101011005280,Jeddah,25.00 ,33.00 ,1,50
101011005280,Riyadh,62.00 ,77.00 ,1,50
101011005281,Jeddah,8.00 ,11.00 ,1,50
101011005281,Riyadh,55.00 ,74.00 ,1,50
101011005282,Jeddah,17.00 ,21.00 ,1,50
101011005282,Riyadh,1.00 ,2.00 ,1,50
101011005283,Jeddah,2.00 ,3.00 ,1,50
101011005283,Riyadh,28.00 ,35.00 ,1,50
101011005284,Jeddah,23.00 ,30.00 ,1,50
101011005284,Riyadh,20.00 ,24.00 ,1,50
101011005285,Jeddah,7.00 ,9.00 ,1,50
101011005285,Riyadh,1.00 ,1.00 ,1,50
101011005292,Jeddah,38.00 ,50.00 ,1,50
101011005292,Riyadh,17.00 ,22.00 ,1,50
101011005298,Jeddah,3.00 ,5.00 ,1,50
101011005298,Riyadh,5.00 ,6.00 ,1,50
101011005306,Jeddah,4.00 ,6.00 ,1,50
101011005306,Riyadh,4.00 ,5.00 ,1,50
101011005309,Jeddah,23.00 ,32.00 ,1,50
101011005309,Riyadh,2.00 ,2.00 ,1,50
101011005318,Jeddah,52.00 ,64.00 ,1,50
101011005319,Jeddah,34.00 ,42.00 ,1,50
101011005327,Jeddah,31.00 ,41.00 ,1,50
101011005327,Riyadh,9.00 ,12.00 ,1,50
101011005328,Jeddah,29.00 ,40.00 ,1,50
101011005328,Riyadh,7.00 ,9.00 ,1,50
101011005329,Jeddah,2.00 ,3.00 ,1,50
101011005329,Riyadh,16.00 ,19.00 ,1,50
101011005330,Jeddah,1.00 ,2.00 ,1,50
101011005330,Riyadh,38.00 ,50.00 ,1,50
101011005331,Jeddah,5.00 ,7.00 ,1,50
101011005331,Riyadh,111.00 ,145.00 ,1,50
101011005332,Jeddah,96.00 ,137.00 ,1,50
101011005332,Riyadh,31.00 ,41.00 ,1,50
101011005333,Jeddah,38.00 ,51.00 ,1,50
101011005333,Riyadh,146.00 ,186.00 ,1,50
101011005334,Jeddah,1.00 ,1.00 ,1,50
101011005334,Riyadh,21.00 ,27.00 ,1,50
101011005337,Jeddah,1.00 ,1.00 ,1,50
101011005338,Jeddah,2.00 ,2.00 ,1,50
101011005338,Riyadh,34.00 ,44.00 ,1,50
101011005339,Jeddah,2.00 ,3.00 ,1,50
101011005339,Riyadh,32.00 ,39.00 ,1,50
101011005344,Jeddah,1.00 ,1.00 ,1,50
101011005346,Jeddah,15.00 ,21.00 ,1,50
101011005346,Riyadh,40.00 ,48.00 ,1,50
101011005348,Jeddah,12.00 ,17.00 ,1,50
101011005348,Riyadh,59.00 ,81.00 ,1,50
101011005356,Jeddah,3.00 ,4.00 ,1,50
101011005357,Jeddah,3.00 ,4.00 ,1,50
101011005358,Jeddah,1.00 ,1.00 ,1,50
101011005359,Jeddah,1.00 ,1.00 ,1,50
101011005360,Jeddah,1.00 ,1.00 ,1,50
101011005362,Jeddah,1.00 ,1.00 ,1,50
101011005363,Jeddah,2.00 ,2.00 ,1,50
101011005363,Riyadh,1.00 ,1.00 ,1,50
101011005364,Jeddah,2.00 ,2.00 ,1,50
101011005364,Riyadh,1.00 ,1.00 ,1,50
101011005366,Jeddah,2.00 ,2.00 ,1,50
101011005369,Jeddah,5.00 ,8.00 ,1,50
101011005369,Riyadh,30.00 ,40.00 ,1,50
101011005370,Jeddah,4.00 ,7.00 ,1,50
101011005370,Riyadh,3.00 ,4.00 ,1,50
101011005372,Jeddah,8.00 ,11.00 ,1,50
101011005372,Riyadh,15.00 ,18.00 ,1,50
101011005583,Jeddah,8.00 ,10.00 ,1,50
101011005583,Riyadh,11.00 ,14.00 ,1,50
101011005585,Riyadh,21.00 ,26.00 ,1,50
101011005586,Jeddah,16.00 ,21.00 ,1,50
101011005586,Riyadh,40.00 ,50.00 ,1,50
101011005588,Jeddah,2.00 ,4.00 ,1,50
101011005588,Riyadh,7.00 ,8.00 ,1,50
101011005589,Jeddah,2.00 ,3.00 ,1,50
101011005589,Riyadh,4.00 ,4.00 ,1,50
101011005593,Jeddah,5.00 ,7.00 ,1,50
101011005593,Riyadh,2.00 ,3.00 ,1,50
101011005594,Jeddah,1.00 ,1.00 ,1,50
101011005596,Jeddah,8.00 ,13.00 ,1,50
101011005596,Riyadh,14.00 ,18.00 ,1,50
101011005598,Jeddah,6.00 ,8.00 ,1,50
101011005598,Riyadh,9.00 ,11.00 ,1,50
101011005599,Jeddah,3.00 ,4.00 ,1,50
101011005599,Riyadh,15.00 ,19.00 ,1,50
101011005600,Jeddah,1.00 ,1.00 ,1,50
101011005600,Riyadh,1.00 ,2.00 ,1,50
101011005601,Jeddah,3.00 ,3.00 ,1,50
101011005601,Riyadh,8.00 ,10.00 ,1,50
101011005603,Jeddah,139.00 ,188.00 ,1,50
101011005603,Riyadh,45.00 ,60.00 ,1,50
101011005605,Riyadh,1.00 ,2.00 ,1,50
101011005606,Jeddah,53.00 ,81.00 ,1,50
101011005606,Riyadh,31.00 ,38.00 ,1,50
101011005608,Jeddah,239.00 ,374.00 ,1,50
101011005608,Riyadh,"1,623.00 ","2,038.00 ",1,50
101011005609,Jeddah,51.00 ,66.00 ,1,50
101011005609,Riyadh,340.00 ,453.00 ,1,50
101011005610,Jeddah,287.00 ,449.00 ,1,50
101011005610,Riyadh,"2,138.00 ","2,787.00 ",1,50
101011005611,Jeddah,40.00 ,52.00 ,1,50
101011005611,Riyadh,9.00 ,11.00 ,1,50
101011005613,Jeddah,28.00 ,35.00 ,1,50
101011005613,Riyadh,26.00 ,31.00 ,1,50
101011005614,Jeddah,10.00 ,16.00 ,1,50
101011005614,Riyadh,19.00 ,26.00 ,1,50
101011005615,Jeddah,4.00 ,6.00 ,1,50
101011005615,Riyadh,21.00 ,28.00 ,1,50
101011005616,Jeddah,2.00 ,2.00 ,1,50
101011005616,Riyadh,3.00 ,3.00 ,1,50
101011005618,Jeddah,2.00 ,2.00 ,1,50
101011005618,Riyadh,2.00 ,3.00 ,1,50
101011005619,Jeddah,7.00 ,9.00 ,1,50
101011005619,Riyadh,25.00 ,34.00 ,1,50
101011005625,Jeddah,8.00 ,11.00 ,1,50
101011005625,Riyadh,34.00 ,41.00 ,1,50
101011005626,Jeddah,8.00 ,10.00 ,1,50
101011005626,Riyadh,9.00 ,11.00 ,1,50
101011005627,Jeddah,14.00 ,18.00 ,1,50
101011005627,Riyadh,41.00 ,51.00 ,1,50
101011005630,Jeddah,937.00 ,"1,259.00 ",1,50
101011005630,Riyadh,"1,914.00 ","2,477.00 ",1,50
101011005631,Jeddah,253.00 ,352.00 ,1,50
101011005631,Riyadh,277.00 ,361.00 ,1,50
101011005632,Jeddah,13.00 ,18.00 ,1,50
101011005632,Riyadh,371.00 ,471.00 ,1,50
101011005633,Jeddah,15.00 ,22.00 ,1,50
101011005633,Riyadh,208.00 ,261.00 ,1,50
101011005634,Jeddah,2.00 ,3.00 ,1,50
101011005637,Riyadh,23.00 ,29.00 ,1,50
101011005638,Jeddah,67.00 ,90.00 ,1,50
101011005638,Riyadh,66.00 ,83.00 ,1,50
101011005639,Jeddah,1.00 ,1.00 ,1,50
101011005639,Riyadh,2.00 ,2.00 ,1,50
101011005640,Jeddah,1.00 ,1.00 ,1,50
101011005640,Riyadh,2.00 ,2.00 ,1,50
101011005642,Jeddah,1.00 ,1.00 ,1,50
101011005645,Jeddah,1.00 ,1.00 ,1,50
101011005652,Jeddah,1.00 ,2.00 ,1,50
101011005654,Jeddah,14.00 ,18.00 ,1,50
101011005654,Riyadh,23.00 ,29.00 ,1,50
101011005655,Jeddah,28.00 ,34.00 ,1,50
101011005655,Riyadh,101.00 ,121.00 ,1,50
101011005656,Riyadh,1.00 ,2.00 ,1,50
101011005660,Jeddah,31.00 ,43.00 ,1,50
101011005660,Riyadh,66.00 ,84.00 ,1,50
101011005661,Jeddah,1.00 ,1.00 ,1,50
101011005663,Riyadh,1.00 ,1.00 ,1,50
101011005664,Jeddah,48.00 ,60.00 ,1,50
101011005664,Riyadh,7.00 ,9.00 ,1,50
101011005665,Jeddah,49.00 ,73.00 ,1,50
101011005665,Riyadh,113.00 ,154.00 ,1,50
101011005768,Jeddah,81.00 ,102.00 ,1,50
101011005768,Riyadh,3.00 ,4.00 ,1,50
101011005769,Jeddah,14.00 ,18.00 ,1,50
101011005769,Riyadh,9.00 ,12.00 ,1,50
101011005770,Jeddah,4.00 ,6.00 ,1,50
101011005771,Jeddah,67.00 ,86.00 ,1,50
101011005771,Riyadh,84.00 ,112.00 ,1,50
101011005772,Jeddah,1.00 ,1.00 ,1,50
101011005772,Riyadh,36.00 ,46.00 ,1,50
101011005773,Jeddah,1.00 ,1.00 ,1,50
101011005774,Jeddah,298.00 ,356.00 ,1,50
101011005774,Riyadh,508.00 ,620.00 ,1,50
101011005775,Jeddah,379.00 ,476.00 ,1,50
101011005775,Riyadh,630.00 ,768.00 ,1,50
101011005777,Riyadh,1.00 ,2.00 ,1,50
101011005782,Jeddah,2.00 ,2.00 ,1,50
101011005785,Jeddah,1.00 ,1.00 ,1,50
101011005786,Riyadh,1.00 ,2.00 ,1,50
101011005794,Jeddah,1.00 ,1.00 ,1,50
101011005799,Jeddah,1.00 ,1.00 ,1,50
101011005800,Jeddah,1.00 ,1.00 ,1,50
101011005870,Riyadh,110.00 ,133.00 ,1,50
101011005886,Jeddah,9.00 ,12.00 ,1,50
101011005886,Riyadh,39.00 ,48.00 ,1,50
101011005887,Jeddah,18.00 ,23.00 ,1,50
101011005887,Riyadh,130.00 ,167.00 ,1,50
101011005888,Jeddah,20.00 ,28.00 ,1,50
101011005888,Riyadh,16.00 ,21.00 ,1,50
101011005889,Jeddah,22.00 ,29.00 ,1,50
101011005889,Riyadh,3.00 ,3.00 ,1,50
101011005890,Jeddah,127.00 ,156.00 ,1,50
101011005890,Riyadh,202.00 ,262.00 ,1,50
101011005891,Jeddah,2.00 ,3.00 ,1,50
101011005891,Riyadh,5.00 ,6.00 ,1,50
101011005892,Jeddah,6.00 ,8.00 ,1,50
101011005892,Riyadh,6.00 ,7.00 ,1,50
101011005893,Jeddah,10.00 ,13.00 ,1,50
101011005893,Riyadh,18.00 ,22.00 ,1,50
101011005894,Jeddah,6.00 ,9.00 ,1,50
101011005894,Riyadh,1.00 ,2.00 ,1,50
101011005895,Jeddah,11.00 ,15.00 ,1,50
101011005895,Riyadh,33.00 ,41.00 ,1,50
101011005896,Jeddah,4.00 ,5.00 ,1,50
101011005896,Riyadh,12.00 ,16.00 ,1,50
101011005897,Jeddah,1.00 ,1.00 ,1,50
101011005897,Riyadh,4.00 ,4.00 ,1,50
101011005898,Jeddah,3.00 ,4.00 ,1,50
101011005898,Riyadh,110.00 ,150.00 ,1,50
101011005899,Jeddah,4.00 ,5.00 ,1,50
101011005899,Riyadh,26.00 ,32.00 ,1,50
101011005900,Jeddah,8.00 ,11.00 ,1,50
101011005900,Riyadh,116.00 ,158.00 ,1,50
101011005901,Jeddah,14.00 ,19.00 ,1,50
101011005901,Riyadh,103.00 ,137.00 ,1,50
101011005902,Jeddah,12.00 ,15.00 ,1,50
101011005902,Riyadh,32.00 ,42.00 ,1,50
101011005904,Jeddah,5.00 ,6.00 ,1,50
101011005904,Riyadh,2.00 ,3.00 ,1,50
101011005905,Jeddah,6.00 ,8.00 ,1,50
101011005905,Riyadh,19.00 ,26.00 ,1,50
101011005908,Jeddah,2.00 ,3.00 ,1,50
101011005908,Riyadh,11.00 ,15.00 ,1,50
101011005912,Jeddah,8.00 ,10.00 ,1,50
101011005913,Jeddah,2.00 ,2.00 ,1,50
101011005914,Jeddah,6.00 ,7.00 ,1,50
101011005919,Jeddah,1.00 ,1.00 ,1,50
101011005919,Riyadh,18.00 ,22.00 ,1,50
101011005928,Jeddah,157.00 ,197.00 ,1,50
101011005928,Riyadh,62.00 ,75.00 ,1,50
101011005933,Jeddah,6.00 ,7.00 ,1,50
101011005934,Jeddah,9.00 ,12.00 ,1,50
101011005934,Riyadh,2.00 ,2.00 ,1,50
101011005935,Jeddah,2.00 ,4.00 ,1,50
101011005936,Jeddah,4.00 ,5.00 ,1,50
101011006038,Jeddah,10.00 ,13.00 ,1,50
101011006039,Jeddah,4.00 ,5.00 ,1,50
101011006040,Jeddah,29.00 ,39.00 ,1,50
101011006040,Riyadh,2.00 ,2.00 ,1,50
101011006082,Jeddah,22.00 ,27.00 ,1,50
101011006082,Riyadh,90.00 ,111.00 ,1,50
101011006083,Riyadh,2.00 ,3.00 ,1,50
101011006084,Riyadh,6.00 ,8.00 ,1,50
101011006085,Riyadh,10.00 ,13.00 ,1,50
101011006086,Riyadh,16.00 ,20.00 ,1,50
101011006088,Jeddah,15.00 ,20.00 ,1,50
101011006088,Riyadh,33.00 ,40.00 ,1,50
101011006089,Riyadh,2.00 ,2.00 ,1,50
101011006090,Riyadh,2.00 ,2.00 ,1,50
101011006094,Jeddah,106.00 ,138.00 ,1,50
101011006094,Riyadh,340.00 ,419.00 ,1,50
101011006123,Jeddah,3.00 ,4.00 ,1,50
101011006124,Jeddah,10.00 ,12.00 ,1,50
101011006338,Riyadh,10.00 ,12.00 ,1,50
101011006387,Jeddah,2.00 ,2.00 ,1,50
101011006447,Jeddah,2.00 ,2.00 ,1,50
101011006448,Jeddah,1.00 ,1.00 ,1,50
101011006478,Jeddah,21.00 ,26.00 ,1,50
101011006478,Riyadh,23.00 ,27.00 ,1,50
101011006479,Jeddah,19.00 ,24.00 ,1,50
101011006479,Riyadh,22.00 ,27.00 ,1,50
101011006488,Jeddah,99.00 ,130.00 ,1,50
101011006488,Riyadh,106.00 ,131.00 ,1,50
101011006489,Jeddah,24.00 ,31.00 ,1,50
101011006489,Riyadh,19.00 ,24.00 ,1,50
101011006521,Jeddah,2.00 ,4.00 ,1,50
101011006521,Riyadh,4.00 ,5.00 ,1,50
101011006523,Jeddah,2.00 ,3.00 ,1,50
101011006523,Riyadh,5.00 ,6.00 ,1,50
101011006525,Jeddah,3.00 ,4.00 ,1,50
101011006525,Riyadh,9.00 ,12.00 ,1,50
101011006526,Jeddah,2.00 ,2.00 ,1,50
101011006526,Riyadh,2.00 ,2.00 ,1,50
101011006527,Jeddah,26.00 ,35.00 ,1,50
101011006527,Riyadh,30.00 ,41.00 ,1,50
101011006528,Riyadh,2.00 ,2.00 ,1,50
101011006530,Jeddah,2.00 ,2.00 ,1,50
101011006531,Jeddah,1.00 ,1.00 ,1,50
101011006533,Riyadh,1.00 ,2.00 ,1,50
101011006534,Jeddah,1.00 ,1.00 ,1,50
101011006535,Riyadh,1.00 ,2.00 ,1,50
101011006537,Jeddah,1.00 ,1.00 ,1,50
101011006538,Jeddah,9.00 ,12.00 ,1,50
101011006538,Riyadh,1.00 ,1.00 ,1,50
101011006539,Jeddah,1.00 ,1.00 ,1,50
101011006544,Jeddah,3.00 ,4.00 ,1,50
101011006545,Jeddah,1.00 ,1.00 ,1,50
101011006546,Jeddah,3.00 ,4.00 ,1,50
101011006547,Jeddah,6.00 ,7.00 ,1,50
101011006549,Jeddah,1.00 ,1.00 ,1,50
101011006550,Jeddah,1.00 ,1.00 ,1,50
101011006552,Jeddah,5.00 ,8.00 ,1,50
101011006552,Riyadh,1.00 ,2.00 ,1,50
101011006553,Jeddah,1.00 ,1.00 ,1,50
101011006553,Riyadh,2.00 ,2.00 ,1,50
101011006556,Jeddah,1.00 ,2.00 ,1,50
101011006556,Riyadh,"1,200.00 ","1,519.00 ",1,50
101011006557,Jeddah,2.00 ,3.00 ,1,50
101011006557,Riyadh,860.00 ,"1,043.00 ",1,50
101011006558,Riyadh,36.00 ,46.00 ,1,50
101011006566,Jeddah,3.00 ,4.00 ,1,50
101011006566,Riyadh,9.00 ,11.00 ,1,50
101011006567,Jeddah,2.00 ,2.00 ,1,50
101011006567,Riyadh,8.00 ,11.00 ,1,50
101011006568,Jeddah,2.00 ,2.00 ,1,50
101011006571,Jeddah,21.00 ,26.00 ,1,50
101011006572,Jeddah,5.00 ,8.00 ,1,50
101011006572,Riyadh,5.00 ,6.00 ,1,50
101011006575,Jeddah,1.00 ,1.00 ,1,50
101011006576,Jeddah,15.00 ,19.00 ,1,50
101011006576,Riyadh,4.00 ,4.00 ,1,50
101011006578,Jeddah,1.00 ,1.00 ,1,50
101011006579,Riyadh,26.00 ,32.00 ,1,50
101011006582,Jeddah,29.00 ,39.00 ,1,50
101011006583,Jeddah,2.00 ,2.00 ,1,50
101011006584,Jeddah,1.00 ,1.00 ,1,50
101011006585,Jeddah,16.00 ,21.00 ,1,50
101011006585,Riyadh,33.00 ,39.00 ,1,50
101011006586,Jeddah,7.00 ,9.00 ,1,50
101011006586,Riyadh,5.00 ,6.00 ,1,50
101011006588,Jeddah,49.00 ,64.00 ,1,50
101011006588,Riyadh,21.00 ,25.00 ,1,50
101011006589,Jeddah,4.00 ,5.00 ,1,50
101011006590,Jeddah,3.00 ,5.00 ,1,50
101011006590,Riyadh,5.00 ,6.00 ,1,50
101011006593,Jeddah,1.00 ,1.00 ,1,50
101011006594,Jeddah,2.00 ,2.00 ,1,50
101011006594,Riyadh,63.00 ,80.00 ,1,50
101011006596,Jeddah,5.00 ,6.00 ,1,50
101011006596,Riyadh,10.00 ,14.00 ,1,50
101011006600,Jeddah,1.00 ,1.00 ,1,50
101011006601,Jeddah,1.00 ,1.00 ,1,50
101011006601,Riyadh,3.00 ,4.00 ,1,50
101011006602,Riyadh,7.00 ,8.00 ,1,50
101011006604,Jeddah,2.00 ,2.00 ,1,50
101011006606,Jeddah,10.00 ,13.00 ,1,50
101011006607,Jeddah,2.00 ,3.00 ,1,50
101011006608,Jeddah,9.00 ,11.00 ,1,50
101011006609,Jeddah,8.00 ,10.00 ,1,50
101011006609,Riyadh,25.00 ,35.00 ,1,50
101011006614,Jeddah,2.00 ,2.00 ,1,50
101011006619,Jeddah,1.00 ,2.00 ,1,50
101011006619,Riyadh,12.00 ,15.00 ,1,50
101011006625,Jeddah,6.00 ,8.00 ,1,50
101011006625,Riyadh,20.00 ,27.00 ,1,50
101011006626,Jeddah,5.00 ,6.00 ,1,50
101011006627,Jeddah,9.00 ,12.00 ,1,50
101011006631,Jeddah,2.00 ,3.00 ,1,50
101011006631,Riyadh,36.00 ,44.00 ,1,50
101011006633,Jeddah,1.00 ,1.00 ,1,50
101011006634,Jeddah,10.00 ,14.00 ,1,50
101011006645,Jeddah,1.00 ,2.00 ,1,50
101011006648,Jeddah,1.00 ,1.00 ,1,50
101011006650,Jeddah,65.00 ,85.00 ,1,50
101011006650,Riyadh,16.00 ,20.00 ,1,50
101011006658,Jeddah,1.00 ,1.00 ,1,50
101011006659,Jeddah,9.00 ,11.00 ,1,50
101011006663,Jeddah,4.00 ,5.00 ,1,50
101011006663,Riyadh,7.00 ,8.00 ,1,50
101011006664,Jeddah,1.00 ,2.00 ,1,50
101011006665,Jeddah,2.00 ,3.00 ,1,50
101011006666,Jeddah,2.00 ,2.00 ,1,50
101011006666,Riyadh,14.00 ,17.00 ,1,50
101011006667,Jeddah,5.00 ,6.00 ,1,50
101011006670,Jeddah,8.00 ,11.00 ,1,50
101011006670,Riyadh,6.00 ,7.00 ,1,50
101011006671,Jeddah,4.00 ,6.00 ,1,50
101011006671,Riyadh,4.00 ,4.00 ,1,50
101011006673,Jeddah,3.00 ,4.00 ,1,50
101011006673,Riyadh,19.00 ,26.00 ,1,50
101011006674,Jeddah,10.00 ,13.00 ,1,50
101011006674,Riyadh,4.00 ,4.00 ,1,50
101011006677,Jeddah,2.00 ,3.00 ,1,50
101011006677,Riyadh,17.00 ,23.00 ,1,50
101011006678,Jeddah,1.00 ,1.00 ,1,50
101011006679,Jeddah,2.00 ,3.00 ,1,50
101011006680,Jeddah,1.00 ,2.00 ,1,50
101011006680,Riyadh,3.00 ,4.00 ,1,50
101011006681,Jeddah,1.00 ,1.00 ,1,50
101011006681,Riyadh,4.00 ,5.00 ,1,50
101011006682,Jeddah,39.00 ,48.00 ,1,50
101011006682,Riyadh,28.00 ,35.00 ,1,50
101011006689,Jeddah,47.00 ,64.00 ,1,50
101011006689,Riyadh,118.00 ,161.00 ,1,50
101011006690,Jeddah,2.00 ,3.00 ,1,50
101011006690,Riyadh,215.00 ,280.00 ,1,50
101011006692,Jeddah,129.00 ,190.00 ,1,50
101011006692,Riyadh,147.00 ,183.00 ,1,50
101011006693,Jeddah,59.00 ,79.00 ,1,50
101011006693,Riyadh,160.00 ,200.00 ,1,50
101011006695,Jeddah,3.00 ,4.00 ,1,50
101011006695,Riyadh,3.00 ,4.00 ,1,50
101011006696,Jeddah,2.00 ,3.00 ,1,50
101011006697,Jeddah,23.00 ,28.00 ,1,50
101011006698,Jeddah,1.00 ,1.00 ,1,50
101011006698,Riyadh,1.00 ,1.00 ,1,50
101011006699,Jeddah,1.00 ,1.00 ,1,50
101011006701,Jeddah,2.00 ,3.00 ,1,50
101011006706,Riyadh,14.00 ,17.00 ,1,50
101011006708,Jeddah,9.00 ,12.00 ,1,50
101011006709,Jeddah,2.00 ,3.00 ,1,50
101011006710,Jeddah,13.00 ,17.00 ,1,50
101011006710,Riyadh,8.00 ,10.00 ,1,50
101011006711,Jeddah,1.00 ,1.00 ,1,50
101011006712,Jeddah,1.00 ,1.00 ,1,50
101011006718,Jeddah,2.00 ,2.00 ,1,50
101011006719,Jeddah,2.00 ,3.00 ,1,50
101011006719,Riyadh,21.00 ,25.00 ,1,50
101011006720,Jeddah,1.00 ,1.00 ,1,50
101011006721,Jeddah,1.00 ,1.00 ,1,50
101011006722,Jeddah,1.00 ,1.00 ,1,50
101011006722,Riyadh,9.00 ,11.00 ,1,50
101011006726,Jeddah,1.00 ,2.00 ,1,50
101011006726,Riyadh,9.00 ,12.00 ,1,50
101011006727,Jeddah,2.00 ,3.00 ,1,50
101011006728,Jeddah,10.00 ,13.00 ,1,50
101011006728,Riyadh,40.00 ,48.00 ,1,50
101011006729,Jeddah,4.00 ,5.00 ,1,50
101011006729,Riyadh,35.00 ,43.00 ,1,50
101011006730,Jeddah,1.00 ,1.00 ,1,50
101011006730,Riyadh,18.00 ,21.00 ,1,50
101011006735,Jeddah,1.00 ,1.00 ,1,50
101011006735,Riyadh,8.00 ,10.00 ,1,50
101011006736,Riyadh,2.00 ,2.00 ,1,50
101011006737,Jeddah,1.00 ,2.00 ,1,50
101011006739,Jeddah,2.00 ,3.00 ,1,50
101011006741,Jeddah,1.00 ,1.00 ,1,50
101011006742,Jeddah,7.00 ,10.00 ,1,50
101011006742,Riyadh,21.00 ,25.00 ,1,50
101011006748,Riyadh,2.00 ,2.00 ,1,50
101011006752,Jeddah,1.00 ,1.00 ,1,50
101011006758,Jeddah,1.00 ,1.00 ,1,50
101011006760,Jeddah,4.00 ,6.00 ,1,50
101011006760,Riyadh,1.00 ,2.00 ,1,50
101011006761,Riyadh,2.00 ,3.00 ,1,50
101011006762,Jeddah,1.00 ,1.00 ,1,50
101011006779,Jeddah,123.00 ,155.00 ,1,50
101011006779,Riyadh,2.00 ,2.00 ,1,50
101011006780,Jeddah,14.00 ,18.00 ,1,50
101011006780,Riyadh,2.00 ,3.00 ,1,50
101011006781,Jeddah,742.00 ,872.00 ,1,50
101011006782,Jeddah,668.00 ,739.00 ,1,50
101011006783,Jeddah,1.00 ,1.00 ,1,50
101011006784,Jeddah,1.00 ,1.00 ,1,50
101011006787,Jeddah,2.00 ,2.00 ,1,50
101011006791,Riyadh,12.00 ,15.00 ,1,50
101011006792,Jeddah,6.00 ,8.00 ,1,50
101011006795,Jeddah,28.00 ,37.00 ,1,50
101011006795,Riyadh,16.00 ,20.00 ,1,50
101011006796,Jeddah,5.00 ,7.00 ,1,50
101011006797,Jeddah,1.00 ,1.00 ,1,50
101011006801,Jeddah,40.00 ,51.00 ,1,50
101011006801,Riyadh,5.00 ,6.00 ,1,50
101011006802,Jeddah,54.00 ,69.00 ,1,50
101011006802,Riyadh,6.00 ,7.00 ,1,50
101011006803,Jeddah,2.00 ,3.00 ,1,50
101011006803,Riyadh,1.00 ,1.00 ,1,50
101011006804,Jeddah,34.00 ,50.00 ,1,50
101011006804,Riyadh,52.00 ,62.00 ,1,50
101011006807,Jeddah,2.00 ,2.00 ,1,50
101011006808,Jeddah,2.00 ,2.00 ,1,50
101011006809,Jeddah,1.00 ,1.00 ,1,50
101011006810,Jeddah,9.00 ,12.00 ,1,50
101011006814,Jeddah,6.00 ,7.00 ,1,50
101011006814,Riyadh,3.00 ,3.00 ,1,50
101011006815,Jeddah,1.00 ,1.00 ,1,50
101011006818,Jeddah,32.00 ,46.00 ,1,50
101011006818,Riyadh,38.00 ,45.00 ,1,50
101011006819,Jeddah,1.00 ,1.00 ,1,50
101011006819,Riyadh,7.00 ,9.00 ,1,50
101011006820,Jeddah,1.00 ,2.00 ,1,50
101011006821,Jeddah,2.00 ,3.00 ,1,50
101011006821,Riyadh,4.00 ,4.00 ,1,50
101011006822,Jeddah,1.00 ,1.00 ,1,50
101011006822,Riyadh,3.00 ,3.00 ,1,50
101011006823,Jeddah,6.00 ,8.00 ,1,50
101011006823,Riyadh,3.00 ,3.00 ,1,50
101011006826,Jeddah,4.00 ,5.00 ,1,50
101011006827,Jeddah,12.00 ,16.00 ,1,50
101011006827,Riyadh,2.00 ,3.00 ,1,50
101011006828,Jeddah,1.00 ,1.00 ,1,50
101011006833,Jeddah,10.00 ,13.00 ,1,50
101011006833,Riyadh,18.00 ,23.00 ,1,50
101011006834,Jeddah,2.00 ,3.00 ,1,50
101011006834,Riyadh,8.00 ,10.00 ,1,50
101011006835,Jeddah,9.00 ,11.00 ,1,50
101011006835,Riyadh,61.00 ,76.00 ,1,50
101011006836,Jeddah,3.00 ,3.00 ,1,50
101011006836,Riyadh,3.00 ,4.00 ,1,50
101011006837,Jeddah,2.00 ,2.00 ,1,50
101011006837,Riyadh,3.00 ,4.00 ,1,50
101011006841,Jeddah,12.00 ,16.00 ,1,50
101011006844,Riyadh,11.00 ,13.00 ,1,50
101011006845,Jeddah,2.00 ,3.00 ,1,50
101011006857,Jeddah,18.00 ,23.00 ,1,50
101011006859,Jeddah,1.00 ,1.00 ,1,50
101011006893,Jeddah,59.00 ,76.00 ,1,50
101011006894,Jeddah,1.00 ,2.00 ,1,50
101011006921,Jeddah,16.00 ,23.00 ,1,50
101011006921,Riyadh,4.00 ,6.00 ,1,50
101011007227,Jeddah,4.00 ,5.00 ,1,50
101011007227,Riyadh,9.00 ,11.00 ,1,50
101011007261,Jeddah,1.00 ,1.00 ,1,50
101011007262,Jeddah,1.00 ,2.00 ,1,50
101011007267,Jeddah,6.00 ,8.00 ,1,50
101011007268,Jeddah,4.00 ,6.00 ,1,50
101011007270,Jeddah,40.00 ,52.00 ,1,50
101011007271,Jeddah,211.00 ,264.00 ,1,50
101011007271,Riyadh,160.00 ,199.00 ,1,50
101011007272,Jeddah,4.00 ,5.00 ,1,50
101011007276,Jeddah,41.00 ,64.00 ,1,50
101011007276,Riyadh,314.00 ,428.00 ,1,50
101011007281,Jeddah,1.00 ,2.00 ,1,50
101011007281,Riyadh,10.00 ,12.00 ,1,50
101011007282,Jeddah,84.00 ,106.00 ,1,50
101011007282,Riyadh,282.00 ,343.00 ,1,50
101011007285,Jeddah,2.00 ,2.00 ,1,50
101011007286,Jeddah,2.00 ,3.00 ,1,50
101011007289,Jeddah,50.00 ,69.00 ,1,50
101011007289,Riyadh,238.00 ,284.00 ,1,50
101011007290,Jeddah,4.00 ,5.00 ,1,50
101011007290,Riyadh,1.00 ,1.00 ,1,50
101011007291,Jeddah,4.00 ,5.00 ,1,50
101011007291,Riyadh,1.00 ,1.00 ,1,50
101011007292,Jeddah,2.00 ,2.00 ,1,50
101011007294,Jeddah,2.00 ,3.00 ,1,50
101011007330,Jeddah,1.00 ,1.00 ,1,50
101011007331,Jeddah,1.00 ,1.00 ,1,50
101011007332,Jeddah,1.00 ,1.00 ,1,50
101011007333,Jeddah,1.00 ,1.00 ,1,50
101011008038,Jeddah,1.00 ,1.00 ,1,50
101011008038,Riyadh,4.00 ,5.00 ,1,50
101011008039,Jeddah,1.00 ,2.00 ,1,50
101011008039,Riyadh,23.00 ,29.00 ,1,50
101011008040,Jeddah,49.00 ,66.00 ,1,50
101011008041,Jeddah,1.00 ,1.00 ,1,50
101011008042,Jeddah,2.00 ,2.00 ,1,50
101011008042,Riyadh,8.00 ,10.00 ,1,50
101011008046,Jeddah,1.00 ,1.00 ,1,50
101011008046,Riyadh,1.00 ,2.00 ,1,50
101011008049,Jeddah,5.00 ,7.00 ,1,50
101011008049,Riyadh,38.00 ,51.00 ,1,50
101011008050,Jeddah,19.00 ,25.00 ,1,50
101011008050,Riyadh,16.00 ,19.00 ,1,50
101011008051,Jeddah,8.00 ,10.00 ,1,50
101011008051,Riyadh,15.00 ,18.00 ,1,50
101011008052,Jeddah,7.00 ,9.00 ,1,50
101011008064,Jeddah,1.00 ,1.00 ,1,50
101011008065,Jeddah,1.00 ,1.00 ,1,50
101011008077,Jeddah,2.00 ,2.00 ,1,50
101011008081,Jeddah,1.00 ,1.00 ,1,50
101011008081,Riyadh,8.00 ,9.00 ,1,50
101011008082,Jeddah,1.00 ,1.00 ,1,50
101011008082,Riyadh,139.00 ,170.00 ,1,50
101011008103,Jeddah,1.00 ,1.00 ,1,50
101011008103,Riyadh,23.00 ,27.00 ,1,50
101011008108,Jeddah,1.00 ,1.00 ,1,50
101011008113,Jeddah,30.00 ,41.00 ,1,50
101011008116,Jeddah,14.00 ,17.00 ,1,50
101011008116,Riyadh,6.00 ,8.00 ,1,50
101011008117,Jeddah,1.00 ,1.00 ,1,50
101011008117,Riyadh,1.00 ,1.00 ,1,50
101011008127,Jeddah,1.00 ,2.00 ,1,50
101021000004,Jeddah,461.00 ,588.00 ,1,50
101021000004,Riyadh,550.00 ,681.00 ,1,50
101021000007,Jeddah,"1,941.00 ","2,527.00 ",1,50
101021000007,Riyadh,"9,155.00 ","11,320.00 ",1,50
101021000010,Jeddah,197.00 ,281.00 ,1,50
101021000010,Riyadh,762.00 ,948.00 ,1,50
101021000012,Jeddah,173.00 ,231.00 ,1,50
101021000012,Riyadh,790.00 ,993.00 ,1,50
101021000015,Jeddah,793.00 ,"1,039.00 ",1,50
101021000015,Riyadh,"2,907.00 ","3,728.00 ",1,50
101021000018,Jeddah,49.00 ,66.00 ,1,50
101021000020,Jeddah,197.00 ,266.00 ,1,50
101021000020,Riyadh,616.00 ,774.00 ,1,50
101021000026,Jeddah,286.00 ,387.00 ,1,50
101021000026,Riyadh,605.00 ,738.00 ,1,50
101021000030,Jeddah,109.00 ,146.00 ,1,50
101021000030,Riyadh,138.00 ,166.00 ,1,50
101021000031,Jeddah,33.00 ,46.00 ,1,50
101021000033,Jeddah,42.00 ,64.00 ,1,50
101021000033,Riyadh,30.00 ,37.00 ,1,50
101021000034,Jeddah,264.00 ,332.00 ,1,50
101021000034,Riyadh,309.00 ,382.00 ,1,50
101021000037,Jeddah,484.00 ,621.00 ,1,50
101021000037,Riyadh,"1,984.00 ","2,529.00 ",1,50
101021000042,Jeddah,151.00 ,226.00 ,1,50
101021000051,Jeddah,179.00 ,262.00 ,1,50
101021000051,Riyadh,"3,155.00 ","4,029.00 ",1,50
101021000052,Jeddah,154.00 ,215.00 ,1,50
101021000052,Riyadh,200.00 ,273.00 ,1,50
101021000054,Jeddah,182.00 ,241.00 ,1,50
101021000054,Riyadh,28.00 ,36.00 ,1,50
101021000060,Jeddah,175.00 ,217.00 ,1,50
101021000060,Riyadh,"2,644.00 ","3,212.00 ",1,50
101021000062,Jeddah,"1,197.00 ","1,605.00 ",1,50
101021000062,Riyadh,808.00 ,"1,041.00 ",1,50
101021000067,Jeddah,18.00 ,22.00 ,1,50
101021000067,Riyadh,49.00 ,61.00 ,1,50
101021000070,Jeddah,"5,450.00 ","7,292.00 ",1,50
101021000070,Riyadh,"1,142.00 ","1,347.00 ",1,50
101021000077,Jeddah,"1,210.00 ","1,445.00 ",1,50
101021000077,Riyadh,663.00 ,782.00 ,1,50
101021000078,Jeddah,86.00 ,113.00 ,1,50
101021000078,Riyadh,207.00 ,258.00 ,1,50
101021000079,Jeddah,480.00 ,659.00 ,1,50
101021000079,Riyadh,"1,696.00 ","2,131.00 ",1,50
101021000081,Jeddah,1.00 ,2.00 ,1,50
101021000083,Jeddah,165.00 ,210.00 ,1,50
101021000083,Riyadh,389.00 ,459.00 ,1,50
101021000087,Jeddah,57.00 ,88.00 ,1,50
101021000087,Riyadh,233.00 ,299.00 ,1,50
101021000088,Jeddah,903.00 ,"1,100.00 ",1,50
101021000088,Riyadh,"5,321.00 ","6,548.00 ",1,50
101021000091,Jeddah,1.00 ,2.00 ,1,50
101021000091,Riyadh,1.00 ,1.00 ,1,50
101021000098,Jeddah,"1,348.00 ","1,797.00 ",1,50
101021000098,Riyadh,693.00 ,857.00 ,1,50
101021000109,Jeddah,111.00 ,159.00 ,1,50
101021000109,Riyadh,403.00 ,489.00 ,1,50
101021000111,Jeddah,44.00 ,57.00 ,1,50
101021000111,Riyadh,392.00 ,533.00 ,1,50
101021000113,Jeddah,175.00 ,219.00 ,1,50
101021000113,Riyadh,499.00 ,597.00 ,1,50
101021000115,Jeddah,31.00 ,40.00 ,1,50
101021000115,Riyadh,114.00 ,141.00 ,1,50
101021000118,Jeddah,912.00 ,"1,134.00 ",1,50
101021000118,Riyadh,336.00 ,434.00 ,1,50
101021000126,Jeddah,62.00 ,80.00 ,1,50
101021000126,Riyadh,257.00 ,325.00 ,1,50
101021000129,Jeddah,140.00 ,186.00 ,1,50
101021000129,Riyadh,493.00 ,616.00 ,1,50
101021000139,Jeddah,179.00 ,280.00 ,1,50
101021000139,Riyadh,357.00 ,433.00 ,1,50
101021000146,Jeddah,201.00 ,258.00 ,1,50
101021000146,Riyadh,861.00 ,"1,090.00 ",1,50
101021000147,Jeddah,49.00 ,60.00 ,1,50
101021000147,Riyadh,496.00 ,633.00 ,1,50
101021000148,Jeddah,45.00 ,57.00 ,1,50
101021000148,Riyadh,240.00 ,294.00 ,1,50
101021000149,Jeddah,58.00 ,77.00 ,1,50
101021000149,Riyadh,122.00 ,151.00 ,1,50
101021000150,Jeddah,485.00 ,657.00 ,1,50
101021000150,Riyadh,884.00 ,"1,063.00 ",1,50
101021000164,Jeddah,65.00 ,84.00 ,1,50
101021000164,Riyadh,93.00 ,116.00 ,1,50
101021000168,Jeddah,173.00 ,232.00 ,1,50
101021000168,Riyadh,840.00 ,"1,056.00 ",1,50
101021000183,Jeddah,6.00 ,8.00 ,1,50
101021000183,Riyadh,2.00 ,3.00 ,1,50
101021000188,Jeddah,887.00 ,"1,265.00 ",1,50
101021000188,Riyadh,124.00 ,149.00 ,1,50
101021000191,Jeddah,570.00 ,739.00 ,1,50
101021000191,Riyadh,"1,062.00 ","1,289.00 ",1,50
101021000192,Jeddah,62.00 ,88.00 ,1,50
101021000192,Riyadh,58.00 ,73.00 ,1,50
101021000195,Jeddah,49.00 ,61.00 ,1,50
101021000195,Riyadh,221.00 ,295.00 ,1,50
101021000200,Jeddah,6.00 ,7.00 ,1,50
101021000200,Riyadh,19.00 ,23.00 ,1,50
101021000202,Jeddah,159.00 ,217.00 ,1,50
101021000202,Riyadh,161.00 ,203.00 ,1,50
101021000204,Jeddah,28.00 ,39.00 ,1,50
101021000204,Riyadh,72.00 ,90.00 ,1,50
101021000205,Jeddah,5.00 ,6.00 ,1,50
101021000205,Riyadh,26.00 ,33.00 ,1,50
101021000208,Jeddah,6.00 ,9.00 ,1,50
101021000208,Riyadh,12.00 ,15.00 ,1,50
101021000214,Jeddah,50.00 ,67.00 ,1,50
101021000214,Riyadh,85.00 ,107.00 ,1,50
101021000215,Jeddah,9.00 ,14.00 ,1,50
101021000217,Jeddah,982.00 ,"1,398.00 ",1,50
101021000217,Riyadh,256.00 ,307.00 ,1,50
101021000218,Jeddah,90.00 ,121.00 ,1,50
101021000218,Riyadh,151.00 ,190.00 ,1,50
101021000220,Jeddah,102.00 ,132.00 ,1,50
101021000220,Riyadh,169.00 ,225.00 ,1,50
101021000233,Jeddah,65.00 ,88.00 ,1,50
101021000233,Riyadh,129.00 ,162.00 ,1,50
101021000236,Jeddah,27.00 ,36.00 ,1,50
101021000236,Riyadh,116.00 ,158.00 ,1,50
101021000237,Jeddah,77.00 ,105.00 ,1,50
101021000237,Riyadh,92.00 ,117.00 ,1,50
101021000240,Jeddah,363.00 ,504.00 ,1,50
101021000240,Riyadh,433.00 ,556.00 ,1,50
101021000242,Jeddah,372.00 ,490.00 ,1,50
101021000242,Riyadh,"2,000.00 ","2,419.00 ",1,50
101021000244,Jeddah,548.00 ,714.00 ,1,50
101021000244,Riyadh,"1,315.00 ","1,607.00 ",1,50
101021000245,Jeddah,26.00 ,35.00 ,1,50
101021000245,Riyadh,98.00 ,123.00 ,1,50
101021000246,Jeddah,33.00 ,45.00 ,1,50
101021000246,Riyadh,88.00 ,105.00 ,1,50
101021000248,Jeddah,108.00 ,146.00 ,1,50
101021000248,Riyadh,"1,164.00 ","1,373.00 ",1,50
101021000258,Jeddah,129.00 ,167.00 ,1,50
101021000258,Riyadh,177.00 ,225.00 ,1,50
101021000264,Jeddah,51.00 ,70.00 ,1,50
101021000264,Riyadh,179.00 ,225.00 ,1,50
101021000269,Jeddah,39.00 ,52.00 ,1,50
101021000270,Jeddah,95.00 ,127.00 ,1,50
101021000270,Riyadh,315.00 ,395.00 ,1,50
101021000275,Jeddah,"5,160.00 ","6,964.00 ",1,50
101021000275,Riyadh,"7,252.00 ","9,038.00 ",1,50
101021000278,Jeddah,86.00 ,118.00 ,1,50
101021000278,Riyadh,246.00 ,308.00 ,1,50
101021000281,Jeddah,25.00 ,31.00 ,1,50
101021000281,Riyadh,13.00 ,16.00 ,1,50
101021000293,Jeddah,96.00 ,148.00 ,1,50
101021000293,Riyadh,249.00 ,309.00 ,1,50
101021000294,Jeddah,72.00 ,95.00 ,1,50
101021000294,Riyadh,142.00 ,178.00 ,1,50
101021000295,Jeddah,"1,550.00 ","2,134.00 ",1,50
101021000295,Riyadh,"4,142.00 ","5,074.00 ",1,50
101021000296,Jeddah,90.00 ,138.00 ,1,50
101021000296,Riyadh,488.00 ,627.00 ,1,50
101021000297,Jeddah,"3,252.00 ","4,242.00 ",1,50
101021000297,Riyadh,"7,326.00 ","8,995.00 ",1,50
101021000298,Jeddah,716.00 ,922.00 ,1,50
101021000298,Riyadh,"1,112.00 ","1,359.00 ",1,50
101021000300,Jeddah,"1,104.00 ","1,347.00 ",1,50
101021000300,Riyadh,362.00 ,434.00 ,1,50
101021000301,Jeddah,267.00 ,351.00 ,1,50
101021000301,Riyadh,670.00 ,836.00 ,1,50
101021000309,Jeddah,230.00 ,299.00 ,1,50
101021000309,Riyadh,"2,036.00 ","2,402.00 ",1,50
101021000312,Jeddah,382.00 ,521.00 ,1,50
101021000312,Riyadh,641.00 ,756.00 ,1,50
101021000313,Jeddah,2.00 ,2.00 ,1,50
101021000318,Jeddah,176.00 ,259.00 ,1,50
101021000318,Riyadh,337.00 ,425.00 ,1,50
101021000320,Jeddah,57.00 ,77.00 ,1,50
101021000320,Riyadh,976.00 ,"1,223.00 ",1,50
101021000323,Jeddah,198.00 ,241.00 ,1,50
101021000323,Riyadh,340.00 ,408.00 ,1,50
101021000330,Jeddah,150.00 ,188.00 ,1,50
101021000330,Riyadh,"1,043.00 ","1,271.00 ",1,50
101021000339,Jeddah,132.00 ,184.00 ,1,50
101021000339,Riyadh,387.00 ,485.00 ,1,50
101021000348,Jeddah,12.00 ,16.00 ,1,50
101021000348,Riyadh,174.00 ,213.00 ,1,50
101021000349,Jeddah,41.00 ,56.00 ,1,50
101021000349,Riyadh,201.00 ,251.00 ,1,50
101021000351,Jeddah,70.00 ,95.00 ,1,50
101021000351,Riyadh,138.00 ,166.00 ,1,50
101021000362,Jeddah,70.00 ,96.00 ,1,50
101021000362,Riyadh,45.00 ,59.00 ,1,50
101021000364,Jeddah,96.00 ,145.00 ,1,50
101021000364,Riyadh,467.00 ,624.00 ,1,50
101021000368,Jeddah,142.00 ,178.00 ,1,50
101021000369,Jeddah,70.00 ,105.00 ,1,50
101021000369,Riyadh,342.00 ,403.00 ,1,50
101021000373,Jeddah,38.00 ,55.00 ,1,50
101021000373,Riyadh,173.00 ,207.00 ,1,50
101021000376,Jeddah,2.00 ,2.00 ,1,50
101021000376,Riyadh,28.00 ,35.00 ,1,50
101021000378,Jeddah,268.00 ,362.00 ,1,50
101021000378,Riyadh,414.00 ,522.00 ,1,50
101021000380,Jeddah,622.00 ,854.00 ,1,50
101021000380,Riyadh,"1,505.00 ","1,827.00 ",1,50
101021000381,Jeddah,92.00 ,115.00 ,1,50
101021000381,Riyadh,89.00 ,110.00 ,1,50
101021000384,Jeddah,143.00 ,193.00 ,1,50
101021000384,Riyadh,269.00 ,327.00 ,1,50
101021000388,Jeddah,417.00 ,540.00 ,1,50
101021000388,Riyadh,798.00 ,"1,044.00 ",1,50
101021000389,Jeddah,"15,170.00 ","19,962.00 ",1,50
101021000389,Riyadh,"42,353.00 ","50,764.00 ",1,50
101021000394,Jeddah,54.00 ,75.00 ,1,50
101021000394,Riyadh,"1,981.00 ","2,349.00 ",1,50
101021000396,Jeddah,322.00 ,419.00 ,1,50
101021000396,Riyadh,709.00 ,863.00 ,1,50
101021000397,Jeddah,39.00 ,53.00 ,1,50
101021000397,Riyadh,183.00 ,227.00 ,1,50
101021000399,Jeddah,351.00 ,462.00 ,1,50
101021000399,Riyadh,919.00 ,"1,094.00 ",1,50
101021000403,Jeddah,18.00 ,24.00 ,1,50
101021000403,Riyadh,178.00 ,224.00 ,1,50
101021000410,Jeddah,"1,936.00 ","2,486.00 ",1,50
101021000410,Riyadh,"5,902.00 ","7,463.00 ",1,50
101021000420,Jeddah,127.00 ,173.00 ,1,50
101021000420,Riyadh,52.00 ,68.00 ,1,50
101021000422,Jeddah,2.00 ,3.00 ,1,50
101021000422,Riyadh,38.00 ,45.00 ,1,50
101021000425,Jeddah,270.00 ,367.00 ,1,50
101021000425,Riyadh,782.00 ,955.00 ,1,50
101021000428,Jeddah,2.00 ,3.00 ,1,50
101021000428,Riyadh,13.00 ,16.00 ,1,50
101021000429,Jeddah,44.00 ,59.00 ,1,50
101021000429,Riyadh,133.00 ,160.00 ,1,50
101021000430,Jeddah,56.00 ,74.00 ,1,50
101021000430,Riyadh,113.00 ,143.00 ,1,50
101021000431,Jeddah,65.00 ,85.00 ,1,50
101021000431,Riyadh,191.00 ,251.00 ,1,50
101021000432,Jeddah,19.00 ,25.00 ,1,50
101021000432,Riyadh,74.00 ,88.00 ,1,50
101021000435,Jeddah,5.00 ,7.00 ,1,50
101021000435,Riyadh,25.00 ,32.00 ,1,50
101021000438,Jeddah,79.00 ,98.00 ,1,50
101021000438,Riyadh,488.00 ,585.00 ,1,50
101021000442,Jeddah,785.00 ,"1,074.00 ",1,50
101021000442,Riyadh,"1,039.00 ","1,288.00 ",1,50
101021000444,Jeddah,55.00 ,71.00 ,1,50
101021000444,Riyadh,60.00 ,75.00 ,1,50
101021000447,Jeddah,38.00 ,60.00 ,1,50
101021000447,Riyadh,111.00 ,146.00 ,1,50
101021000453,Jeddah,27.00 ,40.00 ,1,50
101021000453,Riyadh,282.00 ,339.00 ,1,50
101021000455,Jeddah,594.00 ,850.00 ,1,50
101021000455,Riyadh,402.00 ,546.00 ,1,50
101021000457,Jeddah,"1,062.00 ","1,415.00 ",1,50
101021000457,Riyadh,"1,048.00 ","1,257.00 ",1,50
101021000464,Jeddah,135.00 ,183.00 ,1,50
101021000464,Riyadh,609.00 ,771.00 ,1,50
101021000471,Jeddah,172.00 ,225.00 ,1,50
101021000471,Riyadh,509.00 ,611.00 ,1,50
101021000477,Jeddah,3.00 ,4.00 ,1,50
101021000477,Riyadh,3.00 ,3.00 ,1,50
101021000484,Jeddah,"1,912.00 ","2,510.00 ",1,50
101021000484,Riyadh,"8,540.00 ","10,857.00 ",1,50
101021000500,Jeddah,97.00 ,132.00 ,1,50
101021000500,Riyadh,257.00 ,319.00 ,1,50
101021000502,Jeddah,15.00 ,20.00 ,1,50
101021000502,Riyadh,112.00 ,140.00 ,1,50
101021000503,Jeddah,529.00 ,652.00 ,1,50
101021000503,Riyadh,"2,000.00 ","2,546.00 ",1,50
101021000509,Jeddah,136.00 ,209.00 ,1,50
101021000509,Riyadh,744.00 ,914.00 ,1,50
101021000514,Jeddah,"1,031.00 ","1,360.00 ",1,50
101021000514,Riyadh,"2,332.00 ","2,867.00 ",1,50
101021000521,Jeddah,81.00 ,102.00 ,1,50
101021000521,Riyadh,372.00 ,461.00 ,1,50
101021000523,Jeddah,543.00 ,698.00 ,1,50
101021000523,Riyadh,"1,144.00 ","1,396.00 ",1,50
101021000524,Jeddah,13.00 ,17.00 ,1,50
101021000524,Riyadh,30.00 ,38.00 ,1,50
101021000530,Jeddah,73.00 ,101.00 ,1,50
101021000530,Riyadh,715.00 ,881.00 ,1,50
101021000531,Jeddah,82.00 ,110.00 ,1,50
101021000531,Riyadh,219.00 ,297.00 ,1,50
101021000532,Jeddah,28.00 ,36.00 ,1,50
101021000532,Riyadh,45.00 ,56.00 ,1,50
101021000533,Jeddah,775.00 ,986.00 ,1,50
101021000533,Riyadh,911.00 ,"1,161.00 ",1,50
101021000535,Jeddah,125.00 ,156.00 ,1,50
101021000535,Riyadh,320.00 ,437.00 ,1,50
101021000536,Jeddah,189.00 ,253.00 ,1,50
101021000536,Riyadh,211.00 ,268.00 ,1,50
101021000543,Jeddah,114.00 ,166.00 ,1,50
101021000543,Riyadh,"2,578.00 ","3,175.00 ",1,50
101021000553,Jeddah,176.00 ,238.00 ,1,50
101021000553,Riyadh,293.00 ,367.00 ,1,50
101021000558,Jeddah,54.00 ,81.00 ,1,50
101021000558,Riyadh,589.00 ,792.00 ,1,50
101021000567,Jeddah,295.00 ,386.00 ,1,50
101021000567,Riyadh,690.00 ,849.00 ,1,50
101021000571,Jeddah,"3,170.00 ","3,864.00 ",1,50
101021000571,Riyadh,315.00 ,393.00 ,1,50
101021000572,Jeddah,105.00 ,157.00 ,1,50
101021000572,Riyadh,462.00 ,560.00 ,1,50
101021000578,Jeddah,155.00 ,210.00 ,1,50
101021000578,Riyadh,971.00 ,"1,277.00 ",1,50
101021000583,Jeddah,181.00 ,222.00 ,1,50
101021000583,Riyadh,620.00 ,732.00 ,1,50
101021000585,Jeddah,168.00 ,254.00 ,1,50
101021000585,Riyadh,537.00 ,672.00 ,1,50
101021000592,Jeddah,619.00 ,793.00 ,1,50
101021000592,Riyadh,"6,229.00 ","7,462.00 ",1,50
101021000594,Jeddah,311.00 ,394.00 ,1,50
101021000594,Riyadh,"1,789.00 ","2,120.00 ",1,50
101021000609,Jeddah,167.00 ,203.00 ,1,50
101021000609,Riyadh,829.00 ,"1,078.00 ",1,50
101021000619,Jeddah,2.00 ,2.00 ,1,50
101021000620,Jeddah,423.00 ,545.00 ,1,50
101021000620,Riyadh,"1,460.00 ","1,755.00 ",1,50
101021000621,Jeddah,55.00 ,68.00 ,1,50
101021000621,Riyadh,45.00 ,54.00 ,1,50
101021000622,Jeddah,152.00 ,193.00 ,1,50
101021000622,Riyadh,"1,007.00 ","1,224.00 ",1,50
101021000632,Jeddah,813.00 ,"1,076.00 ",1,50
101021000632,Riyadh,374.00 ,441.00 ,1,50
101021000637,Jeddah,579.00 ,747.00 ,1,50
101021000637,Riyadh,766.00 ,932.00 ,1,50
101021000655,Jeddah,354.00 ,468.00 ,1,50
101021000655,Riyadh,696.00 ,871.00 ,1,50
101021000664,Jeddah,3.00 ,3.00 ,1,50
101021000667,Jeddah,271.00 ,366.00 ,1,50
101021000667,Riyadh,"1,360.00 ","1,681.00 ",1,50
101021000673,Jeddah,"1,783.00 ","2,346.00 ",1,50
101021000673,Riyadh,862.00 ,"1,056.00 ",1,50
101021000677,Jeddah,73.00 ,91.00 ,1,50
101021000677,Riyadh,76.00 ,91.00 ,1,50
101021000683,Jeddah,"5,266.00 ","6,772.00 ",1,50
101021000683,Riyadh,"4,758.00 ","5,870.00 ",1,50
101021000685,Jeddah,42.00 ,62.00 ,1,50
101021000685,Riyadh,225.00 ,278.00 ,1,50
101021000691,Jeddah,219.00 ,302.00 ,1,50
101021000691,Riyadh,452.00 ,613.00 ,1,50
101021000696,Jeddah,768.00 ,936.00 ,1,50
101021000708,Jeddah,362.00 ,479.00 ,1,50
101021000708,Riyadh,475.00 ,575.00 ,1,50
101021000710,Jeddah,"1,157.00 ","1,502.00 ",1,50
101021000710,Riyadh,"1,551.00 ","1,830.00 ",1,50
101021000712,Jeddah,"1,528.00 ","1,959.00 ",1,50
101021000712,Riyadh,"2,841.00 ","3,491.00 ",1,50
101021000724,Jeddah,207.00 ,314.00 ,1,50
101021000724,Riyadh,583.00 ,708.00 ,1,50
101021000737,Jeddah,66.00 ,93.00 ,1,50
101021000737,Riyadh,316.00 ,393.00 ,1,50
101021000754,Jeddah,647.00 ,788.00 ,1,50
101021000754,Riyadh,"1,723.00 ","2,125.00 ",1,50
101021000756,Jeddah,514.00 ,725.00 ,1,50
101021000756,Riyadh,"1,572.00 ","1,983.00 ",1,50
101021000759,Jeddah,73.00 ,92.00 ,1,50
101021000759,Riyadh,"1,126.00 ","1,371.00 ",1,50
101021000761,Jeddah,72.00 ,100.00 ,1,50
101021000761,Riyadh,"1,446.00 ","1,951.00 ",1,50
101021000767,Jeddah,4.00 ,5.00 ,1,50
101021000767,Riyadh,13.00 ,16.00 ,1,50
101021000768,Jeddah,4.00 ,6.00 ,1,50
101021000768,Riyadh,13.00 ,16.00 ,1,50
101021000769,Jeddah,41.00 ,54.00 ,1,50
101021000769,Riyadh,50.00 ,63.00 ,1,50
101021000770,Jeddah,208.00 ,292.00 ,1,50
101021000778,Jeddah,71.00 ,100.00 ,1,50
101021000782,Jeddah,71.00 ,93.00 ,1,50
101021000782,Riyadh,222.00 ,275.00 ,1,50
101021000785,Jeddah,271.00 ,350.00 ,1,50
101021000785,Riyadh,"1,021.00 ","1,253.00 ",1,50
101021000787,Jeddah,376.00 ,504.00 ,1,50
101021000787,Riyadh,827.00 ,"1,012.00 ",1,50
101021000795,Jeddah,"1,359.00 ","1,821.00 ",1,50
101021000795,Riyadh,"3,762.00 ","4,456.00 ",1,50
101021000796,Jeddah,"1,365.00 ","1,697.00 ",1,50
101021000796,Riyadh,"10,992.00 ","13,401.00 ",1,50
101021000797,Jeddah,46.00 ,64.00 ,1,50
101021000797,Riyadh,838.00 ,"1,080.00 ",1,50
101021000798,Jeddah,61.00 ,78.00 ,1,50
101021000798,Riyadh,234.00 ,299.00 ,1,50
101021000800,Jeddah,3.00 ,4.00 ,1,50
101021000800,Riyadh,35.00 ,44.00 ,1,50
101021000806,Jeddah,239.00 ,366.00 ,1,50
101021000806,Riyadh,221.00 ,276.00 ,1,50
101021000818,Jeddah,3.00 ,4.00 ,1,50
101021000830,Jeddah,370.00 ,476.00 ,1,50
101021000830,Riyadh,"1,134.00 ","1,384.00 ",1,50
101021000841,Jeddah,48.00 ,65.00 ,1,50
101021000841,Riyadh,304.00 ,364.00 ,1,50
101021000849,Jeddah,97.00 ,137.00 ,1,50
101021000849,Riyadh,"2,997.00 ","3,696.00 ",1,50
101021000899,Jeddah,63.00 ,88.00 ,1,50
101021000899,Riyadh,223.00 ,278.00 ,1,50
101021000911,Jeddah,42.00 ,54.00 ,1,50
101021000911,Riyadh,165.00 ,224.00 ,1,50
101021000912,Jeddah,90.00 ,137.00 ,1,50
101021000912,Riyadh,201.00 ,241.00 ,1,50
101021000916,Jeddah,38.00 ,50.00 ,1,50
101021000916,Riyadh,67.00 ,84.00 ,1,50
101021000925,Jeddah,147.00 ,196.00 ,1,50
101021000925,Riyadh,"1,289.00 ","1,520.00 ",1,50
101021000938,Jeddah,32.00 ,43.00 ,1,50
101021000938,Riyadh,105.00 ,126.00 ,1,50
101021000942,Jeddah,189.00 ,254.00 ,1,50
101021000942,Riyadh,476.00 ,602.00 ,1,50
101021000951,Jeddah,30.00 ,45.00 ,1,50
101021000951,Riyadh,37.00 ,47.00 ,1,50
101021000955,Jeddah,109.00 ,137.00 ,1,50
101021000955,Riyadh,208.00 ,260.00 ,1,50
101021000958,Jeddah,39.00 ,53.00 ,1,50
101021000958,Riyadh,258.00 ,313.00 ,1,50
101021000961,Jeddah,17.00 ,23.00 ,1,50
101021000961,Riyadh,202.00 ,240.00 ,1,50
101021000966,Jeddah,104.00 ,153.00 ,1,50
101021000966,Riyadh,254.00 ,338.00 ,1,50
101021000968,Jeddah,40.00 ,59.00 ,1,50
101021000968,Riyadh,63.00 ,79.00 ,1,50
101021000976,Jeddah,57.00 ,75.00 ,1,50
101021000976,Riyadh,104.00 ,125.00 ,1,50
101021000993,Jeddah,"1,498.00 ","2,000.00 ",1,50
101021000993,Riyadh,876.00 ,"1,142.00 ",1,50
101021001003,Jeddah,71.00 ,93.00 ,1,50
101021001003,Riyadh,343.00 ,410.00 ,1,50
101021001004,Jeddah,209.00 ,273.00 ,1,50
101021001004,Riyadh,"1,161.00 ","1,417.00 ",1,50
101021001005,Jeddah,12.00 ,16.00 ,1,50
101021001005,Riyadh,30.00 ,40.00 ,1,50
101021001009,Jeddah,3.00 ,5.00 ,1,50
101021001010,Jeddah,45.00 ,61.00 ,1,50
101021001010,Riyadh,114.00 ,139.00 ,1,50
101021001011,Jeddah,6.00 ,10.00 ,1,50
101021001011,Riyadh,11.00 ,13.00 ,1,50
101021001012,Jeddah,52.00 ,64.00 ,1,50
101021001012,Riyadh,120.00 ,149.00 ,1,50
101021001018,Jeddah,97.00 ,129.00 ,1,50
101021001018,Riyadh,727.00 ,983.00 ,1,50
101021001022,Jeddah,141.00 ,184.00 ,1,50
101021001022,Riyadh,675.00 ,836.00 ,1,50
101021001033,Jeddah,139.00 ,186.00 ,1,50
101021001033,Riyadh,"1,053.00 ","1,306.00 ",1,50
101021001041,Jeddah,88.00 ,128.00 ,1,50
101021001041,Riyadh,122.00 ,153.00 ,1,50
101021001042,Jeddah,6.00 ,8.00 ,1,50
101021001044,Jeddah,77.00 ,103.00 ,1,50
101021001044,Riyadh,294.00 ,370.00 ,1,50
101021001046,Jeddah,305.00 ,346.00 ,1,50
101021001046,Riyadh,303.00 ,405.00 ,1,50
101021001048,Jeddah,107.00 ,149.00 ,1,50
101021001048,Riyadh,348.00 ,425.00 ,1,50
101021001051,Jeddah,297.00 ,394.00 ,1,50
101021001051,Riyadh,420.00 ,559.00 ,1,50
101021001052,Jeddah,384.00 ,499.00 ,1,50
101021001052,Riyadh,"2,661.00 ","3,416.00 ",1,50
101021001054,Jeddah,360.00 ,457.00 ,1,50
101021001054,Riyadh,937.00 ,"1,128.00 ",1,50
101021001060,Jeddah,69.00 ,89.00 ,1,50
101021001060,Riyadh,128.00 ,151.00 ,1,50
101021001061,Jeddah,1.00 ,2.00 ,1,50
101021001070,Jeddah,474.00 ,682.00 ,1,50
101021001070,Riyadh,"1,884.00 ","2,321.00 ",1,50
101021001074,Jeddah,84.00 ,113.00 ,1,50
101021001074,Riyadh,27.00 ,33.00 ,1,50
101021001082,Jeddah,383.00 ,494.00 ,1,50
101021001082,Riyadh,"1,119.00 ","1,360.00 ",1,50
101021001085,Jeddah,1.00 ,1.00 ,1,50
101021001089,Jeddah,262.00 ,358.00 ,1,50
101021001089,Riyadh,"1,768.00 ","2,170.00 ",1,50
101021001095,Jeddah,351.00 ,492.00 ,1,50
101021001095,Riyadh,357.00 ,431.00 ,1,50
101021001097,Jeddah,102.00 ,132.00 ,1,50
101021001097,Riyadh,224.00 ,273.00 ,1,50
101021001098,Jeddah,122.00 ,158.00 ,1,50
101021001098,Riyadh,292.00 ,367.00 ,1,50
101021001104,Jeddah,463.00 ,565.00 ,1,50
101021001104,Riyadh,"1,548.00 ","1,874.00 ",1,50
101021001112,Jeddah,336.00 ,370.00 ,1,50
101021001112,Riyadh,316.00 ,395.00 ,1,50
101021001117,Jeddah,140.00 ,188.00 ,1,50
101021001117,Riyadh,"1,110.00 ","1,362.00 ",1,50
101021001122,Jeddah,19.00 ,26.00 ,1,50
101021001122,Riyadh,71.00 ,88.00 ,1,50
101021001123,Jeddah,"2,402.00 ","2,996.00 ",1,50
101021001123,Riyadh,910.00 ,"1,108.00 ",1,50
101021001124,Jeddah,4.00 ,5.00 ,1,50
101021001124,Riyadh,26.00 ,32.00 ,1,50
101021001129,Jeddah,"1,406.00 ","1,785.00 ",1,50
101021001129,Riyadh,"2,176.00 ","2,664.00 ",1,50
101021001131,Jeddah,212.00 ,278.00 ,1,50
101021001131,Riyadh,739.00 ,911.00 ,1,50
101021001133,Jeddah,262.00 ,336.00 ,1,50
101021001133,Riyadh,318.00 ,381.00 ,1,50
101021001139,Jeddah,42.00 ,55.00 ,1,50
101021001139,Riyadh,44.00 ,54.00 ,1,50
101021001140,Jeddah,7.00 ,10.00 ,1,50
101021001140,Riyadh,13.00 ,18.00 ,1,50
101021001142,Jeddah,53.00 ,74.00 ,1,50
101021001142,Riyadh,41.00 ,50.00 ,1,50
101021001145,Jeddah,"2,204.00 ","2,858.00 ",1,50
101021001145,Riyadh,"5,596.00 ","7,299.00 ",1,50
101021001146,Jeddah,75.00 ,94.00 ,1,50
101021001146,Riyadh,180.00 ,227.00 ,1,50
101021001147,Jeddah,35.00 ,50.00 ,1,50
101021001147,Riyadh,122.00 ,156.00 ,1,50
101021001154,Jeddah,181.00 ,227.00 ,1,50
101021001154,Riyadh,"1,866.00 ","2,249.00 ",1,50
101021001157,Jeddah,208.00 ,280.00 ,1,50
101021001157,Riyadh,568.00 ,708.00 ,1,50
101021001161,Jeddah,136.00 ,197.00 ,1,50
101021001161,Riyadh,"1,421.00 ","1,839.00 ",1,50
101021001162,Jeddah,57.00 ,76.00 ,1,50
101021001162,Riyadh,806.00 ,968.00 ,1,50
101021001165,Jeddah,"5,480.00 ","7,257.00 ",1,50
101021001165,Riyadh,"4,482.00 ","5,745.00 ",1,50
101021001166,Jeddah,228.00 ,360.00 ,1,50
101021001166,Riyadh,691.00 ,935.00 ,1,50
101021001170,Jeddah,94.00 ,125.00 ,1,50
101021001170,Riyadh,173.00 ,215.00 ,1,50
101021001173,Jeddah,419.00 ,572.00 ,1,50
101021001173,Riyadh,584.00 ,740.00 ,1,50
101021001175,Jeddah,"1,282.00 ","1,539.00 ",1,50
101021001175,Riyadh,"11,009.00 ","13,816.00 ",1,50
101021001179,Riyadh,71.00 ,87.00 ,1,50
101021001180,Jeddah,291.00 ,445.00 ,1,50
101021001180,Riyadh,572.00 ,721.00 ,1,50
101021001189,Jeddah,183.00 ,247.00 ,1,50
101021001189,Riyadh,223.00 ,282.00 ,1,50
101021001192,Jeddah,60.00 ,82.00 ,1,50
101021001192,Riyadh,154.00 ,202.00 ,1,50
101021001206,Jeddah,482.00 ,631.00 ,1,50
101021001206,Riyadh,"1,266.00 ","1,603.00 ",1,50
101021001208,Jeddah,484.00 ,623.00 ,1,50
101021001208,Riyadh,573.00 ,712.00 ,1,50
101021001211,Jeddah,154.00 ,231.00 ,1,50
101021001211,Riyadh,"1,317.00 ","1,621.00 ",1,50
101021001217,Jeddah,259.00 ,316.00 ,1,50
101021001217,Riyadh,462.00 ,555.00 ,1,50
101021001219,Jeddah,"2,400.00 ","3,007.00 ",1,50
101021001219,Riyadh,"2,781.00 ","3,386.00 ",1,50
101021001223,Jeddah,"1,332.00 ","1,713.00 ",1,50
101021001223,Riyadh,"7,979.00 ","9,789.00 ",1,50
101021001227,Jeddah,"2,966.00 ","3,967.00 ",1,50
101021001227,Riyadh,"3,880.00 ","4,696.00 ",1,50
101021001229,Jeddah,"1,467.00 ","2,033.00 ",1,50
101021001229,Riyadh,877.00 ,"1,052.00 ",1,50
101021001235,Jeddah,112.00 ,151.00 ,1,50
101021001235,Riyadh,93.00 ,114.00 ,1,50
101021001240,Jeddah,548.00 ,631.00 ,1,50
101021001240,Riyadh,934.00 ,"1,136.00 ",1,50
101021001245,Jeddah,33.00 ,47.00 ,1,50
101021001245,Riyadh,14.00 ,18.00 ,1,50
101021001255,Jeddah,13.00 ,20.00 ,1,50
101021001257,Jeddah,"1,429.00 ","1,895.00 ",1,50
101021001257,Riyadh,715.00 ,844.00 ,1,50
101021001261,Jeddah,448.00 ,592.00 ,1,50
101021001261,Riyadh,"1,218.00 ","1,475.00 ",1,50
101021001274,Jeddah,99.00 ,153.00 ,1,50
101021001274,Riyadh,835.00 ,"1,016.00 ",1,50
101021001276,Jeddah,200.00 ,257.00 ,1,50
101021001276,Riyadh,225.00 ,275.00 ,1,50
101021001282,Jeddah,26.00 ,36.00 ,1,50
101021001282,Riyadh,196.00 ,235.00 ,1,50
101021001283,Jeddah,763.00 ,"1,038.00 ",1,50
101021001283,Riyadh,953.00 ,"1,198.00 ",1,50
101021001286,Jeddah,165.00 ,219.00 ,1,50
101021001286,Riyadh,"1,043.00 ","1,360.00 ",1,50
101021001290,Jeddah,366.00 ,580.00 ,1,50
101021001290,Riyadh,452.00 ,556.00 ,1,50
101021001296,Jeddah,370.00 ,486.00 ,1,50
101021001296,Riyadh,"1,017.00 ","1,234.00 ",1,50
101021001304,Jeddah,131.00 ,170.00 ,1,50
101021001304,Riyadh,614.00 ,753.00 ,1,50
101021001315,Jeddah,258.00 ,364.00 ,1,50
101021001315,Riyadh,350.00 ,436.00 ,1,50
101021001317,Jeddah,134.00 ,181.00 ,1,50
101021001317,Riyadh,522.00 ,631.00 ,1,50
101021001318,Jeddah,"1,834.00 ","2,317.00 ",1,50
101021001318,Riyadh,"5,174.00 ","6,224.00 ",1,50
101021001323,Jeddah,25.00 ,35.00 ,1,50
101021001323,Riyadh,10.00 ,12.00 ,1,50
101021001324,Jeddah,9.00 ,12.00 ,1,50
101021001324,Riyadh,135.00 ,165.00 ,1,50
101021001331,Jeddah,279.00 ,367.00 ,1,50
101021001331,Riyadh,66.00 ,86.00 ,1,50
101021001336,Jeddah,15.00 ,19.00 ,1,50
101021001336,Riyadh,224.00 ,289.00 ,1,50
101021001342,Jeddah,"1,182.00 ","1,615.00 ",1,50
101021001342,Riyadh,"2,180.00 ","2,744.00 ",1,50
101021001343,Jeddah,10.00 ,14.00 ,1,50
101021001346,Jeddah,"1,172.00 ","1,639.00 ",1,50
101021001346,Riyadh,"8,267.00 ","9,785.00 ",1,50
101021001359,Jeddah,95.00 ,141.00 ,1,50
101021001359,Riyadh,121.00 ,151.00 ,1,50
101021001365,Jeddah,"1,836.00 ","2,416.00 ",1,50
101021001365,Riyadh,"2,813.00 ","3,721.00 ",1,50
101021001376,Jeddah,37.00 ,50.00 ,1,50
101021001376,Riyadh,119.00 ,147.00 ,1,50
101021001385,Jeddah,597.00 ,756.00 ,1,50
101021001385,Riyadh,"2,083.00 ","2,533.00 ",1,50
101021001389,Jeddah,7.00 ,10.00 ,1,50
101021001389,Riyadh,15.00 ,19.00 ,1,50
101021001390,Jeddah,4.00 ,5.00 ,1,50
101021001390,Riyadh,7.00 ,9.00 ,1,50
101021001391,Jeddah,11.00 ,14.00 ,1,50
101021001391,Riyadh,2.00 ,3.00 ,1,50
101021001400,Jeddah,174.00 ,247.00 ,1,50
101021001400,Riyadh,559.00 ,719.00 ,1,50
101021001408,Jeddah,402.00 ,506.00 ,1,50
101021001408,Riyadh,309.00 ,389.00 ,1,50
101021001415,Jeddah,361.00 ,428.00 ,1,50
101021001415,Riyadh,358.00 ,450.00 ,1,50
101021001418,Jeddah,2.00 ,3.00 ,1,50
101021001418,Riyadh,21.00 ,26.00 ,1,50
101021001429,Jeddah,7.00 ,8.00 ,1,50
101021001429,Riyadh,4.00 ,5.00 ,1,50
101021001436,Jeddah,287.00 ,374.00 ,1,50
101021001436,Riyadh,"1,410.00 ","1,708.00 ",1,50
101021001438,Jeddah,644.00 ,910.00 ,1,50
101021001438,Riyadh,972.00 ,"1,197.00 ",1,50
101021001439,Jeddah,889.00 ,"1,159.00 ",1,50
101021001439,Riyadh,"1,861.00 ","2,296.00 ",1,50
101021001440,Jeddah,68.00 ,90.00 ,1,50
101021001440,Riyadh,117.00 ,157.00 ,1,50
101021001441,Jeddah,241.00 ,297.00 ,1,50
101021001441,Riyadh,689.00 ,829.00 ,1,50
101021001442,Jeddah,961.00 ,"1,172.00 ",1,50
101021001442,Riyadh,862.00 ,"1,057.00 ",1,50
101021001443,Jeddah,21.00 ,29.00 ,1,50
101021001443,Riyadh,11.00 ,15.00 ,1,50
101021001444,Jeddah,257.00 ,315.00 ,1,50
101021001444,Riyadh,295.00 ,348.00 ,1,50
101021001450,Jeddah,478.00 ,653.00 ,1,50
101021001450,Riyadh,"1,260.00 ","1,523.00 ",1,50
101021001453,Jeddah,"1,601.00 ","2,091.00 ",1,50
101021001453,Riyadh,"3,911.00 ","4,752.00 ",1,50
101021001455,Jeddah,654.00 ,856.00 ,1,50
101021001455,Riyadh,"2,397.00 ","2,922.00 ",1,50
101021001458,Jeddah,17.00 ,25.00 ,1,50
101021001458,Riyadh,79.00 ,98.00 ,1,50
101021001459,Jeddah,28.00 ,34.00 ,1,50
101021001459,Riyadh,549.00 ,672.00 ,1,50
101021001463,Jeddah,382.00 ,535.00 ,1,50
101021001463,Riyadh,"1,236.00 ","1,588.00 ",1,50
101021001464,Jeddah,393.00 ,491.00 ,1,50
101021001464,Riyadh,"1,338.00 ","1,823.00 ",1,50
101021001468,Jeddah,63.00 ,91.00 ,1,50
101021001468,Riyadh,400.00 ,496.00 ,1,50
101021001472,Jeddah,6.00 ,8.00 ,1,50
101021001472,Riyadh,74.00 ,96.00 ,1,50
101021001474,Jeddah,35.00 ,44.00 ,1,50
101021001474,Riyadh,22.00 ,29.00 ,1,50
101021001475,Jeddah,67.00 ,90.00 ,1,50
101021001475,Riyadh,"1,097.00 ","1,309.00 ",1,50
101021001476,Jeddah,651.00 ,885.00 ,1,50
101021001476,Riyadh,"2,680.00 ","3,248.00 ",1,50
101021001477,Jeddah,63.00 ,98.00 ,1,50
101021001477,Riyadh,121.00 ,149.00 ,1,50
101021001478,Jeddah,110.00 ,142.00 ,1,50
101021001478,Riyadh,266.00 ,325.00 ,1,50
101021001484,Jeddah,240.00 ,313.00 ,1,50
101021001484,Riyadh,"1,488.00 ","1,871.00 ",1,50
101021001485,Jeddah,"1,872.00 ","2,499.00 ",1,50
101021001485,Riyadh,"7,946.00 ","9,560.00 ",1,50
101021001493,Jeddah,614.00 ,733.00 ,1,50
101021001493,Riyadh,"2,742.00 ","3,397.00 ",1,50
101021001494,Jeddah,"1,111.00 ","1,543.00 ",1,50
101021001494,Riyadh,"7,236.00 ","8,640.00 ",1,50
101021001497,Jeddah,127.00 ,166.00 ,1,50
101021001497,Riyadh,267.00 ,337.00 ,1,50
101021001499,Jeddah,136.00 ,212.00 ,1,50
101021001499,Riyadh,274.00 ,329.00 ,1,50
101021001507,Jeddah,21.00 ,28.00 ,1,50
101021001507,Riyadh,69.00 ,86.00 ,1,50
101021001508,Jeddah,19.00 ,26.00 ,1,50
101021001508,Riyadh,51.00 ,63.00 ,1,50
101021001509,Jeddah,142.00 ,180.00 ,1,50
101021001509,Riyadh,"1,297.00 ","1,649.00 ",1,50
101021001510,Jeddah,45.00 ,56.00 ,1,50
101021001510,Riyadh,792.00 ,"1,032.00 ",1,50
101021001511,Jeddah,7.00 ,9.00 ,1,50
101021001511,Riyadh,5.00 ,6.00 ,1,50
101021001516,Jeddah,13.00 ,19.00 ,1,50
101021001516,Riyadh,57.00 ,72.00 ,1,50
101021001519,Jeddah,46.00 ,61.00 ,1,50
101021001519,Riyadh,95.00 ,124.00 ,1,50
101021001520,Jeddah,44.00 ,59.00 ,1,50
101021001520,Riyadh,23.00 ,30.00 ,1,50
101021001524,Jeddah,531.00 ,693.00 ,1,50
101021001524,Riyadh,"1,299.00 ","1,621.00 ",1,50
101021001529,Jeddah,"2,166.00 ","2,587.00 ",1,50
101021001529,Riyadh,484.00 ,571.00 ,1,50
101021001530,Jeddah,33.00 ,42.00 ,1,50
101021001530,Riyadh,14.00 ,17.00 ,1,50
101021001531,Jeddah,5.00 ,7.00 ,1,50
101021001532,Jeddah,1.00 ,1.00 ,1,50
101021001532,Riyadh,27.00 ,34.00 ,1,50
101021001536,Jeddah,188.00 ,276.00 ,1,50
101021001536,Riyadh,315.00 ,398.00 ,1,50
101021001538,Riyadh,6.00 ,8.00 ,1,50
101021001539,Jeddah,240.00 ,308.00 ,1,50
101021001539,Riyadh,804.00 ,948.00 ,1,50
101021001540,Jeddah,44.00 ,58.00 ,1,50
101021001540,Riyadh,151.00 ,187.00 ,1,50
101021001541,Jeddah,90.00 ,115.00 ,1,50
101021001541,Riyadh,407.00 ,512.00 ,1,50
101021001542,Jeddah,27.00 ,36.00 ,1,50
101021001542,Riyadh,83.00 ,100.00 ,1,50
101021001543,Jeddah,12.00 ,15.00 ,1,50
101021001543,Riyadh,57.00 ,69.00 ,1,50
101021001544,Jeddah,71.00 ,94.00 ,1,50
101021001544,Riyadh,199.00 ,238.00 ,1,50
101021001545,Jeddah,45.00 ,66.00 ,1,50
101021001545,Riyadh,219.00 ,262.00 ,1,50
101021001546,Jeddah,92.00 ,112.00 ,1,50
101021001546,Riyadh,342.00 ,440.00 ,1,50
101021001547,Jeddah,35.00 ,47.00 ,1,50
101021001547,Riyadh,89.00 ,113.00 ,1,50
101021001548,Jeddah,24.00 ,32.00 ,1,50
101021001548,Riyadh,47.00 ,57.00 ,1,50
101021001549,Jeddah,50.00 ,68.00 ,1,50
101021001549,Riyadh,"1,117.00 ","1,528.00 ",1,50
101021001550,Jeddah,332.00 ,405.00 ,1,50
101021001550,Riyadh,506.00 ,597.00 ,1,50
101021001551,Jeddah,228.00 ,299.00 ,1,50
101021001551,Riyadh,632.00 ,799.00 ,1,50
101021001552,Jeddah,771.00 ,"1,065.00 ",1,50
101021001552,Riyadh,146.00 ,181.00 ,1,50
101021001553,Jeddah,711.00 ,926.00 ,1,50
101021001553,Riyadh,854.00 ,"1,063.00 ",1,50
101021001554,Jeddah,2.00 ,3.00 ,1,50
101021001555,Jeddah,2.00 ,3.00 ,1,50
101021001556,Jeddah,6.00 ,7.00 ,1,50
101021001556,Riyadh,7.00 ,9.00 ,1,50
101021001557,Jeddah,14.00 ,18.00 ,1,50
101021001557,Riyadh,40.00 ,48.00 ,1,50
101021001559,Jeddah,"2,588.00 ","3,193.00 ",1,50
101021001559,Riyadh,"14,320.00 ","17,498.00 ",1,50
101021001560,Jeddah,618.00 ,771.00 ,1,50
101021001560,Riyadh,"1,206.00 ","1,475.00 ",1,50
101021001569,Jeddah,8.00 ,10.00 ,1,50
101021001569,Riyadh,147.00 ,185.00 ,1,50
101021001570,Jeddah,16.00 ,22.00 ,1,50
101021001570,Riyadh,21.00 ,27.00 ,1,50
101021001572,Riyadh,113.00 ,150.00 ,1,50
101021001574,Jeddah,575.00 ,745.00 ,1,50
101021001574,Riyadh,"1,167.00 ","1,410.00 ",1,50
101021001577,Jeddah,30.00 ,41.00 ,1,50
101021001578,Jeddah,28.00 ,35.00 ,1,50
101021001578,Riyadh,120.00 ,150.00 ,1,50
101021001580,Jeddah,10.00 ,14.00 ,1,50
101021001580,Riyadh,27.00 ,33.00 ,1,50
101021001582,Jeddah,268.00 ,346.00 ,1,50
101021001582,Riyadh,78.00 ,101.00 ,1,50
101021001587,Jeddah,5.00 ,7.00 ,1,50
101021001587,Riyadh,24.00 ,30.00 ,1,50
101021001588,Jeddah,172.00 ,273.00 ,1,50
101021001588,Riyadh,555.00 ,677.00 ,1,50
101021001589,Jeddah,47.00 ,73.00 ,1,50
101021001589,Riyadh,86.00 ,108.00 ,1,50
101021001598,Jeddah,29.00 ,39.00 ,1,50
101021001598,Riyadh,100.00 ,123.00 ,1,50
101021001606,Jeddah,103.00 ,158.00 ,1,50
101021001606,Riyadh,54.00 ,70.00 ,1,50
101021001609,Jeddah,29.00 ,36.00 ,1,50
101021001609,Riyadh,15.00 ,20.00 ,1,50
101021001623,Jeddah,357.00 ,438.00 ,1,50
101021001623,Riyadh,852.00 ,"1,096.00 ",1,50
101021001629,Jeddah,"6,075.00 ","7,256.00 ",1,50
101021001629,Riyadh,"1,994.00 ","2,441.00 ",1,50
101021001633,Jeddah,38.00 ,49.00 ,1,50
101021001633,Riyadh,29.00 ,38.00 ,1,50
101021001635,Jeddah,383.00 ,458.00 ,1,50
101021001635,Riyadh,104.00 ,129.00 ,1,50
101021001636,Jeddah,85.00 ,112.00 ,1,50
101021001636,Riyadh,219.00 ,274.00 ,1,50
101021001639,Jeddah,43.00 ,58.00 ,1,50
101021001639,Riyadh,143.00 ,182.00 ,1,50
101021001643,Jeddah,558.00 ,795.00 ,1,50
101021001643,Riyadh,"1,135.00 ","1,418.00 ",1,50
101021001645,Jeddah,976.00 ,"1,196.00 ",1,50
101021001645,Riyadh,"1,663.00 ","2,028.00 ",1,50
101021001653,Jeddah,60.00 ,83.00 ,1,50
101021001653,Riyadh,743.00 ,991.00 ,1,50
101021001661,Jeddah,94.00 ,125.00 ,1,50
101021001661,Riyadh,454.00 ,593.00 ,1,50
101021001662,Jeddah,790.00 ,"1,060.00 ",1,50
101021001662,Riyadh,482.00 ,597.00 ,1,50
101021001664,Jeddah,562.00 ,889.00 ,1,50
101021001664,Riyadh,"3,112.00 ","3,849.00 ",1,50
101021001666,Jeddah,168.00 ,237.00 ,1,50
101021001666,Riyadh,300.00 ,373.00 ,1,50
101021001669,Jeddah,73.00 ,99.00 ,1,50
101021001669,Riyadh,278.00 ,348.00 ,1,50
101021001673,Jeddah,147.00 ,194.00 ,1,50
101021001673,Riyadh,400.00 ,497.00 ,1,50
101021001675,Jeddah,62.00 ,83.00 ,1,50
101021001675,Riyadh,628.00 ,824.00 ,1,50
101021001677,Jeddah,885.00 ,"1,249.00 ",1,50
101021001677,Riyadh,"1,980.00 ","2,544.00 ",1,50
101021001679,Jeddah,31.00 ,42.00 ,1,50
101021001679,Riyadh,158.00 ,189.00 ,1,50
101021001680,Jeddah,213.00 ,329.00 ,1,50
101021001680,Riyadh,778.00 ,"1,000.00 ",1,50
101021001682,Jeddah,68.00 ,93.00 ,1,50
101021001682,Riyadh,356.00 ,468.00 ,1,50
101021001686,Jeddah,410.00 ,499.00 ,1,50
101021001686,Riyadh,"1,388.00 ","1,637.00 ",1,50
101021001690,Jeddah,108.00 ,146.00 ,1,50
101021001690,Riyadh,553.00 ,737.00 ,1,50
101021001693,Jeddah,1.00 ,1.00 ,1,50
101021001700,Jeddah,3.00 ,4.00 ,1,50
101021001700,Riyadh,47.00 ,58.00 ,1,50
101021001701,Jeddah,831.00 ,"1,060.00 ",1,50
101021001701,Riyadh,"1,647.00 ","1,998.00 ",1,50
101021001713,Jeddah,315.00 ,384.00 ,1,50
101021001713,Riyadh,772.00 ,938.00 ,1,50
101021001721,Jeddah,445.00 ,598.00 ,1,50
101021001721,Riyadh,"1,748.00 ","2,232.00 ",1,50
101021001724,Jeddah,"3,223.00 ","4,143.00 ",1,50
101021001724,Riyadh,"8,993.00 ","11,015.00 ",1,50
101021001725,Jeddah,446.00 ,602.00 ,1,50
101021001725,Riyadh,"5,894.00 ","7,548.00 ",1,50
101021001726,Jeddah,327.00 ,409.00 ,1,50
101021001726,Riyadh,"1,221.00 ","1,593.00 ",1,50
101021001728,Jeddah,99.00 ,135.00 ,1,50
101021001728,Riyadh,651.00 ,801.00 ,1,50
101021001730,Jeddah,29.00 ,42.00 ,1,50
101021001731,Jeddah,341.00 ,442.00 ,1,50
101021001731,Riyadh,"3,441.00 ","4,149.00 ",1,50
101021001736,Jeddah,350.00 ,459.00 ,1,50
101021001736,Riyadh,"2,479.00 ","3,225.00 ",1,50
101021001741,Jeddah,46.00 ,63.00 ,1,50
101021001741,Riyadh,258.00 ,339.00 ,1,50
101021001761,Jeddah,444.00 ,577.00 ,1,50
101021001761,Riyadh,"3,948.00 ","5,104.00 ",1,50
101021001768,Jeddah,224.00 ,303.00 ,1,50
101021001768,Riyadh,"1,230.00 ","1,510.00 ",1,50
101021001769,Jeddah,581.00 ,694.00 ,1,50
101021001769,Riyadh,456.00 ,552.00 ,1,50
101021001772,Jeddah,70.00 ,95.00 ,1,50
101021001772,Riyadh,129.00 ,162.00 ,1,50
101021001773,Jeddah,16.00 ,21.00 ,1,50
101021001773,Riyadh,29.00 ,35.00 ,1,50
101021001785,Jeddah,2.00 ,3.00 ,1,50
101021001787,Jeddah,93.00 ,126.00 ,1,50
101021001787,Riyadh,310.00 ,419.00 ,1,50
101021001791,Jeddah,523.00 ,637.00 ,1,50
101021001791,Riyadh,"1,243.00 ","1,525.00 ",1,50
101021001793,Jeddah,158.00 ,204.00 ,1,50
101021001793,Riyadh,402.00 ,497.00 ,1,50
101021001795,Jeddah,48.00 ,60.00 ,1,50
101021001795,Riyadh,545.00 ,643.00 ,1,50
101021001798,Jeddah,367.00 ,465.00 ,1,50
101021001798,Riyadh,814.00 ,987.00 ,1,50
101021001802,Jeddah,233.00 ,310.00 ,1,50
101021001802,Riyadh,363.00 ,454.00 ,1,50
101021001803,Jeddah,128.00 ,187.00 ,1,50
101021001803,Riyadh,460.00 ,562.00 ,1,50
101021001805,Jeddah,479.00 ,606.00 ,1,50
101021001805,Riyadh,"1,627.00 ","1,967.00 ",1,50
101021001806,Jeddah,1.00 ,2.00 ,1,50
101021001807,Jeddah,59.00 ,87.00 ,1,50
101021001807,Riyadh,688.00 ,857.00 ,1,50
101021002008,Jeddah,3.00 ,4.00 ,1,50
101021002009,Jeddah,60.00 ,80.00 ,1,50
101021002009,Riyadh,128.00 ,161.00 ,1,50
101021002010,Jeddah,54.00 ,79.00 ,1,50
101021002010,Riyadh,274.00 ,342.00 ,1,50
101021002011,Jeddah,16.00 ,21.00 ,1,50
101021002011,Riyadh,69.00 ,83.00 ,1,50
101021002012,Jeddah,44.00 ,58.00 ,1,50
101021002012,Riyadh,134.00 ,168.00 ,1,50
101021002013,Jeddah,16.00 ,21.00 ,1,50
101021002013,Riyadh,99.00 ,123.00 ,1,50
101021002014,Jeddah,3.00 ,4.00 ,1,50
101021002014,Riyadh,20.00 ,25.00 ,1,50
101021002015,Jeddah,9.00 ,12.00 ,1,50
101021002015,Riyadh,58.00 ,71.00 ,1,50
101021002016,Jeddah,6.00 ,8.00 ,1,50
101021002016,Riyadh,57.00 ,70.00 ,1,50
101021002017,Jeddah,9.00 ,12.00 ,1,50
101021002017,Riyadh,48.00 ,60.00 ,1,50
101021002018,Jeddah,4.00 ,5.00 ,1,50
101021002018,Riyadh,18.00 ,22.00 ,1,50
101021002046,Jeddah,6.00 ,8.00 ,1,50
101021002046,Riyadh,51.00 ,68.00 ,1,50
101021002059,Jeddah,2.00 ,3.00 ,1,50
101021002059,Riyadh,10.00 ,12.00 ,1,50
101021002062,Jeddah,377.00 ,540.00 ,1,50
101021002062,Riyadh,858.00 ,"1,052.00 ",1,50
101021002063,Jeddah,6.00 ,8.00 ,1,50
101021002063,Riyadh,5.00 ,6.00 ,1,50
101021002064,Jeddah,38.00 ,47.00 ,1,50
101021002065,Jeddah,15.00 ,21.00 ,1,50
101021002066,Jeddah,28.00 ,37.00 ,1,50
101021002066,Riyadh,23.00 ,28.00 ,1,50
101021002069,Jeddah,6.00 ,8.00 ,1,50
101021002069,Riyadh,7.00 ,8.00 ,1,50
101021002070,Jeddah,85.00 ,96.00 ,1,50
101021002070,Riyadh,16.00 ,21.00 ,1,50
101021002071,Jeddah,12.00 ,17.00 ,1,50
101021002071,Riyadh,10.00 ,12.00 ,1,50
101021002077,Jeddah,574.00 ,627.00 ,1,50
101021002077,Riyadh,428.00 ,528.00 ,1,50
101021002082,Jeddah,1.00 ,2.00 ,1,50
101021002089,Jeddah,780.00 ,"1,109.00 ",1,50
101021002089,Riyadh,428.00 ,534.00 ,1,50
101021002091,Jeddah,251.00 ,398.00 ,1,50
101021002091,Riyadh,"1,276.00 ","1,549.00 ",1,50
101021002092,Jeddah,111.00 ,147.00 ,1,50
101021002092,Riyadh,304.00 ,366.00 ,1,50
101021002102,Jeddah,40.00 ,60.00 ,1,50
101021002102,Riyadh,70.00 ,91.00 ,1,50
101021002115,Jeddah,119.00 ,170.00 ,1,50
101021002115,Riyadh,119.00 ,152.00 ,1,50
101021002143,Jeddah,29.00 ,39.00 ,1,50
101021002144,Jeddah,172.00 ,237.00 ,1,50
101021002144,Riyadh,674.00 ,912.00 ,1,50
101021002145,Jeddah,9.00 ,12.00 ,1,50
101021002145,Riyadh,171.00 ,212.00 ,1,50
101021002146,Jeddah,"1,221.00 ","1,488.00 ",1,50
101021002146,Riyadh,371.00 ,483.00 ,1,50
101021002180,Jeddah,437.00 ,557.00 ,1,50
101021002180,Riyadh,468.00 ,636.00 ,1,50
101021002201,Jeddah,9.00 ,12.00 ,1,50
101021002202,Jeddah,5.00 ,7.00 ,1,50
101021002202,Riyadh,3.00 ,3.00 ,1,50
101021002211,Jeddah,"1,136.00 ","1,525.00 ",1,50
101021002211,Riyadh,"4,024.00 ","4,912.00 ",1,50
101021002221,Jeddah,403.00 ,548.00 ,1,50
101021002221,Riyadh,"1,289.00 ","1,747.00 ",1,50
101021002222,Jeddah,125.00 ,179.00 ,1,50
101021002222,Riyadh,203.00 ,273.00 ,1,50
101021002223,Jeddah,70.00 ,92.00 ,1,50
101021002223,Riyadh,120.00 ,160.00 ,1,50
101021002224,Jeddah,14.00 ,20.00 ,1,50
101021002224,Riyadh,56.00 ,70.00 ,1,50
101021002228,Jeddah,170.00 ,255.00 ,1,50
101021002228,Riyadh,709.00 ,950.00 ,1,50
101021002231,Jeddah,28.00 ,37.00 ,1,50
101021002231,Riyadh,158.00 ,194.00 ,1,50
101021002232,Jeddah,42.00 ,60.00 ,1,50
101021002232,Riyadh,28.00 ,37.00 ,1,50
101021002233,Jeddah,5.00 ,7.00 ,1,50
101021002234,Jeddah,1.00 ,1.00 ,1,50
101021002235,Jeddah,258.00 ,395.00 ,1,50
101021002235,Riyadh,147.00 ,198.00 ,1,50
101021002240,Jeddah,25.00 ,40.00 ,1,50
101021002240,Riyadh,57.00 ,70.00 ,1,50
101021002241,Jeddah,12.00 ,16.00 ,1,50
101021002241,Riyadh,25.00 ,32.00 ,1,50
101021002278,Jeddah,"1,301.00 ","1,661.00 ",1,50
101021002278,Riyadh,"4,417.00 ","5,364.00 ",1,50
101021002281,Jeddah,218.00 ,290.00 ,1,50
101021002281,Riyadh,599.00 ,776.00 ,1,50
101021002282,Jeddah,226.00 ,306.00 ,1,50
101021002282,Riyadh,"2,182.00 ","2,695.00 ",1,50
101021002283,Jeddah,188.00 ,244.00 ,1,50
101021002283,Riyadh,487.00 ,594.00 ,1,50
101021002284,Jeddah,288.00 ,419.00 ,1,50
101021002284,Riyadh,393.00 ,472.00 ,1,50
101021002286,Jeddah,34.00 ,42.00 ,1,50
101021002286,Riyadh,193.00 ,258.00 ,1,50
101021002287,Jeddah,50.00 ,66.00 ,1,50
101021002287,Riyadh,356.00 ,477.00 ,1,50
101021002290,Jeddah,229.00 ,307.00 ,1,50
101021002290,Riyadh,235.00 ,292.00 ,1,50
101021002291,Jeddah,285.00 ,406.00 ,1,50
101021002291,Riyadh,182.00 ,231.00 ,1,50
101021002293,Jeddah,268.00 ,327.00 ,1,50
101021002293,Riyadh,342.00 ,413.00 ,1,50
101021002295,Jeddah,7.00 ,8.00 ,1,50
101021002295,Riyadh,10.00 ,13.00 ,1,50
101021002296,Jeddah,45.00 ,62.00 ,1,50
101021002296,Riyadh,207.00 ,256.00 ,1,50
101021002297,Jeddah,61.00 ,82.00 ,1,50
101021002297,Riyadh,112.00 ,140.00 ,1,50
101021002432,Jeddah,456.00 ,602.00 ,1,50
101021002432,Riyadh,"1,454.00 ","1,879.00 ",1,50
101021002433,Jeddah,193.00 ,259.00 ,1,50
101021002433,Riyadh,830.00 ,"1,074.00 ",1,50
101021002434,Jeddah,112.00 ,153.00 ,1,50
101021002434,Riyadh,379.00 ,477.00 ,1,50
101021002440,Jeddah,4.00 ,5.00 ,1,50
101021002447,Jeddah,3.00 ,4.00 ,1,50
101021002449,Jeddah,63.00 ,84.00 ,1,50
101021002449,Riyadh,296.00 ,366.00 ,1,50
101021002460,Jeddah,78.00 ,97.00 ,1,50
101021002460,Riyadh,143.00 ,179.00 ,1,50
101021002461,Jeddah,19.00 ,27.00 ,1,50
101021002461,Riyadh,9.00 ,11.00 ,1,50
101021002470,Jeddah,8.00 ,11.00 ,1,50
101021002470,Riyadh,14.00 ,17.00 ,1,50
101021002473,Jeddah,79.00 ,121.00 ,1,50
101021002473,Riyadh,32.00 ,40.00 ,1,50
101021002482,Jeddah,62.00 ,80.00 ,1,50
101021002484,Jeddah,671.00 ,895.00 ,1,50
101021002484,Riyadh,"2,455.00 ","2,988.00 ",1,50
101021002485,Jeddah,124.00 ,167.00 ,1,50
101021002485,Riyadh,28.00 ,36.00 ,1,50
101021002486,Jeddah,4.00 ,5.00 ,1,50
101021002487,Jeddah,145.00 ,197.00 ,1,50
101021002487,Riyadh,409.00 ,490.00 ,1,50
101021002491,Jeddah,4.00 ,6.00 ,1,50
101021002491,Riyadh,40.00 ,55.00 ,1,50
101021002494,Jeddah,146.00 ,201.00 ,1,50
101021002494,Riyadh,282.00 ,343.00 ,1,50
101021002496,Jeddah,32.00 ,45.00 ,1,50
101021002496,Riyadh,131.00 ,161.00 ,1,50
101021002497,Jeddah,63.00 ,84.00 ,1,50
101021002497,Riyadh,371.00 ,474.00 ,1,50
101021002501,Jeddah,24.00 ,31.00 ,1,50
101021002501,Riyadh,24.00 ,29.00 ,1,50
101021002515,Jeddah,21.00 ,28.00 ,1,50
101021002515,Riyadh,86.00 ,106.00 ,1,50
101021002528,Jeddah,"1,930.00 ","2,352.00 ",1,50
101021002528,Riyadh,299.00 ,359.00 ,1,50
101021002529,Jeddah,231.00 ,357.00 ,1,50
101021002529,Riyadh,203.00 ,254.00 ,1,50
101021002534,Jeddah,505.00 ,615.00 ,1,50
101021002534,Riyadh,"1,437.00 ","1,864.00 ",1,50
101021002536,Jeddah,70.00 ,88.00 ,1,50
101021002536,Riyadh,231.00 ,288.00 ,1,50
101021002539,Jeddah,8.00 ,10.00 ,1,50
101021002539,Riyadh,1.00 ,1.00 ,1,50
101021002540,Jeddah,10.00 ,13.00 ,1,50
101021002541,Jeddah,22.00 ,32.00 ,1,50
101021002542,Jeddah,14.00 ,18.00 ,1,50
101021002543,Jeddah,183.00 ,246.00 ,1,50
101021002543,Riyadh,374.00 ,476.00 ,1,50
101021002549,Jeddah,113.00 ,142.00 ,1,50
101021002549,Riyadh,66.00 ,83.00 ,1,50
101021002559,Jeddah,3.00 ,4.00 ,1,50
101021002559,Riyadh,73.00 ,92.00 ,1,50
101021002561,Jeddah,215.00 ,295.00 ,1,50
101021002561,Riyadh,303.00 ,403.00 ,1,50
101021002563,Jeddah,430.00 ,543.00 ,1,50
101021002563,Riyadh,"1,701.00 ","2,051.00 ",1,50
101021002565,Jeddah,126.00 ,165.00 ,1,50
101021002565,Riyadh,291.00 ,358.00 ,1,50
101021002566,Jeddah,263.00 ,348.00 ,1,50
101021002566,Riyadh,838.00 ,"1,042.00 ",1,50
101021002567,Jeddah,212.00 ,279.00 ,1,50
101021002567,Riyadh,558.00 ,686.00 ,1,50
101021002568,Jeddah,59.00 ,74.00 ,1,50
101021002569,Jeddah,53.00 ,66.00 ,1,50
101021002569,Riyadh,332.00 ,398.00 ,1,50
101021002572,Jeddah,13.00 ,17.00 ,1,50
101021002572,Riyadh,102.00 ,125.00 ,1,50
101021002573,Jeddah,313.00 ,457.00 ,1,50
101021002573,Riyadh,752.00 ,902.00 ,1,50
101021002576,Jeddah,79.00 ,104.00 ,1,50
101021002577,Jeddah,109.00 ,143.00 ,1,50
101021002578,Jeddah,322.00 ,493.00 ,1,50
101021002578,Riyadh,377.00 ,471.00 ,1,50
101021002579,Jeddah,43.00 ,64.00 ,1,50
101021002579,Riyadh,201.00 ,252.00 ,1,50
101021002580,Jeddah,16.00 ,22.00 ,1,50
101021002580,Riyadh,69.00 ,86.00 ,1,50
101021002581,Jeddah,428.00 ,577.00 ,1,50
101021002581,Riyadh,"2,311.00 ","2,830.00 ",1,50
101021002582,Jeddah,91.00 ,140.00 ,1,50
101021002582,Riyadh,330.00 ,438.00 ,1,50
101021002584,Jeddah,102.00 ,128.00 ,1,50
101021002584,Riyadh,522.00 ,"3,000.00 ",1,50
101021002585,Jeddah,12.00 ,18.00 ,1,50
101021003167,Jeddah,16.00 ,23.00 ,1,50
101021003167,Riyadh,4.00 ,4.00 ,1,50
101021003168,Jeddah,"9,392.00 ","12,606.00 ",1,50
101021003168,Riyadh,"10,848.00 ","13,099.00 ",1,50
101021003325,Jeddah,1.00 ,1.00 ,1,50
101021003325,Riyadh,36.00 ,44.00 ,1,50
101021003329,Jeddah,12.00 ,16.00 ,1,50
101021003329,Riyadh,11.00 ,15.00 ,1,50
101021003339,Jeddah,111.00 ,150.00 ,1,50
101021003339,Riyadh,"1,421.00 ","1,767.00 ",1,50
101021003369,Jeddah,28.00 ,37.00 ,1,50
101021003369,Riyadh,29.00 ,39.00 ,1,50
101021003370,Jeddah,21.00 ,26.00 ,1,50
101021003370,Riyadh,165.00 ,224.00 ,1,50
101021003372,Jeddah,20.00 ,26.00 ,1,50
101021003372,Riyadh,221.00 ,300.00 ,1,50
101021003375,Jeddah,123.00 ,162.00 ,1,50
101021003375,Riyadh,549.00 ,714.00 ,1,50
101021003376,Jeddah,102.00 ,130.00 ,1,50
101021003376,Riyadh,"1,894.00 ","2,460.00 ",1,50
101021003380,Riyadh,33.00 ,40.00 ,1,50
101021003392,Jeddah,27.00 ,43.00 ,1,50
101021003392,Riyadh,66.00 ,88.00 ,1,50
101021003393,Jeddah,103.00 ,125.00 ,1,50
101021003393,Riyadh,100.00 ,121.00 ,1,50
101021003394,Jeddah,387.00 ,548.00 ,1,50
101021003394,Riyadh,408.00 ,525.00 ,1,50
101021003408,Jeddah,3.00 ,4.00 ,1,50
101021003408,Riyadh,12.00 ,14.00 ,1,50
101021003412,Jeddah,37.00 ,52.00 ,1,50
101021003443,Jeddah,3.00 ,4.00 ,1,50
101021003448,Jeddah,127.00 ,167.00 ,1,50
101021003448,Riyadh,10.00 ,12.00 ,1,50
101021003455,Jeddah,52.00 ,64.00 ,1,50
101021003455,Riyadh,69.00 ,92.00 ,1,50
101021003456,Jeddah,9.00 ,11.00 ,1,50
101021003456,Riyadh,46.00 ,62.00 ,1,50
101021003463,Jeddah,3.00 ,3.00 ,1,50
101021003481,Jeddah,78.00 ,100.00 ,1,50
101021003481,Riyadh,94.00 ,116.00 ,1,50
101021003482,Jeddah,184.00 ,285.00 ,1,50
101021003482,Riyadh,278.00 ,350.00 ,1,50
101021003483,Jeddah,73.00 ,91.00 ,1,50
101021003483,Riyadh,101.00 ,124.00 ,1,50
101021003489,Jeddah,11.00 ,14.00 ,1,50
101021003489,Riyadh,5.00 ,6.00 ,1,50
101021003490,Jeddah,55.00 ,68.00 ,1,50
101021003490,Riyadh,6.00 ,7.00 ,1,50
101021003491,Jeddah,12.00 ,16.00 ,1,50
101021003491,Riyadh,13.00 ,15.00 ,1,50
101021003492,Jeddah,112.00 ,161.00 ,1,50
101021003492,Riyadh,59.00 ,79.00 ,1,50
101021003493,Jeddah,38.00 ,51.00 ,1,50
101021003493,Riyadh,190.00 ,228.00 ,1,50
101021003495,Jeddah,97.00 ,122.00 ,1,50
101021003495,Riyadh,296.00 ,395.00 ,1,50
101021003496,Jeddah,9.00 ,12.00 ,1,50
101021003496,Riyadh,294.00 ,400.00 ,1,50
101021003497,Jeddah,11.00 ,14.00 ,1,50
101021003497,Riyadh,57.00 ,76.00 ,1,50
101021003499,Jeddah,6.00 ,8.00 ,1,50
101021003499,Riyadh,34.00 ,42.00 ,1,50
101021003500,Jeddah,8.00 ,10.00 ,1,50
101021003500,Riyadh,21.00 ,25.00 ,1,50
101021003501,Jeddah,664.00 ,894.00 ,1,50
101021003501,Riyadh,560.00 ,700.00 ,1,50
101021003503,Jeddah,27.00 ,40.00 ,1,50
101021003503,Riyadh,100.00 ,135.00 ,1,50
101021003504,Jeddah,13.00 ,17.00 ,1,50
101021003504,Riyadh,116.00 ,154.00 ,1,50
101021003505,Jeddah,150.00 ,193.00 ,1,50
101021003505,Riyadh,"1,085.00 ","1,383.00 ",1,50
101021003506,Jeddah,278.00 ,368.00 ,1,50
101021003506,Riyadh,273.00 ,343.00 ,1,50
101021003507,Jeddah,163.00 ,203.00 ,1,50
101021003507,Riyadh,927.00 ,"1,093.00 ",1,50
101021003508,Jeddah,8.00 ,10.00 ,1,50
101021003508,Riyadh,61.00 ,74.00 ,1,50
101021003509,Jeddah,20.00 ,31.00 ,1,50
101021003509,Riyadh,25.00 ,34.00 ,1,50
101021003520,Jeddah,13.00 ,17.00 ,1,50
101021003520,Riyadh,60.00 ,73.00 ,1,50
101021003521,Jeddah,17.00 ,23.00 ,1,50
101021003521,Riyadh,89.00 ,111.00 ,1,50
101021003522,Jeddah,11.00 ,15.00 ,1,50
101021003522,Riyadh,16.00 ,20.00 ,1,50
101021003523,Jeddah,62.00 ,79.00 ,1,50
101021003523,Riyadh,37.00 ,46.00 ,1,50
101021003524,Jeddah,283.00 ,376.00 ,1,50
101021003524,Riyadh,542.00 ,650.00 ,1,50
101021003526,Jeddah,43.00 ,57.00 ,1,50
101021003526,Riyadh,186.00 ,229.00 ,1,50
101021003527,Jeddah,3.00 ,4.00 ,1,50
101021003527,Riyadh,87.00 ,107.00 ,1,50
101021003531,Jeddah,2.00 ,3.00 ,1,50
101021003531,Riyadh,2.00 ,3.00 ,1,50
101021003532,Jeddah,1.00 ,1.00 ,1,50
101021003536,Jeddah,100.00 ,130.00 ,1,50
101021003536,Riyadh,93.00 ,115.00 ,1,50
101021003537,Jeddah,91.00 ,113.00 ,1,50
101021003537,Riyadh,244.00 ,330.00 ,1,50
101021003544,Jeddah,4.00 ,5.00 ,1,50
101021003545,Jeddah,46.00 ,69.00 ,1,50
101021003545,Riyadh,46.00 ,57.00 ,1,50
101021003546,Jeddah,5.00 ,6.00 ,1,50
101021003803,Jeddah,126.00 ,171.00 ,1,50
101021003803,Riyadh,486.00 ,607.00 ,1,50
101021003823,Jeddah,472.00 ,610.00 ,1,50
101021003823,Riyadh,2.00 ,2.00 ,1,50
101021003824,Jeddah,16.00 ,20.00 ,1,50
101021003824,Riyadh,75.00 ,90.00 ,1,50
101021003825,Jeddah,38.00 ,50.00 ,1,50
101021003825,Riyadh,56.00 ,69.00 ,1,50
101021003826,Jeddah,23.00 ,35.00 ,1,50
101021003826,Riyadh,7.00 ,9.00 ,1,50
101021003827,Jeddah,50.00 ,71.00 ,1,50
101021003827,Riyadh,150.00 ,187.00 ,1,50
101021003828,Jeddah,40.00 ,49.00 ,1,50
101021003828,Riyadh,18.00 ,25.00 ,1,50
101021003877,Jeddah,2.00 ,2.00 ,1,50
101021003882,Jeddah,1.00 ,1.00 ,1,50
101021003886,Jeddah,153.00 ,233.00 ,1,50
101021003886,Riyadh,305.00 ,398.00 ,1,50
101021003893,Jeddah,1.00 ,1.00 ,1,50
101021003894,Jeddah,44.00 ,60.00 ,1,50
101021003894,Riyadh,61.00 ,77.00 ,1,50
101021003895,Jeddah,31.00 ,40.00 ,1,50
101021003895,Riyadh,107.00 ,134.00 ,1,50
101021003904,Jeddah,7.00 ,9.00 ,1,50
101021003907,Jeddah,271.00 ,384.00 ,1,50
101021003907,Riyadh,580.00 ,744.00 ,1,50
101021003920,Jeddah,49.00 ,64.00 ,1,50
101021003920,Riyadh,"10,346.00 ","13,470.00 ",1,50
101021003922,Jeddah,1.00 ,1.00 ,1,50
101021003924,Jeddah,34.00 ,45.00 ,1,50
101021003924,Riyadh,374.00 ,467.00 ,1,50
101021003925,Jeddah,2.00 ,4.00 ,1,50
101021003927,Jeddah,4.00 ,5.00 ,1,50
101021003931,Jeddah,2.00 ,3.00 ,1,50
101021003932,Jeddah,13.00 ,20.00 ,1,50
101021003932,Riyadh,13.00 ,15.00 ,1,50
101021003933,Jeddah,2.00 ,2.00 ,1,50
101021003935,Jeddah,191.00 ,250.00 ,1,50
101021003936,Jeddah,7.00 ,10.00 ,1,50
101021003937,Jeddah,1.00 ,2.00 ,1,50
101021003955,Jeddah,29.00 ,36.00 ,1,50
101021004108,Jeddah,7.00 ,9.00 ,1,50
101021004108,Riyadh,3.00 ,3.00 ,1,50
101021004124,Jeddah,1.00 ,1.00 ,1,50
101021004124,Riyadh,3.00 ,4.00 ,1,50
101021004203,Jeddah,116.00 ,166.00 ,1,50
101021004203,Riyadh,128.00 ,172.00 ,1,50
101021004205,Jeddah,11.00 ,14.00 ,1,50
101021004205,Riyadh,15.00 ,19.00 ,1,50
101021004206,Jeddah,24.00 ,33.00 ,1,50
101021004206,Riyadh,77.00 ,101.00 ,1,50
101021004207,Jeddah,32.00 ,41.00 ,1,50
101021004207,Riyadh,134.00 ,177.00 ,1,50
101021004208,Jeddah,41.00 ,60.00 ,1,50
101021004208,Riyadh,175.00 ,220.00 ,1,50
101021004209,Jeddah,30.00 ,40.00 ,1,50
101021004209,Riyadh,12.00 ,14.00 ,1,50
101021004210,Jeddah,5.00 ,6.00 ,1,50
101021004214,Jeddah,5.00 ,6.00 ,1,50
101021004215,Jeddah,47.00 ,59.00 ,1,50
101021004215,Riyadh,74.00 ,92.00 ,1,50
101021004216,Jeddah,125.00 ,169.00 ,1,50
101021004216,Riyadh,138.00 ,172.00 ,1,50
101021004218,Jeddah,46.00 ,67.00 ,1,50
101021004218,Riyadh,77.00 ,104.00 ,1,50
101021004223,Jeddah,228.00 ,316.00 ,1,50
101021004223,Riyadh,"1,092.00 ","1,311.00 ",1,50
101021004225,Jeddah,14.00 ,19.00 ,1,50
101021004225,Riyadh,36.00 ,45.00 ,1,50
101021004229,Jeddah,5.00 ,6.00 ,1,50
101021004247,Jeddah,182.00 ,238.00 ,1,50
101021004247,Riyadh,193.00 ,239.00 ,1,50
101021004259,Jeddah,454.00 ,599.00 ,1,50
101021004259,Riyadh,637.00 ,826.00 ,1,50
101021004260,Jeddah,96.00 ,120.00 ,1,50
101021004260,Riyadh,302.00 ,393.00 ,1,50
101021004261,Jeddah,93.00 ,117.00 ,1,50
101021004262,Jeddah,20.00 ,29.00 ,1,50
101021004262,Riyadh,4.00 ,5.00 ,1,50
101021004264,Jeddah,4.00 ,5.00 ,1,50
101021004264,Riyadh,13.00 ,16.00 ,1,50
101021004265,Jeddah,24.00 ,32.00 ,1,50
101021004265,Riyadh,19.00 ,25.00 ,1,50
101021004266,Jeddah,51.00 ,73.00 ,1,50
101021004266,Riyadh,56.00 ,70.00 ,1,50
101021004267,Jeddah,38.00 ,49.00 ,1,50
101021004267,Riyadh,61.00 ,74.00 ,1,50
101021004268,Jeddah,7.00 ,8.00 ,1,50
101021004268,Riyadh,13.00 ,16.00 ,1,50
101021004269,Jeddah,1.00 ,1.00 ,1,50
101021004273,Jeddah,28.00 ,37.00 ,1,50
101021004280,Jeddah,6.00 ,7.00 ,1,50
101021004280,Riyadh,3.00 ,3.00 ,1,50
101021004281,Jeddah,16.00 ,22.00 ,1,50
101021004281,Riyadh,6.00 ,7.00 ,1,50
101021004282,Jeddah,1.00 ,1.00 ,1,50
101021004282,Riyadh,1.00 ,1.00 ,1,50
101021004283,Jeddah,4.00 ,5.00 ,1,50
101021004291,Jeddah,1.00 ,2.00 ,1,50
101021004291,Riyadh,18.00 ,21.00 ,1,50
101021004292,Jeddah,6.00 ,8.00 ,1,50
101021004292,Riyadh,74.00 ,88.00 ,1,50
101021004293,Jeddah,41.00 ,53.00 ,1,50
101021004293,Riyadh,156.00 ,192.00 ,1,50
101021004294,Jeddah,32.00 ,43.00 ,1,50
101021004294,Riyadh,58.00 ,77.00 ,1,50
101021004295,Jeddah,8.00 ,10.00 ,1,50
101021004295,Riyadh,23.00 ,31.00 ,1,50
101021004542,Jeddah,15.00 ,20.00 ,1,50
101021004542,Riyadh,12.00 ,15.00 ,1,50
101021004543,Jeddah,194.00 ,242.00 ,1,50
101021004543,Riyadh,18.00 ,22.00 ,1,50
101021004544,Jeddah,62.00 ,81.00 ,1,50
101021004544,Riyadh,39.00 ,47.00 ,1,50
101021004545,Jeddah,502.00 ,639.00 ,1,50
101021004545,Riyadh,23.00 ,29.00 ,1,50
101021004546,Jeddah,146.00 ,180.00 ,1,50
101021004546,Riyadh,1.00 ,1.00 ,1,50
101021004547,Jeddah,161.00 ,201.00 ,1,50
101021004547,Riyadh,25.00 ,30.00 ,1,50
101021004548,Jeddah,292.00 ,362.00 ,1,50
101021004548,Riyadh,9.00 ,12.00 ,1,50
101021004549,Jeddah,168.00 ,208.00 ,1,50
101021004549,Riyadh,53.00 ,69.00 ,1,50
101021004550,Jeddah,495.00 ,597.00 ,1,50
101021004550,Riyadh,3.00 ,3.00 ,1,50
101021004554,Jeddah,137.00 ,211.00 ,1,50
101021004554,Riyadh,63.00 ,78.00 ,1,50
101021004564,Jeddah,544.00 ,731.00 ,1,50
101021004564,Riyadh,269.00 ,336.00 ,1,50
101021004577,Jeddah,2.00 ,2.00 ,1,50
101021004577,Riyadh,48.00 ,60.00 ,1,50
101021004579,Jeddah,2.00 ,2.00 ,1,50
101021004579,Riyadh,17.00 ,20.00 ,1,50
101021004580,Jeddah,2.00 ,2.00 ,1,50
101021004580,Riyadh,14.00 ,17.00 ,1,50
101021004581,Jeddah,163.00 ,251.00 ,1,50
101021004581,Riyadh,64.00 ,86.00 ,1,50
101021004624,Jeddah,27.00 ,35.00 ,1,50
101021004669,Jeddah,50.00 ,67.00 ,1,50
101021004669,Riyadh,334.00 ,394.00 ,1,50
101021004670,Jeddah,2.00 ,3.00 ,1,50
101021004670,Riyadh,3.00 ,4.00 ,1,50
101021004671,Jeddah,333.00 ,501.00 ,1,50
101021004671,Riyadh,683.00 ,844.00 ,1,50
101021004673,Jeddah,132.00 ,169.00 ,1,50
101021004673,Riyadh,118.00 ,155.00 ,1,50
101021004684,Jeddah,53.00 ,66.00 ,1,50
101021004684,Riyadh,247.00 ,334.00 ,1,50
101021004685,Jeddah,98.00 ,122.00 ,1,50
101021004685,Riyadh,158.00 ,189.00 ,1,50
101021004692,Jeddah,242.00 ,320.00 ,1,50
101021004692,Riyadh,343.00 ,441.00 ,1,50
101021004693,Jeddah,1.00 ,1.00 ,1,50
101021004818,Jeddah,20.00 ,26.00 ,1,50
101021004818,Riyadh,213.00 ,288.00 ,1,50
101021004820,Jeddah,140.00 ,199.00 ,1,50
101021004820,Riyadh,92.00 ,115.00 ,1,50
101021004822,Jeddah,3.00 ,4.00 ,1,50
101021004822,Riyadh,25.00 ,30.00 ,1,50
101021004823,Jeddah,5.00 ,7.00 ,1,50
101021004823,Riyadh,12.00 ,15.00 ,1,50
101021004824,Jeddah,7.00 ,9.00 ,1,50
101021004824,Riyadh,14.00 ,17.00 ,1,50
101021004833,Jeddah,80.00 ,120.00 ,1,50
101021004833,Riyadh,"1,682.00 ","2,138.00 ",1,50
101021004834,Jeddah,46.00 ,62.00 ,1,50
101021004834,Riyadh,33.00 ,39.00 ,1,50
101021004835,Jeddah,52.00 ,68.00 ,1,50
101021004835,Riyadh,33.00 ,40.00 ,1,50
101021004894,Jeddah,62.00 ,83.00 ,1,50
101021004894,Riyadh,53.00 ,69.00 ,1,50
101021004895,Jeddah,6.00 ,8.00 ,1,50
101021004895,Riyadh,24.00 ,30.00 ,1,50
101021004896,Jeddah,9.00 ,11.00 ,1,50
101021004896,Riyadh,14.00 ,17.00 ,1,50
101021004897,Jeddah,58.00 ,81.00 ,1,50
101021004897,Riyadh,161.00 ,211.00 ,1,50
101021004898,Jeddah,18.00 ,25.00 ,1,50
101021004898,Riyadh,35.00 ,42.00 ,1,50
101021004899,Jeddah,27.00 ,37.00 ,1,50
101021004899,Riyadh,91.00 ,113.00 ,1,50
101021004909,Jeddah,1.00 ,1.00 ,1,50
101021004909,Riyadh,4.00 ,6.00 ,1,50
101021004910,Jeddah,5.00 ,7.00 ,1,50
101021004910,Riyadh,5.00 ,6.00 ,1,50
101021004911,Jeddah,7.00 ,11.00 ,1,50
101021004911,Riyadh,1.00 ,1.00 ,1,50
101021004912,Jeddah,16.00 ,21.00 ,1,50
101021004912,Riyadh,6.00 ,8.00 ,1,50
101021004914,Jeddah,30.00 ,38.00 ,1,50
101021004914,Riyadh,8.00 ,10.00 ,1,50
101021004915,Jeddah,6.00 ,9.00 ,1,50
101021004915,Riyadh,8.00 ,10.00 ,1,50
101021004916,Jeddah,25.00 ,34.00 ,1,50
101021004916,Riyadh,32.00 ,42.00 ,1,50
101021004917,Jeddah,5.00 ,7.00 ,1,50
101021004917,Riyadh,26.00 ,33.00 ,1,50
101021004918,Jeddah,131.00 ,169.00 ,1,50
101021004918,Riyadh,36.00 ,44.00 ,1,50
101021004919,Jeddah,73.00 ,103.00 ,1,50
101021004919,Riyadh,25.00 ,31.00 ,1,50
101021004920,Jeddah,47.00 ,59.00 ,1,50
101021004920,Riyadh,23.00 ,30.00 ,1,50
101021004969,Jeddah,123.00 ,162.00 ,1,50
101021004969,Riyadh,32.00 ,39.00 ,1,50
101021004976,Jeddah,20.00 ,26.00 ,1,50
101021004976,Riyadh,21.00 ,26.00 ,1,50
101021004977,Jeddah,7.00 ,10.00 ,1,50
101021004977,Riyadh,109.00 ,133.00 ,1,50
101021004991,Jeddah,1.00 ,2.00 ,1,50
101021004991,Riyadh,2.00 ,3.00 ,1,50
101021005003,Jeddah,2.00 ,3.00 ,1,50
101021005003,Riyadh,15.00 ,18.00 ,1,50
101021005004,Jeddah,1.00 ,1.00 ,1,50
101021005004,Riyadh,1.00 ,2.00 ,1,50
101021005006,Riyadh,1.00 ,1.00 ,1,50
101021005008,Jeddah,1.00 ,1.00 ,1,50
101021005008,Riyadh,1.00 ,2.00 ,1,50
101021005009,Jeddah,1.00 ,1.00 ,1,50
101021005009,Riyadh,1.00 ,2.00 ,1,50
101021005010,Jeddah,4.00 ,5.00 ,1,50
101021005010,Riyadh,17.00 ,22.00 ,1,50
101021005024,Jeddah,"1,333.00 ","1,741.00 ",1,50
101021005024,Riyadh,33.00 ,41.00 ,1,50
101021005025,Jeddah,337.00 ,425.00 ,1,50
101021005025,Riyadh,5.00 ,6.00 ,1,50
101021005194,Jeddah,35.00 ,46.00 ,1,50
101021005194,Riyadh,10.00 ,13.00 ,1,50
101021005216,Jeddah,386.00 ,537.00 ,1,50
101021005216,Riyadh,"2,818.00 ","3,407.00 ",1,50
101021005218,Jeddah,7.00 ,9.00 ,1,50
101021005218,Riyadh,63.00 ,77.00 ,1,50
101021005219,Jeddah,19.00 ,26.00 ,1,50
101021005219,Riyadh,42.00 ,55.00 ,1,50
101021005223,Jeddah,21.00 ,26.00 ,1,50
101021005223,Riyadh,46.00 ,55.00 ,1,50
101021005229,Jeddah,2.00 ,2.00 ,1,50
101021005233,Jeddah,55.00 ,74.00 ,1,50
101021005233,Riyadh,79.00 ,103.00 ,1,50
101021005274,Jeddah,5.00 ,7.00 ,1,50
101021005274,Riyadh,69.00 ,87.00 ,1,50
101021005278,Jeddah,2.00 ,4.00 ,1,50
101021005278,Riyadh,34.00 ,42.00 ,1,50
101021005279,Jeddah,10.00 ,14.00 ,1,50
101021005279,Riyadh,83.00 ,105.00 ,1,50
101021005287,Jeddah,9.00 ,12.00 ,1,50
101021005287,Riyadh,132.00 ,170.00 ,1,50
101021005288,Jeddah,6.00 ,8.00 ,1,50
101021005288,Riyadh,604.00 ,783.00 ,1,50
101021005289,Jeddah,13.00 ,18.00 ,1,50
101021005289,Riyadh,15.00 ,18.00 ,1,50
101021005290,Jeddah,26.00 ,34.00 ,1,50
101021005290,Riyadh,35.00 ,42.00 ,1,50
101021005293,Jeddah,86.00 ,108.00 ,1,50
101021005293,Riyadh,388.00 ,493.00 ,1,50
101021005294,Jeddah,45.00 ,61.00 ,1,50
101021005294,Riyadh,88.00 ,119.00 ,1,50
101021005295,Jeddah,78.00 ,102.00 ,1,50
101021005295,Riyadh,376.00 ,473.00 ,1,50
101021005296,Jeddah,45.00 ,65.00 ,1,50
101021005296,Riyadh,56.00 ,72.00 ,1,50
101021005297,Jeddah,101.00 ,138.00 ,1,50
101021005297,Riyadh,138.00 ,179.00 ,1,50
101021005303,Jeddah,246.00 ,389.00 ,1,50
101021005303,Riyadh,409.00 ,557.00 ,1,50
101021005304,Jeddah,1.00 ,1.00 ,1,50
101021005304,Riyadh,14.00 ,17.00 ,1,50
101021005305,Jeddah,224.00 ,319.00 ,1,50
101021005305,Riyadh,218.00 ,274.00 ,1,50
101021005307,Jeddah,19.00 ,28.00 ,1,50
101021005307,Riyadh,45.00 ,62.00 ,1,50
101021005308,Jeddah,9.00 ,12.00 ,1,50
101021005308,Riyadh,9.00 ,12.00 ,1,50
101021005322,Jeddah,63.00 ,79.00 ,1,50
101021005322,Riyadh,50.00 ,67.00 ,1,50
101021005323,Jeddah,27.00 ,34.00 ,1,50
101021005323,Riyadh,27.00 ,33.00 ,1,50
101021005324,Jeddah,16.00 ,22.00 ,1,50
101021005324,Riyadh,39.00 ,46.00 ,1,50
101021005325,Jeddah,9.00 ,11.00 ,1,50
101021005325,Riyadh,11.00 ,14.00 ,1,50
101021005326,Jeddah,6.00 ,8.00 ,1,50
101021005326,Riyadh,91.00 ,114.00 ,1,50
101021005349,Jeddah,8.00 ,11.00 ,1,50
101021005349,Riyadh,13.00 ,17.00 ,1,50
101021005350,Jeddah,9.00 ,12.00 ,1,50
101021005350,Riyadh,40.00 ,51.00 ,1,50
101021005353,Jeddah,2.00 ,3.00 ,1,50
101021005353,Riyadh,5.00 ,6.00 ,1,50
101021005354,Jeddah,2.00 ,2.00 ,1,50
101021005354,Riyadh,6.00 ,8.00 ,1,50
101021005355,Jeddah,61.00 ,82.00 ,1,50
101021005355,Riyadh,"1,273.00 ","1,559.00 ",1,50
101021005602,Jeddah,5.00 ,7.00 ,1,50
101021005602,Riyadh,48.00 ,58.00 ,1,50
101021005607,Jeddah,32.00 ,43.00 ,1,50
101021005607,Riyadh,925.00 ,"1,155.00 ",1,50
101021005622,Jeddah,1.00 ,1.00 ,1,50
101021005778,Jeddah,330.00 ,402.00 ,1,50
101021005778,Riyadh,94.00 ,116.00 ,1,50
101021005779,Jeddah,93.00 ,120.00 ,1,50
101021005779,Riyadh,97.00 ,117.00 ,1,50
101021005780,Jeddah,272.00 ,348.00 ,1,50
101021005780,Riyadh,78.00 ,96.00 ,1,50
101021005781,Jeddah,392.00 ,489.00 ,1,50
101021005781,Riyadh,74.00 ,89.00 ,1,50
101021005788,Jeddah,4.00 ,5.00 ,1,50
101021005789,Jeddah,2.00 ,2.00 ,1,50
101021005793,Jeddah,2.00 ,4.00 ,1,50
101021005796,Jeddah,1.00 ,1.00 ,1,50
101021005798,Jeddah,1.00 ,1.00 ,1,50
101021005838,Jeddah,5.00 ,8.00 ,1,50
101021005838,Riyadh,53.00 ,63.00 ,1,50
101021005872,Riyadh,143.00 ,178.00 ,1,50
101021005873,Jeddah,326.00 ,414.00 ,1,50
101021005873,Riyadh,"3,361.00 ","4,051.00 ",1,50
101021005874,Jeddah,173.00 ,222.00 ,1,50
101021005874,Riyadh,"1,210.00 ","1,492.00 ",1,50
101021005875,Jeddah,129.00 ,195.00 ,1,50
101021005875,Riyadh,118.00 ,158.00 ,1,50
101021005876,Riyadh,16.00 ,20.00 ,1,50
101021005877,Jeddah,35.00 ,52.00 ,1,50
101021005877,Riyadh,168.00 ,210.00 ,1,50
101021005879,Jeddah,10.00 ,13.00 ,1,50
101021005880,Jeddah,4.00 ,6.00 ,1,50
101021005881,Jeddah,10.00 ,13.00 ,1,50
101021005883,Jeddah,33.00 ,41.00 ,1,50
101021005883,Riyadh,274.00 ,331.00 ,1,50
101021005884,Jeddah,2.00 ,2.00 ,1,50
101021005884,Riyadh,184.00 ,222.00 ,1,50
101021005885,Jeddah,1.00 ,1.00 ,1,50
101021005885,Riyadh,212.00 ,257.00 ,1,50
101021005906,Jeddah,5.00 ,6.00 ,1,50
101021005906,Riyadh,2.00 ,3.00 ,1,50
101021005907,Jeddah,2.00 ,2.00 ,1,50
101021005907,Riyadh,11.00 ,14.00 ,1,50
101021005909,Jeddah,5.00 ,7.00 ,1,50
101021005909,Riyadh,25.00 ,32.00 ,1,50
101021005910,Jeddah,2.00 ,2.00 ,1,50
101021005910,Riyadh,1.00 ,1.00 ,1,50
101021005929,Jeddah,83.00 ,103.00 ,1,50
101021005929,Riyadh,52.00 ,62.00 ,1,50
101021005930,Jeddah,65.00 ,81.00 ,1,50
101021005930,Riyadh,15.00 ,19.00 ,1,50
101021006034,Jeddah,3.00 ,4.00 ,1,50
101021006035,Jeddah,4.00 ,5.00 ,1,50
101021006035,Riyadh,5.00 ,6.00 ,1,50
101021006041,Jeddah,18.00 ,23.00 ,1,50
101021006042,Jeddah,7.00 ,9.00 ,1,50
101021006043,Jeddah,49.00 ,62.00 ,1,50
101021006044,Jeddah,8.00 ,11.00 ,1,50
101021006045,Jeddah,11.00 ,14.00 ,1,50
101021006046,Jeddah,20.00 ,27.00 ,1,50
101021006046,Riyadh,11.00 ,13.00 ,1,50
101021006047,Jeddah,34.00 ,42.00 ,1,50
101021006047,Riyadh,46.00 ,58.00 ,1,50
101021006093,Jeddah,166.00 ,220.00 ,1,50
101021006093,Riyadh,"1,703.00 ","2,138.00 ",1,50
101021006125,Jeddah,23.00 ,30.00 ,1,50
101021006482,Jeddah,5.00 ,6.00 ,1,50
101021006482,Riyadh,2.00 ,3.00 ,1,50
101021006483,Jeddah,17.00 ,21.00 ,1,50
101021006483,Riyadh,1.00 ,2.00 ,1,50
101021006484,Jeddah,10.00 ,14.00 ,1,50
101021006484,Riyadh,2.00 ,2.00 ,1,50
101021006485,Jeddah,2.00 ,3.00 ,1,50
101021006486,Jeddah,5.00 ,6.00 ,1,50
101021006487,Jeddah,131.00 ,170.00 ,1,50
101021006487,Riyadh,3.00 ,3.00 ,1,50
101021006490,Jeddah,31.00 ,39.00 ,1,50
101021006490,Riyadh,14.00 ,17.00 ,1,50
101021006492,Riyadh,10.00 ,12.00 ,1,50
101021006496,Riyadh,19.00 ,24.00 ,1,50
101021006500,Riyadh,2.00 ,2.00 ,1,50
101021006505,Riyadh,19.00 ,23.00 ,1,50
101021006509,Riyadh,47.00 ,57.00 ,1,50
101021006510,Riyadh,19.00 ,23.00 ,1,50
101021006513,Riyadh,10.00 ,12.00 ,1,50
101021006540,Jeddah,2.00 ,3.00 ,1,50
101021006542,Jeddah,1.00 ,1.00 ,1,50
101021006563,Riyadh,2.00 ,2.00 ,1,50
101021006643,Jeddah,11.00 ,15.00 ,1,50
101021006707,Jeddah,3.00 ,4.00 ,1,50
101021006746,Jeddah,2.00 ,3.00 ,1,50
101021006800,Jeddah,10.00 ,13.00 ,1,50
101021006805,Jeddah,1.00 ,1.00 ,1,50
101021006806,Jeddah,12.00 ,16.00 ,1,50
101021006806,Riyadh,18.00 ,23.00 ,1,50
101021006892,Jeddah,15.00 ,19.00 ,1,50
101021006914,Jeddah,10.00 ,14.00 ,1,50
101021006914,Riyadh,10.00 ,13.00 ,1,50
101021006915,Jeddah,9.00 ,13.00 ,1,50
101021006915,Riyadh,30.00 ,40.00 ,1,50
101021006916,Jeddah,9.00 ,12.00 ,1,50
101021006916,Riyadh,15.00 ,18.00 ,1,50
101021006917,Jeddah,65.00 ,86.00 ,1,50
101021006917,Riyadh,110.00 ,132.00 ,1,50
101021006918,Jeddah,22.00 ,31.00 ,1,50
101021006918,Riyadh,442.00 ,531.00 ,1,50
101021006919,Jeddah,46.00 ,58.00 ,1,50
101021006919,Riyadh,137.00 ,164.00 ,1,50
101021006920,Jeddah,50.00 ,67.00 ,1,50
101021006920,Riyadh,362.00 ,447.00 ,1,50
101021006922,Jeddah,8.00 ,11.00 ,1,50
101021006922,Riyadh,12.00 ,16.00 ,1,50
101021006923,Jeddah,21.00 ,28.00 ,1,50
101021006923,Riyadh,25.00 ,31.00 ,1,50
101021006925,Jeddah,41.00 ,53.00 ,1,50
101021006925,Riyadh,532.00 ,684.00 ,1,50
101021006926,Jeddah,2.00 ,3.00 ,1,50
101021006926,Riyadh,4.00 ,4.00 ,1,50
101021006929,Jeddah,25.00 ,32.00 ,1,50
101021006929,Riyadh,54.00 ,67.00 ,1,50
101021006930,Jeddah,22.00 ,28.00 ,1,50
101021006930,Riyadh,38.00 ,47.00 ,1,50
101021006932,Jeddah,7.00 ,9.00 ,1,50
101021006932,Riyadh,11.00 ,13.00 ,1,50
101021006933,Jeddah,37.00 ,49.00 ,1,50
101021006933,Riyadh,22.00 ,27.00 ,1,50
101021007269,Jeddah,13.00 ,18.00 ,1,50
101021007273,Jeddah,177.00 ,254.00 ,1,50
101021007273,Riyadh,35.00 ,48.00 ,1,50
101021007274,Jeddah,9.00 ,12.00 ,1,50
101021007274,Riyadh,2.00 ,2.00 ,1,50
101021007275,Jeddah,7.00 ,9.00 ,1,50
101021007334,Riyadh,93.00 ,119.00 ,1,50
101021007335,Jeddah,89.00 ,117.00 ,1,50
101021007335,Riyadh,315.00 ,422.00 ,1,50
101021007336,Jeddah,194.00 ,258.00 ,1,50
101021007336,Riyadh,255.00 ,318.00 ,1,50
101021008083,Jeddah,373.00 ,562.00 ,1,50
101021008083,Riyadh,232.00 ,315.00 ,1,50
101021008084,Jeddah,90.00 ,123.00 ,1,50
101021008084,Riyadh,187.00 ,228.00 ,1,50
101021008218,Jeddah,7.00 ,9.00 ,1,50
101021008220,Jeddah,139.00 ,214.00 ,1,50
101021008220,Riyadh,78.00 ,94.00 ,1,50
101021008221,Jeddah,36.00 ,47.00 ,1,50
101021008222,Jeddah,6.00 ,7.00 ,1,50
101021008222,Riyadh,17.00 ,20.00 ,1,50
101031000014,Jeddah,1.00 ,1.00 ,1,50
101031000014,Riyadh,6.00 ,7.00 ,1,50
101031000025,Jeddah,64.00 ,89.00 ,1,50
101031000025,Riyadh,24.00 ,29.00 ,1,50
101031000108,Jeddah,13.00 ,19.00 ,1,50
101031000108,Riyadh,6.00 ,8.00 ,1,50
101031000290,Jeddah,21.00 ,26.00 ,1,50
101031000290,Riyadh,17.00 ,21.00 ,1,50
101031000324,Jeddah,16.00 ,20.00 ,1,50
101031000324,Riyadh,35.00 ,43.00 ,1,50
101031000417,Jeddah,11.00 ,14.00 ,1,50
101031000436,Jeddah,2.00 ,3.00 ,1,50
101031000580,Riyadh,1.00 ,1.00 ,1,50
101031000603,Jeddah,1.00 ,1.00 ,1,50
101031000672,Jeddah,62.00 ,75.00 ,1,50
101031000672,Riyadh,84.00 ,102.00 ,1,50
101031000792,Jeddah,18.00 ,22.00 ,1,50
101031000805,Jeddah,1.00 ,1.00 ,1,50
101031000805,Riyadh,2.00 ,2.00 ,1,50
101031000866,Jeddah,1.00 ,2.00 ,1,50
101031000866,Riyadh,1.00 ,1.00 ,1,50
101031001038,Jeddah,10.00 ,12.00 ,1,50
101031001038,Riyadh,12.00 ,15.00 ,1,50
101031001039,Jeddah,28.00 ,34.00 ,1,50
101031001039,Riyadh,1.00 ,1.00 ,1,50
101031001099,Jeddah,7.00 ,9.00 ,1,50
101031001099,Riyadh,1.00 ,2.00 ,1,50
101031001188,Jeddah,1.00 ,1.00 ,1,50
101031001191,Jeddah,1.00 ,2.00 ,1,50
101031001191,Riyadh,15.00 ,19.00 ,1,50
101031001204,Jeddah,10.00 ,13.00 ,1,50
101031001204,Riyadh,6.00 ,7.00 ,1,50
101031001446,Jeddah,53.00 ,70.00 ,1,50
101031001446,Riyadh,49.00 ,60.00 ,1,50
101031004107,Jeddah,52.00 ,73.00 ,1,50
101031004107,Riyadh,370.00 ,455.00 ,1,50
101031005265,Jeddah,1.00 ,2.00 ,1,50
101031005923,Jeddah,27.00 ,34.00 ,1,50
101031005923,Riyadh,6.00 ,7.00 ,1,50
101031005924,Jeddah,32.00 ,40.00 ,1,50
101031005924,Riyadh,59.00 ,71.00 ,1,50
101031005925,Jeddah,6.00 ,8.00 ,1,50
101031005925,Riyadh,34.00 ,40.00 ,1,50
101031005926,Jeddah,23.00 ,29.00 ,1,50
101031005926,Riyadh,14.00 ,17.00 ,1,50
101031006075,Jeddah,23.00 ,29.00 ,1,50
101031006075,Riyadh,636.00 ,772.00 ,1,50
101031006076,Jeddah,26.00 ,32.00 ,1,50
101031006076,Riyadh,76.00 ,93.00 ,1,50
101031006077,Riyadh,41.00 ,51.00 ,1,50
101031006078,Riyadh,42.00 ,51.00 ,1,50
101031006079,Jeddah,1.00 ,1.00 ,1,50
101031006080,Jeddah,81.00 ,102.00 ,1,50
101031006080,Riyadh,62.00 ,76.00 ,1,50
101031006446,Jeddah,1.00 ,1.00 ,1,50
101031006616,Jeddah,2.00 ,3.00 ,1,50
101031006616,Riyadh,2.00 ,2.00 ,1,50
101031006769,Jeddah,3.00 ,3.00 ,1,50
101031006769,Riyadh,69.00 ,84.00 ,1,50
101031006770,Jeddah,2.00 ,2.00 ,1,50
101031006770,Riyadh,1.00 ,2.00 ,1,50
101031006771,Jeddah,2.00 ,2.00 ,1,50
101031006771,Riyadh,3.00 ,4.00 ,1,50
101031008043,Jeddah,2.00 ,3.00 ,1,50
101031008043,Riyadh,3.00 ,4.00 ,1,50
101031008080,Jeddah,3.00 ,4.00 ,1,50
101031008080,Riyadh,3.00 ,3.00 ,1,50
101041000615,Jeddah,282.00 ,411.00 ,1,50
101041000615,Riyadh,"1,201.00 ","1,472.00 ",1,50
101041000626,Jeddah,6.00 ,8.00 ,1,50
101041000642,Jeddah,1.00 ,2.00 ,1,50
101041000642,Riyadh,3.00 ,3.00 ,1,50
101041000670,Jeddah,3.00 ,4.00 ,1,50
101041000670,Riyadh,1.00 ,1.00 ,1,50
101041000671,Jeddah,7.00 ,10.00 ,1,50
101041000671,Riyadh,10.00 ,13.00 ,1,50
101041000674,Jeddah,18.00 ,24.00 ,1,50
101041000674,Riyadh,52.00 ,64.00 ,1,50
101041000679,Jeddah,25.00 ,33.00 ,1,50
101041000679,Riyadh,37.00 ,47.00 ,1,50
101041000702,Jeddah,629.00 ,813.00 ,1,50
101041000702,Riyadh,"6,465.00 ","7,847.00 ",1,50
101041000705,Jeddah,11.00 ,14.00 ,1,50
101041000705,Riyadh,5.00 ,6.00 ,1,50
101041000713,Jeddah,53.00 ,72.00 ,1,50
101041000713,Riyadh,149.00 ,185.00 ,1,50
101041000722,Jeddah,"2,237.00 ","2,672.00 ",1,50
101041000722,Riyadh,169.00 ,210.00 ,1,50
101041000750,Jeddah,13.00 ,17.00 ,1,50
101041000750,Riyadh,2.00 ,3.00 ,1,50
101041000753,Jeddah,9.00 ,11.00 ,1,50
101041000753,Riyadh,17.00 ,21.00 ,1,50
101041000760,Jeddah,5.00 ,7.00 ,1,50
101041000772,Jeddah,44.00 ,65.00 ,1,50
101041000772,Riyadh,127.00 ,170.00 ,1,50
101041000789,Jeddah,112.00 ,144.00 ,1,50
101041000789,Riyadh,106.00 ,131.00 ,1,50
101041000791,Jeddah,15.00 ,20.00 ,1,50
101041000791,Riyadh,40.00 ,49.00 ,1,50
101041000801,Jeddah,616.00 ,796.00 ,1,50
101041000801,Riyadh,"1,054.00 ","1,288.00 ",1,50
101041000816,Jeddah,6.00 ,7.00 ,1,50
101041000851,Jeddah,477.00 ,639.00 ,1,50
101041000851,Riyadh,275.00 ,349.00 ,1,50
101041000852,Jeddah,475.00 ,652.00 ,1,50
101041000852,Riyadh,"2,795.00 ","3,402.00 ",1,50
101041000853,Jeddah,38.00 ,53.00 ,1,50
101041000853,Riyadh,108.00 ,131.00 ,1,50
101041000854,Jeddah,156.00 ,239.00 ,1,50
101041000854,Riyadh,219.00 ,265.00 ,1,50
101041000858,Jeddah,883.00 ,"1,136.00 ",1,50
101041000858,Riyadh,"3,744.00 ","4,592.00 ",1,50
101041000859,Jeddah,247.00 ,337.00 ,1,50
101041000859,Riyadh,23.00 ,28.00 ,1,50
101041000873,Jeddah,6.00 ,8.00 ,1,50
101041000873,Riyadh,46.00 ,61.00 ,1,50
101041000874,Jeddah,591.00 ,813.00 ,1,50
101041000874,Riyadh,"1,426.00 ","1,728.00 ",1,50
101041000885,Jeddah,8.00 ,10.00 ,1,50
101041000885,Riyadh,71.00 ,87.00 ,1,50
101041000886,Jeddah,29.00 ,42.00 ,1,50
101041000886,Riyadh,87.00 ,111.00 ,1,50
101041000902,Jeddah,41.00 ,51.00 ,1,50
101041000902,Riyadh,2.00 ,2.00 ,1,50
101041000914,Jeddah,16.00 ,21.00 ,1,50
101041000914,Riyadh,2.00 ,3.00 ,1,50
101041000921,Jeddah,399.00 ,513.00 ,1,50
101041000921,Riyadh,"2,005.00 ","2,454.00 ",1,50
101041000923,Jeddah,690.00 ,923.00 ,1,50
101041000923,Riyadh,851.00 ,"1,071.00 ",1,50
101041000929,Jeddah,182.00 ,224.00 ,1,50
101041000929,Riyadh,30.00 ,38.00 ,1,50
101041000952,Jeddah,16.00 ,21.00 ,1,50
101041000952,Riyadh,52.00 ,62.00 ,1,50
101041000967,Jeddah,197.00 ,242.00 ,1,50
101041000967,Riyadh,12.00 ,15.00 ,1,50
101041000970,Jeddah,337.00 ,479.00 ,1,50
101041000970,Riyadh,556.00 ,723.00 ,1,50
101041000986,Jeddah,194.00 ,247.00 ,1,50
101041000986,Riyadh,701.00 ,877.00 ,1,50
101041000989,Jeddah,3.00 ,5.00 ,1,50
101041000989,Riyadh,1.00 ,2.00 ,1,50
101041000991,Jeddah,7.00 ,9.00 ,1,50
101041000991,Riyadh,11.00 ,14.00 ,1,50
101041000994,Jeddah,120.00 ,152.00 ,1,50
101041000994,Riyadh,159.00 ,191.00 ,1,50
101041001000,Jeddah,18.00 ,24.00 ,1,50
101041001000,Riyadh,167.00 ,216.00 ,1,50
101041001002,Jeddah,13.00 ,16.00 ,1,50
101041001002,Riyadh,19.00 ,26.00 ,1,50
101041001075,Jeddah,44.00 ,63.00 ,1,50
101041001075,Riyadh,136.00 ,176.00 ,1,50
101041001127,Jeddah,7.00 ,9.00 ,1,50
101041001127,Riyadh,5.00 ,6.00 ,1,50
101041001138,Jeddah,60.00 ,83.00 ,1,50
101041001138,Riyadh,150.00 ,193.00 ,1,50
101041001148,Jeddah,188.00 ,260.00 ,1,50
101041001148,Riyadh,690.00 ,861.00 ,1,50
101041001171,Jeddah,472.00 ,607.00 ,1,50
101041001171,Riyadh,31.00 ,40.00 ,1,50
101041001178,Jeddah,124.00 ,151.00 ,1,50
101041001178,Riyadh,23.00 ,28.00 ,1,50
101041001198,Jeddah,86.00 ,115.00 ,1,50
101041001198,Riyadh,293.00 ,345.00 ,1,50
101041001199,Jeddah,32.00 ,40.00 ,1,50
101041001199,Riyadh,3.00 ,4.00 ,1,50
101041001209,Jeddah,5.00 ,6.00 ,1,50
101041001242,Jeddah,12.00 ,16.00 ,1,50
101041001263,Jeddah,633.00 ,831.00 ,1,50
101041001263,Riyadh,"2,933.00 ","3,571.00 ",1,50
101041001265,Jeddah,58.00 ,78.00 ,1,50
101041001265,Riyadh,80.00 ,102.00 ,1,50
101041001266,Jeddah,428.00 ,596.00 ,1,50
101041001266,Riyadh,881.00 ,"1,119.00 ",1,50
101041001268,Jeddah,173.00 ,246.00 ,1,50
101041001268,Riyadh,947.00 ,"1,196.00 ",1,50
101041001284,Jeddah,104.00 ,130.00 ,1,50
101041001284,Riyadh,183.00 ,249.00 ,1,50
101041001285,Jeddah,38.00 ,57.00 ,1,50
101041001285,Riyadh,133.00 ,162.00 ,1,50
101041001294,Jeddah,349.00 ,455.00 ,1,50
101041001294,Riyadh,633.00 ,771.00 ,1,50
101041001300,Jeddah,87.00 ,120.00 ,1,50
101041001300,Riyadh,294.00 ,364.00 ,1,50
101041001303,Jeddah,26.00 ,37.00 ,1,50
101041001303,Riyadh,65.00 ,82.00 ,1,50
101041001327,Jeddah,132.00 ,168.00 ,1,50
101041001327,Riyadh,501.00 ,600.00 ,1,50
101041001373,Jeddah,612.00 ,831.00 ,1,50
101041001373,Riyadh,"3,616.00 ","4,339.00 ",1,50
101041001387,Jeddah,"1,044.00 ","1,500.00 ",1,50
101041001387,Riyadh,"1,554.00 ","1,901.00 ",1,50
101041001416,Jeddah,717.00 ,911.00 ,1,50
101041001416,Riyadh,"4,100.00 ","4,902.00 ",1,50
101041001428,Jeddah,237.00 ,296.00 ,1,50
101041001428,Riyadh,"4,137.00 ","4,994.00 ",1,50
101041001451,Jeddah,33.00 ,45.00 ,1,50
101041001451,Riyadh,14.00 ,18.00 ,1,50
101041001452,Jeddah,286.00 ,366.00 ,1,50
101041001452,Riyadh,583.00 ,709.00 ,1,50
101041001466,Jeddah,94.00 ,144.00 ,1,50
101041001466,Riyadh,139.00 ,173.00 ,1,50
101041001500,Jeddah,8.00 ,11.00 ,1,50
101041001513,Jeddah,72.00 ,95.00 ,1,50
101041001513,Riyadh,133.00 ,162.00 ,1,50
101041001522,Jeddah,252.00 ,350.00 ,1,50
101041001522,Riyadh,"1,505.00 ","1,839.00 ",1,50
101041001584,Jeddah,162.00 ,232.00 ,1,50
101041001584,Riyadh,521.00 ,653.00 ,1,50
101041001605,Jeddah,995.00 ,"1,335.00 ",1,50
101041001648,Jeddah,88.00 ,115.00 ,1,50
101041001648,Riyadh,4.00 ,4.00 ,1,50
101041001688,Jeddah,12.00 ,16.00 ,1,50
101041001688,Riyadh,69.00 ,85.00 ,1,50
101041001692,Jeddah,23.00 ,31.00 ,1,50
101041001692,Riyadh,70.00 ,88.00 ,1,50
101041001703,Jeddah,65.00 ,87.00 ,1,50
101041001703,Riyadh,212.00 ,274.00 ,1,50
101041001706,Jeddah,35.00 ,53.00 ,1,50
101041001706,Riyadh,70.00 ,85.00 ,1,50
101041001707,Jeddah,559.00 ,759.00 ,1,50
101041001707,Riyadh,"1,869.00 ","2,289.00 ",1,50
101041001717,Jeddah,13.00 ,16.00 ,1,50
101041001717,Riyadh,2.00 ,3.00 ,1,50
101041001718,Jeddah,2.00 ,3.00 ,1,50
101041001733,Jeddah,1.00 ,1.00 ,1,50
101041001733,Riyadh,1.00 ,1.00 ,1,50
101041001745,Jeddah,1.00 ,2.00 ,1,50
101041001745,Riyadh,1.00 ,1.00 ,1,50
101041001749,Jeddah,4.00 ,5.00 ,1,50
101041001749,Riyadh,1.00 ,1.00 ,1,50
101041001757,Jeddah,1.00 ,1.00 ,1,50
101041001757,Riyadh,1.00 ,1.00 ,1,50
101041001760,Jeddah,4.00 ,5.00 ,1,50
101041001760,Riyadh,1.00 ,1.00 ,1,50
101041001784,Jeddah,10.00 ,12.00 ,1,50
101041001784,Riyadh,123.00 ,147.00 ,1,50
101041001794,Jeddah,967.00 ,"1,251.00 ",1,50
101041001794,Riyadh,"3,401.00 ","4,272.00 ",1,50
101041001797,Jeddah,93.00 ,120.00 ,1,50
101041001797,Riyadh,60.00 ,75.00 ,1,50
101041001821,Jeddah,22.00 ,31.00 ,1,50
101041001821,Riyadh,78.00 ,101.00 ,1,50
101041001822,Jeddah,124.00 ,168.00 ,1,50
101041001822,Riyadh,493.00 ,599.00 ,1,50
101041001824,Jeddah,1.00 ,2.00 ,1,50
101041001825,Jeddah,7.00 ,8.00 ,1,50
101041001826,Jeddah,106.00 ,155.00 ,1,50
101041001826,Riyadh,357.00 ,465.00 ,1,50
101041001827,Jeddah,"2,381.00 ","3,396.00 ",1,50
101041001827,Riyadh,"3,846.00 ","4,610.00 ",1,50
101041001828,Jeddah,734.00 ,"1,042.00 ",1,50
101041001828,Riyadh,372.00 ,453.00 ,1,50
101041001829,Jeddah,34.00 ,46.00 ,1,50
101041001829,Riyadh,178.00 ,224.00 ,1,50
101041002020,Jeddah,1.00 ,1.00 ,1,50
101041002021,Jeddah,1.00 ,1.00 ,1,50
101041002022,Jeddah,1.00 ,1.00 ,1,50
101041002023,Jeddah,1.00 ,1.00 ,1,50
101041002024,Jeddah,1.00 ,1.00 ,1,50
101041002025,Jeddah,2.00 ,2.00 ,1,50
101041002067,Jeddah,57.00 ,75.00 ,1,50
101041002067,Riyadh,6.00 ,7.00 ,1,50
101041002068,Jeddah,219.00 ,266.00 ,1,50
101041002068,Riyadh,3.00 ,3.00 ,1,50
101041002069,Jeddah,117.00 ,150.00 ,1,50
101041002069,Riyadh,131.00 ,168.00 ,1,50
101041002070,Jeddah,301.00 ,397.00 ,1,50
101041002070,Riyadh,777.00 ,964.00 ,1,50
101041002071,Jeddah,87.00 ,106.00 ,1,50
101041002071,Riyadh,6.00 ,7.00 ,1,50
101041002073,Jeddah,755.00 ,902.00 ,1,50
101041002073,Riyadh,203.00 ,262.00 ,1,50
101041002074,Jeddah,97.00 ,123.00 ,1,50
101041002074,Riyadh,39.00 ,51.00 ,1,50
101041002075,Jeddah,235.00 ,307.00 ,1,50
101041002075,Riyadh,112.00 ,135.00 ,1,50
101041002076,Jeddah,81.00 ,101.00 ,1,50
101041002076,Riyadh,19.00 ,23.00 ,1,50
101041002077,Jeddah,974.00 ,"1,276.00 ",1,50
101041002077,Riyadh,35.00 ,43.00 ,1,50
101041002229,Jeddah,51.00 ,78.00 ,1,50
101041002229,Riyadh,430.00 ,582.00 ,1,50
101041002422,Jeddah,3.00 ,4.00 ,1,50
101041002422,Riyadh,6.00 ,7.00 ,1,50
101041002423,Jeddah,6.00 ,8.00 ,1,50
101041002424,Jeddah,6.00 ,8.00 ,1,50
101041002424,Riyadh,16.00 ,19.00 ,1,50
101041002425,Jeddah,6.00 ,8.00 ,1,50
101041002425,Riyadh,13.00 ,16.00 ,1,50
101041002426,Jeddah,5.00 ,7.00 ,1,50
101041002427,Jeddah,9.00 ,12.00 ,1,50
101041002427,Riyadh,27.00 ,34.00 ,1,50
101041002428,Jeddah,2.00 ,3.00 ,1,50
101041002429,Jeddah,9.00 ,11.00 ,1,50
101041002429,Riyadh,17.00 ,21.00 ,1,50
101041002518,Jeddah,616.00 ,777.00 ,1,50
101041002518,Riyadh,"2,164.00 ","2,607.00 ",1,50
101041002521,Jeddah,839.00 ,"1,065.00 ",1,50
101041002521,Riyadh,241.00 ,302.00 ,1,50
101041002522,Jeddah,8.00 ,11.00 ,1,50
101041002523,Jeddah,3.00 ,3.00 ,1,50
101041002524,Jeddah,6.00 ,7.00 ,1,50
101041002535,Jeddah,8.00 ,10.00 ,1,50
101041002535,Riyadh,22.00 ,28.00 ,1,50
101041002537,Jeddah,10.00 ,14.00 ,1,50
101041002537,Riyadh,1.00 ,1.00 ,1,50
101041002538,Jeddah,1.00 ,1.00 ,1,50
101041002545,Jeddah,4.00 ,5.00 ,1,50
101041002545,Riyadh,23.00 ,28.00 ,1,50
101041002546,Jeddah,32.00 ,42.00 ,1,50
101041002546,Riyadh,17.00 ,21.00 ,1,50
101041002547,Jeddah,16.00 ,22.00 ,1,50
101041002547,Riyadh,16.00 ,20.00 ,1,50
101041002548,Jeddah,211.00 ,289.00 ,1,50
101041002548,Riyadh,579.00 ,719.00 ,1,50
101041002550,Jeddah,3.00 ,4.00 ,1,50
101041002550,Riyadh,3.00 ,4.00 ,1,50
101041002551,Jeddah,5.00 ,6.00 ,1,50
101041002551,Riyadh,4.00 ,5.00 ,1,50
101041002552,Jeddah,8.00 ,10.00 ,1,50
101041002552,Riyadh,5.00 ,6.00 ,1,50
101041002553,Jeddah,7.00 ,9.00 ,1,50
101041002553,Riyadh,9.00 ,11.00 ,1,50
101041002554,Jeddah,4.00 ,5.00 ,1,50
101041002554,Riyadh,5.00 ,6.00 ,1,50
101041002555,Jeddah,1.00 ,1.00 ,1,50
101041002555,Riyadh,3.00 ,4.00 ,1,50
101041002556,Jeddah,7.00 ,9.00 ,1,50
101041002556,Riyadh,6.00 ,7.00 ,1,50
101041002557,Jeddah,1.00 ,1.00 ,1,50
101041002558,Jeddah,3.00 ,4.00 ,1,50
101041002558,Riyadh,2.00 ,3.00 ,1,50
101041003169,Jeddah,64.00 ,89.00 ,1,50
101041003169,Riyadh,306.00 ,384.00 ,1,50
101041003435,Jeddah,19.00 ,27.00 ,1,50
101041003435,Riyadh,20.00 ,24.00 ,1,50
101041003437,Jeddah,166.00 ,209.00 ,1,50
101041003437,Riyadh,9.00 ,11.00 ,1,50
101041003438,Jeddah,110.00 ,138.00 ,1,50
101041003438,Riyadh,111.00 ,140.00 ,1,50
101041003439,Jeddah,1.00 ,2.00 ,1,50
101041003439,Riyadh,2.00 ,3.00 ,1,50
101041003458,Jeddah,1.00 ,1.00 ,1,50
101041003459,Jeddah,14.00 ,20.00 ,1,50
101041003459,Riyadh,96.00 ,119.00 ,1,50
101041003460,Jeddah,36.00 ,48.00 ,1,50
101041003460,Riyadh,26.00 ,34.00 ,1,50
101041003467,Jeddah,91.00 ,123.00 ,1,50
101041003467,Riyadh,204.00 ,253.00 ,1,50
101041003535,Jeddah,168.00 ,214.00 ,1,50
101041003535,Riyadh,61.00 ,73.00 ,1,50
101041003819,Jeddah,17.00 ,23.00 ,1,50
101041003819,Riyadh,39.00 ,48.00 ,1,50
101041003857,Jeddah,9.00 ,14.00 ,1,50
101041003857,Riyadh,450.00 ,545.00 ,1,50
101041003858,Jeddah,5.00 ,8.00 ,1,50
101041003858,Riyadh,31.00 ,40.00 ,1,50
101041003859,Jeddah,4.00 ,6.00 ,1,50
101041003859,Riyadh,161.00 ,193.00 ,1,50
101041003892,Jeddah,1.00 ,1.00 ,1,50
101041003899,Jeddah,27.00 ,36.00 ,1,50
101041003899,Riyadh,65.00 ,88.00 ,1,50
101041003900,Jeddah,20.00 ,27.00 ,1,50
101041003900,Riyadh,117.00 ,148.00 ,1,50
101041003903,Jeddah,58.00 ,78.00 ,1,50
101041003903,Riyadh,204.00 ,261.00 ,1,50
101041003906,Jeddah,491.00 ,644.00 ,1,50
101041003906,Riyadh,"1,265.00 ","1,492.00 ",1,50
101041004109,Jeddah,6.00 ,8.00 ,1,50
101041004109,Riyadh,4.00 ,5.00 ,1,50
101041004110,Jeddah,4.00 ,5.00 ,1,50
101041004110,Riyadh,3.00 ,4.00 ,1,50
101041004112,Jeddah,95.00 ,118.00 ,1,50
101041004112,Riyadh,128.00 ,169.00 ,1,50
101041004113,Jeddah,184.00 ,236.00 ,1,50
101041004113,Riyadh,152.00 ,187.00 ,1,50
101041004114,Jeddah,112.00 ,148.00 ,1,50
101041004114,Riyadh,149.00 ,187.00 ,1,50
101041004115,Jeddah,401.00 ,513.00 ,1,50
101041004115,Riyadh,717.00 ,903.00 ,1,50
101041004204,Jeddah,4.00 ,6.00 ,1,50
101041004204,Riyadh,44.00 ,56.00 ,1,50
101041004219,Jeddah,10.00 ,15.00 ,1,50
101041004219,Riyadh,55.00 ,70.00 ,1,50
101041004220,Jeddah,16.00 ,22.00 ,1,50
101041004220,Riyadh,1.00 ,1.00 ,1,50
101041004221,Jeddah,11.00 ,14.00 ,1,50
101041004221,Riyadh,15.00 ,18.00 ,1,50
101041004227,Riyadh,1.00 ,1.00 ,1,50
101041004254,Jeddah,"1,203.00 ","1,504.00 ",1,50
101041004254,Riyadh,"1,585.00 ","1,942.00 ",1,50
101041004257,Jeddah,635.00 ,891.00 ,1,50
101041004257,Riyadh,706.00 ,"1,032.00 ",1,50
101041004263,Jeddah,7.00 ,9.00 ,1,50
101041004263,Riyadh,13.00 ,16.00 ,1,50
101041004270,Jeddah,133.00 ,171.00 ,1,50
101041004270,Riyadh,333.00 ,422.00 ,1,50
101041004271,Jeddah,68.00 ,105.00 ,1,50
101041004271,Riyadh,8.00 ,10.00 ,1,50
101041004272,Jeddah,8.00 ,10.00 ,1,50
101041004272,Riyadh,3.00 ,4.00 ,1,50
101041004279,Jeddah,111.00 ,156.00 ,1,50
101041004279,Riyadh,10.00 ,12.00 ,1,50
101041004565,Jeddah,3.00 ,3.00 ,1,50
101041004565,Riyadh,81.00 ,100.00 ,1,50
101041004665,Jeddah,18.00 ,23.00 ,1,50
101041004665,Riyadh,20.00 ,24.00 ,1,50
101041004666,Jeddah,58.00 ,75.00 ,1,50
101041004666,Riyadh,49.00 ,59.00 ,1,50
101041004667,Jeddah,6.00 ,7.00 ,1,50
101041004667,Riyadh,17.00 ,21.00 ,1,50
101041004668,Jeddah,5.00 ,6.00 ,1,50
101041004668,Riyadh,6.00 ,7.00 ,1,50
101041004678,Jeddah,70.00 ,105.00 ,1,50
101041004678,Riyadh,382.00 ,506.00 ,1,50
101041004694,Jeddah,28.00 ,39.00 ,1,50
101041004694,Riyadh,12.00 ,15.00 ,1,50
101041004695,Jeddah,36.00 ,51.00 ,1,50
101041004695,Riyadh,122.00 ,150.00 ,1,50
101041004696,Jeddah,94.00 ,127.00 ,1,50
101041004696,Riyadh,64.00 ,79.00 ,1,50
101041004697,Jeddah,147.00 ,211.00 ,1,50
101041004697,Riyadh,283.00 ,380.00 ,1,50
101041004698,Jeddah,10.00 ,13.00 ,1,50
101041004698,Riyadh,42.00 ,52.00 ,1,50
101041004699,Jeddah,14.00 ,19.00 ,1,50
101041004699,Riyadh,32.00 ,40.00 ,1,50
101041004700,Jeddah,45.00 ,61.00 ,1,50
101041004700,Riyadh,26.00 ,31.00 ,1,50
101041004701,Jeddah,40.00 ,53.00 ,1,50
101041004701,Riyadh,67.00 ,83.00 ,1,50
101041004702,Jeddah,12.00 ,16.00 ,1,50
101041004702,Riyadh,41.00 ,50.00 ,1,50
101041004703,Jeddah,3.00 ,4.00 ,1,50
101041004703,Riyadh,2.00 ,3.00 ,1,50
101041004704,Jeddah,13.00 ,18.00 ,1,50
101041004704,Riyadh,12.00 ,15.00 ,1,50
101041004705,Jeddah,10.00 ,13.00 ,1,50
101041004705,Riyadh,39.00 ,48.00 ,1,50
101041004706,Jeddah,12.00 ,16.00 ,1,50
101041004706,Riyadh,39.00 ,48.00 ,1,50
101041004707,Jeddah,9.00 ,12.00 ,1,50
101041004707,Riyadh,34.00 ,42.00 ,1,50
101041004708,Jeddah,13.00 ,16.00 ,1,50
101041004708,Riyadh,18.00 ,22.00 ,1,50
101041004709,Jeddah,4.00 ,5.00 ,1,50
101041004710,Jeddah,14.00 ,18.00 ,1,50
101041004710,Riyadh,12.00 ,15.00 ,1,50
101041004711,Jeddah,10.00 ,12.00 ,1,50
101041004711,Riyadh,36.00 ,44.00 ,1,50
101041004712,Jeddah,43.00 ,57.00 ,1,50
101041004712,Riyadh,45.00 ,54.00 ,1,50
101041004713,Jeddah,13.00 ,17.00 ,1,50
101041004713,Riyadh,41.00 ,51.00 ,1,50
101041004714,Jeddah,15.00 ,20.00 ,1,50
101041004714,Riyadh,12.00 ,14.00 ,1,50
101041004715,Jeddah,2.00 ,3.00 ,1,50
101041004715,Riyadh,13.00 ,16.00 ,1,50
101041004716,Jeddah,4.00 ,6.00 ,1,50
101041004716,Riyadh,12.00 ,15.00 ,1,50
101041004900,Jeddah,16.00 ,20.00 ,1,50
101041004902,Jeddah,1.00 ,1.00 ,1,50
101041004903,Jeddah,1.00 ,1.00 ,1,50
101041005000,Riyadh,16.00 ,20.00 ,1,50
101041005001,Jeddah,4.00 ,5.00 ,1,50
101041005001,Riyadh,3.00 ,3.00 ,1,50
101041005002,Jeddah,1.00 ,1.00 ,1,50
101041005002,Riyadh,41.00 ,52.00 ,1,50
101041005007,Riyadh,1.00 ,1.00 ,1,50
101041005230,Jeddah,1.00 ,1.00 ,1,50
101041005232,Jeddah,1.00 ,1.00 ,1,50
101041005273,Jeddah,18.00 ,26.00 ,1,50
101041005273,Riyadh,159.00 ,201.00 ,1,50
101041005276,Jeddah,3.00 ,4.00 ,1,50
101041005276,Riyadh,1.00 ,1.00 ,1,50
101041005277,Jeddah,1.00 ,2.00 ,1,50
101041005277,Riyadh,11.00 ,13.00 ,1,50
101041005291,Jeddah,3.00 ,4.00 ,1,50
101041005291,Riyadh,23.00 ,29.00 ,1,50
101041005310,Jeddah,2.00 ,2.00 ,1,50
101041005310,Riyadh,8.00 ,10.00 ,1,50
101041005311,Jeddah,3.00 ,4.00 ,1,50
101041005312,Jeddah,1.00 ,2.00 ,1,50
101041005313,Jeddah,236.00 ,337.00 ,1,50
101041005313,Riyadh,627.00 ,831.00 ,1,50
101041005315,Jeddah,3.00 ,4.00 ,1,50
101041005316,Riyadh,2.00 ,3.00 ,1,50
101041005317,Jeddah,4.00 ,6.00 ,1,50
101041005317,Riyadh,2.00 ,3.00 ,1,50
101041005839,Jeddah,6.00 ,7.00 ,1,50
101041005839,Riyadh,95.00 ,117.00 ,1,50
101041005840,Jeddah,2.00 ,3.00 ,1,50
101041005841,Jeddah,1.00 ,1.00 ,1,50
101041005842,Jeddah,1.00 ,1.00 ,1,50
101041005842,Riyadh,23.00 ,29.00 ,1,50
101041005871,Jeddah,71.00 ,106.00 ,1,50
101041005871,Riyadh,607.00 ,749.00 ,1,50
101041005878,Jeddah,75.00 ,98.00 ,1,50
101041005878,Riyadh,"1,115.00 ","1,433.00 ",1,50
101041005882,Jeddah,164.00 ,230.00 ,1,50
101041005882,Riyadh,151.00 ,183.00 ,1,50
101041005911,Jeddah,14.00 ,19.00 ,1,50
101041005911,Riyadh,708.00 ,923.00 ,1,50
101041006036,Jeddah,111.00 ,155.00 ,1,50
101041006036,Riyadh,94.00 ,117.00 ,1,50
101041006037,Jeddah,915.00 ,"1,300.00 ",1,50
101041006037,Riyadh,70.00 ,87.00 ,1,50
101041006067,Jeddah,14.00 ,17.00 ,1,50
101041006072,Jeddah,1.00 ,2.00 ,1,50
101041006122,Jeddah,45.00 ,58.00 ,1,50
101041006122,Riyadh,26.00 ,31.00 ,1,50
101041006308,Jeddah,29.00 ,37.00 ,1,50
101041006308,Riyadh,29.00 ,35.00 ,1,50
101041006364,Jeddah,5.00 ,7.00 ,1,50
101041006364,Riyadh,2.00 ,2.00 ,1,50
101041006450,Jeddah,14.00 ,18.00 ,1,50
101041006450,Riyadh,10.00 ,11.00 ,1,50
101041006451,Jeddah,19.00 ,24.00 ,1,50
101041006591,Jeddah,13.00 ,16.00 ,1,50
101041006591,Riyadh,18.00 ,23.00 ,1,50
101041006592,Jeddah,2.00 ,4.00 ,1,50
101041006597,Jeddah,22.00 ,28.00 ,1,50
101041006598,Jeddah,1.00 ,1.00 ,1,50
101041006624,Jeddah,1.00 ,2.00 ,1,50
101041006743,Jeddah,1.00 ,1.00 ,1,50
101041006765,Jeddah,2.00 ,3.00 ,1,50
101041006766,Jeddah,364.00 ,480.00 ,1,50
101041006766,Riyadh,433.00 ,511.00 ,1,50
101041006864,Jeddah,499.00 ,608.00 ,1,50
101041006864,Riyadh,3.00 ,4.00 ,1,50
101041006865,Jeddah,585.00 ,732.00 ,1,50
101041006865,Riyadh,35.00 ,42.00 ,1,50
101041006866,Jeddah,563.00 ,808.00 ,1,50
101041006866,Riyadh,138.00 ,166.00 ,1,50
101041006867,Jeddah,318.00 ,453.00 ,1,50
101041006867,Riyadh,131.00 ,160.00 ,1,50
101041006868,Jeddah,1.00 ,1.00 ,1,50
101041006868,Riyadh,167.00 ,202.00 ,1,50
101041006869,Jeddah,1.00 ,1.00 ,1,50
101041006869,Riyadh,151.00 ,188.00 ,1,50
101041006870,Jeddah,1.00 ,1.00 ,1,50
101041006870,Riyadh,4.00 ,5.00 ,1,50
101041006883,Jeddah,2.00 ,3.00 ,1,50
101041006884,Jeddah,2.00 ,3.00 ,1,50
101041006885,Jeddah,31.00 ,41.00 ,1,50
101041006885,Riyadh,1.00 ,1.00 ,1,50
101041006886,Jeddah,5.00 ,7.00 ,1,50
101041006886,Riyadh,1.00 ,1.00 ,1,50
101041007337,Riyadh,3.00 ,4.00 ,1,50
101041007338,Jeddah,1.00 ,1.00 ,1,50
101041007338,Riyadh,2.00 ,3.00 ,1,50
101041007339,Jeddah,1.00 ,1.00 ,1,50
101041007339,Riyadh,3.00 ,4.00 ,1,50
101041007340,Riyadh,3.00 ,4.00 ,1,50
101041007341,Jeddah,1.00 ,1.00 ,1,50
101041007341,Riyadh,1.00 ,1.00 ,1,50
101041007343,Jeddah,1.00 ,1.00 ,1,50
101041007343,Riyadh,1.00 ,2.00 ,1,50
101041007344,Jeddah,8.00 ,12.00 ,1,50
101041007344,Riyadh,83.00 ,105.00 ,1,50
101041007345,Jeddah,7.00 ,11.00 ,1,50
101041007345,Riyadh,31.00 ,39.00 ,1,50
101041008044,Jeddah,99.00 ,133.00 ,1,50
101041008044,Riyadh,209.00 ,251.00 ,1,50
101041008045,Jeddah,67.00 ,83.00 ,1,50
101041008045,Riyadh,203.00 ,244.00 ,1,50
101041008053,Jeddah,3.00 ,4.00 ,1,50
101041008053,Riyadh,3.00 ,3.00 ,1,50
101041008054,Jeddah,1.00 ,1.00 ,1,50
101041008054,Riyadh,2.00 ,2.00 ,1,50
101041008055,Riyadh,3.00 ,4.00 ,1,50
101041008056,Riyadh,23.00 ,29.00 ,1,50
101041008057,Jeddah,16.00 ,21.00 ,1,50
101041008057,Riyadh,8.00 ,9.00 ,1,50
101041008058,Jeddah,25.00 ,33.00 ,1,50
101041008058,Riyadh,18.00 ,21.00 ,1,50
101041008059,Jeddah,4.00 ,5.00 ,1,50
101041008059,Riyadh,9.00 ,12.00 ,1,50
101041008060,Jeddah,1.00 ,1.00 ,1,50
101041008060,Riyadh,9.00 ,12.00 ,1,50
101041008066,Jeddah,1.00 ,1.00 ,1,50
101041008067,Jeddah,1.00 ,1.00 ,1,50
101041008068,Jeddah,3.00 ,4.00 ,1,50
102011000002,Jeddah,"3,833.00 ","4,671.00 ",1,50
102011000002,Riyadh,351.00 ,422.00 ,1,50
102011000003,Jeddah,77.00 ,101.00 ,1,50
102011000003,Riyadh,3.00 ,4.00 ,1,50
102011001183,Jeddah,42.00 ,65.00 ,1,50
102011001183,Riyadh,8.00 ,9.00 ,1,50
102011001184,Jeddah,1.00 ,1.00 ,1,50
102011001184,Riyadh,1.00 ,1.00 ,1,50
102011001185,Jeddah,1.00 ,1.00 ,1,50
102011001186,Jeddah,1.00 ,1.00 ,1,50
102011002152,Jeddah,1.00 ,1.00 ,1,50
102011002153,Jeddah,4.00 ,5.00 ,1,50
102011002153,Riyadh,3.00 ,3.00 ,1,50
102011002154,Jeddah,10.00 ,14.00 ,1,50
102011002154,Riyadh,4.00 ,5.00 ,1,50
102011002155,Jeddah,192.00 ,258.00 ,1,50
102011002155,Riyadh,630.00 ,760.00 ,1,50
102011002156,Jeddah,103.00 ,163.00 ,1,50
102011002156,Riyadh,552.00 ,667.00 ,1,50
102011002157,Jeddah,15.00 ,19.00 ,1,50
102011002157,Riyadh,4.00 ,5.00 ,1,50
102011002189,Jeddah,14.00 ,18.00 ,1,50
102011002190,Jeddah,1.00 ,1.00 ,1,50
102011002191,Jeddah,3.00 ,4.00 ,1,50
102011002191,Riyadh,1.00 ,1.00 ,1,50
102011002192,Jeddah,1.00 ,1.00 ,1,50
102011002193,Jeddah,14.00 ,18.00 ,1,50
102011002194,Jeddah,1.00 ,1.00 ,1,50
102011002195,Jeddah,1.00 ,1.00 ,1,50
102011002196,Jeddah,1.00 ,1.00 ,1,50
102011002208,Jeddah,2.00 ,2.00 ,1,50
102011002209,Jeddah,1.00 ,1.00 ,1,50
102011002210,Jeddah,1.00 ,1.00 ,1,50
102011008026,Jeddah,"1,536.00 ","1,872.00 ",1,50
102011008026,Riyadh,180.00 ,227.00 ,1,50
102011008027,Jeddah,3.00 ,4.00 ,1,50
102011008027,Riyadh,1.00 ,1.00 ,1,50
102011008028,Jeddah,154.00 ,188.00 ,1,50
102011008028,Riyadh,13.00 ,16.00 ,1,50
102011008029,Jeddah,1.00 ,1.00 ,1,50
102011008030,Jeddah,2.00 ,2.00 ,1,50
102011008031,Jeddah,4.00 ,5.00 ,1,50
102011008031,Riyadh,1.00 ,1.00 ,1,50
102011008032,Jeddah,2.00 ,3.00 ,1,50
102011008032,Riyadh,1.00 ,1.00 ,1,50
102011008033,Jeddah,19.00 ,24.00 ,1,50
102011008033,Riyadh,7.00 ,9.00 ,1,50
102011008034,Jeddah,12.00 ,14.00 ,1,50
102011008034,Riyadh,11.00 ,14.00 ,1,50
102011008035,Jeddah,3.00 ,4.00 ,1,50
102011008035,Riyadh,2.00 ,2.00 ,1,50
102011008036,Jeddah,2.00 ,3.00 ,1,50
102011008036,Riyadh,1.00 ,1.00 ,1,50
102011008037,Jeddah,29.00 ,37.00 ,1,50
102011008037,Riyadh,3.00 ,4.00 ,1,50
102021005272,Jeddah,4.00 ,5.00 ,1,50
102021005272,Riyadh,5.00 ,7.00 ,1,50
102021005286,Jeddah,3.00 ,3.00 ,1,50
102021005300,Jeddah,500.00 ,525.00 ,1,50
102021005300,Riyadh,510.00 ,523.00 ,1,50
102021005301,Jeddah,240.00 ,250.00 ,1,50
102021005301,Riyadh,250.00 ,270.00 ,1,50
102021005302,Jeddah,6.00 ,8.00 ,1,50
102021005302,Riyadh,27.00 ,33.00 ,1,50
102021005669,Jeddah,4.00 ,5.00 ,6,50
102021005669,Riyadh,1.00 ,1.00 ,6,50
102021005670,Jeddah,4.00 ,5.00 ,6,50
102021005671,Jeddah,2.00 ,3.00 ,6,50
102021005672,Jeddah,1.00 ,2.00 ,6,50
102021005673,Jeddah,2.00 ,3.00 ,6,50
102021005674,Jeddah,4.00 ,5.00 ,6,50
102021005675,Jeddah,4.00 ,5.00 ,6,50
102021005675,Riyadh,1.00 ,1.00 ,6,50
102021005676,Jeddah,4.00 ,5.00 ,6,50
102021005677,Jeddah,4.00 ,5.00 ,6,50
102021005678,Jeddah,4.00 ,5.00 ,6,50
102021005679,Jeddah,4.00 ,5.00 ,6,50
102021005680,Jeddah,3.00 ,3.00 ,6,50
102021005681,Jeddah,3.00 ,3.00 ,6,50
102021005682,Jeddah,3.00 ,3.00 ,6,50
102021005683,Jeddah,3.00 ,3.00 ,6,50
102021005684,Jeddah,3.00 ,3.00 ,6,50
102021005685,Jeddah,4.00 ,4.00 ,6,50
102021005686,Jeddah,3.00 ,3.00 ,6,50
102021005687,Jeddah,3.00 ,3.00 ,6,50
102021005688,Jeddah,3.00 ,3.00 ,6,50
102021005689,Jeddah,3.00 ,3.00 ,6,50
102021005690,Jeddah,3.00 ,3.00 ,6,50
102021005690,Riyadh,1.00 ,2.00 ,6,50
102021005691,Jeddah,2.00 ,3.00 ,6,50
102021005692,Jeddah,1.00 ,2.00 ,6,50
102021005693,Jeddah,3.00 ,4.00 ,6,50
102021005694,Jeddah,3.00 ,4.00 ,6,50
102021005695,Jeddah,3.00 ,4.00 ,6,50
102021005695,Riyadh,1.00 ,1.00 ,6,50
102021005696,Jeddah,2.00 ,3.00 ,6,50
102021005697,Jeddah,2.00 ,3.00 ,6,50
102021005698,Jeddah,2.00 ,3.00 ,6,50
102021005699,Jeddah,2.00 ,3.00 ,6,50
102021005699,Riyadh,1.00 ,2.00 ,6,50
102021005700,Jeddah,3.00 ,3.00 ,6,50
102021005701,Jeddah,2.00 ,3.00 ,6,50
102021005701,Riyadh,1.00 ,2.00 ,6,50
102021005702,Jeddah,3.00 ,3.00 ,6,50
102021005702,Riyadh,1.00 ,2.00 ,6,50
102021005703,Jeddah,3.00 ,3.00 ,6,50
102021005704,Jeddah,3.00 ,3.00 ,6,50
102021005705,Jeddah,1.00 ,1.00 ,6,50
102021005705,Riyadh,1.00 ,2.00 ,6,50
102021005706,Jeddah,3.00 ,3.00 ,6,50
102021005707,Jeddah,3.00 ,3.00 ,6,50
102021005707,Riyadh,1.00 ,1.00 ,6,50
102021005708,Jeddah,2.00 ,3.00 ,6,50
102021005709,Jeddah,1.00 ,1.00 ,6,50
102021005710,Jeddah,2.00 ,3.00 ,6,50
102021005711,Jeddah,2.00 ,3.00 ,6,50
102021005712,Jeddah,2.00 ,3.00 ,6,50
102021005713,Jeddah,2.00 ,3.00 ,6,50
102021005714,Jeddah,2.00 ,3.00 ,6,50
102021005715,Jeddah,2.00 ,3.00 ,6,50
102021005716,Jeddah,2.00 ,3.00 ,6,50
102021005717,Jeddah,2.00 ,3.00 ,6,50
102021005718,Jeddah,2.00 ,3.00 ,6,50
102021005719,Jeddah,1.00 ,1.00 ,6,50
102021005720,Jeddah,2.00 ,3.00 ,6,50
102021005721,Jeddah,2.00 ,3.00 ,6,50
102021005722,Jeddah,3.00 ,4.00 ,6,50
102021005723,Jeddah,2.00 ,3.00 ,6,50
102021005723,Riyadh,1.00 ,1.00 ,6,50
102021005724,Jeddah,1.00 ,1.00 ,6,50
102021005724,Riyadh,1.00 ,1.00 ,6,50
102021005725,Jeddah,2.00 ,2.00 ,6,50
102021005726,Jeddah,4.00 ,5.00 ,6,50
102021005727,Jeddah,4.00 ,5.00 ,6,50
102021005728,Jeddah,4.00 ,5.00 ,6,50
102021005728,Riyadh,1.00 ,2.00 ,6,50
102021005729,Jeddah,4.00 ,5.00 ,6,50
102021005729,Riyadh,1.00 ,1.00 ,6,50
102021005730,Jeddah,2.00 ,2.00 ,6,50
102021005731,Jeddah,2.00 ,2.00 ,6,50
102021005731,Riyadh,1.00 ,1.00 ,6,50
102021005732,Jeddah,2.00 ,2.00 ,6,50
102021005733,Jeddah,2.00 ,2.00 ,6,50
102021005734,Jeddah,3.00 ,4.00 ,6,50
102021005735,Jeddah,3.00 ,4.00 ,6,50
102021005736,Jeddah,3.00 ,4.00 ,6,50
102021005737,Jeddah,3.00 ,3.00 ,6,50
102021005737,Riyadh,1.00 ,1.00 ,6,50
102021005738,Jeddah,3.00 ,3.00 ,6,50
102021005739,Jeddah,3.00 ,3.00 ,6,50
102021005740,Jeddah,2.00 ,3.00 ,6,50
102021005741,Jeddah,2.00 ,3.00 ,6,50
102021005741,Riyadh,1.00 ,1.00 ,6,50
102021005742,Jeddah,2.00 ,3.00 ,6,50
102021005743,Jeddah,2.00 ,3.00 ,6,50
102021005744,Jeddah,2.00 ,3.00 ,6,50
102021005744,Riyadh,1.00 ,1.00 ,6,50
102021005745,Jeddah,1.00 ,1.00 ,6,50
102021005746,Jeddah,1.00 ,1.00 ,6,50
102021005746,Riyadh,1.00 ,1.00 ,6,50
102021005747,Jeddah,1.00 ,1.00 ,6,50
102021005747,Riyadh,1.00 ,2.00 ,6,50
102021005748,Jeddah,2.00 ,3.00 ,6,50
102021005748,Riyadh,1.00 ,1.00 ,6,50
102021005749,Jeddah,3.00 ,4.00 ,6,50
102021005749,Riyadh,1.00 ,1.00 ,6,50
102021005750,Jeddah,2.00 ,2.00 ,6,50
102021005751,Jeddah,3.00 ,4.00 ,6,50
102021005752,Jeddah,2.00 ,3.00 ,6,50
102021005752,Riyadh,2.00 ,2.00 ,6,50
102021005753,Jeddah,2.00 ,3.00 ,6,50
102021005754,Jeddah,2.00 ,2.00 ,6,50
102021005755,Jeddah,4.00 ,5.00 ,6,50
102021005755,Riyadh,3.00 ,3.00 ,6,50
102021005756,Jeddah,4.00 ,5.00 ,6,50
102021005757,Jeddah,3.00 ,3.00 ,6,50
102021005758,Jeddah,3.00 ,4.00 ,6,50
102021005758,Riyadh,5.00 ,6.00 ,6,50
102021005759,Jeddah,3.00 ,4.00 ,6,50
102021005759,Riyadh,5.00 ,6.00 ,6,50
102021005760,Jeddah,3.00 ,4.00 ,6,50
102021005761,Jeddah,3.00 ,4.00 ,6,50
102021005762,Jeddah,3.00 ,4.00 ,6,50
102021005763,Jeddah,4.00 ,5.00 ,6,50
102021005764,Jeddah,3.00 ,4.00 ,6,50
102021005765,Jeddah,3.00 ,4.00 ,6,50
102021005766,Jeddah,1.00 ,1.00 ,12,50
102021005766,Riyadh,3.00 ,4.00 ,12,50
102021005767,Jeddah,20.00 ,25.00 ,12,50
102021005767,Riyadh,2.00 ,5.00 ,12,50
102021007348,Jeddah,2.00 ,3.00 ,1,50
102031004141,Jeddah,1.00 ,1.00 ,1,50
102031004142,Jeddah,7.00 ,10.00 ,1,50
102031004143,Jeddah,10.00 ,13.00 ,1,50
102031004143,Riyadh,6.00 ,8.00 ,1,50
102031004144,Jeddah,3.00 ,3.00 ,1,50
102031004144,Riyadh,6.00 ,8.00 ,1,50
102031004145,Jeddah,2.00 ,2.00 ,1,50
102031004145,Riyadh,4.00 ,5.00 ,1,50
102031004146,Jeddah,1.00 ,1.00 ,1,50
102031004146,Riyadh,2.00 ,2.00 ,1,50
102031004147,Jeddah,1.00 ,1.00 ,1,50
102031004147,Riyadh,1.00 ,1.00 ,1,50
102031004663,Jeddah,72.00 ,92.00 ,1,50
102031004663,Riyadh,58.00 ,77.00 ,1,50
102031004664,Jeddah,9.00 ,14.00 ,1,50
102031004664,Riyadh,87.00 ,110.00 ,1,50
102031007012,Jeddah,1.00 ,1.00 ,1,50
102031007040,Jeddah,14.00 ,17.00 ,1,50
102031007040,Riyadh,2.00 ,2.00 ,1,50
102031007058,Jeddah,1.00 ,1.00 ,1,50
102031007059,Jeddah,2.00 ,2.00 ,1,50
102031007102,Jeddah,1.00 ,2.00 ,1,50
102031007103,Jeddah,1.00 ,1.00 ,1,50
102031007104,Jeddah,2.00 ,2.00 ,1,50
102031007105,Jeddah,2.00 ,3.00 ,1,50
102031007106,Jeddah,2.00 ,3.00 ,1,50
102031007107,Jeddah,9.00 ,11.00 ,1,50
102031007108,Jeddah,8.00 ,10.00 ,1,50
102031007108,Riyadh,7.00 ,9.00 ,1,50
102031007109,Jeddah,9.00 ,11.00 ,1,50
102031007109,Riyadh,8.00 ,10.00 ,1,50
102031007367,Jeddah,208.00 ,257.00 ,1,50
102031007367,Riyadh,435.00 ,528.00 ,1,50
102031007368,Jeddah,566.00 ,744.00 ,1,50
102031007368,Riyadh,937.00 ,"1,136.00 ",1,50
102041004136,Jeddah,2.00 ,2.00 ,1,50
102041004136,Riyadh,1.00 ,1.00 ,1,50
102041004137,Jeddah,1.00 ,2.00 ,1,50
102041004138,Jeddah,1.00 ,1.00 ,1,50
102041004139,Jeddah,1.00 ,1.00 ,1,50
102041007009,Jeddah,1.00 ,2.00 ,1,50
102041007009,Riyadh,1.00 ,1.00 ,1,50
102041007010,Jeddah,1.00 ,1.00 ,1,50
102041007011,Jeddah,1.00 ,1.00 ,1,50
102041007061,Jeddah,1.00 ,1.00 ,1,50
102081005477,Jeddah,2.00 ,2.00 ,12,50
102081005477,Riyadh,1.00 ,2.00 ,12,50
102081005478,Jeddah,2.00 ,2.00 ,12,50
102081005478,Riyadh,2.00 ,2.00 ,12,50
102081005479,Jeddah,2.00 ,2.00 ,12,50
102081005479,Riyadh,2.00 ,2.00 ,12,50
102081005480,Jeddah,2.00 ,2.00 ,12,50
102081005480,Riyadh,2.00 ,2.00 ,12,50
102081005481,Jeddah,2.00 ,2.00 ,12,50
102081005481,Riyadh,2.00 ,2.00 ,12,50
102081005482,Jeddah,2.00 ,2.00 ,12,50
102081005482,Riyadh,2.00 ,2.00 ,12,50
102081005483,Jeddah,2.00 ,2.00 ,12,50
102081005483,Riyadh,2.00 ,2.00 ,12,50
102081005484,Jeddah,2.00 ,2.00 ,12,50
102081005484,Riyadh,2.00 ,2.00 ,12,50
102081005485,Jeddah,2.00 ,2.00 ,12,50
102081005485,Riyadh,2.00 ,2.00 ,12,50
102081005486,Jeddah,2.00 ,2.00 ,12,50
102081005486,Riyadh,1.00 ,2.00 ,12,50
102081005487,Jeddah,2.00 ,2.00 ,12,50
102081005487,Riyadh,1.00 ,2.00 ,12,50
102081005488,Jeddah,2.00 ,2.00 ,12,50
102081005489,Jeddah,2.00 ,2.00 ,12,50
102081005489,Riyadh,2.00 ,3.00 ,12,50
102081005490,Jeddah,2.00 ,2.00 ,12,50
102081005490,Riyadh,1.00 ,1.00 ,12,50
102081005491,Jeddah,2.00 ,2.00 ,12,50
102081005491,Riyadh,2.00 ,3.00 ,12,50
102081005492,Jeddah,2.00 ,2.00 ,12,50
102081005492,Riyadh,8.00 ,9.00 ,12,50
102081005493,Jeddah,2.00 ,2.00 ,12,50
102081005493,Riyadh,2.00 ,3.00 ,12,50
102081005494,Jeddah,2.00 ,2.00 ,12,50
102081005494,Riyadh,4.00 ,5.00 ,12,50
102081005495,Jeddah,2.00 ,2.00 ,12,50
102081005495,Riyadh,1.00 ,2.00 ,12,50
102081005496,Jeddah,2.00 ,2.00 ,12,50
102081005496,Riyadh,1.00 ,2.00 ,12,50
102081005497,Jeddah,2.00 ,2.00 ,12,50
102081005497,Riyadh,2.00 ,3.00 ,12,50
102081005498,Jeddah,2.00 ,2.00 ,12,50
102081005498,Riyadh,2.00 ,2.00 ,12,50
102081005499,Jeddah,1.00 ,1.00 ,12,50
102081005499,Riyadh,1.00 ,1.00 ,12,50
102081005500,Jeddah,1.00 ,1.00 ,12,50
102081005500,Riyadh,1.00 ,1.00 ,12,50
102081005501,Jeddah,1.00 ,1.00 ,12,50
102081005501,Riyadh,3.00 ,4.00 ,12,50
102081005502,Jeddah,1.00 ,1.00 ,12,50
102081005503,Jeddah,1.00 ,1.00 ,12,50
102081005504,Jeddah,1.00 ,1.00 ,12,50
102081005504,Riyadh,2.00 ,2.00 ,12,50
102081005505,Jeddah,1.00 ,1.00 ,12,50
102081005506,Jeddah,1.00 ,1.00 ,12,50
102081005507,Jeddah,1.00 ,1.00 ,12,50
102081005508,Jeddah,1.00 ,1.00 ,12,50
102081005509,Jeddah,1.00 ,1.00 ,12,50
102081005510,Jeddah,2.00 ,2.00 ,6,50
102081005510,Riyadh,2.00 ,3.00 ,6,50
102081005511,Jeddah,2.00 ,2.00 ,6,50
102081005511,Riyadh,1.00 ,1.00 ,6,50
102081005512,Jeddah,2.00 ,2.00 ,6,50
102081005513,Jeddah,1.00 ,1.00 ,6,50
102081005515,Jeddah,2.00 ,2.00 ,12,50
102081005515,Riyadh,1.00 ,2.00 ,12,50
102081005516,Jeddah,2.00 ,2.00 ,12,50
102081005516,Riyadh,1.00 ,1.00 ,12,50
102081005517,Jeddah,2.00 ,2.00 ,12,50
102081005517,Riyadh,1.00 ,1.00 ,12,50
102081005518,Jeddah,2.00 ,2.00 ,12,50
102081005931,Jeddah,69.00 ,91.00 ,1,50
102081005931,Riyadh,14.00 ,17.00 ,1,50
102081005932,Jeddah,64.00 ,94.00 ,1,50
102081005932,Riyadh,68.00 ,85.00 ,1,50
102081007013,Jeddah,1.00 ,2.00 ,1,50
102081007014,Jeddah,1.00 ,1.00 ,1,50
102081007015,Jeddah,1.00 ,1.00 ,1,50
102081007016,Jeddah,1.00 ,1.00 ,1,50
102081007017,Jeddah,1.00 ,1.00 ,1,50
102081007018,Jeddah,2.00 ,2.00 ,1,50
102081007019,Jeddah,1.00 ,1.00 ,1,50
102081007020,Jeddah,2.00 ,3.00 ,1,50
102081007020,Riyadh,1.00 ,1.00 ,1,50
102081007021,Jeddah,2.00 ,2.00 ,1,50
102081007021,Riyadh,1.00 ,1.00 ,1,50
102081007022,Jeddah,1.00 ,1.00 ,1,50
102081007023,Jeddah,1.00 ,1.00 ,1,50
102081007024,Jeddah,2.00 ,2.00 ,1,50
102081007025,Jeddah,1.00 ,1.00 ,1,50
102081007026,Jeddah,1.00 ,1.00 ,1,50
102081007028,Jeddah,2.00 ,3.00 ,1,50
102081007029,Jeddah,2.00 ,3.00 ,1,50
102081007030,Jeddah,3.00 ,4.00 ,1,50
102081007031,Jeddah,2.00 ,3.00 ,1,50
102081007032,Jeddah,2.00 ,3.00 ,1,50
102081007033,Jeddah,1.00 ,1.00 ,1,50
102081007034,Jeddah,1.00 ,1.00 ,1,50
102081007035,Jeddah,1.00 ,1.00 ,1,50
102081007036,Jeddah,2.00 ,2.00 ,1,50
102081007037,Jeddah,2.00 ,2.00 ,1,50
102081007038,Jeddah,1.00 ,1.00 ,1,50
102081007039,Jeddah,1.00 ,1.00 ,1,50
102081007041,Jeddah,1.00 ,1.00 ,1,50
102081007042,Jeddah,1.00 ,1.00 ,1,50
102081007043,Jeddah,1.00 ,1.00 ,1,50
102081007044,Jeddah,1.00 ,1.00 ,1,50
102081007045,Jeddah,1.00 ,1.00 ,1,50
102081007046,Jeddah,1.00 ,1.00 ,1,50
102081007047,Jeddah,1.00 ,1.00 ,1,50
102081007048,Jeddah,2.00 ,2.00 ,1,50
102081007049,Jeddah,1.00 ,1.00 ,1,50
102081007050,Jeddah,2.00 ,2.00 ,1,50
102081007051,Jeddah,1.00 ,1.00 ,1,50
102081007052,Jeddah,1.00 ,1.00 ,1,50
102081007053,Jeddah,1.00 ,2.00 ,1,50
102081007054,Jeddah,2.00 ,2.00 ,1,50
102081007055,Jeddah,2.00 ,2.00 ,1,50
102081007056,Jeddah,2.00 ,3.00 ,1,50
102081007057,Jeddah,2.00 ,2.00 ,1,50
102081007063,Jeddah,3.00 ,5.00 ,1,50
102081007064,Jeddah,3.00 ,3.00 ,1,50
102081007064,Riyadh,1.00 ,1.00 ,1,50
102081007065,Jeddah,2.00 ,2.00 ,1,50
102081007065,Riyadh,1.00 ,1.00 ,1,50
102081007066,Jeddah,2.00 ,2.00 ,1,50
102081007067,Jeddah,2.00 ,3.00 ,1,50
102081007068,Jeddah,2.00 ,2.00 ,1,50
102081007070,Jeddah,16.00 ,20.00 ,1,50
102081007071,Jeddah,1.00 ,1.00 ,1,50
102081007073,Jeddah,1.00 ,1.00 ,1,50
102081007074,Jeddah,2.00 ,3.00 ,1,50
102081007075,Jeddah,2.00 ,2.00 ,1,50
102081007076,Jeddah,2.00 ,2.00 ,1,50
102081007077,Jeddah,2.00 ,2.00 ,1,50
102081007078,Jeddah,1.00 ,1.00 ,1,50
102081007079,Jeddah,1.00 ,1.00 ,1,50
102081007080,Jeddah,2.00 ,2.00 ,1,50
102081007081,Jeddah,2.00 ,2.00 ,1,50
102081007082,Jeddah,1.00 ,1.00 ,1,50
102081007083,Jeddah,2.00 ,3.00 ,1,50
102081007084,Jeddah,1.00 ,1.00 ,1,50
102081007085,Jeddah,1.00 ,1.00 ,1,50
102081007086,Jeddah,1.00 ,1.00 ,1,50
102081007087,Jeddah,1.00 ,1.00 ,1,50
102081007088,Jeddah,1.00 ,1.00 ,1,50
102081007089,Jeddah,1.00 ,1.00 ,1,50
102081007090,Jeddah,2.00 ,2.00 ,1,50
102081007091,Jeddah,1.00 ,1.00 ,1,50
102081007092,Jeddah,2.00 ,2.00 ,1,50
102081007093,Jeddah,2.00 ,2.00 ,1,50
102081007094,Jeddah,2.00 ,2.00 ,1,50
102081007095,Jeddah,2.00 ,2.00 ,1,50
102081007096,Jeddah,1.00 ,1.00 ,1,50
102081007097,Jeddah,1.00 ,1.00 ,1,50
102081007098,Jeddah,2.00 ,2.00 ,1,50
102081007099,Jeddah,2.00 ,2.00 ,1,50
102081007100,Jeddah,2.00 ,2.00 ,1,50
102081007101,Jeddah,2.00 ,2.00 ,1,50
102081007349,Jeddah,2.00 ,3.00 ,1,50
102081007350,Jeddah,4.00 ,6.00 ,1,50
102081007351,Jeddah,5.00 ,7.00 ,1,50
102081007351,Riyadh,1.00 ,1.00 ,1,50
102081007352,Jeddah,2.00 ,2.00 ,1,50
102081007353,Jeddah,2.00 ,2.00 ,1,50
102081007354,Jeddah,2.00 ,2.00 ,1,50
102081007355,Jeddah,2.00 ,2.00 ,1,50
102081007356,Jeddah,2.00 ,2.00 ,1,50
102081007357,Jeddah,2.00 ,2.00 ,1,50
102081007358,Jeddah,2.00 ,2.00 ,1,50
102081007359,Jeddah,2.00 ,2.00 ,1,50
102081007360,Jeddah,2.00 ,2.00 ,1,50
102081007361,Jeddah,2.00 ,2.00 ,1,50
102081007362,Jeddah,2.00 ,2.00 ,1,50
102081007369,Jeddah,7.00 ,9.00 ,1,50
102081007369,Riyadh,6.00 ,8.00 ,1,50
102081007370,Jeddah,5.00 ,6.00 ,1,50
102081007370,Riyadh,1.00 ,1.00 ,1,50
102081007371,Jeddah,27.00 ,37.00 ,1,50
102081007371,Riyadh,28.00 ,34.00 ,1,50
102081007372,Jeddah,5.00 ,7.00 ,1,50
102081007372,Riyadh,4.00 ,5.00 ,1,50
102081007373,Jeddah,6.00 ,8.00 ,1,50
102081007373,Riyadh,2.00 ,3.00 ,1,50
102081007374,Jeddah,7.00 ,9.00 ,1,50
102081007374,Riyadh,2.00 ,2.00 ,1,50
102081007375,Jeddah,8.00 ,11.00 ,1,50
102081007375,Riyadh,3.00 ,3.00 ,1,50
102081007376,Jeddah,2.00 ,2.00 ,1,50
102081007376,Riyadh,2.00 ,2.00 ,1,50
102081007377,Jeddah,17.00 ,23.00 ,1,50
102081007377,Riyadh,13.00 ,16.00 ,1,50
102081007378,Jeddah,20.00 ,26.00 ,1,50
102081007378,Riyadh,19.00 ,23.00 ,1,50
102081007379,Jeddah,21.00 ,28.00 ,1,50
102081007379,Riyadh,20.00 ,25.00 ,1,50
102081007380,Jeddah,14.00 ,18.00 ,1,50
102081007380,Riyadh,4.00 ,4.00 ,1,50
102081007381,Jeddah,8.00 ,11.00 ,1,50
102081007381,Riyadh,2.00 ,3.00 ,1,50
102081007382,Jeddah,18.00 ,24.00 ,1,50
102081007382,Riyadh,10.00 ,12.00 ,1,50
102081007383,Jeddah,10.00 ,13.00 ,1,50
102081007383,Riyadh,16.00 ,20.00 ,1,50
102081007384,Jeddah,23.00 ,30.00 ,1,50
102081007384,Riyadh,13.00 ,16.00 ,1,50
102081007385,Jeddah,19.00 ,27.00 ,1,50
102081007385,Riyadh,21.00 ,27.00 ,1,50
102081007386,Jeddah,25.00 ,35.00 ,1,50
102081007386,Riyadh,21.00 ,27.00 ,1,50
102081007387,Jeddah,26.00 ,34.00 ,1,50
102081007387,Riyadh,23.00 ,29.00 ,1,50
102081007388,Jeddah,3.00 ,3.00 ,1,50
102081007388,Riyadh,7.00 ,10.00 ,1,50
102081007389,Jeddah,25.00 ,34.00 ,1,50
102081007389,Riyadh,23.00 ,29.00 ,1,50
102081007390,Jeddah,29.00 ,37.00 ,1,50
102081007390,Riyadh,180.00 ,222.00 ,1,50
102081007391,Jeddah,30.00 ,39.00 ,1,50
102081007391,Riyadh,41.00 ,51.00 ,1,50
102081007392,Jeddah,47.00 ,62.00 ,1,50
102081007392,Riyadh,159.00 ,197.00 ,1,50
102081007393,Jeddah,1.00 ,1.00 ,1,50
102081007393,Riyadh,1.00 ,2.00 ,1,50
102081007394,Jeddah,1.00 ,2.00 ,1,50
102081007396,Jeddah,3.00 ,4.00 ,1,50
102081007396,Riyadh,1.00 ,1.00 ,1,50
102081008172,Jeddah,1.00 ,1.00 ,1,50
102081008173,Jeddah,1.00 ,1.00 ,1,50
102081008174,Jeddah,1.00 ,1.00 ,1,50
102081008194,Jeddah,7.00 ,9.00 ,1,50
102081008194,Riyadh,3.00 ,3.00 ,1,50
102081008195,Jeddah,7.00 ,9.00 ,1,50
102081008195,Riyadh,9.00 ,11.00 ,1,50
102081008196,Jeddah,2.00 ,3.00 ,1,50
102081008199,Riyadh,3.00 ,4.00 ,1,50
102081008200,Jeddah,1.00 ,1.00 ,1,50
102081008202,Jeddah,1.00 ,1.00 ,1,50
102081008205,Jeddah,1.00 ,1.00 ,1,50
102081008206,Jeddah,1.00 ,1.00 ,1,50
102081008207,Jeddah,1.00 ,1.00 ,1,50
102081008309,Jeddah,58.00 ,81.00 ,1,50
103011001550,Jeddah,1.00 ,1.00 ,1,50
103011001838,Jeddah,30.00 ,38.00 ,1,50
103011001838,Riyadh,26.00 ,32.00 ,1,50
103011001839,Jeddah,45.00 ,57.00 ,1,50
103011001839,Riyadh,22.00 ,27.00 ,1,50
103011001840,Jeddah,79.00 ,105.00 ,1,50
103011001840,Riyadh,1.00 ,2.00 ,1,50
103011001841,Jeddah,8.00 ,10.00 ,1,50
103011001841,Riyadh,6.00 ,8.00 ,1,50
103011001842,Jeddah,20.00 ,26.00 ,1,50
103011001842,Riyadh,25.00 ,30.00 ,1,50
103011001843,Jeddah,89.00 ,114.00 ,1,50
103011001843,Riyadh,18.00 ,21.00 ,1,50
103011001844,Jeddah,17.00 ,21.00 ,1,50
103011001844,Riyadh,18.00 ,22.00 ,1,50
103011001845,Jeddah,34.00 ,43.00 ,1,50
103011001845,Riyadh,25.00 ,30.00 ,1,50
103011001846,Jeddah,2.00 ,3.00 ,1,50
103011001847,Jeddah,12.00 ,16.00 ,1,50
103011001847,Riyadh,4.00 ,5.00 ,1,50
103011001848,Jeddah,4.00 ,5.00 ,1,50
103011001849,Jeddah,6.00 ,8.00 ,1,50
103011001849,Riyadh,8.00 ,10.00 ,1,50
103011001850,Jeddah,3.00 ,4.00 ,1,50
103011001850,Riyadh,7.00 ,9.00 ,1,50
103011001856,Jeddah,123.00 ,151.00 ,1,50
103011001856,Riyadh,256.00 ,329.00 ,1,50
103011001857,Jeddah,127.00 ,157.00 ,1,50
103011001857,Riyadh,357.00 ,464.00 ,1,50
103011001858,Jeddah,26.00 ,33.00 ,1,50
103011001858,Riyadh,311.00 ,405.00 ,1,50
103011001859,Jeddah,43.00 ,55.00 ,1,50
103011001859,Riyadh,105.00 ,128.00 ,1,50
103011001860,Jeddah,52.00 ,67.00 ,1,50
103011001860,Riyadh,125.00 ,169.00 ,1,50
103011001861,Jeddah,37.00 ,47.00 ,1,50
103011001861,Riyadh,177.00 ,212.00 ,1,50
103011001862,Jeddah,22.00 ,27.00 ,1,50
103011001862,Riyadh,117.00 ,144.00 ,1,50
103011001863,Jeddah,26.00 ,35.00 ,1,50
103011001863,Riyadh,118.00 ,145.00 ,1,50
103011001864,Jeddah,17.00 ,22.00 ,1,50
103011001864,Riyadh,140.00 ,168.00 ,1,50
103011001865,Jeddah,15.00 ,20.00 ,1,50
103011001865,Riyadh,115.00 ,141.00 ,1,50
103011001866,Jeddah,11.00 ,14.00 ,1,50
103011001866,Riyadh,200.00 ,239.00 ,1,50
103011001867,Jeddah,18.00 ,23.00 ,1,50
103011001867,Riyadh,187.00 ,224.00 ,1,50
103011001868,Jeddah,31.00 ,39.00 ,1,50
103011001868,Riyadh,469.00 ,572.00 ,1,50
103011001869,Jeddah,24.00 ,32.00 ,1,50
103011001869,Riyadh,126.00 ,155.00 ,1,50
103011001870,Jeddah,26.00 ,35.00 ,1,50
103011001870,Riyadh,210.00 ,252.00 ,1,50
103011001871,Jeddah,84.00 ,111.00 ,1,50
103011001871,Riyadh,115.00 ,141.00 ,1,50
103011001872,Jeddah,17.00 ,23.00 ,1,50
103011001872,Riyadh,6.00 ,7.00 ,1,50
103011001873,Jeddah,9.00 ,12.00 ,1,50
103011001873,Riyadh,283.00 ,341.00 ,1,50
103011001874,Jeddah,27.00 ,38.00 ,1,50
103011001874,Riyadh,194.00 ,233.00 ,1,50
103011001875,Jeddah,23.00 ,31.00 ,1,50
103011001875,Riyadh,107.00 ,131.00 ,1,50
103011001876,Jeddah,25.00 ,35.00 ,1,50
103011001876,Riyadh,201.00 ,256.00 ,1,50
103011001877,Jeddah,9.00 ,12.00 ,1,50
103011001877,Riyadh,65.00 ,77.00 ,1,50
103011001878,Jeddah,25.00 ,34.00 ,1,50
103011001878,Riyadh,35.00 ,42.00 ,1,50
103011001879,Jeddah,26.00 ,36.00 ,1,50
103011001879,Riyadh,93.00 ,112.00 ,1,50
103011001880,Jeddah,8.00 ,10.00 ,1,50
103011001880,Riyadh,63.00 ,77.00 ,1,50
103011001881,Jeddah,43.00 ,54.00 ,1,50
103011001881,Riyadh,65.00 ,81.00 ,1,50
103011001882,Jeddah,47.00 ,62.00 ,1,50
103011001882,Riyadh,122.00 ,162.00 ,1,50
103011001883,Jeddah,49.00 ,64.00 ,1,50
103011001883,Riyadh,163.00 ,203.00 ,1,50
103011001884,Jeddah,11.00 ,13.00 ,1,50
103011001884,Riyadh,32.00 ,38.00 ,1,50
103011001885,Jeddah,9.00 ,11.00 ,1,50
103011001885,Riyadh,20.00 ,24.00 ,1,50
103011001886,Jeddah,3.00 ,3.00 ,1,50
103011001886,Riyadh,5.00 ,6.00 ,1,50
103011001887,Jeddah,4.00 ,5.00 ,1,50
103011001887,Riyadh,7.00 ,8.00 ,1,50
103011001888,Jeddah,5.00 ,6.00 ,1,50
103011001888,Riyadh,33.00 ,39.00 ,1,50
103011001889,Jeddah,4.00 ,5.00 ,1,50
103011001889,Riyadh,4.00 ,5.00 ,1,50
103011001890,Jeddah,4.00 ,5.00 ,1,50
103011001890,Riyadh,1.00 ,1.00 ,1,50
103011001891,Jeddah,4.00 ,5.00 ,1,50
103011001891,Riyadh,24.00 ,28.00 ,1,50
103011001892,Jeddah,3.00 ,3.00 ,1,50
103011001892,Riyadh,181.00 ,235.00 ,1,50
103011001893,Jeddah,3.00 ,3.00 ,1,50
103011001893,Riyadh,7.00 ,9.00 ,1,50
103011001894,Jeddah,4.00 ,5.00 ,1,50
103011001894,Riyadh,7.00 ,8.00 ,1,50
103011001895,Jeddah,3.00 ,4.00 ,1,50
103011001895,Riyadh,4.00 ,5.00 ,1,50
103011001896,Jeddah,3.00 ,4.00 ,1,50
103011001896,Riyadh,34.00 ,41.00 ,1,50
103011001897,Jeddah,3.00 ,3.00 ,1,50
103011001897,Riyadh,1.00 ,2.00 ,1,50
103011001898,Jeddah,4.00 ,6.00 ,1,50
103011001898,Riyadh,3.00 ,4.00 ,1,50
103011001899,Jeddah,4.00 ,5.00 ,1,50
103011001899,Riyadh,2.00 ,2.00 ,1,50
103011001900,Jeddah,1.00 ,1.00 ,1,50
103011001901,Jeddah,13.00 ,16.00 ,1,50
103011001901,Riyadh,15.00 ,18.00 ,1,50
103011001902,Jeddah,6.00 ,8.00 ,1,50
103011001902,Riyadh,7.00 ,9.00 ,1,50
103011001903,Jeddah,16.00 ,21.00 ,1,50
103011001903,Riyadh,95.00 ,125.00 ,1,50
103011001904,Jeddah,3.00 ,3.00 ,1,50
103011001904,Riyadh,2.00 ,3.00 ,1,50
103011001905,Jeddah,3.00 ,4.00 ,1,50
103011001905,Riyadh,5.00 ,7.00 ,1,50
103011001906,Riyadh,1.00 ,1.00 ,1,50
103011001907,Jeddah,12.00 ,14.00 ,1,50
103011001907,Riyadh,19.00 ,23.00 ,1,50
103011001908,Jeddah,24.00 ,29.00 ,1,50
103011001908,Riyadh,3.00 ,3.00 ,1,50
103011001909,Jeddah,5.00 ,7.00 ,1,50
103011001909,Riyadh,11.00 ,13.00 ,1,50
103011001910,Jeddah,7.00 ,8.00 ,1,50
103011001910,Riyadh,28.00 ,34.00 ,1,50
103011001911,Jeddah,14.00 ,18.00 ,1,50
103011001911,Riyadh,1.00 ,1.00 ,1,50
103011001912,Jeddah,4.00 ,5.00 ,1,50
103011001912,Riyadh,3.00 ,3.00 ,1,50
103011001913,Jeddah,4.00 ,5.00 ,1,50
103011001913,Riyadh,29.00 ,35.00 ,1,50
103011001914,Jeddah,2.00 ,2.00 ,1,50
103011001914,Riyadh,2.00 ,3.00 ,1,50
103011001915,Jeddah,5.00 ,7.00 ,1,50
103011001915,Riyadh,3.00 ,4.00 ,1,50
103011001916,Jeddah,14.00 ,17.00 ,1,50
103011001916,Riyadh,18.00 ,21.00 ,1,50
103011001917,Jeddah,14.00 ,17.00 ,1,50
103011001917,Riyadh,2.00 ,2.00 ,1,50
103011001918,Jeddah,4.00 ,5.00 ,1,50
103011001918,Riyadh,2.00 ,3.00 ,1,50
103011001919,Jeddah,4.00 ,5.00 ,1,50
103011001919,Riyadh,5.00 ,6.00 ,1,50
103011001920,Jeddah,54.00 ,76.00 ,1,50
103011001920,Riyadh,34.00 ,41.00 ,1,50
103011001921,Jeddah,4.00 ,5.00 ,1,50
103011001921,Riyadh,27.00 ,33.00 ,1,50
103011001922,Jeddah,4.00 ,6.00 ,1,50
103011001922,Riyadh,29.00 ,35.00 ,1,50
103011001924,Jeddah,4.00 ,5.00 ,1,50
103011001924,Riyadh,3.00 ,3.00 ,1,50
103011001925,Jeddah,7.00 ,10.00 ,1,50
103011001925,Riyadh,33.00 ,39.00 ,1,50
103011001937,Jeddah,18.00 ,23.00 ,1,50
103011001937,Riyadh,3.00 ,4.00 ,1,50
103011001938,Jeddah,1.00 ,1.00 ,1,50
103011001938,Riyadh,1.00 ,2.00 ,1,50
103011001939,Jeddah,6.00 ,8.00 ,1,50
103011001939,Riyadh,2.00 ,3.00 ,1,50
103011001940,Jeddah,10.00 ,14.00 ,1,50
103011001940,Riyadh,18.00 ,22.00 ,1,50
103011001941,Jeddah,12.00 ,15.00 ,1,50
103011001941,Riyadh,17.00 ,20.00 ,1,50
103011001942,Jeddah,7.00 ,9.00 ,1,50
103011001942,Riyadh,9.00 ,11.00 ,1,50
103011001943,Jeddah,3.00 ,4.00 ,1,50
103011001944,Jeddah,6.00 ,8.00 ,1,50
103011001944,Riyadh,13.00 ,16.00 ,1,50
103011001946,Jeddah,3.00 ,3.00 ,1,50
103011001946,Riyadh,2.00 ,2.00 ,1,50
103011001947,Jeddah,3.00 ,4.00 ,1,50
103011001947,Riyadh,1.00 ,1.00 ,1,50
103011001948,Jeddah,3.00 ,3.00 ,1,50
103011001948,Riyadh,1.00 ,2.00 ,1,50
103011001949,Jeddah,3.00 ,3.00 ,1,50
103011001949,Riyadh,1.00 ,1.00 ,1,50
103011001950,Jeddah,3.00 ,3.00 ,1,50
103011001950,Riyadh,1.00 ,1.00 ,1,50
103011001951,Jeddah,2.00 ,3.00 ,1,50
103011001951,Riyadh,1.00 ,1.00 ,1,50
103011001952,Jeddah,2.00 ,3.00 ,1,50
103011001952,Riyadh,1.00 ,1.00 ,1,50
103011001953,Jeddah,2.00 ,3.00 ,1,50
103011001953,Riyadh,1.00 ,1.00 ,1,50
103011001954,Jeddah,3.00 ,3.00 ,1,50
103011001954,Riyadh,1.00 ,1.00 ,1,50
103011001955,Jeddah,2.00 ,3.00 ,1,50
103011001955,Riyadh,1.00 ,1.00 ,1,50
103011001956,Jeddah,2.00 ,3.00 ,1,50
103011001956,Riyadh,1.00 ,1.00 ,1,50
103011001957,Jeddah,3.00 ,3.00 ,1,50
103011001957,Riyadh,1.00 ,1.00 ,1,50
103011001958,Jeddah,1.00 ,1.00 ,1,50
103011001959,Jeddah,2.00 ,3.00 ,1,50
103011001959,Riyadh,1.00 ,1.00 ,1,50
103011001960,Jeddah,2.00 ,3.00 ,1,50
103011001961,Jeddah,2.00 ,3.00 ,1,50
103011001961,Riyadh,1.00 ,1.00 ,1,50
103011001972,Jeddah,17.00 ,22.00 ,1,50
103011001972,Riyadh,3.00 ,3.00 ,1,50
103011001973,Jeddah,7.00 ,10.00 ,1,50
103011001973,Riyadh,14.00 ,17.00 ,1,50
103011001974,Jeddah,52.00 ,65.00 ,1,50
103011001974,Riyadh,17.00 ,20.00 ,1,50
103011001975,Jeddah,6.00 ,8.00 ,1,50
103011001975,Riyadh,1.00 ,2.00 ,1,50
103011001976,Jeddah,16.00 ,22.00 ,1,50
103011001976,Riyadh,1.00 ,1.00 ,1,50
103011001977,Jeddah,80.00 ,108.00 ,1,50
103011001977,Riyadh,1.00 ,1.00 ,1,50
103011001978,Jeddah,61.00 ,81.00 ,1,50
103011001978,Riyadh,12.00 ,14.00 ,1,50
103011001979,Jeddah,7.00 ,9.00 ,1,50
103011001979,Riyadh,1.00 ,2.00 ,1,50
103011001980,Jeddah,5.00 ,7.00 ,1,50
103011001980,Riyadh,1.00 ,2.00 ,1,50
103011001981,Jeddah,68.00 ,88.00 ,1,50
103011001981,Riyadh,1.00 ,1.00 ,1,50
103011001982,Jeddah,12.00 ,15.00 ,1,50
103011001982,Riyadh,11.00 ,13.00 ,1,50
103011001983,Jeddah,77.00 ,100.00 ,1,50
103011001983,Riyadh,1.00 ,1.00 ,1,50
103011001984,Jeddah,15.00 ,19.00 ,1,50
103011001984,Riyadh,11.00 ,13.00 ,1,50
103011001985,Jeddah,43.00 ,58.00 ,1,50
103011001985,Riyadh,1.00 ,1.00 ,1,50
103011001986,Jeddah,81.00 ,106.00 ,1,50
103011001986,Riyadh,9.00 ,11.00 ,1,50
103011001987,Jeddah,6.00 ,9.00 ,1,50
103011001987,Riyadh,6.00 ,7.00 ,1,50
103011001988,Jeddah,6.00 ,8.00 ,1,50
103011001988,Riyadh,8.00 ,10.00 ,1,50
103011001989,Jeddah,11.00 ,13.00 ,1,50
103011001989,Riyadh,2.00 ,2.00 ,1,50
103011001990,Jeddah,43.00 ,60.00 ,1,50
103011001990,Riyadh,1.00 ,2.00 ,1,50
103011001991,Jeddah,4.00 ,6.00 ,1,50
103011001991,Riyadh,3.00 ,4.00 ,1,50
103011001992,Jeddah,8.00 ,10.00 ,1,50
103011001992,Riyadh,13.00 ,16.00 ,1,50
103011001993,Jeddah,6.00 ,9.00 ,1,50
103011001993,Riyadh,7.00 ,8.00 ,1,50
103011001994,Jeddah,68.00 ,92.00 ,1,50
103011001994,Riyadh,6.00 ,7.00 ,1,50
103011001995,Jeddah,12.00 ,15.00 ,1,50
103011001995,Riyadh,8.00 ,10.00 ,1,50
103011001996,Jeddah,1.00 ,2.00 ,1,50
103011001996,Riyadh,1.00 ,2.00 ,1,50
103011001997,Jeddah,146.00 ,190.00 ,1,50
103011001997,Riyadh,93.00 ,116.00 ,1,50
103011001998,Jeddah,148.00 ,192.00 ,1,50
103011001998,Riyadh,80.00 ,98.00 ,1,50
103011002000,Jeddah,5.00 ,6.00 ,1,50
103011002000,Riyadh,4.00 ,4.00 ,1,50
103011002028,Jeddah,"1,099.00 ","1,379.00 ",1,50
103011002028,Riyadh,42.00 ,51.00 ,1,50
103011002029,Jeddah,1.00 ,1.00 ,1,50
103011002030,Jeddah,333.00 ,412.00 ,1,50
103011002030,Riyadh,11.00 ,13.00 ,1,50
103011002031,Jeddah,197.00 ,249.00 ,1,50
103011002031,Riyadh,12.00 ,15.00 ,1,50
103011002032,Jeddah,158.00 ,196.00 ,1,50
103011002032,Riyadh,7.00 ,9.00 ,1,50
103011002033,Jeddah,178.00 ,222.00 ,1,50
103011002033,Riyadh,15.00 ,19.00 ,1,50
103011002034,Jeddah,507.00 ,643.00 ,1,50
103011002034,Riyadh,28.00 ,34.00 ,1,50
103011002035,Jeddah,47.00 ,62.00 ,1,50
103011002035,Riyadh,27.00 ,35.00 ,1,50
103011002036,Jeddah,482.00 ,633.00 ,1,50
103011002036,Riyadh,24.00 ,28.00 ,1,50
103011002037,Jeddah,19.00 ,26.00 ,1,50
103011002037,Riyadh,17.00 ,20.00 ,1,50
103011002038,Jeddah,20.00 ,27.00 ,1,50
103011002038,Riyadh,34.00 ,41.00 ,1,50
103011002039,Jeddah,22.00 ,28.00 ,1,50
103011002040,Jeddah,43.00 ,55.00 ,1,50
103011002040,Riyadh,81.00 ,100.00 ,1,50
103011002041,Jeddah,11.00 ,15.00 ,1,50
103011002041,Riyadh,11.00 ,14.00 ,1,50
103011002042,Jeddah,14.00 ,18.00 ,1,50
103011002042,Riyadh,17.00 ,20.00 ,1,50
103011002043,Jeddah,46.00 ,64.00 ,1,50
103011002043,Riyadh,76.00 ,93.00 ,1,50
103011002044,Jeddah,5.00 ,7.00 ,1,50
103011002044,Riyadh,8.00 ,10.00 ,1,50
103011002045,Jeddah,46.00 ,57.00 ,1,50
103011002045,Riyadh,905.00 ,"1,128.00 ",1,50
103011002248,Jeddah,175.00 ,219.00 ,1,50
103011002248,Riyadh,3.00 ,4.00 ,1,50
103011002249,Jeddah,35.00 ,46.00 ,1,50
103011002249,Riyadh,12.00 ,14.00 ,1,50
103011002251,Jeddah,202.00 ,253.00 ,1,50
103011002251,Riyadh,13.00 ,17.00 ,1,50
103011002253,Jeddah,321.00 ,402.00 ,1,50
103011002253,Riyadh,7.00 ,8.00 ,1,50
103011002263,Jeddah,1.00 ,1.00 ,1,50
103011002263,Riyadh,4.00 ,5.00 ,1,50
103011002264,Jeddah,3.00 ,4.00 ,1,50
103011002264,Riyadh,1.00 ,1.00 ,1,50
103011002265,Jeddah,5.00 ,7.00 ,1,50
103011002265,Riyadh,2.00 ,2.00 ,1,50
103011002266,Jeddah,6.00 ,8.00 ,1,50
103011002266,Riyadh,3.00 ,3.00 ,1,50
103011002270,Jeddah,12.00 ,15.00 ,1,50
103011002270,Riyadh,8.00 ,10.00 ,1,50
103011002271,Jeddah,11.00 ,15.00 ,1,50
103011002271,Riyadh,3.00 ,4.00 ,1,50
103011002272,Jeddah,6.00 ,7.00 ,1,50
103011002272,Riyadh,5.00 ,6.00 ,1,50
103011002273,Jeddah,13.00 ,17.00 ,1,50
103011002273,Riyadh,10.00 ,12.00 ,1,50
103011002274,Jeddah,7.00 ,9.00 ,1,50
103011002274,Riyadh,4.00 ,5.00 ,1,50
103011002275,Jeddah,9.00 ,12.00 ,1,50
103011002275,Riyadh,20.00 ,26.00 ,1,50
103011002276,Jeddah,8.00 ,11.00 ,1,50
103011002276,Riyadh,6.00 ,7.00 ,1,50
103011002277,Jeddah,68.00 ,87.00 ,1,50
103011002277,Riyadh,81.00 ,101.00 ,1,50
103011002305,Jeddah,3.00 ,4.00 ,1,50
103011002305,Riyadh,9.00 ,10.00 ,1,50
103011002306,Jeddah,1.00 ,1.00 ,1,50
103011002306,Riyadh,6.00 ,7.00 ,1,50
103011002308,Jeddah,10.00 ,13.00 ,1,50
103011002308,Riyadh,1.00 ,2.00 ,1,50
103011002309,Jeddah,5.00 ,7.00 ,1,50
103011002309,Riyadh,1.00 ,2.00 ,1,50
103011002326,Jeddah,8.00 ,11.00 ,1,50
103011002326,Riyadh,6.00 ,7.00 ,1,50
103011002334,Jeddah,5.00 ,6.00 ,1,50
103011002334,Riyadh,8.00 ,10.00 ,1,50
103011002363,Jeddah,10.00 ,14.00 ,1,50
103011002363,Riyadh,4.00 ,5.00 ,1,50
103011002364,Jeddah,10.00 ,14.00 ,1,50
103011002367,Jeddah,1.00 ,1.00 ,1,50
103011002367,Riyadh,6.00 ,7.00 ,1,50
103011002376,Jeddah,5.00 ,6.00 ,1,50
103011002376,Riyadh,3.00 ,4.00 ,1,50
103011002377,Jeddah,4.00 ,5.00 ,1,50
103011002382,Jeddah,6.00 ,7.00 ,1,50
103011002382,Riyadh,4.00 ,5.00 ,1,50
103011002383,Jeddah,4.00 ,6.00 ,1,50
103011002383,Riyadh,15.00 ,19.00 ,1,50
103011002384,Jeddah,4.00 ,6.00 ,1,50
103011002384,Riyadh,6.00 ,7.00 ,1,50
103011002386,Jeddah,10.00 ,13.00 ,1,50
103011002394,Jeddah,4.00 ,5.00 ,1,50
103011002394,Riyadh,9.00 ,12.00 ,1,50
103011002401,Jeddah,2.00 ,3.00 ,1,50
103011002401,Riyadh,7.00 ,8.00 ,1,50
103011002407,Jeddah,1.00 ,1.00 ,1,50
103011002411,Jeddah,1.00 ,1.00 ,1,50
103011002411,Riyadh,3.00 ,3.00 ,1,50
103011002413,Jeddah,1.00 ,1.00 ,1,50
103011002430,Jeddah,228.00 ,305.00 ,1,50
103011002430,Riyadh,13.00 ,16.00 ,1,50
103011002431,Jeddah,328.00 ,433.00 ,1,50
103011002431,Riyadh,15.00 ,18.00 ,1,50
103011002614,Jeddah,3.00 ,4.00 ,36,50
103011002615,Jeddah,1.00 ,1.00 ,1,50
103011002615,Riyadh,1.00 ,2.00 ,1,50
103011002616,Jeddah,6.00 ,9.00 ,36,50
103011002616,Riyadh,3.00 ,4.00 ,36,50
103011002617,Jeddah,8.00 ,11.00 ,36,50
103011002617,Riyadh,7.00 ,9.00 ,36,50
103011002618,Jeddah,7.00 ,8.00 ,36,50
103011002618,Riyadh,2.00 ,2.00 ,36,50
103011002619,Jeddah,1.00 ,2.00 ,36,50
103011002619,Riyadh,10.00 ,12.00 ,36,50
103011002620,Jeddah,8.00 ,10.00 ,72,50
103011002620,Riyadh,12.00 ,15.00 ,72,50
103011002621,Jeddah,1.00 ,1.00 ,72,50
103011002621,Riyadh,3.00 ,4.00 ,72,50
103011002622,Jeddah,14.00 ,19.00 ,48,50
103011002623,Jeddah,3.00 ,4.00 ,48,50
103011002623,Riyadh,4.00 ,6.00 ,48,50
103011002624,Jeddah,4.00 ,5.00 ,42,50
103011002625,Jeddah,4.00 ,5.00 ,42,50
103011002627,Jeddah,3.00 ,4.00 ,42,50
103011002628,Jeddah,1.00 ,1.00 ,36,50
103011002628,Riyadh,2.00 ,3.00 ,36,50
103011002629,Jeddah,5.00 ,6.00 ,36,50
103011002629,Riyadh,10.00 ,11.00 ,36,50
103011002630,Jeddah,4.00 ,5.00 ,48,50
103011002630,Riyadh,11.00 ,13.00 ,48,50
103011002631,Jeddah,1.00 ,2.00 ,48,50
103011002631,Riyadh,14.00 ,18.00 ,48,50
103011002633,Jeddah,1.00 ,1.00 ,24,50
103011002633,Riyadh,9.00 ,11.00 ,24,50
103011002634,Jeddah,4.00 ,5.00 ,18,50
103011002634,Riyadh,5.00 ,6.00 ,18,50
103011002635,Jeddah,5.00 ,6.00 ,18,50
103011002636,Jeddah,8.00 ,10.00 ,12,50
103011002636,Riyadh,2.00 ,2.00 ,12,50
103011002637,Jeddah,4.00 ,6.00 ,12,50
103011002638,Jeddah,7.00 ,8.00 ,12,50
103011002638,Riyadh,1.00 ,1.00 ,12,50
103011002639,Jeddah,7.00 ,9.00 ,12,50
103011002639,Riyadh,1.00 ,1.00 ,12,50
103011002640,Jeddah,1.00 ,1.00 ,84,50
103011002641,Jeddah,1.00 ,1.00 ,84,50
103011002642,Jeddah,1.00 ,1.00 ,84,50
103011002643,Jeddah,5.00 ,6.00 ,16,50
103011002643,Riyadh,2.00 ,3.00 ,16,50
103011002644,Jeddah,3.00 ,4.00 ,16,50
103011002644,Riyadh,1.00 ,1.00 ,16,50
103011002645,Jeddah,1.00 ,1.00 ,16,50
103011002645,Riyadh,4.00 ,5.00 ,16,50
103011002652,Jeddah,3.00 ,4.00 ,12,50
103011002652,Riyadh,8.00 ,10.00 ,12,50
103011002653,Jeddah,1.00 ,1.00 ,12,50
103011002653,Riyadh,6.00 ,8.00 ,12,50
103011002654,Jeddah,2.00 ,3.00 ,12,50
103011002654,Riyadh,3.00 ,3.00 ,12,50
103011002655,Jeddah,2.00 ,3.00 ,1,50
103011002656,Jeddah,25.00 ,32.00 ,12,50
103011002656,Riyadh,6.00 ,7.00 ,12,50
103011002657,Jeddah,1.00 ,1.00 ,36,50
103011002658,Jeddah,4.00 ,6.00 ,12,50
103011002658,Riyadh,3.00 ,4.00 ,12,50
103011002659,Jeddah,1.00 ,1.00 ,1,50
103011002660,Jeddah,1.00 ,1.00 ,12,50
103011002660,Riyadh,35.00 ,42.00 ,12,50
103011002661,Jeddah,1.00 ,2.00 ,1,50
103011002662,Jeddah,11.00 ,15.00 ,36,50
103011002662,Riyadh,14.00 ,18.00 ,36,50
103011002663,Jeddah,7.00 ,8.00 ,36,50
103011002663,Riyadh,4.00 ,4.00 ,36,50
103011002664,Jeddah,3.00 ,5.00 ,36,50
103011002665,Jeddah,1.00 ,1.00 ,36,50
103011002666,Jeddah,10.00 ,12.00 ,36,50
103011002666,Riyadh,1.00 ,2.00 ,36,50
103011002667,Jeddah,11.00 ,15.00 ,36,50
103011002667,Riyadh,5.00 ,6.00 ,36,50
103011002668,Jeddah,3.00 ,4.00 ,36,50
103011002668,Riyadh,7.00 ,9.00 ,36,50
103011002669,Jeddah,11.00 ,15.00 ,36,50
103011002670,Jeddah,11.00 ,15.00 ,36,50
103011002670,Riyadh,1.00 ,1.00 ,36,50
103011002671,Jeddah,1.00 ,1.00 ,36,50
103011002671,Riyadh,2.00 ,3.00 ,36,50
103011002674,Jeddah,1.00 ,1.00 ,1,50
103011002674,Riyadh,8.00 ,9.00 ,1,50
103011002675,Jeddah,1.00 ,1.00 ,24,50
103011002675,Riyadh,6.00 ,8.00 ,24,50
103011002679,Jeddah,3.00 ,4.00 ,24,50
103011002679,Riyadh,4.00 ,6.00 ,24,50
103011002680,Jeddah,1.00 ,1.00 ,12,50
103011002680,Riyadh,4.00 ,4.00 ,12,50
103011002681,Jeddah,1.00 ,1.00 ,12,50
103011002681,Riyadh,1.00 ,2.00 ,12,50
103011002682,Jeddah,3.00 ,4.00 ,12,50
103011002683,Jeddah,1.00 ,1.00 ,12,50
103011002683,Riyadh,1.00 ,2.00 ,12,50
103011002684,Jeddah,1.00 ,1.00 ,12,50
103011002685,Jeddah,1.00 ,1.00 ,12,50
103011002686,Jeddah,1.00 ,1.00 ,12,50
103011002688,Jeddah,4.00 ,5.00 ,12,50
103011002688,Riyadh,3.00 ,4.00 ,12,50
103011002690,Jeddah,3.00 ,4.00 ,12,50
103011002690,Riyadh,2.00 ,2.00 ,12,50
103011002691,Jeddah,1.00 ,1.00 ,12,50
103011002692,Jeddah,1.00 ,1.00 ,12,50
103011002692,Riyadh,1.00 ,1.00 ,12,50
103011002693,Jeddah,1.00 ,1.00 ,12,50
103011002693,Riyadh,1.00 ,1.00 ,12,50
103011002819,Riyadh,2.00 ,3.00 ,1,50
103011002820,Riyadh,5.00 ,6.00 ,1,50
103011002821,Riyadh,3.00 ,3.00 ,1,50
103011002822,Jeddah,3.00 ,4.00 ,1,50
103011002822,Riyadh,2.00 ,2.00 ,1,50
103011002823,Riyadh,1.00 ,2.00 ,1,50
103011002847,Riyadh,1.00 ,1.00 ,1,50
103011002848,Jeddah,4.00 ,5.00 ,1,50
103011002848,Riyadh,2.00 ,2.00 ,1,50
103011002849,Riyadh,4.00 ,5.00 ,1,50
103011002850,Riyadh,2.00 ,2.00 ,1,50
103011002851,Riyadh,2.00 ,2.00 ,1,50
103011002852,Riyadh,1.00 ,1.00 ,1,50
103011002853,Riyadh,21.00 ,27.00 ,1,50
103011002854,Riyadh,2.00 ,2.00 ,1,50
103011002855,Jeddah,7.00 ,10.00 ,1,50
103011002855,Riyadh,3.00 ,4.00 ,1,50
103011002857,Riyadh,2.00 ,3.00 ,1,50
103011002858,Jeddah,5.00 ,7.00 ,1,50
103011002858,Riyadh,2.00 ,2.00 ,1,50
103011002859,Jeddah,3.00 ,4.00 ,1,50
103011002859,Riyadh,3.00 ,4.00 ,1,50
103011002860,Jeddah,2.00 ,3.00 ,1,50
103011002860,Riyadh,2.00 ,2.00 ,1,50
103011002861,Jeddah,3.00 ,4.00 ,1,50
103011002861,Riyadh,6.00 ,8.00 ,1,50
103011002862,Riyadh,2.00 ,3.00 ,1,50
103011002863,Riyadh,17.00 ,21.00 ,1,50
103011002864,Riyadh,11.00 ,14.00 ,1,50
103011002865,Riyadh,2.00 ,3.00 ,1,50
103011002866,Riyadh,3.00 ,3.00 ,1,50
103011002867,Riyadh,8.00 ,10.00 ,1,50
103011002868,Jeddah,10.00 ,12.00 ,1,50
103011002868,Riyadh,9.00 ,11.00 ,1,50
103011002869,Jeddah,4.00 ,5.00 ,1,50
103011002869,Riyadh,6.00 ,7.00 ,1,50
103011002870,Jeddah,10.00 ,12.00 ,1,50
103011002870,Riyadh,4.00 ,4.00 ,1,50
103011002871,Jeddah,5.00 ,6.00 ,1,50
103011002871,Riyadh,2.00 ,2.00 ,1,50
103011002872,Jeddah,4.00 ,5.00 ,1,50
103011002872,Riyadh,5.00 ,6.00 ,1,50
103011002873,Jeddah,4.00 ,5.00 ,1,50
103011002873,Riyadh,5.00 ,6.00 ,1,50
103011002874,Jeddah,4.00 ,5.00 ,1,50
103011002874,Riyadh,3.00 ,4.00 ,1,50
103011002875,Jeddah,7.00 ,9.00 ,1,50
103011002875,Riyadh,5.00 ,6.00 ,1,50
103011002876,Jeddah,7.00 ,9.00 ,1,50
103011002876,Riyadh,10.00 ,12.00 ,1,50
103011002877,Jeddah,3.00 ,4.00 ,1,50
103011002877,Riyadh,6.00 ,7.00 ,1,50
103011002878,Jeddah,27.00 ,32.00 ,1,50
103011002878,Riyadh,3.00 ,4.00 ,1,50
103011002879,Jeddah,13.00 ,17.00 ,1,50
103011002879,Riyadh,14.00 ,17.00 ,1,50
103011002880,Jeddah,16.00 ,20.00 ,1,50
103011002880,Riyadh,6.00 ,7.00 ,1,50
103011002881,Jeddah,17.00 ,21.00 ,1,50
103011002881,Riyadh,3.00 ,4.00 ,1,50
103011002882,Jeddah,7.00 ,8.00 ,1,50
103011002882,Riyadh,5.00 ,7.00 ,1,50
103011002883,Jeddah,2.00 ,2.00 ,1,50
103011002883,Riyadh,4.00 ,5.00 ,1,50
103011002884,Jeddah,29.00 ,35.00 ,1,50
103011002884,Riyadh,2.00 ,2.00 ,1,50
103011002885,Jeddah,1.00 ,1.00 ,1,50
103011002886,Jeddah,5.00 ,6.00 ,1,50
103011002886,Riyadh,3.00 ,4.00 ,1,50
103011002887,Jeddah,4.00 ,5.00 ,1,50
103011002887,Riyadh,4.00 ,5.00 ,1,50
103011002888,Jeddah,16.00 ,20.00 ,1,50
103011002888,Riyadh,15.00 ,17.00 ,1,50
103011002889,Jeddah,8.00 ,11.00 ,1,50
103011002889,Riyadh,13.00 ,16.00 ,1,50
103011002890,Jeddah,8.00 ,11.00 ,1,50
103011002890,Riyadh,12.00 ,14.00 ,1,50
103011002891,Jeddah,17.00 ,21.00 ,1,50
103011002891,Riyadh,7.00 ,8.00 ,1,50
103011002892,Jeddah,10.00 ,13.00 ,1,50
103011002892,Riyadh,7.00 ,8.00 ,1,50
103011002893,Jeddah,6.00 ,7.00 ,1,50
103011002893,Riyadh,3.00 ,4.00 ,1,50
103011002894,Jeddah,27.00 ,35.00 ,1,50
103011002894,Riyadh,39.00 ,47.00 ,1,50
103011002895,Jeddah,23.00 ,28.00 ,1,50
103011002895,Riyadh,17.00 ,20.00 ,1,50
103011002896,Jeddah,37.00 ,47.00 ,1,50
103011002896,Riyadh,62.00 ,75.00 ,1,50
103011002897,Jeddah,15.00 ,20.00 ,1,50
103011002897,Riyadh,33.00 ,41.00 ,1,50
103011002898,Jeddah,37.00 ,47.00 ,1,50
103011002898,Riyadh,9.00 ,11.00 ,1,50
103011002899,Jeddah,12.00 ,16.00 ,1,50
103011002899,Riyadh,37.00 ,45.00 ,1,50
103011002900,Jeddah,27.00 ,33.00 ,1,50
103011002900,Riyadh,18.00 ,22.00 ,1,50
103011002901,Jeddah,10.00 ,13.00 ,1,50
103011002901,Riyadh,49.00 ,59.00 ,1,50
103011002902,Jeddah,14.00 ,18.00 ,1,50
103011002902,Riyadh,30.00 ,37.00 ,1,50
103011002903,Jeddah,7.00 ,10.00 ,1,50
103011002903,Riyadh,41.00 ,49.00 ,1,50
103011002904,Jeddah,15.00 ,19.00 ,1,50
103011002904,Riyadh,49.00 ,57.00 ,1,50
103011002905,Jeddah,10.00 ,13.00 ,1,50
103011002905,Riyadh,30.00 ,36.00 ,1,50
103011002906,Jeddah,33.00 ,41.00 ,1,50
103011002906,Riyadh,24.00 ,29.00 ,1,50
103011002907,Jeddah,13.00 ,17.00 ,1,50
103011002907,Riyadh,28.00 ,33.00 ,1,50
103011002908,Jeddah,10.00 ,13.00 ,1,50
103011002908,Riyadh,22.00 ,27.00 ,1,50
103011002909,Jeddah,43.00 ,53.00 ,1,50
103011002909,Riyadh,12.00 ,14.00 ,1,50
103011002910,Jeddah,40.00 ,50.00 ,1,50
103011002910,Riyadh,8.00 ,10.00 ,1,50
103011002911,Jeddah,20.00 ,25.00 ,1,50
103011002911,Riyadh,15.00 ,19.00 ,1,50
103011002912,Jeddah,11.00 ,14.00 ,1,50
103011002912,Riyadh,15.00 ,19.00 ,1,50
103011002913,Jeddah,5.00 ,7.00 ,1,50
103011002913,Riyadh,27.00 ,32.00 ,1,50
103011002914,Jeddah,11.00 ,14.00 ,1,50
103011002914,Riyadh,5.00 ,6.00 ,1,50
103011002915,Jeddah,30.00 ,37.00 ,1,50
103011002915,Riyadh,12.00 ,15.00 ,1,50
103011002916,Jeddah,37.00 ,46.00 ,1,50
103011002916,Riyadh,15.00 ,19.00 ,1,50
103011002917,Jeddah,9.00 ,12.00 ,1,50
103011002917,Riyadh,9.00 ,11.00 ,1,50
103011002918,Jeddah,19.00 ,24.00 ,1,50
103011002918,Riyadh,27.00 ,32.00 ,1,50
103011002919,Jeddah,13.00 ,17.00 ,1,50
103011002919,Riyadh,46.00 ,54.00 ,1,50
103011002920,Jeddah,6.00 ,9.00 ,1,50
103011002920,Riyadh,17.00 ,21.00 ,1,50
103011002921,Jeddah,120.00 ,120.00 ,1,50
103011002921,Riyadh,20.00 ,24.00 ,1,50
103011002922,Jeddah,120.00 ,120.00 ,1,50
103011002922,Riyadh,238.00 ,319.00 ,1,50
103011002923,Jeddah,120.00 ,120.00 ,1,50
103011002923,Riyadh,435.00 ,544.00 ,1,50
103011002924,Jeddah,120.00 ,120.00 ,1,50
103011002924,Riyadh,286.00 ,352.00 ,1,50
103011002925,Jeddah,120.00 ,120.00 ,1,50
103011002925,Riyadh,962.00 ,"1,182.00 ",1,50
103011002926,Jeddah,1.00 ,1.00 ,1,50
103011002927,Jeddah,120.00 ,120.00 ,1,50
103011002927,Riyadh,39.00 ,50.00 ,1,50
103011002928,Jeddah,360.00 ,360.00 ,1,50
103011002928,Riyadh,"5,020.00 ","6,209.00 ",1,50
103011002929,Jeddah,120.00 ,120.00 ,1,50
103011002929,Riyadh,110.00 ,141.00 ,1,50
103011002930,Jeddah,13.00 ,17.00 ,1,50
103011002930,Riyadh,60.00 ,71.00 ,1,50
103011002931,Jeddah,19.00 ,24.00 ,1,50
103011002931,Riyadh,25.00 ,30.00 ,1,50
103011002932,Jeddah,180.00 ,224.00 ,1,50
103011002932,Riyadh,217.00 ,272.00 ,1,50
103011002933,Jeddah,32.00 ,40.00 ,1,50
103011002933,Riyadh,23.00 ,28.00 ,1,50
103011002934,Jeddah,10.00 ,13.00 ,1,50
103011002934,Riyadh,25.00 ,30.00 ,1,50
103011002935,Jeddah,27.00 ,33.00 ,1,50
103011002935,Riyadh,51.00 ,60.00 ,1,50
103011002936,Jeddah,16.00 ,20.00 ,1,50
103011002936,Riyadh,28.00 ,34.00 ,1,50
103011002937,Jeddah,24.00 ,30.00 ,1,50
103011002937,Riyadh,26.00 ,31.00 ,1,50
103011002938,Jeddah,6.00 ,7.00 ,1,50
103011002939,Jeddah,1.00 ,1.00 ,1,50
103011002940,Jeddah,1.00 ,2.00 ,1,50
103011002941,Jeddah,1.00 ,1.00 ,1,50
103011002942,Jeddah,1.00 ,1.00 ,1,50
103011002943,Jeddah,1.00 ,1.00 ,1,50
103011002944,Jeddah,4.00 ,5.00 ,1,50
103011002945,Jeddah,1.00 ,1.00 ,1,50
103011002946,Jeddah,6.00 ,8.00 ,1,50
103011002946,Riyadh,7.00 ,9.00 ,1,50
103011002947,Jeddah,100.00 ,132.00 ,1,50
103011002947,Riyadh,74.00 ,95.00 ,1,50
103011002948,Jeddah,6.00 ,8.00 ,1,50
103011002949,Jeddah,1.00 ,1.00 ,1,50
103011002950,Jeddah,22.00 ,28.00 ,1,50
103011002950,Riyadh,11.00 ,14.00 ,1,50
103011002951,Jeddah,27.00 ,33.00 ,1,50
103011002951,Riyadh,4.00 ,5.00 ,1,50
103011002952,Jeddah,6.00 ,7.00 ,1,50
103011002952,Riyadh,6.00 ,7.00 ,1,50
103011002953,Jeddah,22.00 ,27.00 ,1,50
103011002953,Riyadh,3.00 ,4.00 ,1,50
103011002954,Jeddah,4.00 ,5.00 ,1,50
103011002954,Riyadh,5.00 ,6.00 ,1,50
103011002955,Jeddah,26.00 ,34.00 ,1,50
103011002955,Riyadh,18.00 ,22.00 ,1,50
103011002956,Jeddah,13.00 ,17.00 ,1,50
103011002956,Riyadh,37.00 ,47.00 ,1,50
103011002957,Jeddah,10.00 ,14.00 ,1,50
103011002957,Riyadh,36.00 ,45.00 ,1,50
103011002958,Jeddah,14.00 ,17.00 ,1,50
103011002958,Riyadh,11.00 ,13.00 ,1,50
103011002959,Jeddah,10.00 ,14.00 ,1,50
103011002959,Riyadh,15.00 ,18.00 ,1,50
103011002960,Jeddah,600.00 ,600.00 ,1,50
103011002960,Riyadh,11.00 ,13.00 ,1,50
103011002961,Jeddah,1.00 ,2.00 ,1,50
103011002962,Jeddah,240.00 ,240.00 ,1,50
103011002962,Riyadh,31.00 ,37.00 ,1,50
103011002963,Jeddah,240.00 ,240.00 ,1,50
103011002963,Riyadh,32.00 ,39.00 ,1,50
103011002964,Jeddah,240.00 ,240.00 ,1,50
103011002964,Riyadh,44.00 ,53.00 ,1,50
103011002965,Jeddah,120.00 ,120.00 ,1,50
103011002965,Riyadh,17.00 ,21.00 ,1,50
103011002966,Jeddah,240.00 ,240.00 ,1,50
103011002966,Riyadh,8.00 ,10.00 ,1,50
103011002967,Jeddah,25.00 ,31.00 ,1,50
103011002967,Riyadh,19.00 ,23.00 ,1,50
103011002968,Jeddah,1.00 ,1.00 ,1,50
103011002969,Jeddah,14.00 ,18.00 ,1,50
103011002969,Riyadh,15.00 ,19.00 ,1,50
103011002970,Jeddah,12.00 ,15.00 ,1,50
103011002970,Riyadh,15.00 ,18.00 ,1,50
103011002971,Jeddah,11.00 ,14.00 ,1,50
103011002971,Riyadh,43.00 ,52.00 ,1,50
103011002972,Jeddah,9.00 ,12.00 ,1,50
103011002972,Riyadh,11.00 ,13.00 ,1,50
103011002973,Jeddah,8.00 ,10.00 ,1,50
103011002973,Riyadh,22.00 ,27.00 ,1,50
103011002974,Jeddah,10.00 ,14.00 ,1,50
103011002974,Riyadh,1.00 ,1.00 ,1,50
103011002975,Jeddah,16.00 ,20.00 ,1,50
103011002976,Jeddah,1.00 ,1.00 ,1,50
103011002976,Riyadh,2.00 ,2.00 ,1,50
103011002977,Jeddah,3.00 ,4.00 ,1,50
103011002977,Riyadh,10.00 ,13.00 ,1,50
103011002978,Jeddah,5.00 ,7.00 ,1,50
103011002978,Riyadh,11.00 ,13.00 ,1,50
103011002979,Jeddah,1.00 ,2.00 ,1,50
103011002980,Jeddah,1.00 ,1.00 ,1,50
103011002980,Riyadh,1.00 ,2.00 ,1,50
103011002981,Jeddah,1.00 ,1.00 ,1,50
103011002982,Jeddah,5.00 ,7.00 ,1,50
103011002983,Jeddah,1.00 ,1.00 ,1,50
103011002984,Jeddah,1.00 ,1.00 ,1,50
103011002985,Jeddah,8.00 ,11.00 ,1,50
103011002985,Riyadh,27.00 ,32.00 ,1,50
103011002986,Jeddah,58.00 ,72.00 ,1,50
103011002986,Riyadh,168.00 ,201.00 ,1,50
103011002987,Jeddah,11.00 ,14.00 ,1,50
103011002987,Riyadh,9.00 ,11.00 ,1,50
103011002988,Jeddah,7.00 ,9.00 ,1,50
103011002988,Riyadh,8.00 ,9.00 ,1,50
103011002989,Jeddah,6.00 ,8.00 ,1,50
103011002989,Riyadh,3.00 ,3.00 ,1,50
103011002990,Jeddah,3.00 ,4.00 ,1,50
103011002990,Riyadh,17.00 ,21.00 ,1,50
103011002991,Jeddah,6.00 ,8.00 ,1,50
103011002991,Riyadh,2.00 ,2.00 ,1,50
103011002992,Jeddah,5.00 ,6.00 ,1,50
103011002992,Riyadh,10.00 ,12.00 ,1,50
103011002993,Jeddah,40.00 ,49.00 ,1,50
103011002993,Riyadh,1.00 ,1.00 ,1,50
103011002994,Jeddah,31.00 ,38.00 ,1,50
103011002994,Riyadh,1.00 ,1.00 ,1,50
103011002995,Jeddah,4.00 ,5.00 ,1,50
103011002996,Jeddah,18.00 ,23.00 ,1,50
103011002996,Riyadh,6.00 ,8.00 ,1,50
103011002997,Jeddah,4.00 ,5.00 ,1,50
103011002998,Jeddah,6.00 ,8.00 ,1,50
103011002998,Riyadh,7.00 ,9.00 ,1,50
103011002999,Jeddah,1.00 ,1.00 ,1,50
103011003000,Jeddah,6.00 ,7.00 ,1,50
103011003000,Riyadh,4.00 ,5.00 ,1,50
103011003001,Jeddah,1.00 ,1.00 ,1,50
103011003002,Jeddah,1.00 ,1.00 ,1,50
103011003003,Jeddah,1.00 ,1.00 ,1,50
103011003004,Jeddah,5.00 ,7.00 ,1,50
103011003004,Riyadh,1.00 ,2.00 ,1,50
103011003005,Jeddah,5.00 ,7.00 ,1,50
103011003005,Riyadh,11.00 ,14.00 ,1,50
103011003006,Jeddah,6.00 ,7.00 ,1,50
103011003006,Riyadh,12.00 ,15.00 ,1,50
103011003007,Jeddah,3.00 ,3.00 ,1,50
103011003007,Riyadh,2.00 ,2.00 ,1,50
103011003008,Jeddah,5.00 ,6.00 ,1,50
103011003008,Riyadh,3.00 ,4.00 ,1,50
103011003009,Jeddah,5.00 ,6.00 ,1,50
103011003009,Riyadh,2.00 ,3.00 ,1,50
103011003010,Jeddah,5.00 ,6.00 ,1,50
103011003010,Riyadh,2.00 ,2.00 ,1,50
103011003011,Jeddah,467.00 ,587.00 ,1,50
103011003011,Riyadh,623.00 ,743.00 ,1,50
103011003012,Jeddah,86.00 ,112.00 ,1,50
103011003012,Riyadh,11.00 ,14.00 ,1,50
103011003013,Jeddah,8.00 ,11.00 ,1,50
103011003013,Riyadh,10.00 ,12.00 ,1,50
103011003014,Jeddah,3.00 ,4.00 ,1,50
103011003014,Riyadh,39.00 ,48.00 ,1,50
103011003015,Jeddah,1.00 ,2.00 ,1,50
103011003016,Jeddah,15.00 ,19.00 ,1,50
103011003016,Riyadh,24.00 ,29.00 ,1,50
103011003017,Jeddah,2.00 ,2.00 ,1,50
103011003017,Riyadh,18.00 ,22.00 ,1,50
103011003018,Jeddah,6.00 ,8.00 ,1,50
103011003018,Riyadh,16.00 ,21.00 ,1,50
103011003019,Jeddah,35.00 ,47.00 ,1,50
103011003019,Riyadh,199.00 ,256.00 ,1,50
103011003020,Jeddah,7.00 ,10.00 ,1,50
103011003020,Riyadh,7.00 ,9.00 ,1,50
103011003021,Jeddah,34.00 ,49.00 ,1,50
103011003021,Riyadh,101.00 ,133.00 ,1,50
103011003022,Jeddah,6.00 ,8.00 ,1,50
103011003022,Riyadh,4.00 ,5.00 ,1,50
103011003023,Jeddah,1.00 ,1.00 ,1,50
103011003024,Jeddah,20.00 ,27.00 ,1,50
103011003024,Riyadh,27.00 ,34.00 ,1,50
103011003028,Jeddah,1.00 ,1.00 ,1,50
103011003029,Jeddah,124.00 ,165.00 ,1,50
103011003029,Riyadh,22.00 ,28.00 ,1,50
103011003030,Jeddah,12.00 ,16.00 ,1,50
103011003030,Riyadh,21.00 ,26.00 ,1,50
103011003031,Jeddah,12.00 ,15.00 ,1,50
103011003031,Riyadh,17.00 ,21.00 ,1,50
103011003032,Jeddah,164.00 ,215.00 ,1,50
103011003032,Riyadh,388.00 ,475.00 ,1,50
103011003033,Jeddah,7.00 ,9.00 ,1,50
103011003033,Riyadh,2.00 ,2.00 ,1,50
103011003036,Jeddah,18.00 ,22.00 ,1,50
103011003036,Riyadh,4.00 ,5.00 ,1,50
103011003037,Jeddah,19.00 ,23.00 ,1,50
103011003037,Riyadh,3.00 ,4.00 ,1,50
103011003038,Jeddah,9.00 ,12.00 ,1,50
103011003038,Riyadh,4.00 ,5.00 ,1,50
103011003039,Jeddah,11.00 ,14.00 ,1,50
103011003039,Riyadh,4.00 ,5.00 ,1,50
103011003040,Jeddah,16.00 ,20.00 ,1,50
103011003040,Riyadh,6.00 ,7.00 ,1,50
103011003041,Jeddah,3.00 ,4.00 ,1,50
103011003041,Riyadh,5.00 ,6.00 ,1,50
103011003042,Jeddah,15.00 ,19.00 ,1,50
103011003042,Riyadh,3.00 ,4.00 ,1,50
103011003043,Jeddah,3.00 ,4.00 ,1,50
103011003043,Riyadh,4.00 ,5.00 ,1,50
103011003044,Jeddah,10.00 ,13.00 ,1,50
103011003044,Riyadh,6.00 ,7.00 ,1,50
103011003045,Jeddah,173.00 ,232.00 ,1,50
103011003045,Riyadh,213.00 ,259.00 ,1,50
103011003046,Jeddah,15.00 ,19.00 ,1,50
103011003046,Riyadh,18.00 ,21.00 ,1,50
103011003047,Jeddah,6.00 ,8.00 ,1,50
103011003047,Riyadh,6.00 ,7.00 ,1,50
103011003048,Jeddah,1.00 ,1.00 ,1,50
103011003049,Jeddah,1.00 ,1.00 ,1,50
103011003050,Jeddah,1.00 ,1.00 ,1,50
103011003051,Jeddah,5.00 ,7.00 ,1,50
103011003051,Riyadh,14.00 ,18.00 ,1,50
103011003052,Jeddah,62.00 ,80.00 ,1,50
103011003052,Riyadh,374.00 ,479.00 ,1,50
103011003053,Jeddah,1.00 ,1.00 ,1,50
103011003059,Jeddah,14.00 ,18.00 ,84,50
103011003060,Jeddah,7.00 ,9.00 ,12,50
103011003060,Riyadh,1.00 ,1.00 ,12,50
103011003061,Jeddah,17.00 ,22.00 ,84,50
103011003062,Jeddah,1.00 ,1.00 ,84,50
103011003063,Jeddah,4.00 ,6.00 ,84,50
103011003063,Riyadh,2.00 ,3.00 ,84,50
103011003064,Jeddah,13.00 ,17.00 ,84,50
103011003064,Riyadh,2.00 ,3.00 ,84,50
103011003071,Jeddah,4.00 ,5.00 ,36,50
103011003071,Riyadh,6.00 ,8.00 ,36,50
103011003073,Jeddah,3.00 ,4.00 ,36,50
103011003073,Riyadh,7.00 ,8.00 ,36,50
103011003074,Jeddah,2.00 ,2.00 ,36,50
103011003074,Riyadh,2.00 ,2.00 ,36,50
103011003075,Jeddah,4.00 ,6.00 ,36,50
103011003075,Riyadh,6.00 ,8.00 ,36,50
103011003077,Jeddah,5.00 ,7.00 ,36,50
103011003077,Riyadh,6.00 ,8.00 ,36,50
103011003078,Jeddah,4.00 ,5.00 ,24,50
103011003079,Jeddah,9.00 ,12.00 ,36,50
103011003079,Riyadh,14.00 ,17.00 ,36,50
103011003080,Jeddah,1.00 ,1.00 ,36,50
103011003081,Jeddah,1.00 ,1.00 ,12,50
103011003081,Riyadh,6.00 ,8.00 ,12,50
103011003082,Jeddah,1.00 ,1.00 ,24,50
103011003085,Jeddah,4.00 ,6.00 ,36,50
103011003085,Riyadh,33.00 ,39.00 ,36,50
103011003091,Jeddah,5.00 ,7.00 ,36,50
103011003092,Jeddah,5.00 ,7.00 ,36,50
103011003092,Riyadh,6.00 ,7.00 ,36,50
103011003093,Jeddah,1.00 ,1.00 ,24,50
103011003094,Jeddah,1.00 ,1.00 ,24,50
103011003097,Jeddah,20.00 ,27.00 ,48,50
103011003097,Riyadh,22.00 ,27.00 ,48,50
103011003098,Jeddah,5.00 ,7.00 ,60,50
103011003098,Riyadh,19.00 ,23.00 ,60,50
103011003099,Jeddah,1.00 ,1.00 ,6,50
103011003100,Jeddah,49.00 ,66.00 ,60,50
103011003100,Riyadh,8.00 ,10.00 ,60,50
103011003101,Jeddah,3.00 ,4.00 ,48,50
103011003101,Riyadh,14.00 ,18.00 ,48,50
103011003102,Jeddah,3.00 ,5.00 ,60,50
103011003102,Riyadh,19.00 ,23.00 ,60,50
103011003148,Jeddah,3.00 ,4.00 ,30,50
103011003148,Riyadh,2.00 ,3.00 ,30,50
103011003149,Jeddah,2.00 ,2.00 ,30,50
103011003149,Riyadh,1.00 ,2.00 ,30,50
103011003150,Jeddah,4.00 ,5.00 ,30,50
103011003150,Riyadh,1.00 ,1.00 ,30,50
103011003151,Jeddah,3.00 ,5.00 ,16,50
103011003152,Jeddah,3.00 ,4.00 ,12,50
103011003152,Riyadh,2.00 ,3.00 ,12,50
103011003153,Jeddah,2.00 ,2.00 ,12,50
103011003153,Riyadh,2.00 ,2.00 ,12,50
103011003154,Jeddah,2.00 ,2.00 ,6,50
103011003155,Jeddah,3.00 ,5.00 ,12,50
103011003157,Jeddah,1.00 ,1.00 ,6,50
103011003158,Jeddah,1.00 ,1.00 ,12,50
103011003158,Riyadh,2.00 ,2.00 ,12,50
103011003159,Jeddah,2.00 ,3.00 ,12,50
103011003159,Riyadh,2.00 ,2.00 ,12,50
103011003160,Jeddah,1.00 ,1.00 ,12,50
103011003162,Jeddah,1.00 ,1.00 ,12,50
103011003176,Riyadh,1.00 ,1.00 ,1,50
103011003177,Riyadh,1.00 ,2.00 ,1,50
103011003178,Riyadh,1.00 ,2.00 ,1,50
103011003217,Jeddah,4.00 ,5.00 ,1,50
103011003217,Riyadh,3.00 ,4.00 ,1,50
103011003218,Jeddah,4.00 ,5.00 ,1,50
103011003218,Riyadh,2.00 ,2.00 ,1,50
103011003219,Jeddah,4.00 ,5.00 ,1,50
103011003219,Riyadh,2.00 ,3.00 ,1,50
103011003220,Jeddah,3.00 ,3.00 ,1,50
103011003220,Riyadh,2.00 ,2.00 ,1,50
103011003221,Jeddah,10.00 ,13.00 ,1,50
103011003221,Riyadh,2.00 ,2.00 ,1,50
103011003222,Jeddah,3.00 ,3.00 ,1,50
103011003222,Riyadh,4.00 ,4.00 ,1,50
103011003223,Jeddah,3.00 ,4.00 ,1,50
103011003223,Riyadh,2.00 ,2.00 ,1,50
103011003224,Jeddah,1.00 ,1.00 ,1,50
103011003224,Riyadh,2.00 ,2.00 ,1,50
103011003225,Jeddah,3.00 ,3.00 ,1,50
103011003225,Riyadh,1.00 ,2.00 ,1,50
103011003226,Jeddah,1.00 ,1.00 ,1,50
103011003227,Jeddah,3.00 ,4.00 ,1,50
103011003227,Riyadh,2.00 ,2.00 ,1,50
103011003228,Jeddah,3.00 ,4.00 ,1,50
103011003228,Riyadh,3.00 ,4.00 ,1,50
103011003229,Jeddah,3.00 ,4.00 ,1,50
103011003229,Riyadh,2.00 ,2.00 ,1,50
103011003230,Jeddah,5.00 ,6.00 ,1,50
103011003230,Riyadh,2.00 ,3.00 ,1,50
103011003231,Jeddah,3.00 ,3.00 ,1,50
103011003231,Riyadh,3.00 ,4.00 ,1,50
103011003232,Jeddah,4.00 ,5.00 ,1,50
103011003232,Riyadh,3.00 ,4.00 ,1,50
103011003233,Jeddah,3.00 ,4.00 ,1,50
103011003233,Riyadh,3.00 ,3.00 ,1,50
103011003234,Jeddah,4.00 ,6.00 ,1,50
103011003234,Riyadh,7.00 ,9.00 ,1,50
103011003235,Jeddah,3.00 ,4.00 ,1,50
103011003235,Riyadh,9.00 ,11.00 ,1,50
103011003236,Jeddah,3.00 ,3.00 ,1,50
103011003236,Riyadh,6.00 ,7.00 ,1,50
103011003237,Jeddah,3.00 ,3.00 ,1,50
103011003237,Riyadh,2.00 ,2.00 ,1,50
103011003238,Jeddah,3.00 ,4.00 ,1,50
103011003238,Riyadh,2.00 ,3.00 ,1,50
103011003239,Jeddah,2.00 ,3.00 ,1,50
103011003239,Riyadh,2.00 ,2.00 ,1,50
103011003240,Jeddah,3.00 ,4.00 ,1,50
103011003240,Riyadh,2.00 ,2.00 ,1,50
103011003241,Jeddah,3.00 ,3.00 ,1,50
103011003241,Riyadh,2.00 ,2.00 ,1,50
103011003242,Jeddah,3.00 ,4.00 ,1,50
103011003242,Riyadh,1.00 ,1.00 ,1,50
103011003243,Jeddah,3.00 ,3.00 ,1,50
103011003243,Riyadh,2.00 ,2.00 ,1,50
103011003244,Jeddah,4.00 ,5.00 ,1,50
103011003244,Riyadh,3.00 ,3.00 ,1,50
103011003245,Jeddah,3.00 ,4.00 ,1,50
103011003246,Jeddah,7.00 ,9.00 ,1,50
103011003246,Riyadh,1.00 ,2.00 ,1,50
103011003247,Jeddah,3.00 ,3.00 ,1,50
103011003247,Riyadh,1.00 ,1.00 ,1,50
103011003248,Jeddah,4.00 ,5.00 ,1,50
103011003248,Riyadh,2.00 ,2.00 ,1,50
103011003249,Jeddah,3.00 ,4.00 ,1,50
103011003249,Riyadh,1.00 ,2.00 ,1,50
103011003250,Jeddah,4.00 ,6.00 ,1,50
103011003250,Riyadh,5.00 ,6.00 ,1,50
103011003251,Jeddah,3.00 ,4.00 ,1,50
103011003251,Riyadh,2.00 ,2.00 ,1,50
103011003252,Jeddah,2.00 ,2.00 ,1,50
103011003252,Riyadh,1.00 ,1.00 ,1,50
103011003253,Jeddah,4.00 ,5.00 ,1,50
103011003253,Riyadh,2.00 ,3.00 ,1,50
103011003254,Jeddah,3.00 ,3.00 ,1,50
103011003254,Riyadh,2.00 ,2.00 ,1,50
103011003255,Jeddah,1.00 ,1.00 ,1,50
103011003256,Jeddah,2.00 ,2.00 ,1,50
103011003256,Riyadh,2.00 ,2.00 ,1,50
103011003257,Jeddah,3.00 ,3.00 ,1,50
103011003257,Riyadh,3.00 ,4.00 ,1,50
103011003258,Jeddah,1.00 ,1.00 ,1,50
103011003258,Riyadh,6.00 ,8.00 ,1,50
103011003259,Jeddah,3.00 ,4.00 ,1,50
103011003259,Riyadh,3.00 ,4.00 ,1,50
103011003260,Jeddah,2.00 ,2.00 ,1,50
103011003260,Riyadh,3.00 ,4.00 ,1,50
103011003261,Jeddah,5.00 ,6.00 ,1,50
103011003261,Riyadh,2.00 ,2.00 ,1,50
103011003262,Jeddah,4.00 ,6.00 ,1,50
103011003262,Riyadh,4.00 ,5.00 ,1,50
103011003263,Jeddah,1.00 ,1.00 ,1,50
103011003263,Riyadh,4.00 ,5.00 ,1,50
103011003264,Jeddah,6.00 ,8.00 ,1,50
103011003264,Riyadh,4.00 ,5.00 ,1,50
103011003265,Jeddah,20.00 ,27.00 ,1,50
103011003265,Riyadh,25.00 ,30.00 ,1,50
103011003266,Jeddah,18.00 ,23.00 ,1,50
103011003266,Riyadh,21.00 ,26.00 ,1,50
103011003267,Jeddah,15.00 ,20.00 ,1,50
103011003267,Riyadh,23.00 ,28.00 ,1,50
103011003268,Jeddah,16.00 ,21.00 ,1,50
103011003268,Riyadh,42.00 ,52.00 ,1,50
103011003269,Jeddah,10.00 ,15.00 ,1,50
103011003269,Riyadh,17.00 ,21.00 ,1,50
103011003270,Jeddah,6.00 ,9.00 ,1,50
103011003270,Riyadh,14.00 ,17.00 ,1,50
103011003271,Jeddah,55.00 ,72.00 ,1,50
103011003271,Riyadh,26.00 ,31.00 ,1,50
103011003272,Jeddah,9.00 ,11.00 ,1,50
103011003272,Riyadh,9.00 ,11.00 ,1,50
103011003273,Jeddah,73.00 ,94.00 ,1,50
103011003273,Riyadh,17.00 ,21.00 ,1,50
103011003274,Jeddah,12.00 ,16.00 ,1,50
103011003274,Riyadh,9.00 ,11.00 ,1,50
103011003275,Jeddah,11.00 ,15.00 ,1,50
103011003275,Riyadh,21.00 ,26.00 ,1,50
103011003276,Jeddah,16.00 ,21.00 ,1,50
103011003276,Riyadh,17.00 ,20.00 ,1,50
103011003277,Jeddah,12.00 ,16.00 ,1,50
103011003277,Riyadh,6.00 ,8.00 ,1,50
103011003278,Jeddah,17.00 ,22.00 ,1,50
103011003278,Riyadh,3.00 ,4.00 ,1,50
103011003279,Jeddah,48.00 ,64.00 ,1,50
103011003279,Riyadh,8.00 ,10.00 ,1,50
103011003280,Jeddah,11.00 ,14.00 ,1,50
103011003280,Riyadh,4.00 ,5.00 ,1,50
103011003281,Jeddah,27.00 ,38.00 ,1,50
103011003281,Riyadh,13.00 ,16.00 ,1,50
103011003282,Jeddah,19.00 ,26.00 ,1,50
103011003282,Riyadh,6.00 ,8.00 ,1,50
103011003283,Jeddah,36.00 ,48.00 ,1,50
103011003283,Riyadh,6.00 ,8.00 ,1,50
103011003284,Jeddah,8.00 ,10.00 ,1,50
103011003284,Riyadh,11.00 ,13.00 ,1,50
103011003285,Jeddah,11.00 ,14.00 ,1,50
103011003285,Riyadh,5.00 ,6.00 ,1,50
103011003286,Jeddah,23.00 ,32.00 ,1,50
103011003286,Riyadh,13.00 ,17.00 ,1,50
103011003287,Jeddah,22.00 ,30.00 ,1,50
103011003287,Riyadh,4.00 ,5.00 ,1,50
103011003288,Jeddah,21.00 ,30.00 ,1,50
103011003288,Riyadh,7.00 ,9.00 ,1,50
103011003289,Jeddah,4.00 ,5.00 ,1,50
103011003289,Riyadh,1.00 ,1.00 ,1,50
103011003290,Jeddah,4.00 ,6.00 ,1,50
103011003290,Riyadh,1.00 ,2.00 ,1,50
103011003291,Jeddah,3.00 ,4.00 ,1,50
103011003291,Riyadh,1.00 ,1.00 ,1,50
103011003292,Jeddah,3.00 ,4.00 ,1,50
103011003292,Riyadh,1.00 ,2.00 ,1,50
103011003293,Jeddah,4.00 ,5.00 ,1,50
103011003293,Riyadh,1.00 ,2.00 ,1,50
103011003294,Jeddah,4.00 ,6.00 ,1,50
103011003294,Riyadh,2.00 ,2.00 ,1,50
103011003295,Jeddah,3.00 ,4.00 ,1,50
103011003295,Riyadh,3.00 ,3.00 ,1,50
103011003296,Jeddah,3.00 ,4.00 ,1,50
103011003296,Riyadh,2.00 ,2.00 ,1,50
103011003297,Jeddah,3.00 ,4.00 ,1,50
103011003297,Riyadh,3.00 ,3.00 ,1,50
103011003298,Jeddah,3.00 ,4.00 ,1,50
103011003298,Riyadh,3.00 ,3.00 ,1,50
103011003299,Jeddah,1.00 ,1.00 ,1,50
103011003301,Jeddah,1.00 ,1.00 ,1,50
103011003303,Jeddah,1.00 ,2.00 ,1,50
103011003304,Jeddah,2.00 ,2.00 ,1,50
103011003304,Riyadh,3.00 ,3.00 ,1,50
103011003305,Jeddah,1.00 ,2.00 ,1,50
103011003305,Riyadh,2.00 ,3.00 ,1,50
103011003306,Jeddah,3.00 ,4.00 ,1,50
103011003306,Riyadh,2.00 ,2.00 ,1,50
103011003307,Jeddah,3.00 ,4.00 ,1,50
103011003307,Riyadh,1.00 ,1.00 ,1,50
103011003308,Jeddah,1.00 ,2.00 ,1,50
103011003309,Jeddah,5.00 ,6.00 ,1,50
103011003309,Riyadh,1.00 ,1.00 ,1,50
103011003310,Jeddah,4.00 ,5.00 ,1,50
103011003310,Riyadh,2.00 ,3.00 ,1,50
103011003311,Jeddah,4.00 ,5.00 ,1,50
103011003311,Riyadh,1.00 ,1.00 ,1,50
103011003312,Jeddah,5.00 ,7.00 ,1,50
103011003312,Riyadh,1.00 ,1.00 ,1,50
103011003313,Jeddah,4.00 ,5.00 ,1,50
103011003313,Riyadh,1.00 ,2.00 ,1,50
103011003314,Jeddah,4.00 ,6.00 ,1,50
103011003314,Riyadh,2.00 ,2.00 ,1,50
103011003315,Jeddah,3.00 ,4.00 ,1,50
103011003315,Riyadh,1.00 ,2.00 ,1,50
103011003316,Jeddah,1.00 ,2.00 ,1,50
103011003316,Riyadh,2.00 ,3.00 ,1,50
103011003317,Jeddah,5.00 ,6.00 ,1,50
103011003317,Riyadh,2.00 ,2.00 ,1,50
103011003318,Jeddah,3.00 ,3.00 ,1,50
103011003318,Riyadh,2.00 ,2.00 ,1,50
103011003319,Jeddah,2.00 ,3.00 ,1,50
103011003319,Riyadh,2.00 ,3.00 ,1,50
103011003320,Jeddah,4.00 ,5.00 ,1,50
103011003320,Riyadh,2.00 ,2.00 ,1,50
103011003321,Jeddah,2.00 ,2.00 ,1,50
103011003321,Riyadh,3.00 ,4.00 ,1,50
103011003322,Jeddah,4.00 ,5.00 ,1,50
103011003322,Riyadh,2.00 ,2.00 ,1,50
103011003323,Jeddah,3.00 ,3.00 ,1,50
103011003323,Riyadh,3.00 ,4.00 ,1,50
103011003511,Jeddah,4.00 ,5.00 ,1,50
103011003511,Riyadh,12.00 ,15.00 ,1,50
103011003512,Jeddah,4.00 ,5.00 ,1,50
103011003512,Riyadh,33.00 ,40.00 ,1,50
103011003513,Jeddah,60.00 ,75.00 ,1,50
103011003513,Riyadh,35.00 ,42.00 ,1,50
103011003514,Jeddah,6.00 ,8.00 ,1,50
103011003514,Riyadh,2.00 ,3.00 ,1,50
103011003515,Jeddah,4.00 ,5.00 ,1,50
103011003515,Riyadh,49.00 ,59.00 ,1,50
103011003516,Jeddah,25.00 ,30.00 ,1,50
103011003516,Riyadh,81.00 ,109.00 ,1,50
103011003517,Jeddah,11.00 ,13.00 ,1,50
103011003517,Riyadh,156.00 ,202.00 ,1,50
103011003518,Jeddah,5.00 ,6.00 ,1,50
103011003518,Riyadh,17.00 ,20.00 ,1,50
103011003519,Jeddah,12.00 ,15.00 ,1,50
103011003519,Riyadh,14.00 ,17.00 ,1,50
103011003547,Jeddah,17.00 ,21.00 ,1,50
103011003547,Riyadh,91.00 ,114.00 ,1,50
103011003548,Jeddah,10.00 ,12.00 ,1,50
103011003548,Riyadh,96.00 ,120.00 ,1,50
103011003549,Jeddah,2.00 ,2.00 ,1,50
103011003549,Riyadh,37.00 ,44.00 ,1,50
103011003550,Jeddah,5.00 ,6.00 ,1,50
103011003551,Jeddah,9.00 ,11.00 ,1,50
103011003693,Jeddah,2.00 ,3.00 ,12,50
103011003694,Jeddah,1.00 ,1.00 ,12,50
103011003695,Jeddah,12.00 ,15.00 ,12,50
103011003695,Riyadh,2.00 ,2.00 ,12,50
103011003696,Jeddah,10.00 ,13.00 ,12,50
103011003696,Riyadh,8.00 ,11.00 ,12,50
103011003697,Jeddah,11.00 ,14.00 ,12,50
103011003697,Riyadh,2.00 ,2.00 ,12,50
103011003698,Jeddah,10.00 ,12.00 ,12,50
103011003698,Riyadh,6.00 ,7.00 ,12,50
103011003699,Jeddah,2.00 ,3.00 ,12,50
103011003700,Jeddah,10.00 ,12.00 ,12,50
103011003700,Riyadh,2.00 ,2.00 ,12,50
103011003701,Jeddah,1.00 ,1.00 ,12,50
103011003702,Jeddah,1.00 ,1.00 ,8,50
103011003703,Jeddah,2.00 ,2.00 ,8,50
103011003703,Riyadh,1.00 ,1.00 ,8,50
103011003704,Jeddah,11.00 ,14.00 ,8,50
103011003704,Riyadh,1.00 ,1.00 ,8,50
103011003705,Jeddah,12.00 ,15.00 ,8,50
103011003706,Jeddah,8.00 ,10.00 ,8,50
103011003707,Jeddah,3.00 ,4.00 ,24,50
103011003707,Riyadh,34.00 ,41.00 ,24,50
103011003717,Jeddah,1.00 ,1.00 ,24,50
103011003718,Jeddah,1.00 ,1.00 ,12,50
103011003718,Riyadh,28.00 ,34.00 ,12,50
103011003719,Jeddah,29.00 ,36.00 ,12,50
103011003719,Riyadh,7.00 ,8.00 ,12,50
103011003720,Jeddah,14.00 ,17.00 ,12,50
103011003720,Riyadh,6.00 ,7.00 ,12,50
103011003721,Jeddah,19.00 ,24.00 ,12,50
103011003722,Jeddah,16.00 ,20.00 ,12,50
103011003722,Riyadh,6.00 ,7.00 ,12,50
103011003723,Jeddah,14.00 ,18.00 ,12,50
103011003723,Riyadh,3.00 ,3.00 ,12,50
103011003724,Jeddah,45.00 ,56.00 ,12,50
103011003724,Riyadh,7.00 ,9.00 ,12,50
103011003725,Jeddah,14.00 ,18.00 ,12,50
103011003725,Riyadh,4.00 ,5.00 ,12,50
103011003726,Jeddah,24.00 ,31.00 ,12,50
103011003726,Riyadh,6.00 ,7.00 ,12,50
103011003728,Jeddah,1.00 ,2.00 ,12,50
103011003729,Jeddah,4.00 ,6.00 ,8,50
103011003729,Riyadh,2.00 ,2.00 ,8,50
103011003730,Jeddah,6.00 ,8.00 ,8,50
103011003730,Riyadh,1.00 ,2.00 ,8,50
103011003731,Jeddah,7.00 ,10.00 ,8,50
103011003732,Jeddah,8.00 ,11.00 ,24,50
103011003732,Riyadh,6.00 ,7.00 ,24,50
103011003733,Jeddah,21.00 ,26.00 ,24,50
103011003733,Riyadh,21.00 ,25.00 ,24,50
103011003734,Jeddah,6.00 ,8.00 ,24,50
103011003734,Riyadh,6.00 ,7.00 ,24,50
103011003735,Jeddah,1.00 ,1.00 ,24,50
103011003736,Jeddah,5.00 ,6.00 ,24,50
103011003736,Riyadh,7.00 ,9.00 ,24,50
103011003737,Jeddah,5.00 ,6.00 ,24,50
103011003737,Riyadh,6.00 ,7.00 ,24,50
103011003738,Jeddah,6.00 ,8.00 ,24,50
103011003738,Riyadh,6.00 ,7.00 ,24,50
103011003739,Jeddah,1.00 ,1.00 ,24,50
103011003740,Jeddah,3.00 ,4.00 ,12,50
103011003740,Riyadh,1.00 ,1.00 ,12,50
103011003741,Jeddah,4.00 ,5.00 ,12,50
103011003742,Jeddah,13.00 ,17.00 ,12,50
103011003742,Riyadh,1.00 ,1.00 ,12,50
103011003743,Jeddah,3.00 ,4.00 ,12,50
103011003744,Jeddah,1.00 ,1.00 ,6,50
103011003744,Riyadh,1.00 ,1.00 ,6,50
103011003745,Jeddah,6.00 ,8.00 ,6,50
103011003745,Riyadh,1.00 ,1.00 ,6,50
103011003746,Jeddah,10.00 ,13.00 ,6,50
103011003746,Riyadh,37.00 ,43.00 ,6,50
103011003747,Jeddah,4.00 ,5.00 ,6,50
103011003747,Riyadh,12.00 ,14.00 ,6,50
103011003748,Jeddah,1.00 ,1.00 ,6,50
103011003748,Riyadh,2.00 ,2.00 ,6,50
103011003749,Jeddah,7.00 ,9.00 ,6,50
103011003749,Riyadh,6.00 ,7.00 ,6,50
103011003750,Jeddah,11.00 ,14.00 ,6,50
103011003750,Riyadh,33.00 ,39.00 ,6,50
103011003751,Jeddah,4.00 ,5.00 ,6,50
103011003751,Riyadh,33.00 ,39.00 ,6,50
103011003752,Jeddah,1.00 ,1.00 ,6,50
103011003753,Jeddah,7.00 ,9.00 ,6,50
103011003753,Riyadh,33.00 ,39.00 ,6,50
103011003754,Jeddah,1.00 ,1.00 ,6,50
103011003755,Jeddah,2.00 ,3.00 ,6,50
103011003756,Jeddah,6.00 ,8.00 ,6,50
103011003757,Jeddah,1.00 ,1.00 ,6,50
103011003760,Jeddah,15.00 ,21.00 ,24,50
103011003760,Riyadh,13.00 ,17.00 ,24,50
103011003761,Jeddah,31.00 ,40.00 ,24,50
103011003761,Riyadh,30.00 ,37.00 ,24,50
103011003762,Jeddah,30.00 ,39.00 ,24,50
103011003762,Riyadh,21.00 ,26.00 ,24,50
103011003763,Jeddah,7.00 ,10.00 ,24,50
103011003763,Riyadh,7.00 ,9.00 ,24,50
103011003764,Jeddah,33.00 ,41.00 ,6,50
103011003764,Riyadh,13.00 ,16.00 ,6,50
103011003765,Jeddah,61.00 ,75.00 ,6,50
103011003765,Riyadh,11.00 ,13.00 ,6,50
103011003766,Jeddah,7.00 ,9.00 ,6,50
103011003766,Riyadh,17.00 ,21.00 ,6,50
103011003767,Jeddah,41.00 ,50.00 ,6,50
103011003767,Riyadh,15.00 ,18.00 ,6,50
103011003768,Jeddah,6.00 ,8.00 ,6,50
103011003768,Riyadh,8.00 ,10.00 ,6,50
103011003769,Jeddah,18.00 ,23.00 ,6,50
103011003769,Riyadh,20.00 ,23.00 ,6,50
103011003770,Jeddah,37.00 ,46.00 ,6,50
103011003770,Riyadh,30.00 ,35.00 ,6,50
103011003771,Jeddah,24.00 ,29.00 ,6,50
103011003771,Riyadh,24.00 ,28.00 ,6,50
103011003772,Jeddah,21.00 ,27.00 ,6,50
103011003772,Riyadh,24.00 ,29.00 ,6,50
103011003773,Jeddah,6.00 ,7.00 ,12,50
103011003774,Jeddah,8.00 ,10.00 ,12,50
103011003774,Riyadh,1.00 ,1.00 ,12,50
103011003775,Jeddah,7.00 ,9.00 ,12,50
103011003775,Riyadh,18.00 ,21.00 ,12,50
103011003776,Jeddah,3.00 ,4.00 ,12,50
103011003777,Jeddah,7.00 ,9.00 ,24,50
103011003777,Riyadh,4.00 ,5.00 ,24,50
103011003778,Jeddah,7.00 ,9.00 ,24,50
103011003778,Riyadh,5.00 ,6.00 ,24,50
103011003779,Jeddah,6.00 ,8.00 ,24,50
103011003779,Riyadh,1.00 ,1.00 ,24,50
103011003780,Jeddah,15.00 ,19.00 ,6,50
103011003780,Riyadh,34.00 ,41.00 ,6,50
103011003781,Jeddah,23.00 ,29.00 ,6,50
103011003781,Riyadh,6.00 ,8.00 ,6,50
103011003782,Jeddah,5.00 ,7.00 ,6,50
103011003782,Riyadh,7.00 ,9.00 ,6,50
103011003783,Jeddah,6.00 ,8.00 ,6,50
103011003783,Riyadh,4.00 ,5.00 ,6,50
103011003784,Jeddah,15.00 ,19.00 ,6,50
103011003784,Riyadh,5.00 ,6.00 ,6,50
103011003785,Jeddah,5.00 ,7.00 ,6,50
103011003785,Riyadh,3.00 ,4.00 ,6,50
103011003786,Jeddah,8.00 ,11.00 ,6,50
103011003786,Riyadh,24.00 ,29.00 ,6,50
103011003787,Jeddah,18.00 ,22.00 ,6,50
103011003787,Riyadh,9.00 ,10.00 ,6,50
103011003788,Jeddah,19.00 ,25.00 ,6,50
103011003788,Riyadh,12.00 ,15.00 ,6,50
103011003789,Jeddah,6.00 ,7.00 ,6,50
103011003790,Jeddah,5.00 ,7.00 ,6,50
103011003790,Riyadh,10.00 ,13.00 ,6,50
103011003792,Jeddah,4.00 ,5.00 ,6,50
103011003794,Jeddah,5.00 ,7.00 ,4,50
103011003795,Jeddah,1.00 ,1.00 ,4,50
103011003795,Riyadh,1.00 ,1.00 ,4,50
103011003796,Jeddah,10.00 ,15.00 ,12,50
103011003796,Riyadh,6.00 ,7.00 ,12,50
103011003797,Jeddah,7.00 ,9.00 ,24,50
103011003797,Riyadh,26.00 ,31.00 ,24,50
103011003798,Jeddah,3.00 ,4.00 ,24,50
103011003798,Riyadh,33.00 ,39.00 ,24,50
103011003799,Jeddah,12.00 ,17.00 ,24,50
103011003799,Riyadh,24.00 ,28.00 ,24,50
103011003800,Jeddah,6.00 ,8.00 ,4,50
103011003800,Riyadh,19.00 ,23.00 ,4,50
103011003801,Jeddah,6.00 ,8.00 ,4,50
103011003801,Riyadh,6.00 ,8.00 ,4,50
103011003805,Riyadh,3.00 ,3.00 ,1,50
103011003807,Jeddah,1.00 ,1.00 ,1,50
103011003807,Riyadh,3.00 ,4.00 ,1,50
103011003875,Jeddah,2.00 ,2.00 ,1,50
103011003879,Jeddah,3.00 ,4.00 ,1,50
103011003956,Jeddah,27.00 ,34.00 ,1,50
103011003956,Riyadh,3.00 ,3.00 ,1,50
103011003958,Jeddah,3.00 ,4.00 ,1,50
103011003958,Riyadh,1.00 ,2.00 ,1,50
103011003959,Jeddah,3.00 ,4.00 ,1,50
103011003959,Riyadh,3.00 ,3.00 ,1,50
103011003960,Jeddah,3.00 ,4.00 ,1,50
103011003960,Riyadh,1.00 ,2.00 ,1,50
103011003961,Jeddah,3.00 ,4.00 ,1,50
103011003961,Riyadh,1.00 ,2.00 ,1,50
103011003962,Jeddah,1.00 ,1.00 ,1,50
103011003968,Jeddah,2.00 ,2.00 ,1,50
103011003969,Jeddah,3.00 ,4.00 ,1,50
103011003969,Riyadh,1.00 ,2.00 ,1,50
103011003972,Jeddah,14.00 ,18.00 ,1,50
103011003972,Riyadh,9.00 ,11.00 ,1,50
103011003973,Jeddah,16.00 ,20.00 ,1,50
103011003973,Riyadh,23.00 ,28.00 ,1,50
103011003974,Jeddah,27.00 ,33.00 ,1,50
103011003974,Riyadh,14.00 ,18.00 ,1,50
103011003975,Jeddah,2.00 ,2.00 ,1,50
103011003975,Riyadh,9.00 ,11.00 ,1,50
103011003976,Jeddah,16.00 ,21.00 ,1,50
103011003976,Riyadh,27.00 ,33.00 ,1,50
103011003977,Jeddah,56.00 ,68.00 ,1,50
103011003977,Riyadh,46.00 ,56.00 ,1,50
103011003978,Jeddah,2.00 ,2.00 ,1,50
103011003978,Riyadh,22.00 ,27.00 ,1,50
103011003979,Jeddah,7.00 ,10.00 ,1,50
103011003979,Riyadh,5.00 ,6.00 ,1,50
103011003980,Jeddah,18.00 ,23.00 ,1,50
103011003980,Riyadh,24.00 ,29.00 ,1,50
103011003981,Jeddah,10.00 ,13.00 ,1,50
103011003981,Riyadh,6.00 ,8.00 ,1,50
103011003982,Jeddah,6.00 ,8.00 ,1,50
103011003982,Riyadh,39.00 ,48.00 ,1,50
103011003983,Jeddah,37.00 ,45.00 ,1,50
103011003983,Riyadh,10.00 ,11.00 ,1,50
103011003984,Jeddah,28.00 ,35.00 ,1,50
103011003984,Riyadh,18.00 ,22.00 ,1,50
103011003985,Jeddah,8.00 ,10.00 ,1,50
103011003985,Riyadh,5.00 ,6.00 ,1,50
103011003986,Jeddah,9.00 ,12.00 ,1,50
103011003986,Riyadh,3.00 ,3.00 ,1,50
103011003988,Jeddah,8.00 ,10.00 ,1,50
103011003988,Riyadh,2.00 ,2.00 ,1,50
103011003989,Jeddah,1.00 ,1.00 ,1,50
103011003989,Riyadh,4.00 ,5.00 ,1,50
103011003990,Jeddah,1.00 ,1.00 ,1,50
103011003990,Riyadh,23.00 ,29.00 ,1,50
103011003991,Riyadh,23.00 ,29.00 ,1,50
103011003992,Jeddah,37.00 ,45.00 ,1,50
103011003992,Riyadh,4.00 ,6.00 ,1,50
103011003993,Jeddah,27.00 ,34.00 ,1,50
103011003993,Riyadh,31.00 ,37.00 ,1,50
103011003994,Jeddah,9.00 ,12.00 ,1,50
103011003994,Riyadh,25.00 ,32.00 ,1,50
103011003995,Jeddah,10.00 ,12.00 ,1,50
103011003995,Riyadh,25.00 ,30.00 ,1,50
103011003996,Jeddah,11.00 ,14.00 ,1,50
103011003996,Riyadh,10.00 ,11.00 ,1,50
103011003997,Jeddah,12.00 ,16.00 ,1,50
103011003997,Riyadh,26.00 ,31.00 ,1,50
103011003998,Jeddah,15.00 ,18.00 ,1,50
103011003998,Riyadh,28.00 ,34.00 ,1,50
103011003999,Jeddah,27.00 ,35.00 ,1,50
103011003999,Riyadh,5.00 ,6.00 ,1,50
103011004001,Jeddah,14.00 ,18.00 ,1,50
103011004001,Riyadh,49.00 ,59.00 ,1,50
103011004002,Jeddah,324.00 ,395.00 ,1,50
103011004002,Riyadh,258.00 ,324.00 ,1,50
103011004003,Jeddah,128.00 ,156.00 ,1,50
103011004003,Riyadh,366.00 ,459.00 ,1,50
103011004004,Jeddah,33.00 ,41.00 ,1,50
103011004004,Riyadh,37.00 ,47.00 ,1,50
103011004005,Jeddah,2.00 ,3.00 ,1,50
103011004005,Riyadh,41.00 ,48.00 ,1,50
103011004006,Jeddah,6.00 ,8.00 ,1,50
103011004006,Riyadh,171.00 ,215.00 ,1,50
103011004007,Jeddah,336.00 ,410.00 ,1,50
103011004007,Riyadh,220.00 ,275.00 ,1,50
103011004008,Jeddah,35.00 ,43.00 ,1,50
103011004008,Riyadh,152.00 ,191.00 ,1,50
103011004009,Jeddah,1.00 ,1.00 ,1,50
103011004010,Jeddah,31.00 ,39.00 ,1,50
103011004010,Riyadh,7.00 ,8.00 ,1,50
103011004011,Jeddah,4.00 ,5.00 ,1,50
103011004011,Riyadh,41.00 ,49.00 ,1,50
103011004012,Jeddah,15.00 ,19.00 ,1,50
103011004012,Riyadh,27.00 ,34.00 ,1,50
103011004013,Jeddah,13.00 ,17.00 ,1,50
103011004013,Riyadh,46.00 ,58.00 ,1,50
103011004015,Jeddah,1.00 ,1.00 ,1,50
103011004016,Jeddah,22.00 ,26.00 ,1,50
103011004016,Riyadh,54.00 ,68.00 ,1,50
103011004017,Jeddah,21.00 ,26.00 ,1,50
103011004017,Riyadh,29.00 ,36.00 ,1,50
103011004018,Jeddah,4.00 ,4.00 ,1,50
103011004018,Riyadh,5.00 ,6.00 ,1,50
103011004019,Jeddah,5.00 ,6.00 ,1,50
103011004019,Riyadh,24.00 ,29.00 ,1,50
103011004020,Jeddah,12.00 ,15.00 ,1,50
103011004020,Riyadh,11.00 ,13.00 ,1,50
103011004021,Jeddah,3.00 ,4.00 ,1,50
103011004022,Jeddah,9.00 ,12.00 ,1,50
103011004022,Riyadh,6.00 ,7.00 ,1,50
103011004023,Jeddah,16.00 ,20.00 ,1,50
103011004023,Riyadh,7.00 ,8.00 ,1,50
103011004025,Jeddah,8.00 ,10.00 ,1,50
103011004025,Riyadh,23.00 ,27.00 ,1,50
103011004026,Jeddah,7.00 ,9.00 ,1,50
103011004026,Riyadh,1.00 ,2.00 ,1,50
103011004029,Jeddah,5.00 ,7.00 ,1,50
103011004029,Riyadh,10.00 ,12.00 ,1,50
103011004030,Jeddah,8.00 ,10.00 ,1,50
103011004030,Riyadh,12.00 ,14.00 ,1,50
103011004031,Jeddah,5.00 ,6.00 ,1,50
103011004031,Riyadh,21.00 ,25.00 ,1,50
103011004032,Jeddah,5.00 ,7.00 ,1,50
103011004032,Riyadh,3.00 ,3.00 ,1,50
103011004034,Jeddah,8.00 ,10.00 ,1,50
103011004034,Riyadh,14.00 ,17.00 ,1,50
103011004035,Jeddah,5.00 ,6.00 ,1,50
103011004035,Riyadh,5.00 ,6.00 ,1,50
103011004036,Jeddah,6.00 ,7.00 ,1,50
103011004036,Riyadh,10.00 ,12.00 ,1,50
103011004037,Jeddah,11.00 ,14.00 ,1,50
103011004037,Riyadh,4.00 ,6.00 ,1,50
103011004038,Jeddah,10.00 ,13.00 ,1,50
103011004038,Riyadh,64.00 ,75.00 ,1,50
103011004039,Jeddah,6.00 ,9.00 ,1,50
103011004039,Riyadh,3.00 ,4.00 ,1,50
103011004040,Jeddah,3.00 ,4.00 ,1,50
103011004040,Riyadh,7.00 ,9.00 ,1,50
103011004041,Jeddah,2.00 ,3.00 ,1,50
103011004042,Jeddah,144.00 ,181.00 ,1,50
103011004042,Riyadh,153.00 ,189.00 ,1,50
103011004043,Jeddah,167.00 ,213.00 ,1,50
103011004043,Riyadh,351.00 ,424.00 ,1,50
103011004044,Jeddah,9.00 ,11.00 ,1,50
103011004044,Riyadh,38.00 ,45.00 ,1,50
103011004045,Jeddah,34.00 ,43.00 ,1,50
103011004045,Riyadh,94.00 ,115.00 ,1,50
103011004046,Jeddah,14.00 ,18.00 ,1,50
103011004046,Riyadh,24.00 ,28.00 ,1,50
103011004047,Jeddah,12.00 ,16.00 ,1,50
103011004047,Riyadh,36.00 ,42.00 ,1,50
103011004048,Jeddah,22.00 ,27.00 ,1,50
103011004048,Riyadh,65.00 ,78.00 ,1,50
103011004050,Jeddah,5.00 ,6.00 ,1,50
103011004050,Riyadh,21.00 ,25.00 ,1,50
103011004051,Jeddah,10.00 ,14.00 ,1,50
103011004051,Riyadh,35.00 ,42.00 ,1,50
103011004052,Jeddah,6.00 ,8.00 ,1,50
103011004052,Riyadh,11.00 ,13.00 ,1,50
103011004053,Jeddah,19.00 ,25.00 ,1,50
103011004053,Riyadh,16.00 ,19.00 ,1,50
103011004054,Jeddah,27.00 ,36.00 ,1,50
103011004054,Riyadh,133.00 ,162.00 ,1,50
103011004055,Jeddah,9.00 ,11.00 ,1,50
103011004055,Riyadh,3.00 ,4.00 ,1,50
103011004056,Jeddah,705.00 ,950.00 ,1,50
103011004056,Riyadh,5.00 ,7.00 ,1,50
103011004057,Jeddah,324.00 ,404.00 ,1,50
103011004058,Jeddah,54.00 ,69.00 ,1,50
103011004058,Riyadh,4.00 ,4.00 ,1,50
103011004059,Jeddah,221.00 ,276.00 ,1,50
103011004059,Riyadh,5.00 ,6.00 ,1,50
103011004060,Jeddah,108.00 ,134.00 ,1,50
103011004060,Riyadh,9.00 ,12.00 ,1,50
103011004061,Jeddah,207.00 ,262.00 ,1,50
103011004061,Riyadh,25.00 ,31.00 ,1,50
103011004062,Jeddah,23.00 ,29.00 ,1,50
103011004062,Riyadh,13.00 ,16.00 ,1,50
103011004063,Jeddah,89.00 ,119.00 ,1,50
103011004063,Riyadh,5.00 ,6.00 ,1,50
103011004064,Jeddah,71.00 ,91.00 ,1,50
103011004064,Riyadh,4.00 ,5.00 ,1,50
103011004065,Jeddah,2.00 ,2.00 ,1,50
103011004066,Jeddah,7.00 ,8.00 ,1,50
103011004066,Riyadh,5.00 ,6.00 ,1,50
103011004067,Jeddah,5.00 ,7.00 ,1,50
103011004067,Riyadh,5.00 ,6.00 ,1,50
103011004068,Jeddah,22.00 ,28.00 ,1,50
103011004068,Riyadh,6.00 ,7.00 ,1,50
103011004069,Jeddah,3.00 ,4.00 ,1,50
103011004069,Riyadh,2.00 ,2.00 ,1,50
103011004070,Jeddah,5.00 ,6.00 ,1,50
103011004070,Riyadh,1.00 ,2.00 ,1,50
103011004071,Jeddah,3.00 ,3.00 ,1,50
103011004071,Riyadh,3.00 ,3.00 ,1,50
103011004072,Jeddah,196.00 ,246.00 ,1,50
103011004072,Riyadh,3.00 ,3.00 ,1,50
103011004073,Jeddah,2.00 ,3.00 ,1,50
103011004074,Jeddah,24.00 ,30.00 ,1,50
103011004074,Riyadh,14.00 ,17.00 ,1,50
103011004076,Jeddah,105.00 ,136.00 ,1,50
103011004076,Riyadh,6.00 ,7.00 ,1,50
103011004128,Jeddah,4.00 ,6.00 ,1,50
103011004128,Riyadh,6.00 ,7.00 ,1,50
103011004129,Jeddah,16.00 ,19.00 ,1,50
103011004129,Riyadh,6.00 ,8.00 ,1,50
103011004130,Jeddah,4.00 ,5.00 ,1,50
103011004130,Riyadh,2.00 ,2.00 ,1,50
103011004131,Jeddah,3.00 ,4.00 ,1,50
103011004131,Riyadh,3.00 ,4.00 ,1,50
103011004132,Jeddah,4.00 ,6.00 ,1,50
103011004132,Riyadh,2.00 ,2.00 ,1,50
103011004133,Jeddah,4.00 ,5.00 ,1,50
103011004133,Riyadh,2.00 ,3.00 ,1,50
103011004134,Jeddah,3.00 ,4.00 ,1,50
103011004134,Riyadh,2.00 ,2.00 ,1,50
103011004135,Jeddah,11.00 ,13.00 ,1,50
103011004135,Riyadh,1.00 ,2.00 ,1,50
103011004136,Jeddah,3.00 ,4.00 ,1,50
103011004136,Riyadh,1.00 ,2.00 ,1,50
103011004137,Jeddah,3.00 ,4.00 ,1,50
103011004137,Riyadh,1.00 ,1.00 ,1,50
103011004138,Jeddah,12.00 ,14.00 ,1,50
103011004138,Riyadh,2.00 ,2.00 ,1,50
103011004139,Jeddah,3.00 ,4.00 ,1,50
103011004139,Riyadh,1.00 ,2.00 ,1,50
103011004140,Jeddah,17.00 ,21.00 ,1,50
103011004140,Riyadh,2.00 ,2.00 ,1,50
103011004141,Jeddah,1.00 ,1.00 ,1,50
103011004142,Jeddah,3.00 ,4.00 ,1,50
103011004142,Riyadh,9.00 ,11.00 ,1,50
103011004143,Jeddah,15.00 ,19.00 ,1,50
103011004143,Riyadh,5.00 ,6.00 ,1,50
103011004144,Jeddah,21.00 ,25.00 ,1,50
103011004144,Riyadh,11.00 ,13.00 ,1,50
103011004145,Jeddah,19.00 ,23.00 ,1,50
103011004145,Riyadh,5.00 ,6.00 ,1,50
103011004146,Jeddah,16.00 ,20.00 ,1,50
103011004146,Riyadh,13.00 ,16.00 ,1,50
103011004147,Jeddah,18.00 ,22.00 ,1,50
103011004147,Riyadh,4.00 ,5.00 ,1,50
103011004148,Jeddah,4.00 ,5.00 ,1,50
103011004148,Riyadh,3.00 ,4.00 ,1,50
103011004149,Jeddah,3.00 ,4.00 ,1,50
103011004149,Riyadh,3.00 ,4.00 ,1,50
103011004150,Jeddah,17.00 ,21.00 ,1,50
103011004150,Riyadh,9.00 ,10.00 ,1,50
103011004151,Jeddah,2.00 ,3.00 ,1,50
103011004151,Riyadh,1.00 ,2.00 ,1,50
103011004152,Jeddah,16.00 ,20.00 ,1,50
103011004152,Riyadh,2.00 ,3.00 ,1,50
103011004153,Jeddah,12.00 ,14.00 ,1,50
103011004153,Riyadh,4.00 ,5.00 ,1,50
103011004154,Jeddah,1.00 ,1.00 ,1,50
103011004155,Jeddah,4.00 ,5.00 ,1,50
103011004155,Riyadh,3.00 ,4.00 ,1,50
103011004156,Jeddah,7.00 ,9.00 ,1,50
103011004156,Riyadh,22.00 ,27.00 ,1,50
103011004157,Jeddah,23.00 ,29.00 ,1,50
103011004157,Riyadh,8.00 ,10.00 ,1,50
103011004158,Jeddah,9.00 ,12.00 ,1,50
103011004158,Riyadh,1.00 ,2.00 ,1,50
103011004159,Jeddah,29.00 ,37.00 ,1,50
103011004159,Riyadh,7.00 ,9.00 ,1,50
103011004160,Jeddah,1.00 ,1.00 ,1,50
103011004161,Jeddah,9.00 ,12.00 ,1,50
103011004161,Riyadh,9.00 ,12.00 ,1,50
103011004162,Jeddah,6.00 ,8.00 ,1,50
103011004162,Riyadh,8.00 ,10.00 ,1,50
103011004163,Jeddah,10.00 ,13.00 ,1,50
103011004163,Riyadh,6.00 ,7.00 ,1,50
103011004164,Jeddah,6.00 ,8.00 ,1,50
103011004164,Riyadh,28.00 ,34.00 ,1,50
103011004165,Jeddah,2.00 ,3.00 ,1,50
103011004166,Jeddah,7.00 ,9.00 ,1,50
103011004166,Riyadh,30.00 ,36.00 ,1,50
103011004167,Jeddah,1.00 ,1.00 ,1,50
103011004168,Jeddah,1.00 ,1.00 ,1,50
103011004168,Riyadh,40.00 ,48.00 ,1,50
103011004169,Jeddah,2.00 ,3.00 ,1,50
103011004169,Riyadh,6.00 ,7.00 ,1,50
103011004170,Jeddah,3.00 ,4.00 ,1,50
103011004170,Riyadh,4.00 ,6.00 ,1,50
103011004171,Jeddah,10.00 ,13.00 ,1,50
103011004171,Riyadh,2.00 ,2.00 ,1,50
103011004172,Jeddah,3.00 ,3.00 ,1,50
103011004172,Riyadh,3.00 ,4.00 ,1,50
103011004173,Jeddah,3.00 ,4.00 ,1,50
103011004173,Riyadh,1.00 ,1.00 ,1,50
103011004174,Jeddah,5.00 ,6.00 ,1,50
103011004174,Riyadh,4.00 ,4.00 ,1,50
103011004175,Jeddah,5.00 ,6.00 ,1,50
103011004175,Riyadh,6.00 ,8.00 ,1,50
103011004176,Jeddah,2.00 ,3.00 ,1,50
103011004176,Riyadh,6.00 ,7.00 ,1,50
103011004178,Jeddah,5.00 ,7.00 ,1,50
103011004178,Riyadh,7.00 ,8.00 ,1,50
103011004179,Jeddah,1.00 ,1.00 ,1,50
103011004180,Jeddah,1.00 ,1.00 ,1,50
103011004181,Jeddah,4.00 ,6.00 ,1,50
103011004181,Riyadh,1.00 ,1.00 ,1,50
103011004182,Jeddah,4.00 ,5.00 ,1,50
103011004182,Riyadh,1.00 ,2.00 ,1,50
103011004183,Jeddah,4.00 ,5.00 ,1,50
103011004183,Riyadh,1.00 ,2.00 ,1,50
103011004184,Riyadh,1.00 ,1.00 ,1,50
103011004185,Jeddah,5.00 ,7.00 ,1,50
103011004185,Riyadh,2.00 ,2.00 ,1,50
103011004187,Jeddah,1.00 ,1.00 ,1,50
103011004189,Jeddah,22.00 ,28.00 ,1,50
103011004189,Riyadh,4.00 ,5.00 ,1,50
103011004190,Jeddah,6.00 ,9.00 ,1,50
103011004190,Riyadh,26.00 ,32.00 ,1,50
103011004193,Jeddah,1.00 ,1.00 ,1,50
103011004193,Riyadh,7.00 ,9.00 ,1,50
103011004194,Jeddah,146.00 ,191.00 ,1,50
103011004194,Riyadh,29.00 ,38.00 ,1,50
103011004195,Jeddah,12.00 ,16.00 ,1,50
103011004195,Riyadh,6.00 ,8.00 ,1,50
103011004196,Jeddah,6.00 ,7.00 ,1,50
103011004196,Riyadh,10.00 ,12.00 ,1,50
103011004197,Jeddah,1.00 ,1.00 ,1,50
103011004199,Jeddah,2.00 ,2.00 ,1,50
103011004200,Jeddah,1.00 ,1.00 ,1,50
103011004201,Jeddah,1.00 ,1.00 ,1,50
103011004202,Jeddah,26.00 ,34.00 ,1,50
103011004202,Riyadh,90.00 ,114.00 ,1,50
103011004499,Jeddah,6.00 ,7.00 ,1,50
103011004499,Riyadh,6.00 ,7.00 ,1,50
103011004500,Jeddah,17.00 ,22.00 ,1,50
103011004500,Riyadh,9.00 ,11.00 ,1,50
103011004501,Jeddah,16.00 ,21.00 ,1,50
103011004501,Riyadh,5.00 ,6.00 ,1,50
103011004502,Jeddah,16.00 ,20.00 ,1,50
103011004502,Riyadh,6.00 ,7.00 ,1,50
103011004503,Jeddah,59.00 ,83.00 ,1,50
103011004503,Riyadh,31.00 ,37.00 ,1,50
103011004504,Jeddah,22.00 ,28.00 ,1,50
103011004504,Riyadh,24.00 ,29.00 ,1,50
103011004505,Jeddah,4.00 ,6.00 ,1,50
103011004505,Riyadh,5.00 ,6.00 ,1,50
103011004506,Jeddah,17.00 ,21.00 ,1,50
103011004506,Riyadh,94.00 ,111.00 ,1,50
103011004507,Jeddah,9.00 ,11.00 ,1,50
103011004507,Riyadh,2.00 ,2.00 ,1,50
103011004508,Jeddah,12.00 ,15.00 ,1,50
103011004508,Riyadh,8.00 ,9.00 ,1,50
103011004509,Jeddah,12.00 ,16.00 ,1,50
103011004509,Riyadh,4.00 ,5.00 ,1,50
103011004510,Jeddah,21.00 ,26.00 ,1,50
103011004510,Riyadh,3.00 ,3.00 ,1,50
103011004511,Jeddah,11.00 ,13.00 ,1,50
103011004512,Jeddah,6.00 ,8.00 ,1,50
103011004512,Riyadh,4.00 ,5.00 ,1,50
103011004513,Jeddah,3.00 ,4.00 ,1,50
103011004513,Riyadh,4.00 ,5.00 ,1,50
103011004514,Jeddah,6.00 ,9.00 ,1,50
103011004514,Riyadh,10.00 ,13.00 ,1,50
103011004515,Jeddah,7.00 ,8.00 ,1,50
103011004515,Riyadh,93.00 ,109.00 ,1,50
103011004516,Jeddah,5.00 ,6.00 ,1,50
103011004516,Riyadh,5.00 ,6.00 ,1,50
103011004517,Jeddah,6.00 ,8.00 ,1,50
103011004517,Riyadh,7.00 ,9.00 ,1,50
103011004518,Jeddah,4.00 ,6.00 ,1,50
103011004518,Riyadh,1.00 ,2.00 ,1,50
103011004519,Jeddah,5.00 ,7.00 ,1,50
103011004519,Riyadh,2.00 ,2.00 ,1,50
103011004520,Jeddah,2.00 ,2.00 ,1,50
103011004520,Riyadh,1.00 ,1.00 ,1,50
103011004521,Jeddah,2.00 ,2.00 ,1,50
103011004521,Riyadh,2.00 ,2.00 ,1,50
103011004522,Jeddah,2.00 ,3.00 ,1,50
103011004522,Riyadh,5.00 ,6.00 ,1,50
103011004523,Jeddah,3.00 ,4.00 ,1,50
103011004523,Riyadh,2.00 ,2.00 ,1,50
103011004524,Jeddah,17.00 ,21.00 ,1,50
103011004524,Riyadh,7.00 ,9.00 ,1,50
103011004525,Jeddah,7.00 ,10.00 ,1,50
103011004525,Riyadh,50.00 ,60.00 ,1,50
103011004526,Jeddah,1.00 ,1.00 ,1,50
103011004527,Jeddah,7.00 ,9.00 ,1,50
103011004527,Riyadh,38.00 ,45.00 ,1,50
103011004528,Jeddah,5.00 ,7.00 ,1,50
103011004528,Riyadh,8.00 ,10.00 ,1,50
103011004529,Jeddah,24.00 ,30.00 ,1,50
103011004529,Riyadh,41.00 ,49.00 ,1,50
103011004530,Jeddah,24.00 ,30.00 ,1,50
103011004530,Riyadh,96.00 ,115.00 ,1,50
103011004531,Jeddah,4.00 ,5.00 ,1,50
103011004531,Riyadh,3.00 ,4.00 ,1,50
103011004532,Jeddah,3.00 ,4.00 ,1,50
103011004533,Jeddah,12.00 ,16.00 ,1,50
103011004533,Riyadh,2.00 ,3.00 ,1,50
103011004534,Jeddah,4.00 ,5.00 ,1,50
103011004534,Riyadh,3.00 ,3.00 ,1,50
103011004535,Jeddah,13.00 ,16.00 ,1,50
103011004535,Riyadh,3.00 ,4.00 ,1,50
103011004537,Jeddah,2.00 ,3.00 ,1,50
103011004537,Riyadh,3.00 ,3.00 ,1,50
103011004538,Jeddah,15.00 ,19.00 ,1,50
103011004538,Riyadh,2.00 ,3.00 ,1,50
103011004837,Jeddah,3.00 ,4.00 ,1,50
103011004837,Riyadh,15.00 ,18.00 ,1,50
103011004838,Jeddah,9.00 ,11.00 ,1,50
103011004838,Riyadh,16.00 ,19.00 ,1,50
103011004839,Jeddah,3.00 ,4.00 ,1,50
103011004839,Riyadh,14.00 ,18.00 ,1,50
103011004840,Jeddah,7.00 ,9.00 ,1,50
103011004840,Riyadh,17.00 ,21.00 ,1,50
103011004841,Jeddah,3.00 ,4.00 ,1,50
103011004841,Riyadh,5.00 ,6.00 ,1,50
103011004842,Jeddah,2.00 ,2.00 ,1,50
103011004842,Riyadh,5.00 ,6.00 ,1,50
103011004843,Jeddah,4.00 ,5.00 ,1,50
103011004843,Riyadh,5.00 ,6.00 ,1,50
103011004844,Jeddah,3.00 ,3.00 ,1,50
103011004844,Riyadh,5.00 ,6.00 ,1,50
103011004846,Jeddah,3.00 ,4.00 ,1,50
103011004846,Riyadh,3.00 ,4.00 ,1,50
103011004847,Jeddah,3.00 ,3.00 ,1,50
103011004847,Riyadh,4.00 ,4.00 ,1,50
103011004848,Jeddah,3.00 ,4.00 ,1,50
103011004848,Riyadh,3.00 ,3.00 ,1,50
103011004849,Jeddah,2.00 ,3.00 ,1,50
103011004849,Riyadh,2.00 ,2.00 ,1,50
103011004850,Jeddah,2.00 ,3.00 ,1,50
103011004850,Riyadh,9.00 ,11.00 ,1,50
103011004851,Jeddah,10.00 ,14.00 ,1,50
103011004851,Riyadh,1.00 ,2.00 ,1,50
103011004852,Jeddah,79.00 ,109.00 ,1,50
103011004852,Riyadh,100.00 ,129.00 ,1,50
103011004853,Jeddah,3.00 ,3.00 ,1,50
103011004853,Riyadh,11.00 ,14.00 ,1,50
103011004854,Jeddah,9.00 ,13.00 ,1,50
103011004854,Riyadh,94.00 ,114.00 ,1,50
103011004856,Jeddah,2.00 ,3.00 ,1,50
103011004856,Riyadh,2.00 ,3.00 ,1,50
103011004858,Jeddah,2.00 ,2.00 ,1,50
103011004858,Riyadh,2.00 ,2.00 ,1,50
103011004859,Jeddah,11.00 ,14.00 ,1,50
103011004859,Riyadh,24.00 ,31.00 ,1,50
103011004860,Jeddah,4.00 ,5.00 ,1,50
103011004860,Riyadh,11.00 ,14.00 ,1,50
103011004861,Jeddah,2.00 ,3.00 ,1,50
103011004861,Riyadh,4.00 ,4.00 ,1,50
103011004862,Jeddah,2.00 ,3.00 ,1,50
103011004862,Riyadh,2.00 ,2.00 ,1,50
103011004863,Jeddah,2.00 ,3.00 ,1,50
103011004863,Riyadh,3.00 ,3.00 ,1,50
103011004864,Jeddah,18.00 ,23.00 ,1,50
103011004864,Riyadh,119.00 ,161.00 ,1,50
103011004865,Jeddah,3.00 ,3.00 ,1,50
103011004865,Riyadh,9.00 ,11.00 ,1,50
103011004866,Jeddah,4.00 ,5.00 ,1,50
103011004866,Riyadh,13.00 ,15.00 ,1,50
103011004907,Jeddah,17.00 ,22.00 ,1,50
103011004907,Riyadh,10.00 ,12.00 ,1,50
103011004908,Jeddah,17.00 ,22.00 ,1,50
103011004908,Riyadh,3.00 ,3.00 ,1,50
103011004921,Jeddah,29.00 ,38.00 ,1,50
103011004921,Riyadh,38.00 ,47.00 ,1,50
103011004922,Jeddah,28.00 ,41.00 ,1,50
103011004922,Riyadh,65.00 ,86.00 ,1,50
103011004923,Jeddah,2.00 ,2.00 ,1,50
103011004923,Riyadh,2.00 ,2.00 ,1,50
103011004924,Jeddah,3.00 ,4.00 ,1,50
103011004924,Riyadh,14.00 ,17.00 ,1,50
103011004925,Jeddah,5.00 ,8.00 ,1,50
103011004925,Riyadh,9.00 ,11.00 ,1,50
103011004926,Jeddah,4.00 ,5.00 ,1,50
103011004926,Riyadh,10.00 ,13.00 ,1,50
103011004928,Jeddah,2.00 ,2.00 ,1,50
103011004928,Riyadh,2.00 ,2.00 ,1,50
103011004929,Jeddah,3.00 ,4.00 ,1,50
103011004929,Riyadh,1.00 ,1.00 ,1,50
103011004930,Jeddah,3.00 ,4.00 ,1,50
103011004930,Riyadh,8.00 ,10.00 ,1,50
103011004931,Jeddah,3.00 ,3.00 ,1,50
103011004931,Riyadh,6.00 ,8.00 ,1,50
103011004932,Jeddah,3.00 ,4.00 ,1,50
103011004932,Riyadh,2.00 ,2.00 ,1,50
103011004933,Jeddah,11.00 ,15.00 ,1,50
103011004933,Riyadh,26.00 ,33.00 ,1,50
103011004934,Jeddah,11.00 ,16.00 ,1,50
103011004934,Riyadh,118.00 ,146.00 ,1,50
103011004937,Jeddah,2.00 ,3.00 ,1,50
103011004937,Riyadh,4.00 ,6.00 ,1,50
103011004938,Jeddah,2.00 ,3.00 ,1,50
103011004938,Riyadh,15.00 ,18.00 ,1,50
103011004939,Jeddah,2.00 ,2.00 ,1,50
103011004940,Jeddah,3.00 ,4.00 ,1,50
103011004940,Riyadh,13.00 ,16.00 ,1,50
103011004943,Riyadh,17.00 ,21.00 ,1,50
103011004945,Jeddah,4.00 ,6.00 ,1,50
103011004945,Riyadh,33.00 ,42.00 ,1,50
103011004946,Jeddah,6.00 ,8.00 ,1,50
103011004946,Riyadh,9.00 ,10.00 ,1,50
103011004947,Jeddah,23.00 ,32.00 ,1,50
103011004947,Riyadh,13.00 ,16.00 ,1,50
103011004949,Jeddah,10.00 ,13.00 ,1,50
103011004949,Riyadh,30.00 ,39.00 ,1,50
103011004951,Jeddah,13.00 ,17.00 ,1,50
103011004951,Riyadh,7.00 ,8.00 ,1,50
103011004952,Jeddah,1.00 ,1.00 ,1,50
103011004953,Jeddah,11.00 ,15.00 ,1,50
103011004953,Riyadh,7.00 ,9.00 ,1,50
103011004954,Jeddah,1.00 ,1.00 ,1,50
103011004955,Jeddah,1.00 ,1.00 ,1,50
103011004956,Jeddah,1.00 ,2.00 ,1,50
103011004957,Jeddah,1.00 ,1.00 ,1,50
103011004957,Riyadh,2.00 ,3.00 ,1,50
103011004958,Jeddah,7.00 ,8.00 ,1,50
103011004958,Riyadh,3.00 ,4.00 ,1,50
103011004959,Jeddah,4.00 ,5.00 ,1,50
103011004959,Riyadh,8.00 ,10.00 ,1,50
103011004960,Jeddah,9.00 ,13.00 ,1,50
103011004960,Riyadh,6.00 ,8.00 ,1,50
103011004961,Jeddah,9.00 ,12.00 ,1,50
103011004961,Riyadh,10.00 ,12.00 ,1,50
103011004962,Jeddah,1.00 ,1.00 ,1,50
103011004963,Jeddah,2.00 ,2.00 ,1,50
103011004963,Riyadh,20.00 ,25.00 ,1,50
103011004964,Jeddah,1.00 ,1.00 ,1,50
103011004965,Jeddah,9.00 ,12.00 ,1,50
103011004965,Riyadh,8.00 ,10.00 ,1,50
103011004966,Jeddah,5.00 ,7.00 ,1,50
103011004966,Riyadh,7.00 ,9.00 ,1,50
103011004967,Jeddah,9.00 ,12.00 ,1,50
103011004967,Riyadh,21.00 ,27.00 ,1,50
103011004970,Jeddah,16.00 ,20.00 ,1,50
103011004970,Riyadh,106.00 ,132.00 ,1,50
103011004971,Jeddah,13.00 ,17.00 ,1,50
103011004971,Riyadh,23.00 ,28.00 ,1,50
103011004972,Jeddah,5.00 ,6.00 ,1,50
103011004972,Riyadh,14.00 ,17.00 ,1,50
103011004978,Jeddah,31.00 ,39.00 ,1,50
103011004978,Riyadh,4.00 ,4.00 ,1,50
103011004979,Jeddah,6.00 ,7.00 ,1,50
103011004979,Riyadh,5.00 ,6.00 ,1,50
103011004981,Jeddah,20.00 ,27.00 ,1,50
103011004981,Riyadh,13.00 ,16.00 ,1,50
103011004983,Jeddah,16.00 ,20.00 ,1,50
103011004983,Riyadh,3.00 ,3.00 ,1,50
103011004987,Jeddah,9.00 ,12.00 ,1,50
103011004987,Riyadh,4.00 ,5.00 ,1,50
103011004988,Jeddah,4.00 ,5.00 ,1,50
103011004989,Jeddah,11.00 ,14.00 ,1,50
103011004989,Riyadh,14.00 ,18.00 ,1,50
103011004994,Jeddah,39.00 ,50.00 ,1,50
103011004994,Riyadh,3.00 ,4.00 ,1,50
103011004995,Jeddah,209.00 ,263.00 ,1,50
103011004998,Jeddah,62.00 ,79.00 ,1,50
103011004998,Riyadh,8.00 ,10.00 ,1,50
103011005026,Jeddah,6.00 ,9.00 ,1,50
103011005026,Riyadh,5.00 ,6.00 ,1,50
103011005027,Jeddah,9.00 ,12.00 ,1,50
103011005027,Riyadh,2.00 ,3.00 ,1,50
103011005028,Jeddah,10.00 ,13.00 ,1,50
103011005028,Riyadh,2.00 ,2.00 ,1,50
103011005029,Jeddah,11.00 ,15.00 ,1,50
103011005029,Riyadh,4.00 ,5.00 ,1,50
103011005030,Jeddah,10.00 ,14.00 ,1,50
103011005030,Riyadh,3.00 ,3.00 ,1,50
103011005031,Jeddah,13.00 ,17.00 ,1,50
103011005031,Riyadh,4.00 ,4.00 ,1,50
103011005032,Jeddah,11.00 ,14.00 ,1,50
103011005032,Riyadh,2.00 ,3.00 ,1,50
103011005033,Jeddah,13.00 ,16.00 ,1,50
103011005033,Riyadh,14.00 ,17.00 ,1,50
103011005034,Jeddah,10.00 ,12.00 ,1,50
103011005034,Riyadh,3.00 ,3.00 ,1,50
103011005035,Jeddah,13.00 ,17.00 ,1,50
103011005035,Riyadh,9.00 ,11.00 ,1,50
103011005036,Jeddah,30.00 ,41.00 ,1,50
103011005036,Riyadh,4.00 ,6.00 ,1,50
103011005037,Jeddah,16.00 ,22.00 ,1,50
103011005037,Riyadh,2.00 ,2.00 ,1,50
103011005038,Jeddah,14.00 ,18.00 ,1,50
103011005038,Riyadh,3.00 ,4.00 ,1,50
103011005039,Jeddah,9.00 ,12.00 ,1,50
103011005040,Jeddah,9.00 ,12.00 ,1,50
103011005040,Riyadh,2.00 ,2.00 ,1,50
103011005041,Jeddah,9.00 ,12.00 ,1,50
103011005041,Riyadh,2.00 ,2.00 ,1,50
103011005042,Jeddah,8.00 ,10.00 ,1,50
103011005043,Jeddah,9.00 ,12.00 ,1,50
103011005043,Riyadh,2.00 ,3.00 ,1,50
103011005044,Jeddah,9.00 ,12.00 ,1,50
103011005044,Riyadh,4.00 ,4.00 ,1,50
103011005045,Jeddah,9.00 ,12.00 ,1,50
103011005045,Riyadh,2.00 ,3.00 ,1,50
103011005046,Jeddah,14.00 ,19.00 ,1,50
103011005046,Riyadh,3.00 ,4.00 ,1,50
103011005047,Jeddah,97.00 ,137.00 ,1,50
103011005047,Riyadh,4.00 ,5.00 ,1,50
103011005048,Jeddah,2.00 ,2.00 ,1,50
103011005048,Riyadh,17.00 ,21.00 ,1,50
103011005049,Jeddah,1.00 ,2.00 ,1,50
103011005049,Riyadh,20.00 ,25.00 ,1,50
103011005050,Jeddah,2.00 ,4.00 ,1,50
103011005050,Riyadh,20.00 ,25.00 ,1,50
103011005051,Jeddah,1.00 ,1.00 ,1,50
103011005051,Riyadh,16.00 ,20.00 ,1,50
103011005052,Jeddah,9.00 ,12.00 ,1,50
103011005052,Riyadh,4.00 ,4.00 ,1,50
103011005053,Jeddah,3.00 ,4.00 ,1,50
103011005053,Riyadh,1.00 ,1.00 ,1,50
103011005054,Jeddah,10.00 ,13.00 ,1,50
103011005054,Riyadh,22.00 ,28.00 ,1,50
103011005055,Jeddah,9.00 ,12.00 ,1,50
103011005055,Riyadh,3.00 ,3.00 ,1,50
103011005056,Jeddah,14.00 ,18.00 ,1,50
103011005056,Riyadh,2.00 ,2.00 ,1,50
103011005057,Jeddah,3.00 ,4.00 ,1,50
103011005057,Riyadh,2.00 ,2.00 ,1,50
103011005058,Jeddah,11.00 ,14.00 ,1,50
103011005058,Riyadh,2.00 ,2.00 ,1,50
103011005059,Jeddah,9.00 ,12.00 ,1,50
103011005059,Riyadh,2.00 ,2.00 ,1,50
103011005060,Jeddah,9.00 ,12.00 ,1,50
103011005060,Riyadh,8.00 ,9.00 ,1,50
103011005061,Jeddah,13.00 ,16.00 ,1,50
103011005061,Riyadh,2.00 ,2.00 ,1,50
103011005062,Jeddah,12.00 ,15.00 ,1,50
103011005062,Riyadh,2.00 ,2.00 ,1,50
103011005063,Jeddah,54.00 ,70.00 ,1,50
103011005063,Riyadh,14.00 ,18.00 ,1,50
103011005064,Jeddah,39.00 ,52.00 ,1,50
103011005064,Riyadh,12.00 ,15.00 ,1,50
103011005065,Jeddah,39.00 ,52.00 ,1,50
103011005065,Riyadh,27.00 ,34.00 ,1,50
103011005066,Jeddah,26.00 ,37.00 ,1,50
103011005066,Riyadh,17.00 ,22.00 ,1,50
103011005067,Jeddah,45.00 ,60.00 ,1,50
103011005067,Riyadh,40.00 ,48.00 ,1,50
103011005068,Jeddah,18.00 ,22.00 ,1,50
103011005068,Riyadh,7.00 ,9.00 ,1,50
103011005070,Jeddah,30.00 ,39.00 ,1,50
103011005070,Riyadh,77.00 ,92.00 ,1,50
103011005071,Jeddah,62.00 ,83.00 ,1,50
103011005071,Riyadh,76.00 ,95.00 ,1,50
103011005072,Jeddah,45.00 ,59.00 ,1,50
103011005072,Riyadh,12.00 ,15.00 ,1,50
103011005073,Jeddah,67.00 ,87.00 ,1,50
103011005073,Riyadh,59.00 ,74.00 ,1,50
103011005074,Jeddah,53.00 ,68.00 ,1,50
103011005074,Riyadh,23.00 ,29.00 ,1,50
103011005075,Jeddah,58.00 ,77.00 ,1,50
103011005075,Riyadh,37.00 ,45.00 ,1,50
103011005076,Jeddah,60.00 ,76.00 ,1,50
103011005076,Riyadh,12.00 ,14.00 ,1,50
103011005077,Jeddah,26.00 ,36.00 ,1,50
103011005077,Riyadh,15.00 ,18.00 ,1,50
103011005078,Jeddah,22.00 ,29.00 ,1,50
103011005078,Riyadh,21.00 ,26.00 ,1,50
103011005079,Jeddah,66.00 ,86.00 ,1,50
103011005079,Riyadh,34.00 ,42.00 ,1,50
103011005080,Jeddah,57.00 ,74.00 ,1,50
103011005080,Riyadh,67.00 ,81.00 ,1,50
103011005081,Jeddah,17.00 ,24.00 ,1,50
103011005081,Riyadh,4.00 ,4.00 ,1,50
103011005082,Jeddah,54.00 ,74.00 ,1,50
103011005082,Riyadh,51.00 ,61.00 ,1,50
103011005083,Jeddah,28.00 ,36.00 ,1,50
103011005083,Riyadh,17.00 ,20.00 ,1,50
103011005084,Jeddah,27.00 ,35.00 ,1,50
103011005084,Riyadh,11.00 ,13.00 ,1,50
103011005085,Jeddah,34.00 ,44.00 ,1,50
103011005085,Riyadh,11.00 ,14.00 ,1,50
103011005086,Jeddah,27.00 ,35.00 ,1,50
103011005086,Riyadh,9.00 ,11.00 ,1,50
103011005087,Jeddah,40.00 ,52.00 ,1,50
103011005087,Riyadh,28.00 ,35.00 ,1,50
103011005088,Jeddah,45.00 ,57.00 ,1,50
103011005088,Riyadh,41.00 ,53.00 ,1,50
103011005089,Jeddah,1.00 ,2.00 ,1,50
103011005089,Riyadh,9.00 ,11.00 ,1,50
103011005090,Jeddah,32.00 ,45.00 ,1,50
103011005090,Riyadh,20.00 ,25.00 ,1,50
103011005091,Jeddah,24.00 ,33.00 ,1,50
103011005091,Riyadh,17.00 ,21.00 ,1,50
103011005092,Jeddah,3.00 ,4.00 ,1,50
103011005092,Riyadh,46.00 ,58.00 ,1,50
103011005093,Jeddah,18.00 ,23.00 ,1,50
103011005093,Riyadh,2.00 ,3.00 ,1,50
103011005094,Jeddah,12.00 ,15.00 ,1,50
103011005094,Riyadh,18.00 ,22.00 ,1,50
103011005095,Jeddah,22.00 ,31.00 ,1,50
103011005095,Riyadh,6.00 ,7.00 ,1,50
103011005096,Jeddah,50.00 ,66.00 ,1,50
103011005096,Riyadh,19.00 ,23.00 ,1,50
103011005097,Jeddah,18.00 ,25.00 ,1,50
103011005097,Riyadh,23.00 ,29.00 ,1,50
103011005098,Jeddah,13.00 ,17.00 ,1,50
103011005098,Riyadh,7.00 ,9.00 ,1,50
103011005099,Jeddah,44.00 ,61.00 ,1,50
103011005099,Riyadh,18.00 ,22.00 ,1,50
103011005100,Jeddah,10.00 ,13.00 ,1,50
103011005100,Riyadh,7.00 ,8.00 ,1,50
103011005101,Jeddah,35.00 ,50.00 ,1,50
103011005101,Riyadh,10.00 ,13.00 ,1,50
103011005102,Jeddah,19.00 ,27.00 ,1,50
103011005102,Riyadh,11.00 ,14.00 ,1,50
103011005103,Jeddah,15.00 ,20.00 ,1,50
103011005103,Riyadh,12.00 ,15.00 ,1,50
103011005104,Jeddah,4.00 ,6.00 ,1,50
103011005104,Riyadh,2.00 ,3.00 ,1,50
103011005105,Jeddah,2.00 ,3.00 ,1,50
103011005105,Riyadh,5.00 ,6.00 ,1,50
103011005106,Jeddah,1.00 ,1.00 ,1,50
103011005107,Jeddah,2.00 ,2.00 ,1,50
103011005107,Riyadh,7.00 ,9.00 ,1,50
103011005108,Jeddah,2.00 ,4.00 ,1,50
103011005108,Riyadh,15.00 ,19.00 ,1,50
103011005109,Jeddah,1.00 ,1.00 ,1,50
103011005109,Riyadh,2.00 ,2.00 ,1,50
103011005110,Jeddah,11.00 ,14.00 ,1,50
103011005110,Riyadh,3.00 ,4.00 ,1,50
103011005111,Jeddah,69.00 ,87.00 ,1,50
103011005111,Riyadh,138.00 ,169.00 ,1,50
103011005112,Jeddah,6.00 ,9.00 ,1,50
103011005112,Riyadh,5.00 ,6.00 ,1,50
103011005113,Jeddah,13.00 ,16.00 ,1,50
103011005113,Riyadh,8.00 ,10.00 ,1,50
103011005114,Jeddah,10.00 ,13.00 ,1,50
103011005114,Riyadh,10.00 ,12.00 ,1,50
103011005115,Jeddah,38.00 ,51.00 ,1,50
103011005115,Riyadh,69.00 ,82.00 ,1,50
103011005116,Jeddah,33.00 ,42.00 ,1,50
103011005116,Riyadh,31.00 ,41.00 ,1,50
103011005117,Jeddah,27.00 ,37.00 ,1,50
103011005117,Riyadh,41.00 ,52.00 ,1,50
103011005118,Jeddah,19.00 ,27.00 ,1,50
103011005118,Riyadh,38.00 ,46.00 ,1,50
103011005119,Jeddah,3.00 ,4.00 ,1,50
103011005119,Riyadh,22.00 ,27.00 ,1,50
103011005120,Riyadh,6.00 ,7.00 ,1,50
103011005121,Jeddah,28.00 ,39.00 ,1,50
103011005121,Riyadh,26.00 ,32.00 ,1,50
103011005122,Jeddah,23.00 ,32.00 ,1,50
103011005122,Riyadh,17.00 ,20.00 ,1,50
103011005123,Jeddah,48.00 ,61.00 ,1,50
103011005123,Riyadh,42.00 ,51.00 ,1,50
103011005124,Riyadh,5.00 ,6.00 ,1,50
103011005125,Jeddah,11.00 ,14.00 ,1,50
103011005125,Riyadh,3.00 ,3.00 ,1,50
103011005126,Jeddah,11.00 ,14.00 ,1,50
103011005126,Riyadh,4.00 ,4.00 ,1,50
103011005127,Jeddah,16.00 ,21.00 ,1,50
103011005127,Riyadh,7.00 ,8.00 ,1,50
103011005128,Jeddah,11.00 ,15.00 ,1,50
103011005128,Riyadh,36.00 ,43.00 ,1,50
103011005129,Jeddah,17.00 ,23.00 ,1,50
103011005129,Riyadh,10.00 ,13.00 ,1,50
103011005130,Jeddah,32.00 ,43.00 ,1,50
103011005130,Riyadh,19.00 ,24.00 ,1,50
103011005131,Jeddah,2.00 ,3.00 ,1,50
103011005131,Riyadh,3.00 ,4.00 ,1,50
103011005132,Jeddah,15.00 ,21.00 ,1,50
103011005132,Riyadh,14.00 ,17.00 ,1,50
103011005133,Riyadh,6.00 ,8.00 ,1,50
103011005134,Jeddah,22.00 ,30.00 ,1,50
103011005134,Riyadh,10.00 ,13.00 ,1,50
103011005135,Jeddah,48.00 ,62.00 ,1,50
103011005135,Riyadh,45.00 ,56.00 ,1,50
103011005136,Jeddah,37.00 ,51.00 ,1,50
103011005136,Riyadh,20.00 ,25.00 ,1,50
103011005137,Riyadh,4.00 ,5.00 ,1,50
103011005138,Riyadh,4.00 ,5.00 ,1,50
103011005139,Jeddah,16.00 ,22.00 ,1,50
103011005139,Riyadh,13.00 ,16.00 ,1,50
103011005140,Riyadh,1.00 ,1.00 ,1,50
103011005141,Jeddah,8.00 ,13.00 ,1,50
103011005141,Riyadh,12.00 ,15.00 ,1,50
103011005142,Riyadh,3.00 ,4.00 ,1,50
103011005144,Jeddah,8.00 ,13.00 ,1,50
103011005144,Riyadh,1.00 ,1.00 ,1,50
103011005146,Jeddah,8.00 ,13.00 ,1,50
103011005146,Riyadh,12.00 ,15.00 ,1,50
103011005147,Riyadh,6.00 ,7.00 ,1,50
103011005148,Riyadh,1.00 ,1.00 ,1,50
103011005149,Riyadh,1.00 ,1.00 ,1,50
103011005150,Riyadh,7.00 ,9.00 ,1,50
103011005151,Jeddah,8.00 ,13.00 ,1,50
103011005151,Riyadh,3.00 ,4.00 ,1,50
103011005152,Riyadh,8.00 ,10.00 ,1,50
103011005153,Jeddah,9.00 ,14.00 ,1,50
103011005153,Riyadh,10.00 ,12.00 ,1,50
103011005154,Jeddah,10.00 ,16.00 ,1,50
103011005154,Riyadh,3.00 ,4.00 ,1,50
103011005155,Jeddah,17.00 ,24.00 ,1,50
103011005155,Riyadh,5.00 ,6.00 ,1,50
103011005156,Jeddah,8.00 ,13.00 ,1,50
103011005156,Riyadh,6.00 ,8.00 ,1,50
103011005157,Jeddah,8.00 ,13.00 ,1,50
103011005157,Riyadh,19.00 ,23.00 ,1,50
103011005158,Jeddah,8.00 ,13.00 ,1,50
103011005158,Riyadh,13.00 ,16.00 ,1,50
103011005159,Riyadh,3.00 ,4.00 ,1,50
103011005160,Jeddah,8.00 ,13.00 ,1,50
103011005160,Riyadh,1.00 ,1.00 ,1,50
103011005161,Jeddah,24.00 ,33.00 ,1,50
103011005161,Riyadh,17.00 ,20.00 ,1,50
103011005162,Jeddah,5.00 ,7.00 ,1,50
103011005162,Riyadh,17.00 ,21.00 ,1,50
103011005441,Jeddah,1.00 ,1.00 ,12,50
103011005442,Jeddah,1.00 ,1.00 ,12,50
103011005442,Riyadh,1.00 ,1.00 ,12,50
103011005444,Jeddah,2.00 ,2.00 ,12,50
103011005444,Riyadh,1.00 ,2.00 ,12,50
103011005445,Jeddah,1.00 ,1.00 ,12,50
103011005445,Riyadh,3.00 ,3.00 ,12,50
103011005446,Jeddah,1.00 ,1.00 ,12,50
103011005446,Riyadh,1.00 ,1.00 ,12,50
103011005447,Jeddah,1.00 ,1.00 ,12,50
103011005447,Riyadh,1.00 ,1.00 ,12,50
103011005448,Jeddah,1.00 ,1.00 ,12,50
103011005448,Riyadh,1.00 ,1.00 ,12,50
103011005449,Jeddah,1.00 ,1.00 ,12,50
103011005449,Riyadh,2.00 ,3.00 ,12,50
103011005450,Jeddah,1.00 ,1.00 ,12,50
103011005450,Riyadh,1.00 ,1.00 ,12,50
103011005451,Riyadh,2.00 ,2.00 ,12,50
103011005452,Jeddah,1.00 ,1.00 ,12,50
103011005452,Riyadh,2.00 ,2.00 ,12,50
103011005453,Jeddah,1.00 ,1.00 ,12,50
103011005453,Riyadh,1.00 ,1.00 ,12,50
103011005455,Jeddah,2.00 ,3.00 ,12,50
103011005455,Riyadh,1.00 ,1.00 ,12,50
103011005456,Jeddah,1.00 ,1.00 ,12,50
103011005456,Riyadh,1.00 ,1.00 ,12,50
103011005457,Jeddah,1.00 ,1.00 ,12,50
103011005457,Riyadh,1.00 ,1.00 ,12,50
103011005458,Riyadh,1.00 ,1.00 ,12,50
103011005459,Jeddah,2.00 ,2.00 ,12,50
103011005459,Riyadh,1.00 ,1.00 ,12,50
103011005460,Jeddah,1.00 ,1.00 ,12,50
103011005657,Jeddah,13.00 ,17.00 ,1,50
103011005657,Riyadh,2.00 ,3.00 ,1,50
103011005658,Jeddah,1.00 ,2.00 ,1,50
103011005659,Jeddah,1.00 ,2.00 ,1,50
103011005920,Jeddah,90.00 ,111.00 ,1,50
103011005920,Riyadh,19.00 ,24.00 ,1,50
103011005921,Jeddah,31.00 ,39.00 ,1,50
103011005921,Riyadh,7.00 ,9.00 ,1,50
103011005922,Jeddah,16.00 ,21.00 ,1,50
103011005922,Riyadh,7.00 ,9.00 ,1,50
103011005937,Jeddah,2.00 ,3.00 ,1,50
103011005937,Riyadh,1.00 ,2.00 ,1,50
103011005939,Jeddah,13.00 ,18.00 ,1,50
103011005939,Riyadh,1.00 ,1.00 ,1,50
103011005940,Jeddah,2.00 ,2.00 ,1,50
103011005941,Jeddah,10.00 ,13.00 ,1,50
103011005941,Riyadh,5.00 ,6.00 ,1,50
103011005942,Jeddah,8.00 ,10.00 ,1,50
103011005942,Riyadh,1.00 ,1.00 ,1,50
103011005943,Jeddah,1.00 ,2.00 ,1,50
103011005944,Jeddah,2.00 ,3.00 ,1,50
103011005944,Riyadh,1.00 ,1.00 ,1,50
103011005945,Jeddah,6.00 ,8.00 ,1,50
103011005945,Riyadh,1.00 ,1.00 ,1,50
103011005946,Jeddah,10.00 ,13.00 ,1,50
103011005946,Riyadh,2.00 ,2.00 ,1,50
103011005947,Jeddah,3.00 ,3.00 ,1,50
103011005948,Jeddah,1.00 ,2.00 ,1,50
103011005952,Riyadh,2.00 ,2.00 ,1,50
103011005953,Jeddah,10.00 ,14.00 ,1,50
103011005955,Jeddah,1.00 ,1.00 ,1,50
103011005957,Jeddah,7.00 ,9.00 ,1,50
103011005957,Riyadh,1.00 ,1.00 ,1,50
103011005958,Jeddah,13.00 ,16.00 ,1,50
103011005958,Riyadh,1.00 ,2.00 ,1,50
103011005959,Jeddah,1.00 ,1.00 ,1,50
103011005960,Jeddah,1.00 ,1.00 ,1,50
103011005960,Riyadh,1.00 ,1.00 ,1,50
103011005961,Jeddah,7.00 ,8.00 ,1,50
103011005961,Riyadh,1.00 ,1.00 ,1,50
103011005962,Jeddah,8.00 ,11.00 ,1,50
103011005962,Riyadh,2.00 ,2.00 ,1,50
103011005965,Jeddah,2.00 ,2.00 ,1,50
103011005966,Jeddah,16.00 ,21.00 ,1,50
103011005966,Riyadh,1.00 ,2.00 ,1,50
103011005967,Jeddah,6.00 ,8.00 ,1,50
103011005968,Jeddah,4.00 ,5.00 ,1,50
103011005970,Jeddah,1.00 ,1.00 ,1,50
103011005971,Jeddah,7.00 ,9.00 ,1,50
103011005971,Riyadh,1.00 ,1.00 ,1,50
103011005974,Jeddah,1.00 ,1.00 ,1,50
103011005975,Jeddah,1.00 ,1.00 ,1,50
103011005976,Jeddah,4.00 ,5.00 ,1,50
103011005976,Riyadh,9.00 ,10.00 ,1,50
103011005977,Jeddah,1.00 ,1.00 ,1,50
103011005979,Jeddah,4.00 ,5.00 ,1,50
103011005979,Riyadh,3.00 ,4.00 ,1,50
103011005980,Jeddah,1.00 ,1.00 ,1,50
103011005980,Riyadh,1.00 ,1.00 ,1,50
103011005981,Jeddah,1.00 ,1.00 ,1,50
103011005982,Jeddah,1.00 ,1.00 ,1,50
103011005982,Riyadh,1.00 ,1.00 ,1,50
103011005984,Jeddah,4.00 ,5.00 ,1,50
103011005984,Riyadh,1.00 ,1.00 ,1,50
103011005986,Jeddah,12.00 ,15.00 ,1,50
103011005986,Riyadh,1.00 ,2.00 ,1,50
103011005988,Jeddah,2.00 ,3.00 ,1,50
103011005988,Riyadh,2.00 ,3.00 ,1,50
103011005990,Jeddah,7.00 ,9.00 ,1,50
103011005990,Riyadh,2.00 ,2.00 ,1,50
103011005991,Jeddah,4.00 ,5.00 ,1,50
103011005991,Riyadh,1.00 ,1.00 ,1,50
103011005992,Jeddah,6.00 ,8.00 ,1,50
103011005992,Riyadh,3.00 ,3.00 ,1,50
103011005993,Jeddah,4.00 ,6.00 ,1,50
103011005993,Riyadh,1.00 ,1.00 ,1,50
103011005994,Jeddah,6.00 ,8.00 ,1,50
103011005994,Riyadh,5.00 ,7.00 ,1,50
103011005995,Jeddah,10.00 ,14.00 ,1,50
103011005995,Riyadh,2.00 ,2.00 ,1,50
103011005996,Jeddah,1.00 ,2.00 ,1,50
103011005997,Jeddah,6.00 ,8.00 ,1,50
103011005997,Riyadh,1.00 ,1.00 ,1,50
103011005998,Riyadh,1.00 ,1.00 ,1,50
103011005999,Jeddah,3.00 ,4.00 ,1,50
103011006000,Jeddah,1.00 ,2.00 ,1,50
103011006001,Jeddah,5.00 ,6.00 ,1,50
103011006001,Riyadh,1.00 ,1.00 ,1,50
103011006002,Jeddah,1.00 ,1.00 ,1,50
103011006003,Jeddah,3.00 ,4.00 ,1,50
103011006003,Riyadh,2.00 ,2.00 ,1,50
103011006004,Jeddah,2.00 ,3.00 ,1,50
103011006004,Riyadh,1.00 ,1.00 ,1,50
103011006006,Jeddah,1.00 ,2.00 ,1,50
103011006008,Jeddah,7.00 ,8.00 ,1,50
103011006008,Riyadh,5.00 ,6.00 ,1,50
103011006010,Jeddah,1.00 ,1.00 ,1,50
103011006011,Jeddah,7.00 ,10.00 ,1,50
103011006011,Riyadh,1.00 ,2.00 ,1,50
103011006012,Jeddah,2.00 ,2.00 ,1,50
103011006013,Jeddah,1.00 ,1.00 ,1,50
103011006014,Jeddah,4.00 ,5.00 ,1,50
103011006014,Riyadh,1.00 ,1.00 ,1,50
103011006015,Jeddah,1.00 ,1.00 ,1,50
103011006016,Jeddah,1.00 ,2.00 ,1,50
103011006017,Jeddah,1.00 ,1.00 ,1,50
103011006018,Jeddah,1.00 ,1.00 ,1,50
103011006019,Jeddah,1.00 ,1.00 ,1,50
103011006020,Jeddah,1.00 ,2.00 ,1,50
103011006022,Jeddah,2.00 ,2.00 ,1,50
103011006023,Jeddah,1.00 ,1.00 ,1,50
103011006025,Jeddah,1.00 ,1.00 ,1,50
103011006027,Jeddah,1.00 ,1.00 ,1,50
103011006028,Jeddah,1.00 ,2.00 ,1,50
103011006030,Jeddah,3.00 ,4.00 ,1,50
103011006032,Jeddah,1.00 ,2.00 ,1,50
103011006033,Jeddah,1.00 ,1.00 ,1,50
103011006049,Jeddah,8.00 ,10.00 ,1,50
103011006049,Riyadh,15.00 ,17.00 ,1,50
103011006056,Jeddah,3.00 ,4.00 ,1,50
103011006230,Jeddah,8.00 ,10.00 ,1,50
103011006230,Riyadh,6.00 ,8.00 ,1,50
103011006231,Jeddah,7.00 ,9.00 ,1,50
103011006231,Riyadh,4.00 ,5.00 ,1,50
103011006232,Jeddah,8.00 ,11.00 ,1,50
103011006232,Riyadh,5.00 ,6.00 ,1,50
103011006233,Jeddah,8.00 ,10.00 ,1,50
103011006233,Riyadh,4.00 ,5.00 ,1,50
103011006234,Jeddah,10.00 ,13.00 ,1,50
103011006234,Riyadh,3.00 ,4.00 ,1,50
103011006235,Jeddah,12.00 ,16.00 ,1,50
103011006235,Riyadh,14.00 ,17.00 ,1,50
103011006236,Jeddah,3.00 ,4.00 ,1,50
103011006236,Riyadh,4.00 ,4.00 ,1,50
103011006237,Jeddah,2.00 ,2.00 ,1,50
103011006238,Jeddah,1.00 ,2.00 ,1,50
103011006238,Riyadh,1.00 ,2.00 ,1,50
103011006241,Jeddah,1.00 ,1.00 ,1,50
103011006243,Jeddah,1.00 ,1.00 ,1,50
103011006265,Riyadh,1.00 ,2.00 ,1,50
103011006272,Riyadh,2.00 ,2.00 ,1,50
103011006277,Riyadh,1.00 ,1.00 ,1,50
103011006280,Riyadh,1.00 ,2.00 ,1,50
103011006283,Jeddah,4.00 ,5.00 ,1,50
103011006287,Riyadh,1.00 ,2.00 ,1,50
103011006288,Riyadh,1.00 ,2.00 ,1,50
103011006298,Jeddah,15.00 ,19.00 ,1,50
103011006298,Riyadh,2.00 ,2.00 ,1,50
103011006307,Jeddah,13.00 ,16.00 ,1,50
103011006307,Riyadh,1.00 ,1.00 ,1,50
103011006309,Jeddah,8.00 ,11.00 ,1,50
103011006309,Riyadh,1.00 ,1.00 ,1,50
103011006310,Jeddah,11.00 ,14.00 ,1,50
103011006310,Riyadh,10.00 ,13.00 ,1,50
103011006311,Jeddah,18.00 ,23.00 ,1,50
103011006311,Riyadh,1.00 ,1.00 ,1,50
103011006312,Jeddah,17.00 ,21.00 ,1,50
103011006312,Riyadh,5.00 ,7.00 ,1,50
103011006313,Jeddah,13.00 ,18.00 ,1,50
103011006313,Riyadh,17.00 ,23.00 ,1,50
103011006314,Jeddah,39.00 ,62.00 ,1,50
103011006315,Jeddah,202.00 ,249.00 ,1,50
103011006315,Riyadh,320.00 ,390.00 ,1,50
103011006316,Jeddah,12.00 ,16.00 ,1,50
103011006316,Riyadh,1.00 ,1.00 ,1,50
103011006317,Jeddah,18.00 ,25.00 ,1,50
103011006317,Riyadh,19.00 ,26.00 ,1,50
103011006318,Jeddah,11.00 ,14.00 ,1,50
103011006318,Riyadh,1.00 ,1.00 ,1,50
103011006319,Jeddah,12.00 ,17.00 ,1,50
103011006319,Riyadh,22.00 ,30.00 ,1,50
103011006320,Jeddah,19.00 ,24.00 ,1,50
103011006320,Riyadh,22.00 ,30.00 ,1,50
103011006321,Jeddah,7.00 ,9.00 ,1,50
103011006322,Jeddah,5.00 ,6.00 ,1,50
103011006322,Riyadh,5.00 ,7.00 ,1,50
103011006323,Jeddah,28.00 ,35.00 ,1,50
103011006324,Jeddah,34.00 ,43.00 ,1,50
103011006324,Riyadh,109.00 ,133.00 ,1,50
103011006325,Jeddah,24.00 ,33.00 ,1,50
103011006325,Riyadh,1.00 ,1.00 ,1,50
103011006326,Jeddah,17.00 ,22.00 ,1,50
103011006326,Riyadh,5.00 ,6.00 ,1,50
103011006327,Jeddah,17.00 ,24.00 ,1,50
103011006327,Riyadh,6.00 ,7.00 ,1,50
103011006328,Jeddah,22.00 ,28.00 ,1,50
103011006329,Jeddah,66.00 ,92.00 ,1,50
103011006329,Riyadh,2.00 ,2.00 ,1,50
103011006330,Jeddah,7.00 ,10.00 ,1,50
103011006331,Jeddah,8.00 ,10.00 ,1,50
103011006332,Jeddah,24.00 ,32.00 ,1,50
103011006332,Riyadh,16.00 ,21.00 ,1,50
103011006333,Jeddah,11.00 ,15.00 ,1,50
103011006333,Riyadh,1.00 ,1.00 ,1,50
103011006334,Jeddah,3.00 ,4.00 ,1,50
103011006335,Jeddah,4.00 ,6.00 ,1,50
103011006335,Riyadh,1.00 ,1.00 ,1,50
103011006336,Jeddah,5.00 ,7.00 ,1,50
103011006337,Jeddah,4.00 ,6.00 ,1,50
103011006340,Jeddah,1.00 ,1.00 ,1,50
103011006340,Riyadh,2.00 ,2.00 ,1,50
103011006341,Jeddah,2.00 ,2.00 ,1,50
103011006341,Riyadh,3.00 ,3.00 ,1,50
103011006342,Jeddah,6.00 ,7.00 ,1,50
103011006342,Riyadh,2.00 ,2.00 ,1,50
103011006353,Jeddah,5.00 ,7.00 ,1,50
103011006353,Riyadh,1.00 ,2.00 ,1,50
103011006354,Riyadh,10.00 ,12.00 ,1,50
103011006355,Jeddah,1.00 ,1.00 ,1,50
103011006356,Jeddah,2.00 ,3.00 ,1,50
103011006356,Riyadh,5.00 ,6.00 ,1,50
103011006358,Riyadh,2.00 ,2.00 ,1,50
103011006452,Jeddah,3.00 ,4.00 ,1,50
103011006452,Riyadh,5.00 ,6.00 ,1,50
103011006453,Jeddah,1.00 ,1.00 ,1,50
103011006453,Riyadh,1.00 ,1.00 ,1,50
103011006454,Jeddah,1.00 ,1.00 ,1,50
103011006455,Jeddah,2.00 ,3.00 ,1,50
103011006455,Riyadh,2.00 ,2.00 ,1,50
103011006456,Jeddah,1.00 ,2.00 ,1,50
103011006459,Jeddah,9.00 ,11.00 ,1,50
103011006459,Riyadh,35.00 ,44.00 ,1,50
103011006460,Jeddah,2.00 ,2.00 ,1,50
103011006461,Jeddah,2.00 ,3.00 ,1,50
103011006462,Jeddah,1.00 ,1.00 ,1,50
103011006462,Riyadh,8.00 ,10.00 ,1,50
103011006463,Jeddah,5.00 ,7.00 ,1,50
103011006464,Jeddah,5.00 ,7.00 ,1,50
103011006465,Jeddah,2.00 ,3.00 ,1,50
103011006465,Riyadh,1.00 ,2.00 ,1,50
103011006466,Jeddah,10.00 ,12.00 ,1,50
103011006466,Riyadh,2.00 ,2.00 ,1,50
103011006467,Jeddah,3.00 ,3.00 ,1,50
103011006467,Riyadh,1.00 ,1.00 ,1,50
103011006468,Jeddah,3.00 ,4.00 ,1,50
103011006468,Riyadh,1.00 ,2.00 ,1,50
103011006469,Jeddah,9.00 ,12.00 ,1,50
103011006470,Jeddah,3.00 ,4.00 ,1,50
103011006470,Riyadh,1.00 ,1.00 ,1,50
103011006471,Jeddah,3.00 ,4.00 ,1,50
103011006471,Riyadh,1.00 ,1.00 ,1,50
103011006472,Jeddah,12.00 ,15.00 ,1,50
103011006473,Jeddah,12.00 ,15.00 ,1,50
103011006473,Riyadh,1.00 ,1.00 ,1,50
103011006474,Jeddah,6.00 ,7.00 ,1,50
103011006475,Jeddah,3.00 ,4.00 ,1,50
103011006475,Riyadh,1.00 ,2.00 ,1,50
103011006476,Jeddah,3.00 ,4.00 ,1,50
103011006476,Riyadh,1.00 ,2.00 ,1,50
103011006477,Jeddah,5.00 ,6.00 ,1,50
103011006477,Riyadh,2.00 ,2.00 ,1,50
103011006850,Riyadh,1.00 ,2.00 ,12,50
103011006851,Riyadh,1.00 ,2.00 ,1,50
103011006852,Jeddah,1.00 ,1.00 ,1,50
103011006861,Jeddah,10.00 ,13.00 ,1,50
103011006862,Jeddah,6.00 ,7.00 ,1,50
103011006878,Jeddah,2.00 ,3.00 ,1,50
103011006879,Jeddah,4.00 ,6.00 ,1,50
103011006880,Riyadh,1.00 ,1.00 ,1,50
103011006881,Riyadh,2.00 ,2.00 ,1,50
103011006891,Jeddah,9.00 ,12.00 ,1,50
103011006953,Riyadh,1.00 ,1.00 ,1,50
103011006956,Riyadh,3.00 ,4.00 ,1,50
103011006958,Riyadh,2.00 ,3.00 ,1,50
103011006961,Riyadh,2.00 ,3.00 ,1,50
103011006962,Riyadh,2.00 ,3.00 ,1,50
103011006964,Riyadh,1.00 ,1.00 ,1,50
103011006966,Riyadh,1.00 ,1.00 ,1,50
103011006967,Riyadh,1.00 ,1.00 ,1,50
103011006968,Riyadh,1.00 ,1.00 ,1,50
103011006969,Riyadh,1.00 ,1.00 ,1,50
103011006970,Riyadh,1.00 ,1.00 ,1,50
103011006971,Jeddah,1.00 ,1.00 ,1,50
103011006972,Riyadh,17.00 ,21.00 ,1,50
103011006974,Riyadh,2.00 ,3.00 ,1,50
103011006975,Riyadh,9.00 ,11.00 ,1,50
103011006976,Riyadh,2.00 ,3.00 ,1,50
103011006978,Jeddah,1.00 ,2.00 ,1,50
103011006980,Riyadh,1.00 ,1.00 ,1,50
103011006981,Riyadh,17.00 ,21.00 ,1,50
103011006982,Riyadh,23.00 ,29.00 ,1,50
103011006983,Jeddah,1.00 ,1.00 ,1,50
103011006984,Jeddah,1.00 ,1.00 ,1,50
103011006984,Riyadh,1.00 ,1.00 ,1,50
103011006985,Jeddah,1.00 ,1.00 ,1,50
103011006985,Riyadh,1.00 ,1.00 ,1,50
103011006986,Riyadh,1.00 ,1.00 ,1,50
103011006987,Jeddah,1.00 ,1.00 ,1,50
103011006987,Riyadh,1.00 ,1.00 ,1,50
103011006988,Jeddah,1.00 ,1.00 ,1,50
103011006988,Riyadh,1.00 ,1.00 ,1,50
103011006989,Jeddah,1.00 ,1.00 ,1,50
103011006989,Riyadh,1.00 ,1.00 ,1,50
103011006990,Jeddah,1.00 ,1.00 ,1,50
103011006990,Riyadh,1.00 ,1.00 ,1,50
103011006991,Jeddah,1.00 ,1.00 ,1,50
103011006991,Riyadh,1.00 ,1.00 ,1,50
103011006992,Riyadh,2.00 ,2.00 ,1,50
103011006993,Jeddah,1.00 ,1.00 ,1,50
103011006993,Riyadh,1.00 ,1.00 ,1,50
103011006994,Jeddah,1.00 ,1.00 ,1,50
103011006995,Jeddah,1.00 ,1.00 ,1,50
103011006995,Riyadh,1.00 ,1.00 ,1,50
103011006998,Jeddah,1.00 ,1.00 ,1,50
103011006999,Jeddah,1.00 ,1.00 ,1,50
103011007002,Jeddah,1.00 ,1.00 ,1,50
103011007003,Jeddah,1.00 ,1.00 ,1,50
103011007003,Riyadh,1.00 ,2.00 ,1,50
103011007004,Jeddah,1.00 ,1.00 ,1,50
103011007005,Jeddah,1.00 ,1.00 ,1,50
103011007005,Riyadh,23.00 ,29.00 ,1,50
103011007006,Jeddah,1.00 ,1.00 ,1,50
103011007006,Riyadh,23.00 ,29.00 ,1,50
103011007228,Jeddah,3.00 ,3.00 ,1,50
103011007228,Riyadh,2.00 ,3.00 ,1,50
103011007229,Jeddah,2.00 ,3.00 ,1,50
103011007229,Riyadh,2.00 ,3.00 ,1,50
103011007230,Jeddah,2.00 ,3.00 ,1,50
103011007230,Riyadh,1.00 ,2.00 ,1,50
103011007231,Jeddah,2.00 ,3.00 ,1,50
103011007232,Jeddah,37.00 ,46.00 ,1,50
103011007232,Riyadh,2.00 ,3.00 ,1,50
103011007233,Jeddah,4.00 ,5.00 ,1,50
103011007233,Riyadh,97.00 ,118.00 ,1,50
103011007234,Riyadh,1.00 ,1.00 ,1,50
103011007236,Riyadh,1.00 ,1.00 ,1,50
103011007238,Jeddah,1.00 ,1.00 ,1,50
103011007239,Riyadh,1.00 ,1.00 ,1,50
103011007245,Riyadh,1.00 ,1.00 ,1,50
103011007248,Jeddah,31.00 ,40.00 ,1,50
103011007248,Riyadh,10.00 ,13.00 ,1,50
103011007249,Jeddah,31.00 ,40.00 ,1,50
103011007249,Riyadh,3.00 ,3.00 ,1,50
103011007250,Jeddah,6.00 ,7.00 ,1,50
103011007250,Riyadh,8.00 ,10.00 ,1,50
103011007251,Jeddah,28.00 ,34.00 ,1,50
103011007251,Riyadh,8.00 ,10.00 ,1,50
103011007252,Jeddah,30.00 ,39.00 ,1,50
103011007252,Riyadh,9.00 ,12.00 ,1,50
103011007253,Jeddah,10.00 ,13.00 ,1,50
103011007253,Riyadh,9.00 ,12.00 ,1,50
103011007254,Jeddah,11.00 ,14.00 ,1,50
103011007254,Riyadh,8.00 ,10.00 ,1,50
103011007255,Jeddah,31.00 ,40.00 ,1,50
103011007255,Riyadh,9.00 ,14.00 ,1,50
103011007256,Jeddah,14.00 ,18.00 ,1,50
103011007256,Riyadh,4.00 ,4.00 ,1,50
103011007257,Jeddah,30.00 ,37.00 ,1,50
103011007257,Riyadh,11.00 ,13.00 ,1,50
103011007258,Jeddah,12.00 ,14.00 ,1,50
103011007258,Riyadh,8.00 ,10.00 ,1,50
103011007259,Jeddah,31.00 ,40.00 ,1,50
103011007259,Riyadh,8.00 ,10.00 ,1,50
103011007260,Jeddah,30.00 ,39.00 ,1,50
103011007260,Riyadh,10.00 ,13.00 ,1,50
103011007306,Jeddah,8.00 ,11.00 ,1,50
103011007308,Jeddah,6.00 ,8.00 ,1,50
103011007309,Jeddah,6.00 ,8.00 ,1,50
103011007310,Jeddah,16.00 ,21.00 ,1,50
103011007312,Jeddah,6.00 ,8.00 ,1,50
103011007316,Jeddah,6.00 ,8.00 ,1,50
103011007318,Jeddah,6.00 ,8.00 ,1,50
103011007322,Jeddah,6.00 ,8.00 ,1,50
103011008070,Jeddah,5.00 ,6.00 ,1,50
103011008070,Riyadh,3.00 ,3.00 ,1,50
103011008071,Jeddah,3.00 ,4.00 ,1,50
103011008071,Riyadh,2.00 ,3.00 ,1,50
103011008072,Jeddah,2.00 ,3.00 ,1,50
103011008072,Riyadh,2.00 ,3.00 ,1,50
103011008073,Jeddah,11.00 ,13.00 ,1,50
103011008073,Riyadh,3.00 ,3.00 ,1,50
103021001816,Jeddah,1.00 ,1.00 ,1,50
103021001817,Jeddah,1.00 ,1.00 ,1,50
103021001818,Jeddah,2.00 ,2.00 ,1,50
103021001818,Riyadh,1.00 ,2.00 ,1,50
103021001819,Jeddah,1.00 ,1.00 ,1,50
103021001819,Riyadh,1.00 ,1.00 ,1,50
103021001830,Jeddah,8.00 ,10.00 ,1,50
103021001830,Riyadh,2.00 ,2.00 ,1,50
103021001831,Jeddah,6.00 ,9.00 ,1,50
103021001831,Riyadh,2.00 ,2.00 ,1,50
103021001832,Jeddah,8.00 ,11.00 ,1,50
103021001833,Jeddah,14.00 ,19.00 ,1,50
103021001833,Riyadh,29.00 ,35.00 ,1,50
103021001834,Jeddah,12.00 ,16.00 ,1,50
103021001835,Jeddah,4.00 ,5.00 ,1,50
103021001835,Riyadh,1.00 ,1.00 ,1,50
103021001836,Jeddah,8.00 ,11.00 ,1,50
103021001837,Jeddah,9.00 ,12.00 ,1,50
103021001851,Jeddah,1.00 ,1.00 ,1,50
103021001851,Riyadh,1.00 ,1.00 ,1,50
103021001852,Jeddah,4.00 ,6.00 ,1,50
103021001853,Jeddah,1.00 ,1.00 ,1,50
103021001853,Riyadh,2.00 ,3.00 ,1,50
103021001854,Jeddah,4.00 ,6.00 ,1,50
103021001854,Riyadh,1.00 ,1.00 ,1,50
103021001855,Jeddah,12.00 ,14.00 ,1,50
103021001855,Riyadh,3.00 ,3.00 ,1,50
103021001926,Jeddah,15.00 ,18.00 ,1,50
103021001926,Riyadh,23.00 ,29.00 ,1,50
103021001927,Jeddah,27.00 ,33.00 ,1,50
103021001927,Riyadh,27.00 ,32.00 ,1,50
103021001928,Jeddah,14.00 ,17.00 ,1,50
103021001928,Riyadh,8.00 ,10.00 ,1,50
103021001929,Jeddah,15.00 ,19.00 ,1,50
103021001929,Riyadh,12.00 ,15.00 ,1,50
103021001930,Jeddah,11.00 ,14.00 ,1,50
103021001930,Riyadh,9.00 ,11.00 ,1,50
103021001931,Jeddah,7.00 ,9.00 ,1,50
103021001931,Riyadh,23.00 ,28.00 ,1,50
103021001932,Jeddah,6.00 ,8.00 ,1,50
103021001932,Riyadh,11.00 ,14.00 ,1,50
103021001933,Jeddah,3.00 ,4.00 ,1,50
103021001933,Riyadh,3.00 ,3.00 ,1,50
103021001934,Jeddah,4.00 ,6.00 ,1,50
103021001934,Riyadh,15.00 ,18.00 ,1,50
103021001935,Jeddah,5.00 ,6.00 ,1,50
103021001935,Riyadh,11.00 ,13.00 ,1,50
103021001936,Jeddah,4.00 ,6.00 ,1,50
103021001936,Riyadh,17.00 ,20.00 ,1,50
103021001962,Jeddah,13.00 ,17.00 ,1,50
103021001962,Riyadh,5.00 ,6.00 ,1,50
103021001963,Jeddah,12.00 ,16.00 ,1,50
103021001963,Riyadh,2.00 ,3.00 ,1,50
103021001964,Jeddah,9.00 ,12.00 ,1,50
103021001964,Riyadh,17.00 ,21.00 ,1,50
103021001965,Jeddah,5.00 ,7.00 ,1,50
103021001965,Riyadh,11.00 ,13.00 ,1,50
103021001966,Jeddah,18.00 ,24.00 ,1,50
103021001966,Riyadh,4.00 ,5.00 ,1,50
103021001967,Jeddah,27.00 ,36.00 ,1,50
103021001967,Riyadh,15.00 ,18.00 ,1,50
103021001969,Jeddah,11.00 ,14.00 ,1,50
103021001969,Riyadh,3.00 ,3.00 ,1,50
103021001970,Jeddah,2.00 ,4.00 ,1,50
103021001970,Riyadh,5.00 ,6.00 ,1,50
103021001971,Jeddah,6.00 ,8.00 ,1,50
103021001999,Jeddah,8.00 ,11.00 ,1,50
103021001999,Riyadh,2.00 ,2.00 ,1,50
103021002001,Jeddah,3.00 ,4.00 ,1,50
103021002001,Riyadh,2.00 ,2.00 ,1,50
103021002002,Jeddah,6.00 ,7.00 ,1,50
103021002002,Riyadh,2.00 ,3.00 ,1,50
103021002003,Jeddah,1.00 ,2.00 ,1,50
103021002003,Riyadh,1.00 ,1.00 ,1,50
103021002004,Jeddah,7.00 ,9.00 ,1,50
103021002004,Riyadh,3.00 ,3.00 ,1,50
103021002005,Jeddah,7.00 ,9.00 ,1,50
103021002005,Riyadh,3.00 ,3.00 ,1,50
103021002006,Jeddah,4.00 ,6.00 ,1,50
103021002006,Riyadh,1.00 ,1.00 ,1,50
103021002007,Jeddah,6.00 ,7.00 ,1,50
103021002007,Riyadh,3.00 ,3.00 ,1,50
103021002299,Jeddah,2.00 ,3.00 ,1,50
103021002299,Riyadh,24.00 ,28.00 ,1,50
103021002300,Jeddah,2.00 ,3.00 ,1,50
103021002300,Riyadh,2.00 ,2.00 ,1,50
103021002301,Jeddah,1.00 ,1.00 ,1,50
103021002302,Jeddah,1.00 ,1.00 ,1,50
103021002302,Riyadh,2.00 ,2.00 ,1,50
103021002303,Riyadh,1.00 ,2.00 ,1,50
103021002307,Jeddah,1.00 ,1.00 ,1,50
103021002310,Jeddah,4.00 ,5.00 ,1,50
103021002310,Riyadh,35.00 ,42.00 ,1,50
103021002311,Jeddah,1.00 ,1.00 ,1,50
103021002311,Riyadh,18.00 ,21.00 ,1,50
103021002312,Riyadh,2.00 ,2.00 ,1,50
103021002313,Jeddah,1.00 ,1.00 ,1,50
103021002313,Riyadh,1.00 ,1.00 ,1,50
103021002314,Jeddah,1.00 ,1.00 ,1,50
103021002314,Riyadh,2.00 ,3.00 ,1,50
103021002315,Jeddah,1.00 ,1.00 ,1,50
103021002315,Riyadh,2.00 ,2.00 ,1,50
103021002316,Jeddah,1.00 ,1.00 ,1,50
103021002316,Riyadh,2.00 ,2.00 ,1,50
103021002317,Jeddah,1.00 ,1.00 ,1,50
103021002317,Riyadh,2.00 ,2.00 ,1,50
103021002318,Jeddah,14.00 ,18.00 ,1,50
103021002318,Riyadh,37.00 ,45.00 ,1,50
103021002319,Jeddah,11.00 ,13.00 ,1,50
103021002319,Riyadh,23.00 ,27.00 ,1,50
103021002320,Jeddah,3.00 ,4.00 ,1,50
103021002320,Riyadh,26.00 ,32.00 ,1,50
103021002321,Jeddah,8.00 ,10.00 ,1,50
103021002321,Riyadh,27.00 ,34.00 ,1,50
103021002322,Jeddah,8.00 ,10.00 ,1,50
103021002322,Riyadh,26.00 ,32.00 ,1,50
103021002323,Jeddah,18.00 ,23.00 ,1,50
103021002323,Riyadh,26.00 ,31.00 ,1,50
103021002324,Jeddah,6.00 ,7.00 ,1,50
103021002324,Riyadh,14.00 ,16.00 ,1,50
103021002325,Jeddah,1.00 ,2.00 ,1,50
103021002327,Jeddah,11.00 ,14.00 ,1,50
103021002327,Riyadh,51.00 ,65.00 ,1,50
103021002328,Jeddah,5.00 ,6.00 ,1,50
103021002328,Riyadh,33.00 ,43.00 ,1,50
103021002329,Jeddah,11.00 ,14.00 ,1,50
103021002329,Riyadh,68.00 ,83.00 ,1,50
103021002330,Jeddah,3.00 ,4.00 ,1,50
103021002330,Riyadh,36.00 ,45.00 ,1,50
103021002331,Jeddah,5.00 ,6.00 ,1,50
103021002331,Riyadh,17.00 ,20.00 ,1,50
103021002332,Jeddah,4.00 ,5.00 ,1,50
103021002332,Riyadh,10.00 ,12.00 ,1,50
103021002333,Jeddah,3.00 ,4.00 ,1,50
103021002333,Riyadh,13.00 ,15.00 ,1,50
103021002335,Jeddah,13.00 ,16.00 ,1,50
103021002335,Riyadh,15.00 ,18.00 ,1,50
103021002336,Jeddah,2.00 ,3.00 ,1,50
103021002336,Riyadh,12.00 ,14.00 ,1,50
103021002337,Jeddah,6.00 ,8.00 ,1,50
103021002337,Riyadh,16.00 ,19.00 ,1,50
103021002338,Jeddah,4.00 ,6.00 ,1,50
103021002338,Riyadh,18.00 ,21.00 ,1,50
103021002339,Jeddah,6.00 ,7.00 ,1,50
103021002339,Riyadh,19.00 ,22.00 ,1,50
103021002340,Jeddah,5.00 ,6.00 ,1,50
103021002340,Riyadh,20.00 ,24.00 ,1,50
103021002341,Jeddah,4.00 ,5.00 ,1,50
103021002341,Riyadh,19.00 ,23.00 ,1,50
103021002342,Jeddah,22.00 ,27.00 ,1,50
103021002342,Riyadh,30.00 ,35.00 ,1,50
103021002343,Jeddah,28.00 ,35.00 ,1,50
103021002343,Riyadh,39.00 ,48.00 ,1,50
103021002344,Jeddah,7.00 ,9.00 ,1,50
103021002344,Riyadh,41.00 ,51.00 ,1,50
103021002345,Jeddah,7.00 ,9.00 ,1,50
103021002345,Riyadh,25.00 ,30.00 ,1,50
103021002346,Jeddah,2.00 ,3.00 ,1,50
103021002347,Jeddah,1.00 ,1.00 ,1,50
103021002348,Jeddah,21.00 ,26.00 ,1,50
103021002348,Riyadh,11.00 ,13.00 ,1,50
103021002349,Jeddah,5.00 ,6.00 ,1,50
103021002349,Riyadh,22.00 ,26.00 ,1,50
103021002350,Jeddah,13.00 ,16.00 ,1,50
103021002350,Riyadh,30.00 ,37.00 ,1,50
103021002351,Jeddah,25.00 ,30.00 ,1,50
103021002351,Riyadh,11.00 ,13.00 ,1,50
103021002352,Jeddah,8.00 ,11.00 ,1,50
103021002352,Riyadh,32.00 ,39.00 ,1,50
103021002353,Jeddah,16.00 ,20.00 ,1,50
103021002353,Riyadh,11.00 ,13.00 ,1,50
103021002354,Jeddah,17.00 ,21.00 ,1,50
103021002354,Riyadh,24.00 ,28.00 ,1,50
103021002355,Jeddah,3.00 ,4.00 ,1,50
103021002355,Riyadh,6.00 ,7.00 ,1,50
103021002356,Jeddah,1.00 ,1.00 ,1,50
103021002357,Jeddah,31.00 ,38.00 ,1,50
103021002357,Riyadh,26.00 ,32.00 ,1,50
103021002358,Jeddah,1.00 ,1.00 ,1,50
103021002359,Jeddah,16.00 ,19.00 ,1,50
103021002359,Riyadh,8.00 ,10.00 ,1,50
103021002360,Jeddah,3.00 ,4.00 ,1,50
103021002360,Riyadh,8.00 ,10.00 ,1,50
103021002361,Jeddah,3.00 ,3.00 ,1,50
103021002361,Riyadh,11.00 ,13.00 ,1,50
103021002362,Jeddah,10.00 ,13.00 ,1,50
103021002362,Riyadh,24.00 ,30.00 ,1,50
103021002365,Jeddah,22.00 ,27.00 ,1,50
103021002365,Riyadh,23.00 ,28.00 ,1,50
103021002366,Jeddah,1.00 ,1.00 ,1,50
103021002368,Jeddah,18.00 ,22.00 ,1,50
103021002368,Riyadh,19.00 ,23.00 ,1,50
103021002369,Jeddah,3.00 ,4.00 ,1,50
103021002369,Riyadh,5.00 ,7.00 ,1,50
103021002370,Jeddah,1.00 ,1.00 ,1,50
103021002371,Jeddah,3.00 ,4.00 ,1,50
103021002371,Riyadh,10.00 ,13.00 ,1,50
103021002372,Jeddah,1.00 ,1.00 ,1,50
103021002373,Jeddah,9.00 ,11.00 ,1,50
103021002373,Riyadh,3.00 ,4.00 ,1,50
103021002374,Riyadh,4.00 ,4.00 ,1,50
103021002375,Jeddah,3.00 ,4.00 ,1,50
103021002375,Riyadh,7.00 ,8.00 ,1,50
103021002378,Jeddah,17.00 ,20.00 ,1,50
103021002378,Riyadh,16.00 ,20.00 ,1,50
103021002379,Jeddah,18.00 ,22.00 ,1,50
103021002379,Riyadh,25.00 ,29.00 ,1,50
103021002380,Jeddah,32.00 ,40.00 ,1,50
103021002380,Riyadh,40.00 ,51.00 ,1,50
103021002381,Jeddah,22.00 ,27.00 ,1,50
103021002381,Riyadh,23.00 ,28.00 ,1,50
103021002385,Jeddah,33.00 ,41.00 ,1,50
103021002385,Riyadh,17.00 ,20.00 ,1,50
103021002387,Jeddah,8.00 ,10.00 ,1,50
103021002387,Riyadh,5.00 ,6.00 ,1,50
103021002388,Jeddah,16.00 ,19.00 ,1,50
103021002388,Riyadh,4.00 ,4.00 ,1,50
103021002389,Jeddah,1.00 ,1.00 ,1,50
103021002390,Jeddah,18.00 ,22.00 ,1,50
103021002390,Riyadh,13.00 ,17.00 ,1,50
103021002391,Jeddah,20.00 ,24.00 ,1,50
103021002391,Riyadh,22.00 ,26.00 ,1,50
103021002392,Jeddah,5.00 ,6.00 ,1,50
103021002392,Riyadh,3.00 ,4.00 ,1,50
103021002393,Jeddah,15.00 ,19.00 ,1,50
103021002393,Riyadh,6.00 ,7.00 ,1,50
103021002395,Jeddah,13.00 ,16.00 ,1,50
103021002395,Riyadh,23.00 ,28.00 ,1,50
103021002396,Jeddah,7.00 ,9.00 ,1,50
103021002396,Riyadh,5.00 ,7.00 ,1,50
103021002397,Jeddah,3.00 ,3.00 ,1,50
103021002397,Riyadh,11.00 ,14.00 ,1,50
103021002398,Jeddah,1.00 ,1.00 ,1,50
103021002399,Jeddah,1.00 ,1.00 ,1,50
103021002400,Jeddah,8.00 ,11.00 ,1,50
103021002400,Riyadh,6.00 ,8.00 ,1,50
103021002402,Jeddah,3.00 ,4.00 ,1,50
103021002403,Jeddah,3.00 ,4.00 ,1,50
103021002403,Riyadh,16.00 ,19.00 ,1,50
103021002404,Jeddah,19.00 ,23.00 ,1,50
103021002404,Riyadh,10.00 ,12.00 ,1,50
103021002405,Jeddah,1.00 ,1.00 ,1,50
103021002406,Jeddah,2.00 ,2.00 ,1,50
103021002406,Riyadh,7.00 ,9.00 ,1,50
103021002408,Jeddah,16.00 ,19.00 ,1,50
103021002408,Riyadh,7.00 ,9.00 ,1,50
103021002409,Jeddah,1.00 ,2.00 ,1,50
103021002409,Riyadh,1.00 ,1.00 ,1,50
103021002410,Jeddah,2.00 ,3.00 ,1,50
103021002410,Riyadh,7.00 ,8.00 ,1,50
103021002412,Jeddah,1.00 ,1.00 ,1,50
103021002412,Riyadh,4.00 ,5.00 ,1,50
103021002415,Jeddah,5.00 ,6.00 ,1,50
103021002416,Jeddah,4.00 ,5.00 ,1,50
103021002416,Riyadh,11.00 ,13.00 ,1,50
103021002417,Jeddah,4.00 ,6.00 ,1,50
103021002417,Riyadh,8.00 ,10.00 ,1,50
103021002418,Jeddah,4.00 ,5.00 ,1,50
103021002419,Riyadh,1.00 ,1.00 ,1,50
103021002597,Jeddah,12.00 ,15.00 ,48,50
103021002598,Jeddah,12.00 ,15.00 ,48,50
103021002599,Jeddah,8.00 ,11.00 ,48,50
103021002600,Jeddah,5.00 ,6.00 ,48,50
103021002601,Jeddah,1.00 ,2.00 ,18,50
103021002602,Jeddah,2.00 ,3.00 ,18,50
103021002603,Jeddah,2.00 ,2.00 ,1,50
103021002604,Jeddah,1.00 ,1.00 ,18,50
103021002605,Jeddah,18.00 ,22.00 ,24,50
103021002605,Riyadh,20.00 ,24.00 ,24,50
103021002606,Jeddah,1.00 ,1.00 ,12,50
103021002607,Jeddah,2.00 ,2.00 ,12,50
103021002608,Jeddah,2.00 ,3.00 ,12,50
103021002608,Riyadh,4.00 ,4.00 ,12,50
103021002609,Jeddah,1.00 ,2.00 ,12,50
103021002609,Riyadh,7.00 ,9.00 ,12,50
103021002610,Jeddah,1.00 ,1.00 ,12,50
103021002610,Riyadh,13.00 ,16.00 ,12,50
103021002611,Jeddah,1.00 ,1.00 ,12,50
103021002611,Riyadh,13.00 ,16.00 ,12,50
103021002711,Jeddah,10.00 ,12.00 ,48,50
103021002711,Riyadh,2.00 ,3.00 ,48,50
103021002712,Jeddah,1.00 ,1.00 ,72,50
103021002712,Riyadh,15.00 ,18.00 ,72,50
103021002714,Jeddah,1.00 ,1.00 ,1,50
103021002715,Jeddah,1.00 ,1.00 ,1,50
103021002716,Jeddah,1.00 ,1.00 ,1,50
103021002717,Jeddah,1.00 ,1.00 ,1,50
103021002718,Jeddah,2.00 ,3.00 ,18,50
103021002718,Riyadh,7.00 ,9.00 ,18,50
103021002719,Jeddah,52.00 ,65.00 ,18,50
103021002720,Jeddah,1.00 ,1.00 ,18,50
103021002721,Jeddah,6.00 ,8.00 ,12,50
103021002722,Jeddah,5.00 ,6.00 ,12,50
103021002725,Jeddah,6.00 ,7.00 ,36,50
103021002726,Jeddah,6.00 ,8.00 ,60,50
103021002726,Riyadh,11.00 ,14.00 ,60,50
103021002727,Jeddah,2.00 ,3.00 ,1,50
103021002728,Jeddah,3.00 ,3.00 ,36,50
103021002729,Jeddah,3.00 ,4.00 ,36,50
103021002730,Jeddah,1.00 ,1.00 ,48,50
103021002751,Jeddah,1.00 ,1.00 ,12,50
103021002752,Jeddah,9.00 ,11.00 ,12,50
103021002782,Riyadh,7.00 ,9.00 ,1,50
103021002784,Riyadh,10.00 ,12.00 ,1,50
103021002785,Riyadh,40.00 ,49.00 ,1,50
103021002786,Jeddah,2.00 ,2.00 ,1,50
103021002786,Riyadh,1.00 ,1.00 ,1,50
103021002787,Riyadh,20.00 ,24.00 ,1,50
103021002788,Jeddah,4.00 ,6.00 ,1,50
103021002788,Riyadh,13.00 ,16.00 ,1,50
103021002789,Jeddah,12.00 ,16.00 ,1,50
103021002789,Riyadh,2.00 ,2.00 ,1,50
103021002790,Jeddah,17.00 ,21.00 ,1,50
103021002790,Riyadh,28.00 ,33.00 ,1,50
103021002791,Jeddah,15.00 ,19.00 ,1,50
103021002791,Riyadh,5.00 ,6.00 ,1,50
103021002792,Jeddah,2.00 ,3.00 ,1,50
103021002792,Riyadh,1.00 ,1.00 ,1,50
103021002793,Jeddah,6.00 ,8.00 ,1,50
103021002793,Riyadh,2.00 ,2.00 ,1,50
103021002794,Riyadh,11.00 ,13.00 ,1,50
103021002795,Jeddah,9.00 ,12.00 ,1,50
103021002795,Riyadh,1.00 ,2.00 ,1,50
103021002796,Riyadh,1.00 ,2.00 ,1,50
103021002797,Riyadh,6.00 ,7.00 ,1,50
103021002798,Riyadh,1.00 ,1.00 ,1,50
103021002799,Jeddah,10.00 ,13.00 ,1,50
103021002799,Riyadh,2.00 ,2.00 ,1,50
103021002800,Riyadh,2.00 ,2.00 ,1,50
103021002801,Riyadh,13.00 ,15.00 ,1,50
103021002802,Riyadh,13.00 ,15.00 ,1,50
103021002803,Riyadh,24.00 ,28.00 ,1,50
103021002804,Riyadh,27.00 ,35.00 ,1,50
103021002805,Jeddah,13.00 ,16.00 ,1,50
103021002805,Riyadh,22.00 ,28.00 ,1,50
103021002806,Jeddah,6.00 ,8.00 ,1,50
103021002806,Riyadh,2.00 ,3.00 ,1,50
103021002807,Jeddah,6.00 ,7.00 ,1,50
103021002807,Riyadh,9.00 ,11.00 ,1,50
103021002808,Riyadh,19.00 ,23.00 ,1,50
103021002809,Jeddah,5.00 ,6.00 ,1,50
103021002809,Riyadh,14.00 ,17.00 ,1,50
103021002810,Riyadh,24.00 ,29.00 ,1,50
103021002811,Riyadh,4.00 ,5.00 ,1,50
103021002812,Jeddah,1.00 ,2.00 ,1,50
103021002812,Riyadh,5.00 ,6.00 ,1,50
103021002813,Riyadh,2.00 ,3.00 ,1,50
103021002814,Riyadh,2.00 ,2.00 ,1,50
103021002815,Riyadh,3.00 ,4.00 ,1,50
103021002816,Jeddah,2.00 ,2.00 ,1,50
103021002816,Riyadh,3.00 ,4.00 ,1,50
103021002817,Riyadh,2.00 ,3.00 ,1,50
103021002818,Riyadh,2.00 ,2.00 ,1,50
103021002824,Jeddah,7.00 ,9.00 ,1,50
103021002824,Riyadh,27.00 ,34.00 ,1,50
103021002825,Jeddah,2.00 ,3.00 ,1,50
103021002825,Riyadh,8.00 ,10.00 ,1,50
103021002826,Riyadh,93.00 ,125.00 ,1,50
103021002827,Jeddah,9.00 ,12.00 ,1,50
103021002827,Riyadh,37.00 ,45.00 ,1,50
103021002828,Riyadh,9.00 ,11.00 ,1,50
103021002829,Jeddah,7.00 ,9.00 ,1,50
103021002829,Riyadh,44.00 ,59.00 ,1,50
103021002830,Jeddah,4.00 ,6.00 ,1,50
103021002830,Riyadh,46.00 ,61.00 ,1,50
103021002831,Riyadh,15.00 ,19.00 ,1,50
103021002832,Riyadh,31.00 ,37.00 ,1,50
103021002833,Jeddah,7.00 ,10.00 ,1,50
103021002833,Riyadh,52.00 ,69.00 ,1,50
103021002834,Riyadh,18.00 ,23.00 ,1,50
103021002835,Riyadh,13.00 ,18.00 ,1,50
103021002836,Jeddah,10.00 ,13.00 ,1,50
103021002836,Riyadh,9.00 ,11.00 ,1,50
103021002837,Jeddah,7.00 ,10.00 ,1,50
103021002837,Riyadh,27.00 ,34.00 ,1,50
103021002838,Riyadh,15.00 ,18.00 ,1,50
103021002839,Jeddah,8.00 ,12.00 ,1,50
103021002839,Riyadh,6.00 ,7.00 ,1,50
103021002840,Riyadh,18.00 ,23.00 ,1,50
103021002841,Riyadh,3.00 ,4.00 ,1,50
103021002842,Riyadh,4.00 ,5.00 ,1,50
103021002843,Jeddah,8.00 ,11.00 ,1,50
103021002843,Riyadh,7.00 ,8.00 ,1,50
103021002844,Jeddah,4.00 ,6.00 ,1,50
103021002844,Riyadh,5.00 ,6.00 ,1,50
103021002845,Riyadh,1.00 ,1.00 ,1,50
103021002846,Riyadh,4.00 ,5.00 ,1,50
103021003054,Jeddah,1.00 ,1.00 ,1,50
103021003055,Jeddah,1.00 ,1.00 ,1,50
103021003056,Jeddah,1.00 ,1.00 ,1,50
103021003057,Jeddah,1.00 ,1.00 ,18,50
103021003058,Jeddah,1.00 ,1.00 ,1,50
103021003066,Jeddah,1.00 ,1.00 ,1,50
103021003069,Jeddah,2.00 ,3.00 ,12,50
103021003069,Riyadh,1.00 ,2.00 ,12,50
103021003070,Jeddah,2.00 ,2.00 ,18,50
103021003072,Jeddah,10.00 ,12.00 ,60,50
103021003076,Jeddah,10.00 ,12.00 ,60,50
103021003083,Jeddah,1.00 ,1.00 ,18,50
103021003084,Jeddah,2.00 ,3.00 ,12,50
103021003086,Jeddah,1.00 ,1.00 ,1,50
103021003087,Jeddah,5.00 ,6.00 ,60,50
103021003087,Riyadh,6.00 ,7.00 ,60,50
103021003088,Jeddah,1.00 ,1.00 ,18,50
103021003089,Jeddah,1.00 ,1.00 ,60,50
103021003090,Jeddah,1.00 ,2.00 ,24,50
103021003095,Jeddah,6.00 ,7.00 ,60,50
103021003096,Jeddah,6.00 ,7.00 ,60,50
103021003103,Jeddah,4.00 ,6.00 ,48,50
103021003104,Jeddah,8.00 ,10.00 ,48,50
103021003104,Riyadh,4.00 ,5.00 ,48,50
103021003105,Jeddah,8.00 ,10.00 ,48,50
103021003107,Jeddah,3.00 ,3.00 ,36,50
103021003107,Riyadh,3.00 ,4.00 ,36,50
103021003108,Jeddah,7.00 ,8.00 ,36,50
103021003108,Riyadh,1.00 ,1.00 ,36,50
103021003110,Jeddah,4.00 ,5.00 ,36,50
103021003113,Jeddah,8.00 ,10.00 ,48,50
103021003113,Riyadh,1.00 ,1.00 ,48,50
103021003114,Jeddah,7.00 ,8.00 ,48,50
103021003118,Jeddah,4.00 ,5.00 ,48,50
103021003118,Riyadh,10.00 ,12.00 ,48,50
103021003121,Jeddah,3.00 ,4.00 ,48,50
103021003122,Jeddah,5.00 ,6.00 ,48,50
103021003122,Riyadh,12.00 ,14.00 ,48,50
103021003123,Jeddah,21.00 ,26.00 ,48,50
103021003123,Riyadh,1.00 ,1.00 ,48,50
103021003124,Jeddah,20.00 ,25.00 ,48,50
103021003124,Riyadh,1.00 ,1.00 ,48,50
103021003125,Jeddah,1.00 ,1.00 ,1,50
103021003126,Jeddah,7.00 ,8.00 ,48,50
103021003126,Riyadh,1.00 ,1.00 ,48,50
103021003127,Jeddah,15.00 ,18.00 ,48,50
103021003127,Riyadh,2.00 ,2.00 ,48,50
103021003128,Jeddah,1.00 ,2.00 ,48,50
103021003128,Riyadh,1.00 ,2.00 ,48,50
103021003132,Jeddah,1.00 ,2.00 ,72,50
103021003133,Jeddah,1.00 ,2.00 ,1,50
103021003134,Jeddah,1.00 ,1.00 ,72,50
103021003134,Riyadh,13.00 ,16.00 ,72,50
103021003135,Jeddah,1.00 ,2.00 ,18,50
103021003136,Riyadh,26.00 ,32.00 ,72,50
103021003137,Jeddah,1.00 ,1.00 ,72,50
103021003137,Riyadh,16.00 ,19.00 ,72,50
103021003138,Jeddah,1.00 ,1.00 ,72,50
103021003139,Jeddah,1.00 ,1.00 ,18,50
103021003140,Jeddah,1.00 ,1.00 ,12,50
103021003141,Jeddah,1.00 ,1.00 ,18,50
103021003142,Jeddah,1.00 ,2.00 ,18,50
103021003143,Riyadh,19.00 ,22.00 ,72,50
103021003144,Jeddah,1.00 ,1.00 ,18,50
103021003145,Jeddah,8.00 ,11.00 ,12,50
103021003146,Jeddah,2.00 ,3.00 ,12,50
103021003146,Riyadh,11.00 ,13.00 ,12,50
103021003147,Jeddah,1.00 ,1.00 ,72,50
103021003147,Riyadh,15.00 ,17.00 ,72,50
103021003163,Jeddah,6.00 ,7.00 ,18,50
103021003164,Jeddah,1.00 ,1.00 ,36,50
103021003165,Jeddah,6.00 ,7.00 ,36,50
103021003165,Riyadh,2.00 ,2.00 ,36,50
103021003179,Jeddah,3.00 ,4.00 ,1,50
103021003179,Riyadh,1.00 ,2.00 ,1,50
103021003180,Jeddah,2.00 ,3.00 ,1,50
103021003180,Riyadh,3.00 ,3.00 ,1,50
103021003181,Riyadh,1.00 ,2.00 ,1,50
103021003182,Jeddah,1.00 ,2.00 ,1,50
103021003182,Riyadh,3.00 ,3.00 ,1,50
103021003183,Jeddah,1.00 ,1.00 ,1,50
103021003184,Jeddah,3.00 ,4.00 ,1,50
103021003185,Jeddah,31.00 ,38.00 ,1,50
103021003185,Riyadh,1.00 ,1.00 ,1,50
103021003186,Jeddah,9.00 ,11.00 ,1,50
103021003186,Riyadh,3.00 ,3.00 ,1,50
103021003187,Jeddah,24.00 ,30.00 ,1,50
103021003187,Riyadh,5.00 ,6.00 ,1,50
103021003188,Jeddah,11.00 ,14.00 ,1,50
103021003188,Riyadh,2.00 ,2.00 ,1,50
103021003189,Jeddah,11.00 ,14.00 ,1,50
103021003189,Riyadh,5.00 ,6.00 ,1,50
103021003190,Jeddah,10.00 ,13.00 ,1,50
103021003190,Riyadh,8.00 ,10.00 ,1,50
103021003191,Jeddah,6.00 ,8.00 ,1,50
103021003191,Riyadh,5.00 ,6.00 ,1,50
103021003192,Jeddah,9.00 ,11.00 ,1,50
103021003192,Riyadh,1.00 ,1.00 ,1,50
103021003193,Jeddah,3.00 ,3.00 ,1,50
103021003193,Riyadh,6.00 ,7.00 ,1,50
103021003194,Jeddah,5.00 ,6.00 ,1,50
103021003194,Riyadh,5.00 ,6.00 ,1,50
103021003195,Jeddah,10.00 ,13.00 ,1,50
103021003196,Jeddah,9.00 ,12.00 ,1,50
103021003197,Jeddah,5.00 ,6.00 ,1,50
103021003197,Riyadh,6.00 ,8.00 ,1,50
103021003198,Jeddah,4.00 ,6.00 ,1,50
103021003198,Riyadh,8.00 ,10.00 ,1,50
103021003199,Jeddah,6.00 ,7.00 ,1,50
103021003199,Riyadh,3.00 ,3.00 ,1,50
103021003200,Jeddah,5.00 ,7.00 ,1,50
103021003200,Riyadh,3.00 ,3.00 ,1,50
103021003201,Jeddah,4.00 ,6.00 ,1,50
103021003201,Riyadh,4.00 ,5.00 ,1,50
103021003202,Jeddah,2.00 ,3.00 ,1,50
103021003202,Riyadh,2.00 ,2.00 ,1,50
103021003203,Jeddah,4.00 ,5.00 ,1,50
103021003203,Riyadh,6.00 ,8.00 ,1,50
103021003204,Jeddah,1.00 ,1.00 ,1,50
103021003205,Jeddah,2.00 ,3.00 ,1,50
103021003205,Riyadh,6.00 ,7.00 ,1,50
103021003206,Jeddah,2.00 ,3.00 ,1,50
103021003206,Riyadh,1.00 ,2.00 ,1,50
103021003207,Jeddah,5.00 ,6.00 ,1,50
103021003207,Riyadh,3.00 ,4.00 ,1,50
103021003208,Jeddah,5.00 ,6.00 ,1,50
103021003208,Riyadh,6.00 ,7.00 ,1,50
103021003209,Jeddah,17.00 ,21.00 ,1,50
103021003209,Riyadh,5.00 ,6.00 ,1,50
103021003210,Jeddah,6.00 ,8.00 ,1,50
103021003210,Riyadh,12.00 ,15.00 ,1,50
103021003211,Jeddah,7.00 ,8.00 ,1,50
103021003211,Riyadh,5.00 ,6.00 ,1,50
103021003212,Jeddah,6.00 ,7.00 ,1,50
103021003212,Riyadh,1.00 ,2.00 ,1,50
103021003216,Jeddah,17.00 ,23.00 ,1,50
103021003216,Riyadh,3.00 ,3.00 ,1,50
103021003494,Jeddah,930.00 ,"1,165.00 ",1,50
103021003494,Riyadh,"1,796.00 ","2,275.00 ",1,50
103021003502,Jeddah,146.00 ,199.00 ,1,50
103021003502,Riyadh,485.00 ,632.00 ,1,50
103021003538,Jeddah,60.00 ,78.00 ,1,50
103021003538,Riyadh,128.00 ,151.00 ,1,50
103021003552,Jeddah,3.00 ,4.00 ,1,50
103021003553,Jeddah,2.00 ,3.00 ,1,50
103021003553,Riyadh,14.00 ,17.00 ,1,50
103021003555,Jeddah,2.00 ,3.00 ,1,50
103021003556,Jeddah,3.00 ,4.00 ,1,50
103021003556,Riyadh,16.00 ,19.00 ,1,50
103021003557,Jeddah,3.00 ,4.00 ,1,50
103021003557,Riyadh,1.00 ,1.00 ,1,50
103021003558,Jeddah,1.00 ,2.00 ,1,50
103021003559,Jeddah,2.00 ,2.00 ,1,50
103021003559,Riyadh,1.00 ,1.00 ,1,50
103021003560,Jeddah,12.00 ,14.00 ,1,50
103021003560,Riyadh,3.00 ,3.00 ,1,50
103021003561,Jeddah,1.00 ,2.00 ,1,50
103021003562,Jeddah,1.00 ,1.00 ,1,50
103021003563,Jeddah,11.00 ,13.00 ,1,50
103021003563,Riyadh,2.00 ,2.00 ,1,50
103021003564,Jeddah,5.00 ,6.00 ,1,50
103021003564,Riyadh,2.00 ,2.00 ,1,50
103021003565,Jeddah,3.00 ,3.00 ,1,50
103021003565,Riyadh,4.00 ,5.00 ,1,50
103021003566,Jeddah,5.00 ,7.00 ,1,50
103021003567,Jeddah,1.00 ,1.00 ,1,50
103021003567,Riyadh,16.00 ,19.00 ,1,50
103021003568,Jeddah,2.00 ,2.00 ,1,50
103021003569,Jeddah,3.00 ,4.00 ,1,50
103021003569,Riyadh,10.00 ,12.00 ,1,50
103021003570,Jeddah,4.00 ,6.00 ,1,50
103021003570,Riyadh,12.00 ,14.00 ,1,50
103021003571,Jeddah,2.00 ,2.00 ,1,50
103021003571,Riyadh,16.00 ,19.00 ,1,50
103021003572,Jeddah,6.00 ,8.00 ,1,50
103021003572,Riyadh,2.00 ,3.00 ,1,50
103021003573,Jeddah,2.00 ,2.00 ,1,50
103021003573,Riyadh,1.00 ,1.00 ,1,50
103021003574,Jeddah,4.00 ,5.00 ,1,50
103021003574,Riyadh,5.00 ,6.00 ,1,50
103021003575,Jeddah,2.00 ,3.00 ,1,50
103021003575,Riyadh,5.00 ,6.00 ,1,50
103021003576,Jeddah,1.00 ,2.00 ,1,50
103021003578,Jeddah,2.00 ,2.00 ,1,50
103021003579,Jeddah,3.00 ,4.00 ,1,50
103021003579,Riyadh,1.00 ,1.00 ,1,50
103021003580,Jeddah,3.00 ,4.00 ,1,50
103021003580,Riyadh,5.00 ,6.00 ,1,50
103021003581,Jeddah,1.00 ,2.00 ,1,50
103021003581,Riyadh,28.00 ,34.00 ,1,50
103021003582,Jeddah,5.00 ,7.00 ,1,50
103021003582,Riyadh,21.00 ,25.00 ,1,50
103021003583,Jeddah,5.00 ,7.00 ,1,50
103021003583,Riyadh,20.00 ,24.00 ,1,50
103021003584,Jeddah,2.00 ,2.00 ,1,50
103021003585,Jeddah,6.00 ,9.00 ,1,50
103021003585,Riyadh,21.00 ,26.00 ,1,50
103021003586,Jeddah,26.00 ,35.00 ,1,50
103021003586,Riyadh,20.00 ,24.00 ,1,50
103021003587,Jeddah,7.00 ,8.00 ,1,50
103021003587,Riyadh,14.00 ,17.00 ,1,50
103021003588,Jeddah,5.00 ,6.00 ,1,50
103021003588,Riyadh,17.00 ,20.00 ,1,50
103021003589,Jeddah,7.00 ,8.00 ,1,50
103021003589,Riyadh,1.00 ,1.00 ,1,50
103021003590,Jeddah,8.00 ,9.00 ,1,50
103021003590,Riyadh,12.00 ,14.00 ,1,50
103021003591,Jeddah,6.00 ,7.00 ,1,50
103021003591,Riyadh,1.00 ,1.00 ,1,50
103021003592,Jeddah,2.00 ,3.00 ,1,50
103021003592,Riyadh,1.00 ,1.00 ,1,50
103021003593,Jeddah,3.00 ,4.00 ,1,50
103021003594,Jeddah,7.00 ,8.00 ,1,50
103021003594,Riyadh,9.00 ,12.00 ,1,50
103021003595,Riyadh,14.00 ,17.00 ,1,50
103021003596,Jeddah,3.00 ,4.00 ,1,50
103021003597,Jeddah,2.00 ,2.00 ,1,50
103021003597,Riyadh,11.00 ,13.00 ,1,50
103021003598,Jeddah,5.00 ,6.00 ,1,50
103021003598,Riyadh,11.00 ,13.00 ,1,50
103021003600,Jeddah,1.00 ,1.00 ,1,50
103021003602,Jeddah,4.00 ,5.00 ,1,50
103021003603,Riyadh,16.00 ,19.00 ,1,50
103021003604,Jeddah,7.00 ,9.00 ,1,50
103021003605,Jeddah,4.00 ,6.00 ,1,50
103021003605,Riyadh,16.00 ,19.00 ,1,50
103021003606,Jeddah,2.00 ,2.00 ,1,50
103021003606,Riyadh,22.00 ,26.00 ,1,50
103021003607,Jeddah,3.00 ,4.00 ,1,50
103021003607,Riyadh,16.00 ,19.00 ,1,50
103021003608,Jeddah,2.00 ,3.00 ,1,50
103021003608,Riyadh,33.00 ,44.00 ,1,50
103021003609,Jeddah,8.00 ,9.00 ,1,50
103021003610,Jeddah,1.00 ,1.00 ,1,50
103021003610,Riyadh,21.00 ,25.00 ,1,50
103021003612,Jeddah,2.00 ,2.00 ,1,50
103021003613,Jeddah,2.00 ,3.00 ,1,50
103021003613,Riyadh,31.00 ,37.00 ,1,50
103021003614,Jeddah,19.00 ,27.00 ,1,50
103021003614,Riyadh,10.00 ,12.00 ,1,50
103021003617,Jeddah,11.00 ,14.00 ,1,50
103021003617,Riyadh,3.00 ,4.00 ,1,50
103021003620,Jeddah,67.00 ,84.00 ,1,50
103021003620,Riyadh,4.00 ,4.00 ,1,50
103021003622,Jeddah,40.00 ,50.00 ,1,50
103021003623,Jeddah,24.00 ,31.00 ,1,50
103021003623,Riyadh,5.00 ,6.00 ,1,50
103021003624,Jeddah,12.00 ,15.00 ,1,50
103021003624,Riyadh,2.00 ,3.00 ,1,50
103021003625,Jeddah,18.00 ,23.00 ,1,50
103021003625,Riyadh,3.00 ,4.00 ,1,50
103021003626,Jeddah,40.00 ,50.00 ,1,50
103021003626,Riyadh,2.00 ,3.00 ,1,50
103021003627,Jeddah,27.00 ,36.00 ,1,50
103021003627,Riyadh,2.00 ,2.00 ,1,50
103021003628,Jeddah,12.00 ,15.00 ,1,50
103021003628,Riyadh,2.00 ,3.00 ,1,50
103021003629,Jeddah,18.00 ,23.00 ,1,50
103021003629,Riyadh,2.00 ,3.00 ,1,50
103021003631,Jeddah,2.00 ,2.00 ,1,50
103021003631,Riyadh,3.00 ,4.00 ,1,50
103021003632,Jeddah,54.00 ,67.00 ,1,50
103021003632,Riyadh,2.00 ,2.00 ,1,50
103021003633,Jeddah,2.00 ,3.00 ,1,50
103021003633,Riyadh,1.00 ,2.00 ,1,50
103021003634,Jeddah,1.00 ,1.00 ,1,50
103021003635,Jeddah,2.00 ,3.00 ,1,50
103021003635,Riyadh,2.00 ,3.00 ,1,50
103021003636,Jeddah,8.00 ,10.00 ,1,50
103021003637,Jeddah,6.00 ,8.00 ,1,50
103021003638,Jeddah,1.00 ,1.00 ,1,50
103021003639,Jeddah,1.00 ,1.00 ,1,50
103021003640,Jeddah,1.00 ,2.00 ,1,50
103021003640,Riyadh,16.00 ,19.00 ,1,50
103021003641,Jeddah,2.00 ,3.00 ,1,50
103021003642,Jeddah,2.00 ,3.00 ,1,50
103021003643,Jeddah,1.00 ,1.00 ,1,50
103021003644,Jeddah,2.00 ,3.00 ,1,50
103021003644,Riyadh,11.00 ,14.00 ,1,50
103021003645,Jeddah,7.00 ,9.00 ,1,50
103021003645,Riyadh,17.00 ,21.00 ,1,50
103021003646,Jeddah,1.00 ,1.00 ,1,50
103021003647,Jeddah,1.00 ,1.00 ,1,50
103021003648,Jeddah,1.00 ,1.00 ,1,50
103021003649,Jeddah,13.00 ,18.00 ,1,50
103021003649,Riyadh,43.00 ,52.00 ,1,50
103021003650,Jeddah,8.00 ,10.00 ,1,50
103021003650,Riyadh,41.00 ,50.00 ,1,50
103021003656,Jeddah,1.00 ,1.00 ,1,50
103021003657,Jeddah,8.00 ,10.00 ,1,50
103021003657,Riyadh,35.00 ,43.00 ,1,50
103021003658,Jeddah,10.00 ,13.00 ,1,50
103021003658,Riyadh,9.00 ,11.00 ,1,50
103021003659,Jeddah,1.00 ,1.00 ,1,50
103021003661,Jeddah,1.00 ,1.00 ,1,50
103021003661,Riyadh,18.00 ,21.00 ,1,50
103021003662,Jeddah,1.00 ,1.00 ,1,50
103021003662,Riyadh,18.00 ,21.00 ,1,50
103021003663,Jeddah,4.00 ,5.00 ,1,50
103021003663,Riyadh,2.00 ,2.00 ,1,50
103021003664,Jeddah,1.00 ,1.00 ,1,50
103021003665,Jeddah,2.00 ,3.00 ,1,50
103021003666,Jeddah,1.00 ,1.00 ,1,50
103021003673,Jeddah,146.00 ,181.00 ,6,50
103021003673,Riyadh,48.00 ,58.00 ,1,50
103021003674,Jeddah,175.00 ,234.00 ,4,50
103021003674,Riyadh,2.00 ,2.00 ,1,50
103021003675,Jeddah,38.00 ,52.00 ,6,50
103021003675,Riyadh,1.00 ,1.00 ,1,50
103021003676,Jeddah,59.00 ,73.00 ,3,50
103021003677,Jeddah,185.00 ,236.00 ,6,50
103021003677,Riyadh,83.00 ,100.00 ,1,50
103021003678,Jeddah,34.00 ,42.00 ,3,50
103021003678,Riyadh,22.00 ,27.00 ,1,50
103021003679,Jeddah,59.00 ,75.00 ,12,50
103021003679,Riyadh,1.00 ,1.00 ,1,50
103021003680,Jeddah,71.00 ,89.00 ,8,50
103021003680,Riyadh,47.00 ,56.00 ,1,50
103021003681,Jeddah,42.00 ,53.00 ,4,50
103021004078,Jeddah,3.00 ,4.00 ,1,50
103021004078,Riyadh,1.00 ,2.00 ,1,50
103021004079,Jeddah,3.00 ,4.00 ,1,50
103021004079,Riyadh,1.00 ,2.00 ,1,50
103021004081,Jeddah,17.00 ,21.00 ,1,50
103021004081,Riyadh,2.00 ,2.00 ,1,50
103021004082,Jeddah,17.00 ,21.00 ,1,50
103021004082,Riyadh,1.00 ,2.00 ,1,50
103021004083,Jeddah,3.00 ,4.00 ,1,50
103021004083,Riyadh,2.00 ,2.00 ,1,50
103021004088,Jeddah,6.00 ,7.00 ,1,50
103021004088,Riyadh,1.00 ,2.00 ,1,50
103021004089,Jeddah,7.00 ,8.00 ,1,50
103021004089,Riyadh,3.00 ,4.00 ,1,50
103021004090,Jeddah,15.00 ,19.00 ,1,50
103021004090,Riyadh,22.00 ,26.00 ,1,50
103021004091,Jeddah,3.00 ,3.00 ,1,50
103021004092,Jeddah,1.00 ,2.00 ,1,50
103021004097,Jeddah,8.00 ,10.00 ,1,50
103021004097,Riyadh,3.00 ,4.00 ,1,50
103021004098,Jeddah,7.00 ,9.00 ,1,50
103021004098,Riyadh,12.00 ,15.00 ,1,50
103021004099,Jeddah,9.00 ,11.00 ,1,50
103021004099,Riyadh,6.00 ,7.00 ,1,50
103021004101,Jeddah,2.00 ,3.00 ,1,50
103021004101,Riyadh,5.00 ,6.00 ,1,50
103021004102,Jeddah,1.00 ,1.00 ,1,50
103021004102,Riyadh,5.00 ,6.00 ,1,50
103021004217,Jeddah,37.00 ,47.00 ,1,50
103021004217,Riyadh,25.00 ,31.00 ,1,50
103021004233,Jeddah,1.00 ,1.00 ,60,50
103021004235,Jeddah,8.00 ,10.00 ,48,50
103021004235,Riyadh,5.00 ,6.00 ,48,50
103021004236,Jeddah,1.00 ,1.00 ,1,50
103021004237,Jeddah,12.00 ,14.00 ,48,50
103021004237,Riyadh,1.00 ,1.00 ,48,50
103021004238,Jeddah,9.00 ,11.00 ,48,50
103021004239,Jeddah,6.00 ,8.00 ,48,50
103021004239,Riyadh,2.00 ,2.00 ,48,50
103021004240,Jeddah,8.00 ,10.00 ,48,50
103021004240,Riyadh,1.00 ,1.00 ,48,50
103021004241,Jeddah,13.00 ,16.00 ,48,50
103021004241,Riyadh,4.00 ,5.00 ,48,50
103021004242,Jeddah,8.00 ,10.00 ,48,50
103021004242,Riyadh,3.00 ,4.00 ,48,50
103021004243,Jeddah,8.00 ,10.00 ,48,50
103021004243,Riyadh,3.00 ,3.00 ,48,50
103021004244,Jeddah,1.00 ,1.00 ,1,50
103021004299,Jeddah,8.00 ,11.00 ,1,50
103021004300,Jeddah,8.00 ,11.00 ,1,50
103021004300,Riyadh,8.00 ,10.00 ,1,50
103021004301,Jeddah,12.00 ,15.00 ,1,50
103021004301,Riyadh,8.00 ,10.00 ,1,50
103021004302,Jeddah,7.00 ,9.00 ,1,50
103021004302,Riyadh,12.00 ,14.00 ,1,50
103021004303,Jeddah,6.00 ,7.00 ,1,50
103021004304,Jeddah,10.00 ,12.00 ,1,50
103021004304,Riyadh,3.00 ,3.00 ,1,50
103021004305,Jeddah,9.00 ,12.00 ,1,50
103021004305,Riyadh,6.00 ,8.00 ,1,50
103021004306,Jeddah,20.00 ,26.00 ,1,50
103021004306,Riyadh,9.00 ,11.00 ,1,50
103021004307,Jeddah,12.00 ,16.00 ,1,50
103021004309,Jeddah,13.00 ,17.00 ,1,50
103021004309,Riyadh,11.00 ,13.00 ,1,50
103021004310,Jeddah,11.00 ,15.00 ,1,50
103021004324,Riyadh,27.00 ,34.00 ,1,50
103021004325,Riyadh,1.00 ,2.00 ,1,50
103021004328,Riyadh,27.00 ,34.00 ,1,50
103021004329,Riyadh,3.00 ,4.00 ,1,50
103021004330,Riyadh,27.00 ,34.00 ,1,50
103021004339,Riyadh,27.00 ,34.00 ,1,50
103021004340,Riyadh,27.00 ,34.00 ,1,50
103021004539,Jeddah,21.00 ,27.00 ,1,50
103021004539,Riyadh,12.00 ,15.00 ,1,50
103021004540,Jeddah,7.00 ,10.00 ,1,50
103021004540,Riyadh,7.00 ,8.00 ,1,50
103021004717,Jeddah,5.00 ,6.00 ,1,50
103021004718,Jeddah,2.00 ,3.00 ,1,50
103021004719,Jeddah,2.00 ,2.00 ,1,50
103021004719,Riyadh,1.00 ,1.00 ,1,50
103021004720,Jeddah,1.00 ,2.00 ,1,50
103021004720,Riyadh,6.00 ,8.00 ,1,50
103021004721,Jeddah,2.00 ,3.00 ,1,50
103021004721,Riyadh,11.00 ,14.00 ,1,50
103021004722,Jeddah,7.00 ,10.00 ,1,50
103021004723,Jeddah,7.00 ,9.00 ,1,50
103021004723,Riyadh,4.00 ,5.00 ,1,50
103021004724,Jeddah,1.00 ,1.00 ,1,50
103021004724,Riyadh,1.00 ,2.00 ,1,50
103021004725,Jeddah,3.00 ,4.00 ,1,50
103021004725,Riyadh,3.00 ,4.00 ,1,50
103021004726,Jeddah,2.00 ,3.00 ,1,50
103021004726,Riyadh,3.00 ,4.00 ,1,50
103021004728,Jeddah,1.00 ,1.00 ,1,50
103021004728,Riyadh,2.00 ,2.00 ,1,50
103021004729,Jeddah,4.00 ,6.00 ,1,50
103021004729,Riyadh,6.00 ,8.00 ,1,50
103021004730,Jeddah,20.00 ,26.00 ,1,50
103021004730,Riyadh,4.00 ,6.00 ,1,50
103021004731,Jeddah,2.00 ,3.00 ,1,50
103021004731,Riyadh,11.00 ,14.00 ,1,50
103021004732,Jeddah,13.00 ,17.00 ,1,50
103021004732,Riyadh,3.00 ,4.00 ,1,50
103021004733,Jeddah,11.00 ,15.00 ,1,50
103021004733,Riyadh,1.00 ,1.00 ,1,50
103021004734,Jeddah,4.00 ,6.00 ,1,50
103021004735,Jeddah,4.00 ,6.00 ,1,50
103021004735,Riyadh,3.00 ,3.00 ,1,50
103021004736,Jeddah,6.00 ,8.00 ,1,50
103021004736,Riyadh,8.00 ,10.00 ,1,50
103021004739,Jeddah,13.00 ,17.00 ,1,50
103021004739,Riyadh,2.00 ,2.00 ,1,50
103021004741,Jeddah,8.00 ,10.00 ,1,50
103021004741,Riyadh,1.00 ,1.00 ,1,50
103021004742,Jeddah,4.00 ,5.00 ,1,50
103021004742,Riyadh,1.00 ,1.00 ,1,50
103021004744,Jeddah,1.00 ,1.00 ,1,50
103021004744,Riyadh,2.00 ,2.00 ,1,50
103021004745,Jeddah,4.00 ,6.00 ,1,50
103021004745,Riyadh,2.00 ,3.00 ,1,50
103021004746,Jeddah,9.00 ,12.00 ,1,50
103021004746,Riyadh,3.00 ,4.00 ,1,50
103021004747,Jeddah,15.00 ,20.00 ,1,50
103021004747,Riyadh,5.00 ,6.00 ,1,50
103021004748,Jeddah,2.00 ,3.00 ,1,50
103021004748,Riyadh,11.00 ,14.00 ,1,50
103021004749,Jeddah,4.00 ,6.00 ,1,50
103021004749,Riyadh,11.00 ,14.00 ,1,50
103021004750,Jeddah,3.00 ,3.00 ,1,50
103021004750,Riyadh,11.00 ,14.00 ,1,50
103021004751,Jeddah,3.00 ,4.00 ,1,50
103021004752,Jeddah,2.00 ,2.00 ,1,50
103021004752,Riyadh,1.00 ,2.00 ,1,50
103021004753,Jeddah,2.00 ,3.00 ,1,50
103021004754,Jeddah,4.00 ,6.00 ,1,50
103021004754,Riyadh,9.00 ,12.00 ,1,50
103021004755,Jeddah,26.00 ,36.00 ,1,50
103021004755,Riyadh,4.00 ,5.00 ,1,50
103021004756,Jeddah,4.00 ,5.00 ,1,50
103021004757,Jeddah,1.00 ,1.00 ,1,50
103021004757,Riyadh,5.00 ,7.00 ,1,50
103021004758,Jeddah,3.00 ,4.00 ,1,50
103021004758,Riyadh,5.00 ,6.00 ,1,50
103021004760,Jeddah,6.00 ,8.00 ,1,50
103021004760,Riyadh,25.00 ,30.00 ,1,50
103021004761,Jeddah,7.00 ,9.00 ,1,50
103021004761,Riyadh,6.00 ,7.00 ,1,50
103021004762,Jeddah,19.00 ,24.00 ,1,50
103021004762,Riyadh,3.00 ,4.00 ,1,50
103021004763,Jeddah,1.00 ,2.00 ,1,50
103021004763,Riyadh,1.00 ,1.00 ,1,50
103021004764,Jeddah,13.00 ,17.00 ,1,50
103021004764,Riyadh,6.00 ,7.00 ,1,50
103021004765,Jeddah,17.00 ,22.00 ,1,50
103021004765,Riyadh,3.00 ,4.00 ,1,50
103021004766,Jeddah,2.00 ,3.00 ,1,50
103021004767,Jeddah,16.00 ,21.00 ,1,50
103021004767,Riyadh,4.00 ,5.00 ,1,50
103021004768,Jeddah,8.00 ,11.00 ,1,50
103021004768,Riyadh,5.00 ,6.00 ,1,50
103021004769,Jeddah,7.00 ,9.00 ,1,50
103021004769,Riyadh,16.00 ,20.00 ,1,50
103021004770,Jeddah,1.00 ,1.00 ,1,50
103021004771,Jeddah,7.00 ,8.00 ,1,50
103021004771,Riyadh,2.00 ,2.00 ,1,50
103021004772,Jeddah,2.00 ,3.00 ,1,50
103021004772,Riyadh,2.00 ,2.00 ,1,50
103021004773,Jeddah,3.00 ,4.00 ,1,50
103021004774,Jeddah,4.00 ,5.00 ,1,50
103021004774,Riyadh,1.00 ,1.00 ,1,50
103021004775,Jeddah,1.00 ,2.00 ,1,50
103021004775,Riyadh,1.00 ,1.00 ,1,50
103021004776,Jeddah,2.00 ,3.00 ,1,50
103021004776,Riyadh,2.00 ,2.00 ,1,50
103021004777,Jeddah,3.00 ,3.00 ,1,50
103021004778,Jeddah,1.00 ,1.00 ,1,50
103021004782,Jeddah,11.00 ,14.00 ,1,50
103021004783,Jeddah,8.00 ,10.00 ,1,50
103021004784,Jeddah,1.00 ,2.00 ,1,50
103021004785,Jeddah,3.00 ,3.00 ,1,50
103021004786,Riyadh,1.00 ,1.00 ,1,50
103021004787,Jeddah,6.00 ,7.00 ,1,50
103021004789,Jeddah,8.00 ,10.00 ,1,50
103021004789,Riyadh,2.00 ,2.00 ,1,50
103021004790,Jeddah,2.00 ,3.00 ,1,50
103021004790,Riyadh,1.00 ,2.00 ,1,50
103021004791,Jeddah,5.00 ,8.00 ,1,50
103021004792,Jeddah,1.00 ,1.00 ,1,50
103021004792,Riyadh,3.00 ,4.00 ,1,50
103021004793,Jeddah,5.00 ,7.00 ,1,50
103021004794,Jeddah,3.00 ,4.00 ,1,50
103021004794,Riyadh,1.00 ,1.00 ,1,50
103021004795,Jeddah,2.00 ,2.00 ,1,50
103021004796,Jeddah,2.00 ,2.00 ,1,50
103021004796,Riyadh,2.00 ,2.00 ,1,50
103021004797,Jeddah,1.00 ,1.00 ,1,50
103021004798,Riyadh,1.00 ,1.00 ,1,50
103021004800,Jeddah,1.00 ,1.00 ,1,50
103021004801,Jeddah,2.00 ,3.00 ,1,50
103021004802,Jeddah,1.00 ,1.00 ,1,50
103021004803,Jeddah,1.00 ,1.00 ,1,50
103021004803,Riyadh,2.00 ,3.00 ,1,50
103021004804,Jeddah,3.00 ,4.00 ,1,50
103021004805,Jeddah,4.00 ,5.00 ,1,50
103021004805,Riyadh,5.00 ,7.00 ,1,50
103021004806,Jeddah,3.00 ,4.00 ,1,50
103021004806,Riyadh,7.00 ,8.00 ,1,50
103021004807,Jeddah,11.00 ,15.00 ,1,50
103021004807,Riyadh,2.00 ,3.00 ,1,50
103021004808,Jeddah,2.00 ,2.00 ,1,50
103021004808,Riyadh,2.00 ,3.00 ,1,50
103021004809,Jeddah,2.00 ,3.00 ,1,50
103021004809,Riyadh,4.00 ,5.00 ,1,50
103021004810,Jeddah,1.00 ,1.00 ,1,50
103021004810,Riyadh,9.00 ,10.00 ,1,50
103021004811,Jeddah,4.00 ,5.00 ,1,50
103021004811,Riyadh,25.00 ,30.00 ,1,50
103021004812,Jeddah,10.00 ,14.00 ,1,50
103021004813,Jeddah,6.00 ,8.00 ,1,50
103021004813,Riyadh,3.00 ,4.00 ,1,50
103021004814,Jeddah,9.00 ,12.00 ,1,50
103021004815,Jeddah,15.00 ,20.00 ,1,50
103021004815,Riyadh,25.00 ,30.00 ,1,50
103021004816,Jeddah,10.00 ,14.00 ,1,50
103021004816,Riyadh,3.00 ,3.00 ,1,50
103021004817,Jeddah,5.00 ,6.00 ,1,50
103021004867,Jeddah,52.00 ,64.00 ,1,50
103021004867,Riyadh,3.00 ,3.00 ,1,50
103021004868,Jeddah,8.00 ,11.00 ,1,50
103021004868,Riyadh,5.00 ,6.00 ,1,50
103021004869,Jeddah,40.00 ,50.00 ,1,50
103021004869,Riyadh,49.00 ,60.00 ,1,50
103021004870,Jeddah,3.00 ,4.00 ,1,50
103021004870,Riyadh,52.00 ,62.00 ,1,50
103021004871,Jeddah,16.00 ,20.00 ,1,50
103021004871,Riyadh,2.00 ,2.00 ,1,50
103021004872,Jeddah,1.00 ,1.00 ,1,50
103021004873,Jeddah,2.00 ,3.00 ,1,50
103021004873,Riyadh,10.00 ,11.00 ,1,50
103021004874,Jeddah,12.00 ,16.00 ,1,50
103021004874,Riyadh,1.00 ,2.00 ,1,50
103021004875,Jeddah,2.00 ,2.00 ,1,50
103021004875,Riyadh,11.00 ,14.00 ,1,50
103021004876,Jeddah,19.00 ,23.00 ,1,50
103021004876,Riyadh,35.00 ,47.00 ,1,50
103021004877,Jeddah,22.00 ,28.00 ,1,50
103021004877,Riyadh,45.00 ,55.00 ,1,50
103021004878,Jeddah,3.00 ,4.00 ,1,50
103021004878,Riyadh,2.00 ,2.00 ,1,50
103021004879,Jeddah,1.00 ,2.00 ,1,50
103021004879,Riyadh,18.00 ,22.00 ,1,50
103021004880,Jeddah,4.00 ,6.00 ,1,50
103021004880,Riyadh,49.00 ,59.00 ,1,50
103021004881,Jeddah,1.00 ,1.00 ,1,50
103021004881,Riyadh,38.00 ,51.00 ,1,50
103021004882,Jeddah,2.00 ,3.00 ,1,50
103021004882,Riyadh,2.00 ,2.00 ,1,50
103021004883,Jeddah,14.00 ,17.00 ,1,50
103021004883,Riyadh,38.00 ,51.00 ,1,50
103021004884,Jeddah,12.00 ,17.00 ,1,50
103021004884,Riyadh,37.00 ,46.00 ,1,50
103021004885,Jeddah,30.00 ,38.00 ,1,50
103021004885,Riyadh,52.00 ,63.00 ,1,50
103021004886,Jeddah,18.00 ,23.00 ,1,50
103021004887,Jeddah,6.00 ,8.00 ,1,50
103021004887,Riyadh,2.00 ,2.00 ,1,50
103021004888,Jeddah,1.00 ,1.00 ,1,50
103021004889,Jeddah,1.00 ,1.00 ,1,50
103021004889,Riyadh,1.00 ,2.00 ,1,50
103021004890,Jeddah,9.00 ,11.00 ,1,50
103021004892,Jeddah,15.00 ,18.00 ,1,50
103021004893,Jeddah,12.00 ,15.00 ,1,50
103021004893,Riyadh,56.00 ,76.00 ,1,50
103021004936,Jeddah,3.00 ,4.00 ,1,50
103021004936,Riyadh,6.00 ,7.00 ,1,50
103021004941,Jeddah,4.00 ,5.00 ,1,50
103021004941,Riyadh,2.00 ,3.00 ,1,50
103021004942,Jeddah,2.00 ,2.00 ,1,50
103021004942,Riyadh,11.00 ,13.00 ,1,50
103021004944,Jeddah,3.00 ,4.00 ,1,50
103021004944,Riyadh,6.00 ,8.00 ,1,50
103021004948,Jeddah,7.00 ,9.00 ,1,50
103021004948,Riyadh,7.00 ,8.00 ,1,50
103021004950,Jeddah,1.00 ,1.00 ,1,50
103021004950,Riyadh,26.00 ,32.00 ,1,50
103021005011,Riyadh,2.00 ,2.00 ,1,50
103021005012,Riyadh,3.00 ,3.00 ,1,50
103021005015,Riyadh,3.00 ,3.00 ,1,50
103021005020,Riyadh,3.00 ,3.00 ,1,50
103021005021,Riyadh,2.00 ,2.00 ,1,50
103021005022,Riyadh,2.00 ,2.00 ,1,50
103021005023,Riyadh,2.00 ,2.00 ,1,50
103021005255,Jeddah,22.00 ,28.00 ,1,50
103021005255,Riyadh,5.00 ,6.00 ,1,50
103021005373,Jeddah,2.00 ,2.00 ,12,50
103021005373,Riyadh,9.00 ,10.00 ,12,50
103021005374,Jeddah,1.00 ,2.00 ,12,50
103021005374,Riyadh,3.00 ,3.00 ,12,50
103021005375,Jeddah,2.00 ,3.00 ,12,50
103021005375,Riyadh,4.00 ,5.00 ,12,50
103021005376,Jeddah,2.00 ,3.00 ,12,50
103021005376,Riyadh,8.00 ,10.00 ,12,50
103021005377,Jeddah,2.00 ,2.00 ,12,50
103021005377,Riyadh,3.00 ,3.00 ,12,50
103021005378,Jeddah,2.00 ,3.00 ,12,50
103021005378,Riyadh,3.00 ,3.00 ,12,50
103021005379,Jeddah,2.00 ,3.00 ,12,50
103021005379,Riyadh,11.00 ,13.00 ,12,50
103021005380,Jeddah,4.00 ,6.00 ,12,50
103021005380,Riyadh,3.00 ,4.00 ,12,50
103021005381,Jeddah,2.00 ,3.00 ,12,50
103021005381,Riyadh,8.00 ,10.00 ,12,50
103021005382,Jeddah,2.00 ,2.00 ,12,50
103021005382,Riyadh,1.00 ,2.00 ,12,50
103021005383,Jeddah,2.00 ,3.00 ,12,50
103021005383,Riyadh,8.00 ,10.00 ,12,50
103021005384,Jeddah,2.00 ,3.00 ,12,50
103021005384,Riyadh,13.00 ,16.00 ,12,50
103021005385,Jeddah,2.00 ,3.00 ,12,50
103021005385,Riyadh,8.00 ,10.00 ,12,50
103021005386,Jeddah,2.00 ,3.00 ,12,50
103021005386,Riyadh,45.00 ,57.00 ,12,50
103021005387,Jeddah,2.00 ,2.00 ,12,50
103021005387,Riyadh,13.00 ,16.00 ,12,50
103021005388,Jeddah,3.00 ,3.00 ,12,50
103021005388,Riyadh,31.00 ,38.00 ,12,50
103021005390,Jeddah,1.00 ,1.00 ,12,50
103021005391,Riyadh,6.00 ,7.00 ,12,50
103021005392,Jeddah,1.00 ,1.00 ,12,50
103021005392,Riyadh,9.00 ,10.00 ,12,50
103021005394,Jeddah,42.00 ,55.00 ,12,50
103021005394,Riyadh,12.00 ,15.00 ,12,50
103021005395,Jeddah,34.00 ,43.00 ,12,50
103021005395,Riyadh,9.00 ,11.00 ,12,50
103021005396,Jeddah,8.00 ,11.00 ,12,50
103021005396,Riyadh,21.00 ,26.00 ,12,50
103021005397,Jeddah,15.00 ,19.00 ,12,50
103021005397,Riyadh,44.00 ,56.00 ,12,50
103021005398,Jeddah,2.00 ,3.00 ,12,50
103021005398,Riyadh,7.00 ,9.00 ,12,50
103021005399,Jeddah,1.00 ,1.00 ,12,50
103021005399,Riyadh,2.00 ,3.00 ,12,50
103021005400,Jeddah,34.00 ,43.00 ,12,50
103021005402,Jeddah,1.00 ,1.00 ,12,50
103021005403,Jeddah,2.00 ,2.00 ,12,50
103021005403,Riyadh,1.00 ,1.00 ,12,50
103021005404,Jeddah,2.00 ,2.00 ,12,50
103021005404,Riyadh,16.00 ,19.00 ,12,50
103021005405,Riyadh,5.00 ,6.00 ,12,50
103021005406,Jeddah,4.00 ,6.00 ,12,50
103021005406,Riyadh,9.00 ,11.00 ,12,50
103021005407,Jeddah,2.00 ,2.00 ,12,50
103021005407,Riyadh,3.00 ,4.00 ,12,50
103021005408,Jeddah,5.00 ,6.00 ,12,50
103021005408,Riyadh,6.00 ,7.00 ,12,50
103021005410,Jeddah,5.00 ,6.00 ,12,50
103021005411,Jeddah,2.00 ,2.00 ,12,50
103021005411,Riyadh,5.00 ,6.00 ,12,50
103021005412,Jeddah,2.00 ,3.00 ,12,50
103021005412,Riyadh,6.00 ,7.00 ,12,50
103021005413,Jeddah,10.00 ,13.00 ,12,50
103021005413,Riyadh,4.00 ,4.00 ,12,50
103021005414,Jeddah,5.00 ,6.00 ,12,50
103021005414,Riyadh,6.00 ,7.00 ,12,50
103021005415,Riyadh,6.00 ,7.00 ,12,50
103021005417,Riyadh,7.00 ,8.00 ,12,50
103021005418,Riyadh,7.00 ,8.00 ,12,50
103021005419,Jeddah,1.00 ,1.00 ,12,50
103021005420,Jeddah,1.00 ,1.00 ,12,50
103021005424,Jeddah,1.00 ,1.00 ,12,50
103021005425,Jeddah,2.00 ,2.00 ,12,50
103021005425,Riyadh,4.00 ,5.00 ,12,50
103021005426,Jeddah,1.00 ,1.00 ,12,50
103021005436,Jeddah,1.00 ,2.00 ,12,50
103021005439,Jeddah,1.00 ,1.00 ,12,50
103021005461,Jeddah,1.00 ,1.00 ,24,50
103021005462,Jeddah,1.00 ,1.00 ,24,50
103021005463,Jeddah,1.00 ,1.00 ,24,50
103021005464,Jeddah,1.00 ,1.00 ,24,50
103021005465,Riyadh,1.00 ,1.00 ,24,50
103021005526,Jeddah,11.00 ,14.00 ,12,50
103021005526,Riyadh,22.00 ,28.00 ,12,50
103021005527,Jeddah,8.00 ,11.00 ,12,50
103021005527,Riyadh,75.00 ,93.00 ,12,50
103021005528,Jeddah,4.00 ,6.00 ,12,50
103021005528,Riyadh,8.00 ,10.00 ,12,50
103021005529,Jeddah,3.00 ,5.00 ,12,50
103021005529,Riyadh,8.00 ,10.00 ,12,50
103021005530,Jeddah,10.00 ,13.00 ,12,50
103021005530,Riyadh,30.00 ,37.00 ,12,50
103021005531,Jeddah,16.00 ,21.00 ,12,50
103021005531,Riyadh,29.00 ,35.00 ,12,50
103021005532,Jeddah,1.00 ,1.00 ,12,50
103021005532,Riyadh,5.00 ,6.00 ,12,50
103021005533,Jeddah,12.00 ,16.00 ,12,50
103021005533,Riyadh,26.00 ,32.00 ,12,50
103021005927,Jeddah,3.00 ,4.00 ,1,50
103021005927,Riyadh,31.00 ,38.00 ,1,50
103021006343,Jeddah,1.00 ,2.00 ,1,50
103021006343,Riyadh,15.00 ,18.00 ,1,50
103021006344,Jeddah,4.00 ,5.00 ,1,50
103021006344,Riyadh,17.00 ,21.00 ,1,50
103021006345,Jeddah,1.00 ,2.00 ,1,50
103021006345,Riyadh,16.00 ,19.00 ,1,50
103021006346,Jeddah,3.00 ,4.00 ,1,50
103021006346,Riyadh,15.00 ,18.00 ,1,50
103021006347,Jeddah,6.00 ,8.00 ,1,50
103021006347,Riyadh,15.00 ,18.00 ,1,50
103021006348,Jeddah,2.00 ,3.00 ,1,50
103021006348,Riyadh,8.00 ,10.00 ,1,50
103021006349,Jeddah,3.00 ,4.00 ,1,50
103021006349,Riyadh,20.00 ,24.00 ,1,50
103021006350,Jeddah,3.00 ,4.00 ,1,50
103021006350,Riyadh,15.00 ,18.00 ,1,50
103021006351,Jeddah,7.00 ,9.00 ,1,50
103021006351,Riyadh,13.00 ,17.00 ,1,50
103021006352,Jeddah,3.00 ,4.00 ,1,50
103021006352,Riyadh,4.00 ,4.00 ,1,50
103021006860,Jeddah,9.00 ,12.00 ,1,50
103021006860,Riyadh,5.00 ,6.00 ,1,50
103021006863,Jeddah,11.00 ,14.00 ,1,50
103021006863,Riyadh,4.00 ,5.00 ,1,50
103021006873,Jeddah,8.00 ,11.00 ,1,50
103021006873,Riyadh,3.00 ,4.00 ,1,50
103021006874,Jeddah,12.00 ,15.00 ,1,50
103021006874,Riyadh,1.00 ,1.00 ,1,50
103021006875,Jeddah,6.00 ,8.00 ,1,50
103021006875,Riyadh,1.00 ,1.00 ,1,50
103021006876,Riyadh,3.00 ,4.00 ,1,50
103021008069,Jeddah,4.00 ,5.00 ,1,50
103021008069,Riyadh,1.00 ,2.00 ,1,50
103031003667,Jeddah,1.00 ,2.00 ,6,50
103031003668,Jeddah,1.00 ,2.00 ,14,50
103031003668,Riyadh,16.00 ,19.00 ,1,50
103031003670,Jeddah,3.00 ,4.00 ,12,50
103031003671,Jeddah,7.00 ,9.00 ,3,50
103031003672,Jeddah,10.00 ,14.00 ,3,50
103031004348,Jeddah,2.00 ,3.00 ,1,50
103031004349,Jeddah,2.00 ,3.00 ,1,50
103031004350,Jeddah,2.00 ,3.00 ,1,50
103031004351,Jeddah,2.00 ,3.00 ,1,50
103031004352,Jeddah,2.00 ,3.00 ,1,50
103031004353,Jeddah,2.00 ,3.00 ,1,50
103031004354,Jeddah,2.00 ,2.00 ,1,50
103031004355,Jeddah,1.00 ,1.00 ,1,50
103031004356,Jeddah,2.00 ,3.00 ,6,50
103031004357,Jeddah,2.00 ,2.00 ,1,50
103031004358,Jeddah,3.00 ,4.00 ,6,50
103031004359,Jeddah,3.00 ,3.00 ,1,50
103031004360,Jeddah,2.00 ,3.00 ,1,50
103031004361,Jeddah,2.00 ,2.00 ,1,50
103031004362,Jeddah,2.00 ,2.00 ,1,50
103031004363,Jeddah,2.00 ,2.00 ,2,50
103031004364,Jeddah,3.00 ,4.00 ,2,50
103031004365,Jeddah,3.00 ,4.00 ,2,50
103031004366,Jeddah,1.00 ,1.00 ,2,50
103031004367,Jeddah,3.00 ,4.00 ,1,50
103031004368,Jeddah,4.00 ,6.00 ,4,50
103031004369,Jeddah,5.00 ,7.00 ,4,50
103031004370,Jeddah,5.00 ,7.00 ,4,50
103031004371,Jeddah,4.00 ,6.00 ,4,50
103031004372,Jeddah,4.00 ,5.00 ,4,50
103031004377,Jeddah,2.00 ,3.00 ,2,50
103031004378,Jeddah,1.00 ,1.00 ,2,50
103031004382,Jeddah,2.00 ,3.00 ,1,50
103031004384,Jeddah,2.00 ,3.00 ,1,50
103031004386,Jeddah,1.00 ,1.00 ,2,50
103031004387,Jeddah,1.00 ,1.00 ,2,50
103031004388,Jeddah,2.00 ,3.00 ,2,50
103031004389,Jeddah,3.00 ,4.00 ,2,50
103031004390,Jeddah,3.00 ,4.00 ,2,50
103031004392,Jeddah,2.00 ,3.00 ,2,50
103031004393,Jeddah,2.00 ,2.00 ,1,50
103031004395,Jeddah,2.00 ,2.00 ,1,50
103031004396,Jeddah,2.00 ,2.00 ,1,50
103031004397,Jeddah,2.00 ,3.00 ,1,50
103031004398,Jeddah,2.00 ,3.00 ,1,50
103031004399,Jeddah,2.00 ,3.00 ,1,50
103031004927,Jeddah,7.00 ,9.00 ,1,50
103031004927,Riyadh,6.00 ,8.00 ,1,50
103031004935,Jeddah,3.00 ,4.00 ,1,50
103031004935,Riyadh,3.00 ,4.00 ,1,50
103031005560,Jeddah,1.00 ,1.00 ,12,50
103031005560,Riyadh,2.00 ,2.00 ,12,50
103031005561,Jeddah,2.00 ,3.00 ,12,50
103031005561,Riyadh,1.00 ,1.00 ,12,50
103031005562,Jeddah,1.00 ,1.00 ,12,50
103031005562,Riyadh,2.00 ,2.00 ,12,50
103031005563,Jeddah,1.00 ,1.00 ,12,50
103031005563,Riyadh,2.00 ,3.00 ,12,50
103031005564,Jeddah,1.00 ,1.00 ,12,50
103031005565,Jeddah,2.00 ,3.00 ,12,50
103031005565,Riyadh,2.00 ,2.00 ,12,50
103031005566,Jeddah,2.00 ,3.00 ,12,50
103031005566,Riyadh,2.00 ,3.00 ,12,50
103031005567,Jeddah,2.00 ,2.00 ,12,50
103031005567,Riyadh,3.00 ,3.00 ,12,50
103031005568,Jeddah,4.00 ,6.00 ,12,50
103031005569,Jeddah,1.00 ,1.00 ,12,50
103031005571,Jeddah,1.00 ,1.00 ,12,50
103031005572,Jeddah,2.00 ,2.00 ,12,50
103031005572,Riyadh,3.00 ,3.00 ,12,50
103031005574,Jeddah,2.00 ,2.00 ,12,50
103031005576,Jeddah,2.00 ,3.00 ,12,50
103031005577,Riyadh,1.00 ,2.00 ,12,50
103031005666,Jeddah,1.00 ,1.00 ,12,50
103031005666,Riyadh,2.00 ,2.00 ,12,50
103031005667,Jeddah,1.00 ,1.00 ,12,50
103031005667,Riyadh,1.00 ,2.00 ,12,50
103031005668,Jeddah,2.00 ,2.00 ,12,50
103031005668,Riyadh,7.00 ,8.00 ,12,50
103031005811,Jeddah,31.00 ,41.00 ,1,50
103031005812,Jeddah,31.00 ,39.00 ,1,50
103031005814,Jeddah,848.00 ,"1,068.00 ",1,50
103031005814,Riyadh,860.00 ,"1,070.00 ",1,50
103031005815,Jeddah,673.00 ,859.00 ,1,50
103031005815,Riyadh,"1,263.00 ","1,568.00 ",1,50
103031005816,Jeddah,"1,080.00 ","1,453.00 ",1,50
103031005816,Riyadh,"1,912.00 ","2,344.00 ",1,50
103031005817,Jeddah,"1,556.00 ","2,057.00 ",1,50
103031005817,Riyadh,942.00 ,"1,138.00 ",1,50
103031005818,Jeddah,645.00 ,821.00 ,1,50
103031005818,Riyadh,"1,243.00 ","1,512.00 ",1,50
103031005820,Jeddah,599.00 ,782.00 ,1,50
103031005820,Riyadh,213.00 ,257.00 ,1,50
103031005821,Jeddah,"1,280.00 ","1,713.00 ",1,50
103031005821,Riyadh,"2,131.00 ","2,571.00 ",1,50
103031005822,Jeddah,220.00 ,283.00 ,1,50
103031005822,Riyadh,115.00 ,142.00 ,1,50
103031005823,Jeddah,18.00 ,25.00 ,1,50
103031005823,Riyadh,129.00 ,160.00 ,1,50
103031005824,Jeddah,76.00 ,108.00 ,1,50
103031005824,Riyadh,107.00 ,130.00 ,1,50
103031005825,Jeddah,125.00 ,156.00 ,1,50
103031005825,Riyadh,298.00 ,368.00 ,1,50
103031005826,Jeddah,20.00 ,25.00 ,1,50
103031005827,Jeddah,18.00 ,23.00 ,1,50
103031005828,Jeddah,630.00 ,864.00 ,1,50
103031005828,Riyadh,"1,006.00 ","1,234.00 ",1,50
103031005938,Jeddah,11.00 ,15.00 ,1,50
103031005938,Riyadh,1.00 ,1.00 ,1,50
103031005949,Jeddah,2.00 ,3.00 ,1,50
103031005954,Jeddah,1.00 ,1.00 ,1,50
103031005978,Jeddah,1.00 ,2.00 ,1,50
103031005989,Jeddah,1.00 ,2.00 ,1,50
103031006009,Jeddah,4.00 ,5.00 ,1,50
103031006097,Jeddah,8.00 ,10.00 ,1,50
103031006097,Riyadh,2.00 ,2.00 ,1,50
103031006098,Jeddah,15.00 ,19.00 ,1,50
103031006099,Jeddah,14.00 ,18.00 ,1,50
103031006099,Riyadh,11.00 ,14.00 ,1,50
103031006100,Jeddah,8.00 ,10.00 ,1,50
103031006100,Riyadh,10.00 ,12.00 ,1,50
103031006101,Jeddah,15.00 ,19.00 ,1,50
103031006101,Riyadh,51.00 ,60.00 ,1,50
103031006102,Jeddah,8.00 ,10.00 ,1,50
103031006102,Riyadh,63.00 ,75.00 ,1,50
103031006103,Jeddah,1.00 ,1.00 ,1,50
103031006103,Riyadh,3.00 ,3.00 ,1,50
103031006104,Jeddah,1.00 ,1.00 ,1,50
103031006104,Riyadh,35.00 ,42.00 ,1,50
103031006105,Jeddah,2.00 ,2.00 ,1,50
103031006105,Riyadh,35.00 ,43.00 ,1,50
103031006106,Jeddah,1.00 ,1.00 ,1,50
103031006106,Riyadh,25.00 ,31.00 ,1,50
103031006107,Jeddah,1.00 ,1.00 ,1,50
103031006107,Riyadh,28.00 ,34.00 ,1,50
103031006108,Jeddah,1.00 ,1.00 ,1,50
103031006108,Riyadh,12.00 ,15.00 ,1,50
103031006109,Jeddah,1.00 ,1.00 ,1,50
103031006109,Riyadh,29.00 ,35.00 ,1,50
103031006110,Jeddah,2.00 ,2.00 ,1,50
103031006110,Riyadh,37.00 ,44.00 ,1,50
103031006111,Riyadh,6.00 ,7.00 ,1,50
103031006112,Riyadh,9.00 ,11.00 ,1,50
103031006113,Riyadh,18.00 ,22.00 ,1,50
103031006114,Riyadh,10.00 ,13.00 ,1,50
103031006116,Riyadh,27.00 ,33.00 ,1,50
103031006117,Riyadh,4.00 ,5.00 ,1,50
103031006118,Riyadh,5.00 ,6.00 ,1,50
103031006119,Riyadh,3.00 ,3.00 ,1,50
103031006120,Riyadh,4.00 ,4.00 ,1,50
103031006121,Riyadh,14.00 ,17.00 ,1,50
103031006126,Jeddah,13.00 ,20.00 ,1,50
103031006126,Riyadh,44.00 ,54.00 ,1,50
103031006127,Jeddah,3.00 ,3.00 ,1,50
103031006128,Jeddah,3.00 ,4.00 ,1,50
103031006129,Jeddah,6.00 ,8.00 ,1,50
103031006129,Riyadh,1.00 ,1.00 ,1,50
103031006130,Riyadh,1.00 ,1.00 ,1,50
103031006131,Jeddah,1.00 ,1.00 ,1,50
103031006131,Riyadh,1.00 ,1.00 ,1,50
103031006133,Jeddah,4.00 ,6.00 ,1,50
103031006133,Riyadh,1.00 ,1.00 ,1,50
103031006134,Jeddah,2.00 ,3.00 ,1,50
103031006135,Jeddah,1.00 ,1.00 ,1,50
103031006137,Jeddah,1.00 ,1.00 ,1,50
103031006138,Jeddah,3.00 ,4.00 ,1,50
103031006139,Jeddah,6.00 ,7.00 ,1,50
103031006140,Jeddah,8.00 ,10.00 ,1,50
103031006140,Riyadh,1.00 ,1.00 ,1,50
103031006141,Jeddah,4.00 ,6.00 ,1,50
103031006142,Jeddah,9.00 ,11.00 ,1,50
103031006143,Jeddah,10.00 ,13.00 ,1,50
103031006144,Jeddah,1.00 ,1.00 ,1,50
103031006145,Jeddah,1.00 ,1.00 ,1,50
103031006145,Riyadh,1.00 ,1.00 ,1,50
103031006146,Jeddah,9.00 ,11.00 ,1,50
103031006147,Jeddah,8.00 ,10.00 ,1,50
103031006148,Jeddah,11.00 ,13.00 ,1,50
103031006149,Jeddah,3.00 ,4.00 ,1,50
103031006152,Jeddah,9.00 ,11.00 ,1,50
103031006153,Jeddah,2.00 ,3.00 ,1,50
103031006156,Jeddah,5.00 ,7.00 ,1,50
103031006157,Jeddah,7.00 ,9.00 ,1,50
103031006158,Jeddah,4.00 ,5.00 ,1,50
103031006159,Jeddah,5.00 ,6.00 ,1,50
103031006164,Jeddah,3.00 ,4.00 ,1,50
103031006164,Riyadh,1.00 ,2.00 ,1,50
103031006168,Jeddah,5.00 ,6.00 ,1,50
103031006169,Jeddah,5.00 ,6.00 ,1,50
103031006170,Jeddah,1.00 ,1.00 ,1,50
103031006171,Jeddah,1.00 ,1.00 ,1,50
103031006173,Jeddah,3.00 ,4.00 ,1,50
103031006174,Jeddah,4.00 ,6.00 ,1,50
103031006174,Riyadh,2.00 ,3.00 ,1,50
103031006180,Jeddah,3.00 ,4.00 ,1,50
103031006181,Jeddah,3.00 ,3.00 ,1,50
103031006182,Jeddah,3.00 ,4.00 ,1,50
103031006183,Jeddah,9.00 ,11.00 ,1,50
103031006188,Jeddah,5.00 ,7.00 ,1,50
103031006188,Riyadh,1.00 ,1.00 ,1,50
103031006189,Jeddah,3.00 ,4.00 ,1,50
103031006190,Jeddah,2.00 ,3.00 ,1,50
103031006202,Jeddah,3.00 ,4.00 ,1,50
103031006203,Jeddah,6.00 ,8.00 ,1,50
103031006205,Jeddah,3.00 ,4.00 ,1,50
103031006211,Jeddah,2.00 ,3.00 ,1,50
103031006213,Jeddah,3.00 ,4.00 ,1,50
103031006214,Jeddah,8.00 ,10.00 ,1,50
103031006217,Jeddah,4.00 ,5.00 ,1,50
103031006217,Riyadh,2.00 ,2.00 ,1,50
103031006218,Jeddah,1.00 ,1.00 ,1,50
103031006219,Jeddah,1.00 ,1.00 ,1,50
103031006220,Jeddah,5.00 ,6.00 ,1,50
103031006220,Riyadh,3.00 ,4.00 ,1,50
103031006221,Jeddah,1.00 ,1.00 ,1,50
103031006221,Riyadh,5.00 ,7.00 ,1,50
103031006222,Jeddah,2.00 ,2.00 ,1,50
103031006222,Riyadh,2.00 ,2.00 ,1,50
103031006224,Jeddah,2.00 ,3.00 ,1,50
103031006224,Riyadh,2.00 ,2.00 ,1,50
103031006226,Jeddah,4.00 ,6.00 ,1,50
103031006226,Riyadh,4.00 ,5.00 ,1,50
103031006359,Jeddah,1.00 ,1.00 ,1,50
103031006360,Jeddah,1.00 ,1.00 ,1,50
103031006360,Riyadh,3.00 ,4.00 ,1,50
103031006362,Jeddah,1.00 ,1.00 ,1,50
103031006362,Riyadh,2.00 ,2.00 ,1,50
103031006936,Jeddah,1.00 ,1.00 ,1,50
103031006937,Jeddah,1.00 ,1.00 ,1,50
103031006939,Jeddah,1.00 ,1.00 ,1,50
103031006940,Jeddah,1.00 ,1.00 ,1,50
103031006941,Jeddah,1.00 ,1.00 ,1,50
103031006942,Riyadh,23.00 ,27.00 ,1,50
103031006943,Riyadh,1.00 ,2.00 ,1,50
103031006944,Riyadh,84.00 ,100.00 ,1,50
103031006945,Riyadh,12.00 ,15.00 ,1,50
103031006946,Jeddah,1.00 ,1.00 ,1,50
103031006946,Riyadh,51.00 ,60.00 ,1,50
103031006947,Riyadh,84.00 ,99.00 ,1,50
103031006948,Riyadh,15.00 ,18.00 ,1,50
103031006949,Riyadh,58.00 ,69.00 ,1,50
103031006950,Riyadh,83.00 ,99.00 ,1,50
103031007112,Jeddah,6.00 ,8.00 ,1,50
103031007113,Jeddah,2.00 ,3.00 ,1,50
103031007114,Jeddah,2.00 ,3.00 ,1,50
103031007115,Jeddah,5.00 ,6.00 ,1,50
103031007116,Jeddah,2.00 ,2.00 ,1,50
103031007117,Jeddah,2.00 ,2.00 ,1,50
103031007118,Jeddah,8.00 ,10.00 ,1,50
103031007118,Riyadh,2.00 ,3.00 ,1,50
103031007119,Jeddah,14.00 ,18.00 ,1,50
103031007119,Riyadh,11.00 ,14.00 ,1,50
103031007120,Jeddah,2.00 ,2.00 ,1,50
103031007120,Riyadh,60.00 ,73.00 ,1,50
103031007121,Jeddah,14.00 ,18.00 ,1,50
103031007121,Riyadh,16.00 ,19.00 ,1,50
103031007122,Jeddah,8.00 ,10.00 ,1,50
103031007122,Riyadh,26.00 ,31.00 ,1,50
103031007123,Jeddah,8.00 ,10.00 ,1,50
103031007123,Riyadh,1.00 ,2.00 ,1,50
103031007124,Jeddah,15.00 ,19.00 ,1,50
103031007124,Riyadh,17.00 ,20.00 ,1,50
103031007125,Jeddah,2.00 ,2.00 ,1,50
103031007126,Jeddah,1.00 ,2.00 ,1,50
103031007127,Jeddah,8.00 ,10.00 ,1,50
103031007128,Jeddah,1.00 ,1.00 ,1,50
103031007129,Jeddah,1.00 ,1.00 ,1,50
103031007130,Jeddah,1.00 ,1.00 ,1,50
103031007131,Jeddah,2.00 ,2.00 ,1,50
103031007132,Jeddah,2.00 ,2.00 ,1,50
103031007133,Jeddah,2.00 ,3.00 ,1,50
103031007133,Riyadh,16.00 ,19.00 ,1,50
103031007134,Jeddah,2.00 ,2.00 ,1,50
103031007135,Jeddah,2.00 ,2.00 ,1,50
103031007136,Jeddah,2.00 ,2.00 ,1,50
103031007137,Jeddah,2.00 ,3.00 ,1,50
103031007138,Jeddah,10.00 ,13.00 ,1,50
103031007139,Jeddah,2.00 ,2.00 ,1,50
103031007140,Jeddah,2.00 ,2.00 ,1,50
103031007141,Jeddah,2.00 ,2.00 ,1,50
103031007142,Jeddah,2.00 ,3.00 ,1,50
103031007143,Jeddah,1.00 ,1.00 ,1,50
103031007144,Jeddah,2.00 ,3.00 ,1,50
103031007146,Jeddah,4.00 ,5.00 ,1,50
103031007147,Jeddah,5.00 ,7.00 ,1,50
103031007150,Riyadh,16.00 ,19.00 ,1,50
103031007152,Jeddah,4.00 ,6.00 ,1,50
103031007153,Jeddah,4.00 ,6.00 ,1,50
103031007154,Jeddah,3.00 ,4.00 ,1,50
103031007158,Jeddah,5.00 ,6.00 ,1,50
103031007159,Jeddah,5.00 ,6.00 ,1,50
103031007168,Jeddah,1.00 ,1.00 ,1,50
103031007169,Jeddah,1.00 ,1.00 ,1,50
103031007170,Jeddah,1.00 ,1.00 ,1,50
103031007171,Jeddah,1.00 ,1.00 ,1,50
103031007172,Jeddah,1.00 ,1.00 ,1,50
103031007173,Jeddah,1.00 ,1.00 ,1,50
103031007173,Riyadh,54.00 ,64.00 ,1,50
103031007174,Jeddah,1.00 ,1.00 ,1,50
103031007174,Riyadh,52.00 ,62.00 ,1,50
103031007175,Riyadh,33.00 ,40.00 ,1,50
103031007177,Jeddah,1.00 ,1.00 ,1,50
103031007179,Jeddah,1.00 ,1.00 ,1,50
103031007182,Riyadh,10.00 ,12.00 ,1,50
103031007183,Riyadh,5.00 ,6.00 ,1,50
103031007185,Riyadh,29.00 ,35.00 ,1,50
103031007186,Jeddah,1.00 ,1.00 ,1,50
103031007186,Riyadh,29.00 ,35.00 ,1,50
103031007193,Riyadh,12.00 ,15.00 ,1,50
103031007194,Riyadh,3.00 ,3.00 ,1,50
103031007201,Jeddah,6.00 ,7.00 ,1,50
103031007202,Jeddah,5.00 ,6.00 ,1,50
103031007203,Jeddah,1.00 ,2.00 ,1,50
103031007204,Jeddah,2.00 ,3.00 ,1,50
103031007205,Jeddah,10.00 ,14.00 ,1,50
103031008014,Riyadh,13.00 ,16.00 ,1,50
103031008015,Riyadh,8.00 ,9.00 ,1,50
103031008016,Riyadh,13.00 ,15.00 ,1,50
103031008017,Riyadh,6.00 ,7.00 ,1,50
103031008018,Riyadh,14.00 ,17.00 ,1,50
103031008019,Riyadh,27.00 ,33.00 ,1,50
103031008061,Jeddah,1.00 ,2.00 ,1,50
103031008061,Riyadh,9.00 ,12.00 ,1,50
10331002242,Jeddah,141.00 ,190.00 ,1,50
10331002242,Riyadh,6.00 ,7.00 ,1,50
10331002243,Jeddah,76.00 ,102.00 ,1,50
10331002243,Riyadh,6.00 ,7.00 ,1,50
10331002244,Jeddah,56.00 ,76.00 ,1,50
10331002244,Riyadh,4.00 ,4.00 ,1,50
10331002245,Jeddah,42.00 ,57.00 ,1,50
10331002245,Riyadh,10.00 ,12.00 ,1,50
10331002246,Jeddah,83.00 ,111.00 ,1,50
10331002246,Riyadh,6.00 ,7.00 ,1,50
10331002247,Jeddah,45.00 ,61.00 ,1,50
10331002247,Riyadh,5.00 ,7.00 ,1,50
10331002254,Jeddah,5.00 ,6.00 ,1,50
10331002254,Riyadh,8.00 ,10.00 ,1,50
10331002255,Jeddah,4.00 ,5.00 ,1,50
10331002255,Riyadh,26.00 ,31.00 ,1,50
10331002256,Jeddah,4.00 ,5.00 ,1,50
10331002256,Riyadh,5.00 ,6.00 ,1,50
10331002257,Jeddah,17.00 ,23.00 ,1,50
10331002257,Riyadh,40.00 ,50.00 ,1,50
10331002258,Jeddah,4.00 ,5.00 ,1,50
10331002258,Riyadh,6.00 ,7.00 ,1,50
10331002259,Jeddah,4.00 ,5.00 ,1,50
10331002259,Riyadh,6.00 ,8.00 ,1,50
10331002260,Jeddah,4.00 ,6.00 ,1,50
10331002260,Riyadh,3.00 ,3.00 ,1,50
10331002261,Jeddah,4.00 ,6.00 ,1,50
10331002261,Riyadh,3.00 ,4.00 ,1,50
10331002262,Jeddah,3.00 ,4.00 ,1,50
10331002262,Riyadh,3.00 ,3.00 ,1,50
10331002753,Riyadh,9.00 ,12.00 ,1,50
10331002754,Jeddah,7.00 ,10.00 ,1,50
10331002754,Riyadh,14.00 ,19.00 ,1,50
10331002755,Riyadh,10.00 ,11.00 ,1,50
10331002756,Riyadh,18.00 ,21.00 ,1,50
10331002757,Jeddah,14.00 ,19.00 ,1,50
10331002757,Riyadh,5.00 ,6.00 ,1,50
10331002758,Jeddah,41.00 ,54.00 ,1,50
10331002758,Riyadh,11.00 ,14.00 ,1,50
10331002759,Riyadh,16.00 ,20.00 ,1,50
10331002760,Jeddah,2.00 ,3.00 ,1,50
10331002761,Jeddah,2.00 ,2.00 ,1,50
10331002761,Riyadh,1.00 ,1.00 ,1,50
10331002762,Riyadh,3.00 ,4.00 ,1,50
10331002763,Jeddah,1.00 ,2.00 ,1,50
10331002763,Riyadh,9.00 ,10.00 ,1,50
10331002764,Jeddah,2.00 ,2.00 ,1,50
10331002764,Riyadh,12.00 ,15.00 ,1,50
10331002765,Riyadh,9.00 ,11.00 ,1,50
10331002766,Riyadh,4.00 ,5.00 ,1,50
10331002767,Riyadh,14.00 ,18.00 ,1,50
10331002769,Jeddah,12.00 ,15.00 ,1,50
10331002769,Riyadh,4.00 ,4.00 ,1,50
10331002770,Riyadh,3.00 ,4.00 ,1,50
10331002771,Riyadh,12.00 ,15.00 ,1,50
10331002772,Jeddah,8.00 ,10.00 ,1,50
10331002772,Riyadh,7.00 ,8.00 ,1,50
10331002773,Jeddah,3.00 ,4.00 ,1,50
10331002773,Riyadh,2.00 ,3.00 ,1,50
10331002774,Riyadh,1.00 ,2.00 ,1,50
10331002776,Riyadh,3.00 ,4.00 ,1,50
10331002779,Jeddah,10.00 ,13.00 ,1,50
10331002779,Riyadh,20.00 ,25.00 ,1,50
10331002780,Jeddah,3.00 ,5.00 ,1,50
10331002780,Riyadh,15.00 ,18.00 ,1,50
10331002781,Riyadh,11.00 ,14.00 ,1,50
10331003034,Jeddah,1.00 ,1.00 ,1,50
10331003036,Riyadh,1.00 ,1.00 ,1,50
10331003038,Jeddah,2.00 ,3.00 ,1,50
10331003038,Riyadh,1.00 ,1.00 ,1,50
10331003039,Jeddah,1.00 ,1.00 ,1,50
10331003040,Jeddah,2.00 ,3.00 ,1,50
10331003041,Jeddah,2.00 ,2.00 ,1,50
10331003041,Riyadh,1.00 ,1.00 ,1,50
10331003042,Jeddah,2.00 ,2.00 ,1,50
10331003042,Riyadh,1.00 ,1.00 ,1,50
10331003043,Jeddah,2.00 ,2.00 ,1,50
10331003043,Riyadh,1.00 ,1.00 ,1,50
10331003045,Jeddah,38.00 ,48.00 ,1,50
10331003045,Riyadh,183.00 ,247.00 ,1,50
10331003050,Jeddah,1.00 ,2.00 ,1,50
10331003050,Riyadh,2.00 ,2.00 ,1,50
10331003058,Jeddah,1.00 ,1.00 ,48,50
10331003058,Riyadh,1.00 ,2.00 ,48,50
10331003059,Jeddah,1.00 ,1.00 ,48,50
10331003059,Riyadh,1.00 ,2.00 ,48,50
10331003060,Jeddah,1.00 ,1.00 ,48,50
10331003060,Riyadh,1.00 ,2.00 ,48,50
10331003061,Jeddah,1.00 ,1.00 ,48,50
10331003062,Jeddah,1.00 ,1.00 ,48,50
10331003062,Riyadh,23.00 ,29.00 ,48,50
10331003063,Jeddah,1.00 ,1.00 ,48,50
10331003063,Riyadh,1.00 ,2.00 ,48,50
10331003064,Jeddah,19.00 ,24.00 ,48,50
10331003064,Riyadh,9.00 ,11.00 ,48,50
10331003065,Jeddah,1.00 ,1.00 ,48,50
10331003065,Riyadh,1.00 ,2.00 ,48,50
10331003066,Riyadh,1.00 ,2.00 ,48,50
10331003067,Riyadh,23.00 ,29.00 ,24,50
10331003068,Riyadh,23.00 ,29.00 ,24,50
10331003069,Riyadh,11.00 ,14.00 ,24,50
10331003070,Riyadh,11.00 ,14.00 ,24,50
10331003071,Riyadh,11.00 ,14.00 ,24,50
10331003072,Riyadh,11.00 ,14.00 ,24,50
10331003073,Riyadh,23.00 ,29.00 ,24,50
10331003075,Riyadh,1.00 ,2.00 ,12,50
10331003076,Riyadh,1.00 ,2.00 ,12,50
10331003081,Riyadh,16.00 ,19.00 ,24,50
10331003083,Jeddah,1.00 ,1.00 ,48,50
10331003084,Jeddah,6.00 ,8.00 ,48,50
10331003084,Riyadh,17.00 ,20.00 ,48,50
10331003085,Jeddah,6.00 ,8.00 ,48,50
10331003085,Riyadh,5.00 ,6.00 ,48,50
10331003086,Jeddah,5.00 ,6.00 ,48,50
10331003086,Riyadh,3.00 ,3.00 ,48,50
10331003087,Jeddah,6.00 ,8.00 ,48,50
10331003087,Riyadh,9.00 ,10.00 ,48,50
10331003088,Jeddah,6.00 ,8.00 ,48,50
10331003088,Riyadh,3.00 ,4.00 ,48,50
10331003089,Jeddah,6.00 ,8.00 ,48,50
10331003089,Riyadh,15.00 ,18.00 ,48,50
10331003090,Jeddah,1.00 ,1.00 ,48,50
10331003090,Riyadh,2.00 ,3.00 ,48,50
10331003091,Jeddah,1.00 ,1.00 ,24,50
10331003092,Jeddah,17.00 ,21.00 ,24,50
10331003092,Riyadh,11.00 ,14.00 ,24,50
10331003093,Jeddah,17.00 ,21.00 ,24,50
10331003093,Riyadh,11.00 ,14.00 ,24,50
10331003094,Jeddah,24.00 ,32.00 ,24,50
10331003094,Riyadh,11.00 ,14.00 ,24,50
10331003095,Jeddah,17.00 ,21.00 ,24,50
10331003095,Riyadh,23.00 ,29.00 ,24,50
10331003096,Jeddah,6.00 ,8.00 ,24,50
10331003096,Riyadh,23.00 ,29.00 ,24,50
10331003097,Jeddah,1.00 ,1.00 ,24,50
10331003098,Jeddah,7.00 ,8.00 ,24,50
10331003098,Riyadh,11.00 ,14.00 ,24,50
10331003099,Jeddah,1.00 ,1.00 ,12,50
10331003099,Riyadh,23.00 ,29.00 ,12,50
10331003102,Jeddah,1.00 ,1.00 ,24,50
10331003103,Jeddah,2.00 ,3.00 ,24,50
10331003104,Jeddah,1.00 ,1.00 ,24,50
10331003105,Jeddah,1.00 ,1.00 ,24,50
10331003106,Jeddah,1.00 ,1.00 ,24,50
10331003119,Jeddah,10.00 ,12.00 ,1,50
10331003119,Riyadh,3.00 ,3.00 ,1,50
10331003120,Jeddah,11.00 ,14.00 ,1,50
10331003120,Riyadh,6.00 ,7.00 ,1,50
10331003121,Jeddah,11.00 ,14.00 ,1,50
10331003121,Riyadh,3.00 ,3.00 ,1,50
10331003122,Riyadh,4.00 ,5.00 ,1,50
10331003123,Jeddah,9.00 ,12.00 ,1,50
10331003123,Riyadh,15.00 ,18.00 ,1,50
10331003124,Jeddah,60.00 ,76.00 ,1,50
10331003124,Riyadh,77.00 ,96.00 ,1,50
10331003126,Jeddah,2.00 ,2.00 ,1,50
10331003127,Jeddah,2.00 ,3.00 ,1,50
10331003128,Jeddah,2.00 ,2.00 ,1,50
10331003129,Jeddah,1.00 ,2.00 ,1,50
10331003131,Jeddah,1.00 ,2.00 ,1,50
10331003131,Riyadh,1.00 ,2.00 ,1,50
10331003132,Jeddah,1.00 ,1.00 ,1,50
10331003133,Jeddah,1.00 ,1.00 ,1,50
10331003134,Jeddah,1.00 ,2.00 ,1,50
10331003135,Jeddah,1.00 ,1.00 ,1,50
10331003136,Jeddah,2.00 ,2.00 ,1,50
10331003137,Jeddah,2.00 ,2.00 ,1,50
10331003138,Jeddah,1.00 ,1.00 ,1,50
10331003139,Jeddah,2.00 ,2.00 ,1,50
10331003139,Riyadh,1.00 ,1.00 ,1,50
10331003140,Jeddah,1.00 ,2.00 ,1,50
10331003141,Jeddah,2.00 ,2.00 ,1,50
10331003141,Riyadh,1.00 ,2.00 ,1,50
10331003142,Jeddah,1.00 ,1.00 ,1,50
10331003143,Jeddah,1.00 ,1.00 ,1,50
10331003144,Jeddah,1.00 ,1.00 ,1,50
10331003145,Jeddah,48.00 ,61.00 ,1,50
10331003146,Jeddah,455.00 ,550.00 ,1,50
10331003146,Riyadh,23.00 ,29.00 ,1,50
10331003147,Jeddah,3.00 ,4.00 ,1,50
10331003147,Riyadh,1.00 ,2.00 ,1,50
10331003148,Jeddah,3.00 ,5.00 ,1,50
10331003148,Riyadh,1.00 ,1.00 ,1,50
10331003149,Jeddah,7.00 ,9.00 ,1,50
10331003150,Jeddah,2.00 ,3.00 ,1,50
10331003151,Jeddah,143.00 ,179.00 ,1,50
10331003151,Riyadh,63.00 ,80.00 ,1,50
10331003152,Jeddah,1.00 ,1.00 ,1,50
10331003153,Riyadh,8.00 ,9.00 ,1,50
10331003154,Jeddah,3.00 ,3.00 ,1,50
10331003155,Jeddah,3.00 ,3.00 ,1,50
10331003156,Jeddah,1.00 ,1.00 ,1,50
10331003157,Jeddah,1.00 ,1.00 ,1,50
10331003158,Jeddah,1.00 ,1.00 ,1,50
10331003159,Jeddah,1.00 ,1.00 ,1,50
10331003160,Jeddah,1.00 ,1.00 ,1,50
10331003161,Jeddah,1.00 ,1.00 ,1,50
10331003162,Jeddah,1.00 ,1.00 ,1,50
10331003163,Jeddah,1.00 ,1.00 ,1,50
10331003165,Jeddah,2.00 ,3.00 ,1,50
10331003165,Riyadh,1.00 ,2.00 ,1,50
10331003166,Jeddah,2.00 ,2.00 ,1,50
10331003167,Jeddah,1.00 ,2.00 ,1,50
10331003168,Jeddah,1.00 ,2.00 ,1,50
10331003169,Jeddah,2.00 ,3.00 ,1,50
10331003169,Riyadh,1.00 ,1.00 ,1,50
10331003170,Jeddah,9.00 ,11.00 ,1,50
10331003170,Riyadh,2.00 ,2.00 ,1,50
10331003171,Jeddah,2.00 ,3.00 ,1,50
10331003171,Riyadh,1.00 ,1.00 ,1,50
10331003172,Jeddah,5.00 ,7.00 ,1,50
10331003172,Riyadh,2.00 ,2.00 ,1,50
10331003173,Jeddah,1.00 ,2.00 ,1,50
10331003173,Riyadh,1.00 ,1.00 ,1,50
10331003174,Jeddah,1.00 ,2.00 ,1,50
10331003174,Riyadh,1.00 ,1.00 ,1,50
10331003175,Jeddah,1.00 ,2.00 ,1,50
10331003175,Riyadh,1.00 ,1.00 ,1,50
10331003176,Jeddah,1.00 ,2.00 ,1,50
10331003176,Riyadh,1.00 ,1.00 ,1,50
10331003177,Jeddah,1.00 ,2.00 ,1,50
10331003177,Riyadh,1.00 ,1.00 ,1,50
10331003178,Jeddah,7.00 ,11.00 ,1,50
10331003178,Riyadh,1.00 ,1.00 ,1,50
10331003179,Jeddah,1.00 ,1.00 ,1,50
10331003179,Riyadh,1.00 ,1.00 ,1,50
10331003180,Jeddah,1.00 ,1.00 ,1,50
10331003180,Riyadh,9.00 ,12.00 ,1,50
10331003181,Jeddah,1.00 ,1.00 ,1,50
10331003181,Riyadh,3.00 ,4.00 ,1,50
10331003182,Jeddah,1.00 ,1.00 ,1,50
10331003182,Riyadh,9.00 ,12.00 ,1,50
10331003183,Jeddah,1.00 ,1.00 ,1,50
10331003183,Riyadh,9.00 ,12.00 ,1,50
10331003184,Jeddah,39.00 ,56.00 ,1,50
10331003184,Riyadh,13.00 ,16.00 ,1,50
10331003185,Jeddah,15.00 ,21.00 ,1,50
10331003185,Riyadh,5.00 ,6.00 ,1,50
10331003186,Jeddah,28.00 ,39.00 ,1,50
10331003186,Riyadh,1.00 ,1.00 ,1,50
10331003187,Jeddah,24.00 ,33.00 ,1,50
10331003187,Riyadh,1.00 ,1.00 ,1,50
10331003188,Jeddah,2.00 ,3.00 ,1,50
10331003189,Jeddah,2.00 ,3.00 ,1,50
10331003190,Jeddah,1.00 ,1.00 ,1,50
10331003223,Jeddah,5.00 ,7.00 ,1,50
10331003224,Jeddah,10.00 ,13.00 ,1,50
10331003224,Riyadh,1.00 ,1.00 ,1,50
10331003225,Jeddah,6.00 ,7.00 ,1,50
10331003227,Jeddah,1.00 ,1.00 ,1,50
10331003228,Jeddah,5.00 ,6.00 ,1,50
10331003229,Jeddah,4.00 ,6.00 ,1,50
10331003230,Jeddah,4.00 ,6.00 ,1,50
10331003234,Jeddah,3.00 ,3.00 ,1,50
10331003234,Riyadh,4.00 ,5.00 ,1,50
10331003235,Jeddah,6.00 ,8.00 ,1,50
10331003235,Riyadh,3.00 ,3.00 ,1,50
10331003240,Riyadh,1.00 ,1.00 ,1,50
10331003241,Riyadh,1.00 ,1.00 ,1,50
10331003242,Riyadh,2.00 ,2.00 ,1,50
10331003243,Riyadh,2.00 ,2.00 ,1,50
10331003244,Riyadh,2.00 ,2.00 ,1,50
10331003245,Riyadh,1.00 ,1.00 ,1,50
10331003246,Riyadh,1.00 ,2.00 ,1,50
10331003247,Jeddah,1.00 ,1.00 ,1,50
10331003247,Riyadh,1.00 ,1.00 ,1,50
10331003248,Riyadh,5.00 ,6.00 ,1,50
10331003249,Riyadh,3.00 ,4.00 ,1,50
10331003251,Jeddah,1.00 ,1.00 ,1,50
10331003251,Riyadh,1.00 ,1.00 ,1,50
10331003252,Jeddah,1.00 ,1.00 ,1,50
10331003252,Riyadh,1.00 ,1.00 ,1,50
10331003253,Jeddah,1.00 ,1.00 ,1,50
10331003253,Riyadh,1.00 ,2.00 ,1,50
10331003254,Jeddah,1.00 ,1.00 ,1,50
10331003254,Riyadh,1.00 ,1.00 ,1,50
10331003255,Jeddah,1.00 ,1.00 ,1,50
10331003255,Riyadh,1.00 ,2.00 ,1,50
10331003256,Jeddah,9.00 ,10.00 ,1,50
10331003256,Riyadh,3.00 ,4.00 ,1,50
10331003258,Jeddah,1.00 ,1.00 ,1,50
10331003258,Riyadh,1.00 ,2.00 ,1,50
10331003259,Jeddah,1.00 ,1.00 ,1,50
10331003259,Riyadh,1.00 ,2.00 ,1,50
10331003261,Jeddah,1.00 ,1.00 ,1,50
10331003262,Jeddah,1.00 ,1.00 ,1,50
10331003269,Jeddah,1.00 ,1.00 ,1,50
10331003269,Riyadh,1.00 ,2.00 ,1,50
10331003270,Jeddah,1.00 ,2.00 ,1,50
10331003270,Riyadh,1.00 ,2.00 ,1,50
10331003271,Jeddah,1.00 ,1.00 ,1,50
10331003271,Riyadh,1.00 ,2.00 ,1,50
10331003272,Jeddah,1.00 ,1.00 ,1,50
10331003272,Riyadh,1.00 ,2.00 ,1,50
10331003273,Jeddah,1.00 ,1.00 ,1,50
10331003273,Riyadh,1.00 ,2.00 ,1,50
10331003275,Jeddah,1.00 ,1.00 ,1,50
10331003275,Riyadh,1.00 ,2.00 ,1,50
10331003276,Jeddah,1.00 ,1.00 ,1,50
10331003276,Riyadh,1.00 ,2.00 ,1,50
10331003277,Jeddah,1.00 ,1.00 ,1,50
10331003277,Riyadh,1.00 ,2.00 ,1,50
10331003278,Jeddah,1.00 ,1.00 ,1,50
10331003278,Riyadh,1.00 ,2.00 ,1,50
10331003279,Jeddah,1.00 ,1.00 ,1,50
10331003279,Riyadh,1.00 ,2.00 ,1,50
10331003281,Jeddah,1.00 ,1.00 ,1,50
10331003281,Riyadh,1.00 ,2.00 ,1,50
10331003282,Jeddah,1.00 ,1.00 ,1,50
10331003282,Riyadh,1.00 ,2.00 ,1,50
10331003283,Jeddah,1.00 ,1.00 ,1,50
10331003283,Riyadh,1.00 ,2.00 ,1,50
10331003284,Jeddah,1.00 ,1.00 ,1,50
10331003284,Riyadh,2.00 ,3.00 ,1,50
10331003285,Jeddah,1.00 ,1.00 ,1,50
10331003285,Riyadh,1.00 ,2.00 ,1,50
10331003286,Jeddah,1.00 ,2.00 ,1,50
10331003286,Riyadh,1.00 ,2.00 ,1,50
10331003290,Jeddah,1.00 ,2.00 ,1,50
10331003294,Jeddah,22.00 ,28.00 ,1,50
10331003294,Riyadh,61.00 ,73.00 ,1,50
10331003295,Jeddah,2.00 ,2.00 ,1,50
10331003295,Riyadh,1.00 ,1.00 ,1,50
10331003296,Jeddah,5.00 ,6.00 ,1,50
10331003296,Riyadh,356.00 ,455.00 ,1,50
10331003297,Jeddah,3.00 ,4.00 ,1,50
10331003297,Riyadh,3.00 ,3.00 ,1,50
10331003298,Jeddah,4.00 ,5.00 ,1,50
10331003298,Riyadh,16.00 ,19.00 ,1,50
10331003299,Jeddah,5.00 ,6.00 ,1,50
10331003299,Riyadh,3.00 ,4.00 ,1,50
10331003300,Jeddah,2.00 ,2.00 ,1,50
10331003300,Riyadh,4.00 ,5.00 ,1,50
10331003301,Jeddah,2.00 ,2.00 ,1,50
10331003301,Riyadh,2.00 ,2.00 ,1,50
10331003302,Jeddah,1.00 ,1.00 ,1,50
10331003303,Jeddah,1.00 ,2.00 ,1,50
10331003304,Jeddah,1.00 ,1.00 ,1,50
10331003305,Jeddah,1.00 ,1.00 ,1,50
10331003306,Jeddah,1.00 ,1.00 ,1,50
10331003307,Jeddah,1.00 ,1.00 ,1,50
10331003308,Jeddah,1.00 ,1.00 ,1,50
10331003309,Jeddah,1.00 ,1.00 ,1,50
10331003310,Jeddah,1.00 ,1.00 ,1,50
10331003311,Jeddah,1.00 ,1.00 ,1,50
10331003312,Jeddah,1.00 ,1.00 ,1,50
10331003313,Jeddah,1.00 ,1.00 ,1,50
10331003314,Jeddah,1.00 ,1.00 ,1,50
10331003315,Jeddah,1.00 ,1.00 ,1,50
10331003316,Jeddah,1.00 ,1.00 ,1,50
10331003317,Jeddah,1.00 ,1.00 ,1,50
10331003318,Jeddah,1.00 ,1.00 ,1,50
10331003319,Jeddah,1.00 ,1.00 ,1,50
10331003320,Jeddah,1.00 ,1.00 ,1,50
10331003321,Jeddah,1.00 ,1.00 ,1,50
10331003322,Jeddah,1.00 ,1.00 ,1,50
10331003323,Jeddah,1.00 ,1.00 ,1,50
10331003324,Jeddah,1.00 ,1.00 ,1,50
10331003325,Jeddah,1.00 ,1.00 ,1,50
10331003326,Jeddah,1.00 ,1.00 ,1,50
10331003328,Jeddah,1.00 ,1.00 ,1,50
10331003329,Jeddah,1.00 ,1.00 ,1,50
10331003330,Jeddah,1.00 ,1.00 ,1,50
10331003331,Jeddah,1.00 ,1.00 ,1,50
10331003332,Jeddah,1.00 ,1.00 ,1,50
10331003335,Jeddah,1.00 ,1.00 ,1,50
10331003336,Jeddah,1.00 ,1.00 ,1,50
10331003337,Jeddah,1.00 ,1.00 ,1,50
10331003339,Jeddah,1.00 ,1.00 ,1,50
10331003340,Jeddah,1.00 ,1.00 ,1,50
10331003342,Jeddah,1.00 ,1.00 ,1,50
10331003343,Jeddah,1.00 ,1.00 ,1,50
10331003344,Jeddah,1.00 ,1.00 ,1,50
10331003345,Jeddah,1.00 ,1.00 ,1,50
10331003349,Jeddah,1.00 ,1.00 ,1,50
10331003350,Jeddah,1.00 ,1.00 ,1,50
10331003351,Jeddah,1.00 ,1.00 ,1,50
10331003352,Jeddah,1.00 ,1.00 ,1,50
10331003353,Jeddah,1.00 ,1.00 ,1,50
10331003355,Jeddah,1.00 ,1.00 ,1,50
10331003356,Jeddah,1.00 ,1.00 ,1,50
10331003358,Jeddah,1.00 ,1.00 ,1,50
10331003359,Jeddah,1.00 ,1.00 ,1,50
10331003360,Jeddah,1.00 ,1.00 ,1,50
10331003363,Jeddah,2.00 ,2.00 ,1,50
10331003369,Jeddah,1.00 ,1.00 ,1,50
10331003370,Jeddah,1.00 ,1.00 ,1,50
10331003372,Jeddah,1.00 ,1.00 ,1,50
10331003373,Jeddah,1.00 ,1.00 ,1,50
10331003374,Jeddah,1.00 ,1.00 ,1,50
10331003377,Jeddah,2.00 ,2.00 ,1,50
10331003378,Jeddah,2.00 ,2.00 ,1,50
10331003379,Jeddah,2.00 ,2.00 ,1,50
10331003387,Jeddah,2.00 ,2.00 ,1,50
10331003388,Jeddah,2.00 ,2.00 ,1,50
10331003392,Jeddah,2.00 ,3.00 ,1,50
10331003393,Jeddah,1.00 ,1.00 ,1,50
10331003394,Jeddah,2.00 ,2.00 ,1,50
10331003400,Jeddah,2.00 ,2.00 ,1,50
10331003402,Jeddah,2.00 ,3.00 ,1,50
10331003403,Jeddah,2.00 ,3.00 ,1,50
10331003409,Jeddah,2.00 ,3.00 ,1,50
10331003412,Jeddah,1.00 ,1.00 ,1,50
10331003414,Jeddah,1.00 ,1.00 ,1,50
10331003415,Jeddah,1.00 ,1.00 ,1,50
10331003416,Jeddah,1.00 ,1.00 ,1,50
10331003417,Jeddah,1.00 ,1.00 ,1,50
10331003418,Jeddah,1.00 ,1.00 ,1,50
10331003419,Jeddah,3.00 ,4.00 ,1,50
10331003420,Jeddah,1.00 ,1.00 ,1,50
10331003423,Jeddah,1.00 ,1.00 ,1,50
10331003424,Jeddah,1.00 ,1.00 ,1,50
10331003426,Jeddah,1.00 ,1.00 ,1,50
10331003427,Jeddah,1.00 ,1.00 ,1,50
10331003428,Jeddah,1.00 ,1.00 ,1,50
10331003433,Jeddah,1.00 ,1.00 ,1,50
10331003434,Jeddah,1.00 ,1.00 ,1,50
10331003435,Jeddah,1.00 ,1.00 ,1,50
10331003438,Jeddah,1.00 ,1.00 ,1,50
10331003440,Jeddah,1.00 ,1.00 ,1,50
10331003441,Jeddah,1.00 ,1.00 ,1,50
10331003442,Jeddah,1.00 ,1.00 ,1,50
10331003443,Jeddah,1.00 ,1.00 ,1,50
10331003444,Jeddah,1.00 ,1.00 ,1,50
10331003445,Jeddah,1.00 ,1.00 ,1,50
10331003447,Jeddah,1.00 ,1.00 ,1,50
10331003448,Jeddah,1.00 ,1.00 ,1,50
10331003449,Jeddah,1.00 ,1.00 ,1,50
10331003451,Jeddah,1.00 ,1.00 ,1,50
10331003452,Jeddah,1.00 ,1.00 ,1,50
10331003455,Jeddah,1.00 ,1.00 ,1,50
10331003456,Jeddah,1.00 ,1.00 ,1,50
10331003457,Jeddah,1.00 ,1.00 ,1,50
10331003459,Jeddah,4.00 ,5.00 ,1,50
10331003494,Jeddah,1.00 ,1.00 ,1,50
10331003496,Jeddah,1.00 ,1.00 ,1,50
10331003498,Jeddah,1.00 ,1.00 ,1,50
10331003499,Jeddah,1.00 ,1.00 ,1,50
10331003500,Jeddah,1.00 ,1.00 ,1,50
10331003502,Jeddah,1.00 ,1.00 ,1,50
10331003504,Jeddah,1.00 ,1.00 ,1,50
10331003506,Jeddah,1.00 ,1.00 ,1,50
10331003507,Jeddah,1.00 ,1.00 ,1,50
10331003508,Jeddah,1.00 ,1.00 ,1,50
10331003511,Jeddah,1.00 ,2.00 ,1,50
10331003512,Jeddah,1.00 ,1.00 ,1,50
10331003513,Jeddah,1.00 ,1.00 ,1,50
10331003514,Jeddah,1.00 ,1.00 ,1,50
10331003518,Jeddah,1.00 ,1.00 ,1,50
10331003522,Jeddah,1.00 ,1.00 ,1,50
10331003524,Jeddah,1.00 ,1.00 ,1,50
10331003525,Jeddah,1.00 ,1.00 ,1,50
10331003527,Jeddah,1.00 ,1.00 ,1,50
10331003528,Jeddah,1.00 ,1.00 ,1,50
10331003529,Jeddah,1.00 ,2.00 ,1,50
10331003530,Jeddah,1.00 ,1.00 ,1,50
10331003531,Jeddah,1.00 ,1.00 ,1,50
10331003536,Jeddah,1.00 ,2.00 ,1,50
10331003537,Jeddah,1.00 ,2.00 ,1,50
10331003539,Jeddah,1.00 ,2.00 ,1,50
10331003540,Jeddah,1.00 ,1.00 ,1,50
10331003541,Jeddah,1.00 ,2.00 ,1,50
10331003542,Jeddah,1.00 ,2.00 ,1,50
10331003546,Jeddah,1.00 ,1.00 ,1,50
10331003547,Jeddah,1.00 ,1.00 ,1,50
10331003548,Jeddah,1.00 ,1.00 ,1,50
10331003549,Jeddah,1.00 ,1.00 ,1,50
10331003550,Jeddah,1.00 ,1.00 ,1,50
10331003554,Jeddah,1.00 ,1.00 ,1,50
10331003555,Jeddah,1.00 ,1.00 ,1,50
10331003556,Jeddah,1.00 ,1.00 ,1,50
10331003557,Jeddah,1.00 ,1.00 ,1,50
10331003558,Jeddah,1.00 ,1.00 ,1,50
10331003559,Jeddah,1.00 ,1.00 ,1,50
10331003560,Jeddah,1.00 ,1.00 ,1,50
10331003561,Jeddah,1.00 ,1.00 ,1,50
10331003562,Jeddah,1.00 ,1.00 ,1,50
10331003563,Jeddah,1.00 ,1.00 ,1,50
10331003564,Jeddah,1.00 ,1.00 ,1,50
10331003565,Jeddah,1.00 ,1.00 ,1,50
10331003566,Jeddah,1.00 ,1.00 ,1,50
10331003567,Jeddah,1.00 ,1.00 ,1,50
10331003568,Jeddah,1.00 ,1.00 ,1,50
10331003569,Jeddah,1.00 ,1.00 ,1,50
10331003570,Riyadh,1.00 ,1.00 ,1,50
10331003573,Jeddah,1.00 ,1.00 ,1,50
10331003574,Jeddah,1.00 ,1.00 ,1,50
10331003576,Jeddah,1.00 ,1.00 ,1,50
10331003579,Jeddah,1.00 ,1.00 ,1,50
10331003580,Jeddah,1.00 ,1.00 ,1,50
10331003586,Jeddah,1.00 ,1.00 ,1,50
10331003588,Jeddah,1.00 ,1.00 ,1,50
10331003590,Jeddah,2.00 ,2.00 ,1,50
10331003591,Jeddah,1.00 ,1.00 ,1,50
10331003593,Jeddah,1.00 ,1.00 ,1,50
10331003595,Jeddah,1.00 ,1.00 ,1,50
10331003598,Jeddah,1.00 ,1.00 ,1,50
10331003599,Jeddah,1.00 ,1.00 ,1,50
10331003601,Jeddah,1.00 ,1.00 ,1,50
10331003602,Jeddah,1.00 ,1.00 ,1,50
10331003603,Jeddah,1.00 ,1.00 ,1,50
10331003605,Jeddah,1.00 ,1.00 ,1,50
10331003606,Jeddah,1.00 ,1.00 ,1,50
10331003607,Jeddah,1.00 ,1.00 ,1,50
10331003608,Jeddah,1.00 ,1.00 ,1,50
10331003609,Jeddah,1.00 ,1.00 ,1,50
10331003610,Jeddah,1.00 ,1.00 ,1,50
10331003611,Jeddah,1.00 ,1.00 ,1,50
10331003612,Jeddah,1.00 ,1.00 ,1,50
10331003613,Jeddah,1.00 ,1.00 ,1,50
10331003614,Jeddah,1.00 ,1.00 ,1,50
10331003615,Jeddah,1.00 ,1.00 ,1,50
10331003616,Jeddah,1.00 ,1.00 ,1,50
10331003617,Jeddah,1.00 ,1.00 ,1,50
10331003619,Jeddah,1.00 ,1.00 ,1,50
10331003620,Jeddah,1.00 ,1.00 ,1,50
10331003621,Jeddah,1.00 ,1.00 ,1,50
10331003622,Jeddah,1.00 ,1.00 ,1,50
10331003623,Jeddah,1.00 ,1.00 ,1,50
10331003624,Jeddah,1.00 ,1.00 ,1,50
10331003625,Jeddah,1.00 ,1.00 ,1,50
10331003626,Jeddah,1.00 ,1.00 ,1,50
10331003641,Jeddah,1.00 ,1.00 ,1,50
10331003642,Jeddah,1.00 ,1.00 ,1,50
10331003643,Jeddah,1.00 ,1.00 ,1,50
10331003644,Jeddah,1.00 ,1.00 ,1,50
10331003645,Jeddah,1.00 ,1.00 ,1,50
10331003647,Jeddah,1.00 ,1.00 ,1,50
10331003648,Jeddah,1.00 ,1.00 ,1,50
10331003649,Jeddah,1.00 ,1.00 ,1,50
10331003650,Jeddah,1.00 ,1.00 ,1,50
10331003651,Jeddah,1.00 ,1.00 ,1,50
10331003653,Jeddah,1.00 ,1.00 ,1,50
10331003654,Jeddah,1.00 ,1.00 ,1,50
10331003655,Jeddah,1.00 ,1.00 ,1,50
10331003656,Jeddah,1.00 ,1.00 ,1,50
10331003657,Jeddah,1.00 ,1.00 ,1,50
10331003658,Jeddah,1.00 ,1.00 ,1,50
10331003659,Jeddah,1.00 ,1.00 ,1,50
10331003667,Jeddah,2.00 ,3.00 ,1,50
10331003672,Jeddah,1.00 ,1.00 ,1,50
10331003673,Jeddah,2.00 ,2.00 ,1,50
10331003674,Jeddah,3.00 ,3.00 ,1,50
10331003676,Jeddah,2.00 ,3.00 ,1,50
10331003677,Jeddah,1.00 ,1.00 ,1,50
10331003678,Jeddah,1.00 ,1.00 ,1,50
10331003679,Jeddah,1.00 ,1.00 ,1,50
10331003680,Jeddah,1.00 ,1.00 ,1,50
10331003683,Jeddah,1.00 ,1.00 ,1,50
10331003684,Jeddah,1.00 ,1.00 ,1,50
10331003685,Jeddah,1.00 ,1.00 ,1,50
10331003686,Jeddah,1.00 ,1.00 ,1,50
10331003688,Jeddah,1.00 ,1.00 ,1,50
10331003689,Jeddah,1.00 ,1.00 ,1,50
10331003690,Jeddah,1.00 ,1.00 ,1,50
10331003691,Jeddah,1.00 ,1.00 ,1,50
10331003692,Jeddah,1.00 ,1.00 ,1,50
10331003693,Jeddah,1.00 ,1.00 ,1,50
10331003694,Jeddah,1.00 ,1.00 ,1,50
10331003695,Jeddah,1.00 ,1.00 ,1,50
10331003698,Jeddah,1.00 ,1.00 ,1,50
10331003699,Jeddah,1.00 ,1.00 ,1,50
10331003700,Jeddah,1.00 ,1.00 ,1,50
10331003701,Jeddah,1.00 ,1.00 ,1,50
10331003705,Jeddah,1.00 ,1.00 ,1,50
10331003706,Jeddah,1.00 ,1.00 ,1,50
10331003707,Jeddah,1.00 ,1.00 ,1,50
10331003708,Jeddah,1.00 ,1.00 ,1,50
10331003709,Jeddah,1.00 ,1.00 ,1,50
10331003710,Jeddah,1.00 ,1.00 ,1,50
10331003711,Jeddah,1.00 ,1.00 ,1,50
10331003712,Jeddah,1.00 ,1.00 ,1,50
10331003713,Jeddah,1.00 ,1.00 ,1,50
10331003714,Jeddah,1.00 ,1.00 ,1,50
10331003715,Jeddah,1.00 ,1.00 ,1,50
10331003716,Jeddah,1.00 ,1.00 ,1,50
10331003717,Jeddah,1.00 ,1.00 ,1,50
10331003718,Jeddah,1.00 ,1.00 ,1,50
10331003719,Jeddah,1.00 ,1.00 ,1,50
10331003720,Jeddah,1.00 ,1.00 ,1,50
10331003721,Jeddah,1.00 ,1.00 ,1,50
10331003722,Jeddah,1.00 ,1.00 ,1,50
10331003723,Jeddah,1.00 ,1.00 ,1,50
10331003724,Jeddah,1.00 ,1.00 ,1,50
10331003725,Jeddah,1.00 ,1.00 ,1,50
10331003726,Jeddah,1.00 ,1.00 ,1,50
10331003727,Jeddah,1.00 ,1.00 ,1,50
10331003728,Jeddah,1.00 ,1.00 ,1,50
10331003729,Jeddah,1.00 ,1.00 ,1,50
10331003730,Jeddah,1.00 ,1.00 ,1,50
10331003731,Jeddah,1.00 ,1.00 ,1,50
10331003732,Jeddah,1.00 ,1.00 ,1,50
10331003733,Jeddah,1.00 ,1.00 ,1,50
10331003734,Jeddah,1.00 ,1.00 ,1,50
10331003735,Jeddah,1.00 ,1.00 ,1,50
10331003736,Jeddah,1.00 ,1.00 ,1,50
10331003737,Jeddah,1.00 ,1.00 ,1,50
10331003738,Jeddah,1.00 ,1.00 ,1,50
10331003739,Jeddah,1.00 ,1.00 ,1,50
10331003740,Jeddah,1.00 ,1.00 ,1,50
10331003741,Jeddah,1.00 ,1.00 ,1,50
10331003742,Jeddah,1.00 ,1.00 ,1,50
10331003743,Jeddah,1.00 ,1.00 ,1,50
10331003744,Jeddah,1.00 ,1.00 ,1,50
10331003745,Jeddah,1.00 ,1.00 ,1,50
10331003746,Jeddah,1.00 ,1.00 ,1,50
10331003747,Jeddah,1.00 ,1.00 ,1,50
10331003748,Jeddah,1.00 ,1.00 ,1,50
10331003749,Jeddah,1.00 ,1.00 ,1,50
10331003750,Jeddah,1.00 ,1.00 ,1,50
10331003751,Jeddah,1.00 ,1.00 ,1,50
10331003752,Jeddah,1.00 ,1.00 ,1,50
10331003753,Jeddah,1.00 ,1.00 ,1,50
10331003754,Jeddah,1.00 ,1.00 ,1,50
10331003756,Jeddah,1.00 ,1.00 ,1,50
10331003757,Jeddah,1.00 ,1.00 ,1,50
10331003758,Jeddah,1.00 ,1.00 ,1,50
10331003759,Jeddah,1.00 ,1.00 ,1,50
10331003760,Jeddah,1.00 ,1.00 ,1,50
10331003761,Jeddah,1.00 ,1.00 ,1,50
10331003762,Jeddah,1.00 ,1.00 ,1,50
10331003763,Jeddah,1.00 ,1.00 ,1,50
10331003764,Jeddah,1.00 ,1.00 ,1,50
10331003765,Jeddah,1.00 ,1.00 ,1,50
10331003766,Jeddah,1.00 ,1.00 ,1,50
10331003767,Jeddah,1.00 ,1.00 ,1,50
10331003768,Jeddah,1.00 ,1.00 ,1,50
10331003769,Jeddah,1.00 ,1.00 ,1,50
10331003770,Jeddah,2.00 ,3.00 ,1,50
10331003771,Jeddah,1.00 ,1.00 ,1,50
10331003772,Jeddah,1.00 ,1.00 ,1,50
10331003773,Jeddah,1.00 ,1.00 ,1,50
10331003774,Jeddah,1.00 ,1.00 ,1,50
10331003775,Jeddah,1.00 ,1.00 ,1,50
10331003776,Jeddah,1.00 ,1.00 ,1,50
10331003777,Jeddah,1.00 ,2.00 ,1,50
10331003778,Jeddah,1.00 ,2.00 ,1,50
10331003779,Jeddah,1.00 ,2.00 ,1,50
10331003780,Jeddah,1.00 ,1.00 ,1,50
10331003781,Jeddah,1.00 ,1.00 ,1,50
10331003782,Jeddah,1.00 ,1.00 ,1,50
10331003783,Jeddah,1.00 ,1.00 ,1,50
10331003784,Jeddah,1.00 ,1.00 ,1,50
10331003785,Jeddah,1.00 ,1.00 ,1,50
10331003786,Jeddah,1.00 ,1.00 ,1,50
10331003787,Jeddah,1.00 ,1.00 ,1,50
10331003788,Jeddah,1.00 ,1.00 ,1,50
10331003789,Jeddah,1.00 ,1.00 ,1,50
10331003790,Jeddah,1.00 ,1.00 ,1,50
10331003791,Jeddah,1.00 ,1.00 ,1,50
10331003793,Jeddah,1.00 ,1.00 ,1,50
10331003794,Jeddah,1.00 ,1.00 ,1,50
10331003795,Jeddah,1.00 ,1.00 ,1,50
10331003796,Jeddah,1.00 ,1.00 ,1,50
10331003797,Jeddah,1.00 ,1.00 ,1,50
10331003798,Jeddah,1.00 ,1.00 ,1,50
10331003800,Jeddah,1.00 ,1.00 ,1,50
10331003801,Jeddah,1.00 ,1.00 ,1,50
10331003802,Jeddah,1.00 ,1.00 ,1,50
10331003803,Jeddah,1.00 ,1.00 ,1,50
10331003804,Jeddah,1.00 ,1.00 ,1,50
10331003805,Jeddah,1.00 ,1.00 ,1,50
10331003807,Jeddah,1.00 ,1.00 ,1,50
10331003808,Jeddah,1.00 ,1.00 ,1,50
10331003809,Jeddah,1.00 ,1.00 ,1,50
10331003810,Jeddah,1.00 ,1.00 ,1,50
10331003811,Jeddah,1.00 ,1.00 ,1,50
10331003812,Jeddah,1.00 ,1.00 ,1,50
10331003814,Jeddah,1.00 ,1.00 ,1,50
10331003815,Jeddah,1.00 ,1.00 ,1,50
10331003816,Jeddah,1.00 ,1.00 ,1,50
10331003817,Jeddah,1.00 ,1.00 ,1,50
10331003818,Jeddah,1.00 ,1.00 ,1,50
10331003824,Jeddah,1.00 ,1.00 ,1,50
10331003825,Jeddah,1.00 ,1.00 ,1,50
10331003829,Jeddah,1.00 ,1.00 ,1,50
10331003831,Jeddah,1.00 ,1.00 ,1,50
10331003832,Jeddah,1.00 ,1.00 ,1,50
10331003833,Jeddah,1.00 ,1.00 ,1,50
10331003834,Jeddah,1.00 ,1.00 ,1,50
10331003835,Jeddah,1.00 ,1.00 ,1,50
10331003838,Jeddah,1.00 ,1.00 ,1,50
10331003839,Jeddah,1.00 ,1.00 ,1,50
10331003841,Jeddah,1.00 ,1.00 ,1,50
10331003842,Jeddah,1.00 ,1.00 ,1,50
10331003843,Jeddah,1.00 ,1.00 ,1,50
10331003844,Jeddah,1.00 ,1.00 ,1,50
10331003845,Jeddah,1.00 ,1.00 ,1,50
10331003849,Jeddah,1.00 ,1.00 ,1,50
10331003850,Jeddah,1.00 ,1.00 ,1,50
10331003854,Jeddah,1.00 ,1.00 ,1,50
10331003855,Jeddah,1.00 ,1.00 ,1,50
10331003857,Jeddah,1.00 ,1.00 ,1,50
10331003858,Jeddah,1.00 ,1.00 ,1,50
10331003859,Jeddah,1.00 ,1.00 ,1,50
10331003860,Jeddah,1.00 ,1.00 ,1,50
10331003861,Jeddah,1.00 ,1.00 ,1,50
10331003862,Jeddah,1.00 ,1.00 ,1,50
10331003863,Jeddah,1.00 ,1.00 ,1,50
10331003865,Riyadh,3.00 ,3.00 ,1,50
10331003866,Riyadh,3.00 ,4.00 ,1,50
10331003867,Riyadh,1.00 ,1.00 ,1,50
10331003868,Riyadh,1.00 ,1.00 ,1,50
10331003869,Riyadh,1.00 ,2.00 ,1,50
10331003870,Riyadh,1.00 ,2.00 ,1,50
10331003871,Riyadh,2.00 ,2.00 ,1,50
10331003873,Riyadh,8.00 ,10.00 ,1,50
10331003874,Riyadh,1.00 ,1.00 ,1,50
10331003875,Riyadh,2.00 ,3.00 ,1,50
10331003876,Riyadh,2.00 ,2.00 ,1,50
10331003877,Riyadh,2.00 ,2.00 ,1,50
10331003878,Riyadh,11.00 ,13.00 ,1,50
10331003881,Riyadh,1.00 ,2.00 ,1,50
10331003882,Riyadh,1.00 ,1.00 ,1,50
10331003883,Riyadh,1.00 ,2.00 ,1,50
10331003884,Riyadh,1.00 ,2.00 ,1,50
10331003885,Riyadh,2.00 ,2.00 ,1,50
10331003886,Riyadh,7.00 ,9.00 ,1,50
10331003887,Riyadh,6.00 ,7.00 ,1,50
10331003888,Riyadh,1.00 ,2.00 ,1,50
10331003889,Riyadh,1.00 ,1.00 ,1,50
10331003892,Riyadh,1.00 ,1.00 ,1,50
10331003893,Riyadh,2.00 ,2.00 ,1,50
10331003894,Riyadh,2.00 ,2.00 ,1,50
10331003895,Riyadh,17.00 ,22.00 ,1,50
10331003896,Riyadh,3.00 ,3.00 ,1,50
10331003897,Riyadh,2.00 ,3.00 ,1,50
10331003898,Riyadh,2.00 ,3.00 ,1,50
10331003899,Riyadh,3.00 ,4.00 ,1,50
10331003900,Riyadh,6.00 ,7.00 ,1,50
10331003901,Riyadh,8.00 ,10.00 ,1,50
10331003902,Riyadh,1.00 ,1.00 ,1,50
10331003903,Riyadh,4.00 ,5.00 ,1,50
10331003904,Riyadh,1.00 ,2.00 ,1,50
10331003905,Riyadh,9.00 ,10.00 ,1,50
10331003906,Riyadh,3.00 ,4.00 ,1,50
10331003907,Riyadh,2.00 ,2.00 ,1,50
10331003908,Riyadh,2.00 ,2.00 ,1,50
10331003910,Jeddah,257.00 ,338.00 ,1,50
10331003910,Riyadh,1.00 ,1.00 ,1,50
10331003911,Jeddah,930.00 ,"1,129.00 ",1,50
10331003911,Riyadh,17.00 ,20.00 ,1,50
10331003912,Jeddah,451.00 ,560.00 ,1,50
10331003912,Riyadh,9.00 ,12.00 ,1,50
10331003913,Jeddah,77.00 ,96.00 ,1,50
10331003913,Riyadh,97.00 ,121.00 ,1,50
10331003914,Jeddah,22.00 ,26.00 ,1,50
10331003914,Riyadh,23.00 ,29.00 ,1,50
10331003965,Jeddah,4.00 ,5.00 ,1,50
10331003966,Jeddah,4.00 ,5.00 ,1,50
10331003967,Jeddah,4.00 ,5.00 ,1,50
10331003968,Jeddah,4.00 ,5.00 ,1,50
10331003970,Jeddah,4.00 ,5.00 ,1,50
10331003971,Jeddah,4.00 ,5.00 ,1,50
10331003972,Jeddah,4.00 ,5.00 ,1,50
10331003973,Jeddah,4.00 ,5.00 ,1,50
10331003974,Jeddah,4.00 ,5.00 ,1,50
10331003975,Jeddah,4.00 ,5.00 ,1,50
10331003977,Jeddah,1.00 ,1.00 ,1,50
10331003978,Jeddah,1.00 ,1.00 ,1,50
10331003978,Riyadh,1.00 ,1.00 ,1,50
10331003979,Jeddah,1.00 ,1.00 ,1,50
10331003980,Jeddah,1.00 ,1.00 ,1,50
10331003981,Jeddah,1.00 ,1.00 ,1,50
10331003982,Jeddah,1.00 ,1.00 ,1,50
10331003983,Jeddah,1.00 ,1.00 ,1,50
10331003984,Jeddah,1.00 ,1.00 ,1,50
10331003985,Jeddah,1.00 ,1.00 ,1,50
10331003986,Jeddah,1.00 ,1.00 ,1,50
10331003987,Jeddah,1.00 ,1.00 ,1,50
10331003988,Jeddah,1.00 ,2.00 ,1,50
10331003989,Jeddah,1.00 ,1.00 ,1,50
10331003990,Jeddah,1.00 ,1.00 ,1,50
10331003991,Jeddah,1.00 ,1.00 ,1,50
10331003992,Jeddah,1.00 ,2.00 ,1,50
10331003992,Riyadh,1.00 ,2.00 ,1,50
10331003993,Jeddah,1.00 ,1.00 ,1,50
10331003994,Jeddah,1.00 ,1.00 ,1,50
10331003995,Jeddah,1.00 ,1.00 ,1,50
10331003996,Jeddah,1.00 ,1.00 ,1,50
10331003997,Jeddah,3.00 ,4.00 ,1,50
10331003997,Riyadh,1.00 ,1.00 ,1,50
10331003998,Jeddah,1.00 ,1.00 ,1,50
10331003999,Jeddah,1.00 ,1.00 ,1,50
10331004000,Jeddah,1.00 ,1.00 ,1,50
10331004001,Jeddah,1.00 ,1.00 ,1,50
10331004003,Jeddah,1.00 ,1.00 ,1,50
10331004004,Jeddah,1.00 ,1.00 ,1,50
10331004005,Jeddah,1.00 ,1.00 ,1,50
10331004006,Jeddah,1.00 ,1.00 ,1,50
10331004008,Jeddah,1.00 ,1.00 ,1,50
10331004009,Jeddah,1.00 ,1.00 ,1,50
10331004010,Jeddah,1.00 ,1.00 ,1,50
10331004011,Jeddah,1.00 ,1.00 ,1,50
10331004012,Jeddah,1.00 ,1.00 ,1,50
10331004013,Jeddah,1.00 ,1.00 ,1,50
10331004014,Jeddah,1.00 ,1.00 ,1,50
10331004015,Jeddah,1.00 ,1.00 ,1,50
10331004016,Jeddah,1.00 ,1.00 ,1,50
10331004017,Jeddah,1.00 ,1.00 ,1,50
10331004018,Jeddah,1.00 ,1.00 ,1,50
10331004019,Jeddah,1.00 ,1.00 ,1,50
10331004020,Jeddah,1.00 ,1.00 ,1,50
10331004021,Jeddah,1.00 ,1.00 ,1,50
10331004022,Jeddah,1.00 ,1.00 ,1,50
10331004023,Jeddah,1.00 ,1.00 ,1,50
10331004024,Jeddah,1.00 ,1.00 ,1,50
10331004025,Jeddah,1.00 ,1.00 ,1,50
10331004026,Jeddah,1.00 ,1.00 ,1,50
10331004027,Jeddah,1.00 ,1.00 ,1,50
10331004028,Jeddah,1.00 ,1.00 ,1,50
10331004029,Jeddah,1.00 ,1.00 ,1,50
10331004030,Jeddah,1.00 ,1.00 ,1,50
10331004031,Jeddah,1.00 ,1.00 ,1,50
10331004032,Jeddah,1.00 ,1.00 ,1,50
10331004033,Jeddah,1.00 ,1.00 ,1,50
10331004034,Jeddah,1.00 ,1.00 ,1,50
10331004035,Jeddah,1.00 ,1.00 ,1,50
10331004036,Jeddah,1.00 ,1.00 ,1,50
10331004037,Jeddah,1.00 ,1.00 ,1,50
10331004038,Jeddah,1.00 ,1.00 ,1,50
10331004039,Jeddah,1.00 ,1.00 ,1,50
10331004040,Jeddah,1.00 ,1.00 ,1,50
10331004041,Jeddah,1.00 ,1.00 ,1,50
10331004042,Jeddah,1.00 ,1.00 ,1,50
10331004043,Jeddah,1.00 ,1.00 ,1,50
10331004044,Jeddah,1.00 ,1.00 ,1,50
10331004045,Jeddah,1.00 ,1.00 ,1,50
10331004046,Jeddah,1.00 ,1.00 ,1,50
10331004047,Jeddah,1.00 ,1.00 ,1,50
10331004048,Jeddah,1.00 ,1.00 ,1,50
10331004049,Jeddah,1.00 ,1.00 ,1,50
10331004050,Jeddah,1.00 ,1.00 ,1,50
10331004051,Jeddah,1.00 ,1.00 ,1,50
10331004052,Jeddah,1.00 ,1.00 ,1,50
10331004053,Jeddah,3.00 ,3.00 ,1,50
10331004056,Jeddah,1.00 ,1.00 ,1,50
10331004057,Jeddah,1.00 ,1.00 ,1,50
10331004058,Jeddah,1.00 ,1.00 ,1,50
10331004059,Jeddah,1.00 ,1.00 ,1,50
10331004060,Jeddah,1.00 ,1.00 ,1,50
10331004061,Riyadh,6.00 ,7.00 ,1,50
10331004062,Jeddah,37.00 ,49.00 ,1,50
10331004062,Riyadh,29.00 ,35.00 ,1,50
10331004063,Jeddah,20.00 ,25.00 ,1,50
10331004063,Riyadh,26.00 ,34.00 ,1,50
10331004064,Jeddah,2.00 ,2.00 ,1,50
10331004064,Riyadh,27.00 ,34.00 ,1,50
10331004065,Jeddah,7.00 ,11.00 ,1,50
10331004066,Jeddah,7.00 ,11.00 ,1,50
10331004066,Riyadh,1.00 ,1.00 ,1,50
10331004067,Jeddah,7.00 ,11.00 ,1,50
10331004067,Riyadh,1.00 ,1.00 ,1,50
10331004068,Jeddah,7.00 ,11.00 ,1,50
10331004068,Riyadh,1.00 ,1.00 ,1,50
10331004069,Riyadh,1.00 ,1.00 ,1,50
10331004071,Jeddah,1.00 ,1.00 ,1,50
10331004072,Jeddah,1.00 ,1.00 ,1,50
10331004074,Jeddah,1.00 ,1.00 ,1,50
10331004075,Jeddah,1.00 ,1.00 ,1,50
10331004077,Jeddah,2.00 ,3.00 ,1,50
10331004077,Riyadh,56.00 ,66.00 ,1,50
10331004078,Jeddah,1.00 ,1.00 ,1,50
10331004080,Jeddah,1.00 ,1.00 ,1,50
10331004081,Jeddah,1.00 ,1.00 ,1,50
10331004082,Jeddah,1.00 ,1.00 ,1,50
10331004083,Jeddah,1.00 ,1.00 ,1,50
10331004083,Riyadh,52.00 ,62.00 ,1,50
10331004084,Jeddah,1.00 ,1.00 ,1,50
10331004085,Jeddah,1.00 ,1.00 ,1,50
10331004086,Jeddah,1.00 ,1.00 ,1,50
10331004089,Jeddah,1.00 ,1.00 ,1,50
10331004089,Riyadh,90.00 ,107.00 ,1,50
10331004091,Jeddah,1.00 ,1.00 ,1,50
10331004092,Jeddah,1.00 ,1.00 ,1,50
10331004093,Jeddah,1.00 ,1.00 ,1,50
10331004094,Jeddah,1.00 ,1.00 ,1,50
10331004095,Jeddah,1.00 ,1.00 ,1,50
10331004096,Jeddah,1.00 ,1.00 ,1,50
10331004097,Jeddah,1.00 ,1.00 ,1,50
10331004098,Jeddah,1.00 ,1.00 ,1,50
10331004099,Jeddah,1.00 ,1.00 ,1,50
10331004100,Jeddah,1.00 ,1.00 ,1,50
10331004101,Jeddah,1.00 ,1.00 ,1,50
10331004102,Jeddah,2.00 ,3.00 ,1,50
10331004103,Jeddah,2.00 ,3.00 ,1,50
10331004104,Jeddah,2.00 ,3.00 ,1,50
10331004105,Jeddah,2.00 ,2.00 ,1,50
10331004105,Riyadh,54.00 ,65.00 ,1,50
10331004106,Jeddah,2.00 ,2.00 ,1,50
10331004106,Riyadh,46.00 ,55.00 ,1,50
10331004107,Jeddah,1.00 ,1.00 ,1,50
10331004107,Riyadh,51.00 ,60.00 ,1,50
10331004108,Jeddah,1.00 ,1.00 ,1,50
10331004109,Jeddah,1.00 ,1.00 ,1,50
10331004112,Jeddah,1.00 ,1.00 ,1,50
10331004112,Riyadh,52.00 ,62.00 ,1,50
10331004116,Jeddah,1.00 ,1.00 ,1,50
10331004117,Jeddah,1.00 ,1.00 ,1,50
10331004118,Jeddah,1.00 ,1.00 ,1,50
10331004119,Jeddah,1.00 ,1.00 ,1,50
10331004120,Jeddah,1.00 ,1.00 ,1,50
10331004122,Jeddah,1.00 ,1.00 ,1,50
10331004124,Jeddah,1.00 ,1.00 ,1,50
10331004126,Jeddah,2.00 ,3.00 ,1,50
10331004126,Riyadh,41.00 ,49.00 ,1,50
10331004127,Jeddah,1.00 ,1.00 ,1,50
10331004128,Jeddah,1.00 ,1.00 ,1,50
10331004129,Jeddah,1.00 ,1.00 ,1,50
10331004134,Jeddah,1.00 ,1.00 ,1,50
10331004136,Jeddah,2.00 ,2.00 ,1,50
10331004137,Jeddah,2.00 ,2.00 ,1,50
10331004138,Jeddah,1.00 ,1.00 ,1,50
10331004139,Jeddah,1.00 ,1.00 ,1,50
10331004140,Jeddah,1.00 ,1.00 ,1,50
10331004141,Jeddah,1.00 ,1.00 ,1,50
10331004142,Jeddah,1.00 ,1.00 ,1,50
10331004143,Jeddah,1.00 ,1.00 ,1,50
10331004144,Jeddah,1.00 ,1.00 ,1,50
10331004145,Jeddah,1.00 ,1.00 ,1,50
10331004146,Jeddah,1.00 ,1.00 ,1,50
10331004147,Jeddah,1.00 ,1.00 ,1,50
10331004148,Jeddah,1.00 ,1.00 ,1,50
10331004149,Jeddah,1.00 ,1.00 ,1,50
10331004150,Jeddah,1.00 ,1.00 ,1,50
10331004151,Jeddah,1.00 ,1.00 ,1,50
10331004152,Jeddah,1.00 ,1.00 ,1,50
10331004153,Jeddah,1.00 ,1.00 ,1,50
10331004154,Jeddah,1.00 ,1.00 ,1,50
10331004155,Jeddah,1.00 ,1.00 ,1,50
10331004156,Jeddah,1.00 ,1.00 ,1,50
10331004157,Jeddah,1.00 ,1.00 ,1,50
10331004158,Jeddah,1.00 ,1.00 ,1,50
10331004159,Jeddah,1.00 ,1.00 ,1,50
10331004160,Jeddah,1.00 ,1.00 ,1,50
10331004161,Jeddah,1.00 ,1.00 ,1,50
10331004162,Jeddah,1.00 ,1.00 ,1,50
10331004163,Jeddah,1.00 ,1.00 ,1,50
10331004164,Jeddah,1.00 ,1.00 ,1,50
10331004165,Jeddah,1.00 ,1.00 ,1,50
10331004166,Jeddah,1.00 ,1.00 ,1,50
10331004167,Jeddah,1.00 ,1.00 ,1,50
10331004168,Jeddah,1.00 ,1.00 ,1,50
10331004169,Jeddah,1.00 ,1.00 ,1,50
10331004170,Jeddah,1.00 ,1.00 ,1,50
10331004171,Jeddah,1.00 ,1.00 ,1,50
10331004172,Jeddah,1.00 ,1.00 ,1,50
10331004173,Jeddah,1.00 ,1.00 ,1,50
10331004174,Jeddah,1.00 ,1.00 ,1,50
10331004175,Jeddah,1.00 ,1.00 ,1,50
10331004176,Jeddah,1.00 ,1.00 ,1,50
10331004177,Jeddah,1.00 ,1.00 ,1,50
10331004178,Jeddah,1.00 ,1.00 ,1,50
10331004179,Jeddah,1.00 ,1.00 ,1,50
10331004180,Jeddah,1.00 ,1.00 ,1,50
10331004181,Jeddah,1.00 ,1.00 ,1,50
10331004182,Jeddah,1.00 ,1.00 ,1,50
10331004183,Jeddah,1.00 ,1.00 ,1,50
10331004184,Jeddah,1.00 ,1.00 ,1,50
10331004185,Jeddah,1.00 ,1.00 ,1,50
10331004186,Jeddah,1.00 ,1.00 ,1,50
10331004187,Jeddah,1.00 ,1.00 ,1,50
10331004188,Jeddah,1.00 ,1.00 ,1,50
10331004189,Jeddah,1.00 ,1.00 ,1,50
10331004190,Jeddah,1.00 ,1.00 ,1,50
10331004191,Jeddah,1.00 ,1.00 ,1,50
10331004192,Jeddah,1.00 ,1.00 ,1,50
10331004193,Jeddah,1.00 ,1.00 ,1,50
10331004194,Jeddah,1.00 ,1.00 ,1,50
10331004195,Jeddah,1.00 ,1.00 ,1,50
10331004196,Jeddah,1.00 ,1.00 ,1,50
10331004197,Jeddah,1.00 ,1.00 ,1,50
10331004198,Jeddah,1.00 ,1.00 ,1,50
10331004199,Jeddah,1.00 ,1.00 ,1,50
10331004200,Jeddah,1.00 ,1.00 ,1,50
10331004201,Jeddah,1.00 ,1.00 ,1,50
10331004203,Jeddah,1.00 ,1.00 ,1,50
10331004204,Jeddah,1.00 ,1.00 ,1,50
10331004207,Jeddah,1.00 ,1.00 ,1,50
10331004208,Jeddah,1.00 ,1.00 ,1,50
10331004210,Jeddah,1.00 ,1.00 ,1,50
10331004213,Jeddah,1.00 ,1.00 ,1,50
10331004215,Jeddah,1.00 ,1.00 ,1,50
10331004216,Jeddah,1.00 ,1.00 ,1,50
10331004217,Jeddah,1.00 ,1.00 ,1,50
10331004218,Jeddah,1.00 ,1.00 ,1,50
10331004220,Jeddah,1.00 ,1.00 ,1,50
10331004221,Jeddah,1.00 ,1.00 ,1,50
10331004222,Jeddah,1.00 ,1.00 ,1,50
10331004223,Jeddah,1.00 ,1.00 ,1,50
10331004224,Jeddah,1.00 ,1.00 ,1,50
10331004225,Jeddah,1.00 ,1.00 ,1,50
10331004226,Jeddah,1.00 ,1.00 ,1,50
10331004227,Jeddah,1.00 ,1.00 ,1,50
10331004228,Jeddah,1.00 ,1.00 ,1,50
10331004229,Jeddah,1.00 ,1.00 ,1,50
10331004230,Jeddah,1.00 ,1.00 ,1,50
10331004231,Jeddah,1.00 ,1.00 ,1,50
10331004232,Jeddah,1.00 ,1.00 ,1,50
10331004233,Jeddah,1.00 ,1.00 ,1,50
10331004234,Jeddah,1.00 ,1.00 ,1,50
10331004235,Jeddah,1.00 ,1.00 ,1,50
10331004236,Jeddah,1.00 ,1.00 ,1,50
10331004237,Jeddah,1.00 ,1.00 ,1,50
10331004238,Jeddah,1.00 ,1.00 ,1,50
10331004239,Jeddah,1.00 ,1.00 ,1,50
10331004240,Jeddah,1.00 ,1.00 ,1,50
10331004241,Jeddah,1.00 ,1.00 ,1,50
10331004242,Jeddah,1.00 ,1.00 ,1,50
10331004243,Jeddah,1.00 ,1.00 ,1,50
10331004279,Jeddah,1.00 ,1.00 ,1,50
10331004281,Riyadh,6.00 ,8.00 ,1,50
10331004282,Riyadh,6.00 ,7.00 ,1,50
10331004283,Riyadh,6.00 ,7.00 ,1,50
10331004284,Riyadh,8.00 ,9.00 ,1,50
10331004285,Riyadh,7.00 ,8.00 ,1,50
10331004286,Riyadh,1.00 ,1.00 ,1,50
10331004287,Riyadh,2.00 ,2.00 ,1,50
10331004288,Riyadh,2.00 ,2.00 ,1,50
10331004289,Riyadh,1.00 ,1.00 ,1,50
10331004290,Riyadh,20.00 ,24.00 ,1,50
10331004291,Jeddah,1.00 ,1.00 ,1,50
10331004291,Riyadh,663.00 ,796.00 ,1,50
10331004292,Jeddah,1.00 ,1.00 ,1,50
10331004292,Riyadh,37.00 ,44.00 ,1,50
10331004293,Riyadh,7.00 ,8.00 ,1,50
10331004294,Riyadh,7.00 ,8.00 ,1,50
10331004295,Riyadh,7.00 ,8.00 ,1,50
10331004296,Riyadh,5.00 ,6.00 ,1,50
10331004297,Riyadh,5.00 ,6.00 ,1,50
10331004298,Riyadh,5.00 ,6.00 ,1,50
10331004299,Riyadh,6.00 ,8.00 ,1,50
10331004300,Riyadh,5.00 ,6.00 ,1,50
10331004301,Riyadh,5.00 ,6.00 ,1,50
10331004302,Riyadh,1.00 ,1.00 ,1,50
10331004303,Riyadh,4.00 ,5.00 ,1,50
10331004304,Riyadh,216.00 ,278.00 ,1,50
10331004305,Riyadh,138.00 ,170.00 ,1,50
10331004306,Riyadh,261.00 ,327.00 ,1,50
10331004307,Jeddah,1.00 ,1.00 ,1,50
10331004308,Riyadh,1.00 ,1.00 ,1,50
10331004309,Riyadh,2.00 ,2.00 ,1,50
10331004310,Jeddah,1.00 ,1.00 ,1,50
10331004310,Riyadh,688.00 ,824.00 ,1,50
10331004312,Jeddah,1.00 ,1.00 ,1,50
10331004313,Riyadh,223.00 ,263.00 ,1,50
10331004314,Riyadh,2.00 ,2.00 ,1,50
10331004315,Riyadh,2.00 ,2.00 ,1,50
10331004316,Riyadh,1.00 ,1.00 ,1,50
10331004317,Riyadh,1.00 ,1.00 ,1,50
10331004318,Riyadh,1.00 ,1.00 ,1,50
10331004319,Riyadh,1.00 ,1.00 ,1,50
10331004320,Riyadh,1.00 ,1.00 ,1,50
10331004321,Jeddah,1.00 ,1.00 ,1,50
10331004321,Riyadh,1.00 ,1.00 ,1,50
10331004322,Jeddah,1.00 ,1.00 ,1,50
10331004322,Riyadh,1.00 ,1.00 ,1,50
10331004323,Jeddah,1.00 ,1.00 ,1,50
10331004323,Riyadh,1.00 ,1.00 ,1,50
10331004324,Jeddah,1.00 ,1.00 ,1,50
10331004324,Riyadh,13.00 ,18.00 ,1,50
10331004325,Riyadh,7.00 ,9.00 ,1,50
10331004326,Riyadh,1.00 ,1.00 ,1,50
10331004327,Riyadh,8.00 ,10.00 ,1,50
10331004328,Riyadh,13.00 ,18.00 ,1,50
10331004329,Riyadh,351.00 ,446.00 ,1,50
10331004330,Jeddah,1.00 ,1.00 ,1,50
10331004330,Riyadh,1.00 ,1.00 ,1,50
10331004331,Riyadh,91.00 ,110.00 ,1,50
10331004333,Riyadh,1.00 ,1.00 ,1,50
10331004334,Riyadh,1.00 ,1.00 ,1,50
10331004335,Jeddah,1.00 ,1.00 ,1,50
10331004335,Riyadh,2.00 ,2.00 ,1,50
10331004336,Jeddah,1.00 ,1.00 ,1,50
10331004336,Riyadh,1.00 ,1.00 ,1,50
10331004337,Jeddah,1.00 ,1.00 ,1,50
10331004337,Riyadh,41.00 ,52.00 ,1,50
10331004338,Jeddah,1.00 ,1.00 ,1,50
10331004338,Riyadh,47.00 ,60.00 ,1,50
10331004339,Jeddah,1.00 ,1.00 ,1,50
10331004339,Riyadh,1.00 ,1.00 ,1,50
10331004340,Jeddah,1.00 ,1.00 ,1,50
10331004340,Riyadh,3.00 ,4.00 ,1,50
10331004341,Riyadh,1.00 ,2.00 ,1,50
10331004342,Jeddah,1.00 ,1.00 ,1,50
10331004342,Riyadh,112.00 ,144.00 ,1,50
10331004343,Jeddah,1.00 ,1.00 ,1,50
10331004343,Riyadh,32.00 ,44.00 ,1,50
10331004344,Riyadh,1.00 ,1.00 ,1,50
10331004345,Riyadh,1.00 ,1.00 ,1,50
10331004346,Riyadh,1.00 ,1.00 ,1,50
10331004347,Riyadh,1.00 ,1.00 ,1,50
10331004348,Riyadh,1.00 ,1.00 ,1,50
10331004351,Jeddah,1.00 ,1.00 ,1,50
10331004351,Riyadh,165.00 ,201.00 ,1,50
10331004353,Riyadh,14.00 ,19.00 ,1,50
10331004354,Riyadh,2.00 ,2.00 ,1,50
10331004355,Riyadh,1.00 ,1.00 ,1,50
10331004356,Jeddah,1.00 ,1.00 ,1,50
10331004356,Riyadh,1.00 ,2.00 ,1,50
10331004357,Jeddah,1.00 ,1.00 ,1,50
10331004357,Riyadh,2.00 ,2.00 ,1,50
10331004358,Jeddah,1.00 ,1.00 ,1,50
10331004358,Riyadh,1.00 ,2.00 ,1,50
10331004359,Riyadh,1.00 ,1.00 ,1,50
10331004360,Jeddah,1.00 ,1.00 ,1,50
10331004360,Riyadh,1.00 ,1.00 ,1,50
10331004361,Jeddah,1.00 ,1.00 ,1,50
10331004361,Riyadh,3.00 ,4.00 ,1,50
10331004362,Jeddah,1.00 ,1.00 ,1,50
10331004362,Riyadh,1.00 ,1.00 ,1,50
10331004364,Jeddah,1.00 ,1.00 ,1,50
10331004364,Riyadh,2.00 ,2.00 ,1,50
10331004365,Riyadh,1.00 ,2.00 ,1,50
10331004366,Riyadh,1.00 ,1.00 ,1,50
10331004367,Riyadh,1.00 ,1.00 ,1,50
10331004368,Jeddah,20.00 ,28.00 ,1,50
10331004368,Riyadh,15.00 ,18.00 ,1,50
10331004369,Jeddah,260.00 ,330.00 ,1,50
10331004369,Riyadh,25.00 ,31.00 ,1,50
10331004370,Jeddah,175.00 ,224.00 ,1,50
10331004371,Jeddah,453.00 ,634.00 ,1,50
10331004371,Riyadh,21.00 ,26.00 ,1,50
10331004372,Jeddah,88.00 ,115.00 ,1,50
10331004372,Riyadh,41.00 ,50.00 ,1,50
10331004384,Riyadh,"3,483.00 ","4,414.00 ",1,50
10331004393,Jeddah,1.00 ,1.00 ,1,50
10331004394,Jeddah,1.00 ,1.00 ,1,50
10331004394,Riyadh,82.00 ,113.00 ,1,50
10331004395,Jeddah,1.00 ,1.00 ,1,50
10331004396,Jeddah,1.00 ,2.00 ,1,50
10331004396,Riyadh,110.00 ,130.00 ,1,50
10331004398,Jeddah,1.00 ,1.00 ,1,50
10331004399,Jeddah,1.00 ,1.00 ,1,50
10331004399,Riyadh,100.00 ,137.00 ,1,50
10331004400,Jeddah,1.00 ,1.00 ,1,50
10331004400,Riyadh,106.00 ,144.00 ,1,50
10331004431,Riyadh,47.00 ,57.00 ,1,50
10331004432,Riyadh,26.00 ,31.00 ,1,50
10331004433,Jeddah,1.00 ,1.00 ,1,50
10331004433,Riyadh,2.00 ,2.00 ,1,50
10331004434,Riyadh,3.00 ,3.00 ,1,50
10331004435,Riyadh,52.00 ,62.00 ,1,50
10331004440,Riyadh,28.00 ,34.00 ,1,50
10331004446,Riyadh,98.00 ,116.00 ,1,50
10331004452,Riyadh,96.00 ,115.00 ,1,50
10331004455,Riyadh,22.00 ,27.00 ,1,50
10331004456,Jeddah,17.00 ,21.00 ,1,50
10331004456,Riyadh,98.00 ,131.00 ,1,50
10331004457,Jeddah,19.00 ,25.00 ,1,50
10331004457,Riyadh,47.00 ,57.00 ,1,50
10331004458,Jeddah,7.00 ,8.00 ,1,50
10331004458,Riyadh,137.00 ,164.00 ,1,50
10331004459,Jeddah,12.00 ,16.00 ,1,50
10331004459,Riyadh,487.00 ,607.00 ,1,50
10331004460,Jeddah,46.00 ,57.00 ,1,50
10331004460,Riyadh,25.00 ,30.00 ,1,50
10331004461,Jeddah,1.00 ,1.00 ,1,50
10331004461,Riyadh,17.00 ,21.00 ,1,50
10331004462,Jeddah,1.00 ,1.00 ,1,50
10331004463,Jeddah,1.00 ,1.00 ,1,50
10331004464,Jeddah,1.00 ,1.00 ,1,50
10331004465,Jeddah,1.00 ,1.00 ,1,50
10331004466,Jeddah,1.00 ,1.00 ,1,50
10331004467,Jeddah,1.00 ,1.00 ,1,50
10331004468,Jeddah,1.00 ,1.00 ,1,50
10331004469,Jeddah,1.00 ,1.00 ,1,50
10331004470,Jeddah,1.00 ,1.00 ,1,50
10331004471,Jeddah,1.00 ,1.00 ,1,50
10331004472,Jeddah,1.00 ,2.00 ,1,50
10331004473,Jeddah,1.00 ,2.00 ,1,50
10331004474,Jeddah,1.00 ,2.00 ,1,50
10331004475,Jeddah,1.00 ,2.00 ,1,50
10331004476,Jeddah,1.00 ,2.00 ,1,50
10331004477,Jeddah,1.00 ,2.00 ,1,50
10331004478,Jeddah,1.00 ,2.00 ,1,50
10331004479,Jeddah,1.00 ,2.00 ,1,50
10331004480,Jeddah,1.00 ,1.00 ,1,50
10331004481,Jeddah,1.00 ,1.00 ,1,50
10331004482,Jeddah,1.00 ,2.00 ,1,50
10331004483,Jeddah,1.00 ,2.00 ,1,50
10331004484,Jeddah,1.00 ,1.00 ,1,50
10331004485,Jeddah,1.00 ,2.00 ,1,50
10331004486,Jeddah,1.00 ,1.00 ,1,50
10331004487,Jeddah,1.00 ,1.00 ,1,50
10331004488,Jeddah,1.00 ,1.00 ,1,50
10331004489,Jeddah,1.00 ,1.00 ,1,50
10331004490,Jeddah,1.00 ,1.00 ,1,50
10331004491,Jeddah,1.00 ,1.00 ,1,50
10331004492,Jeddah,1.00 ,1.00 ,1,50
10331004493,Jeddah,1.00 ,1.00 ,1,50
10331004495,Jeddah,1.00 ,1.00 ,1,50
10331004496,Jeddah,1.00 ,1.00 ,1,50
10331004497,Jeddah,1.00 ,1.00 ,1,50
10331004498,Jeddah,1.00 ,1.00 ,1,50
10331004499,Jeddah,1.00 ,1.00 ,1,50
10331004500,Jeddah,1.00 ,1.00 ,1,50
10331004501,Jeddah,1.00 ,1.00 ,1,50
10331004502,Jeddah,1.00 ,1.00 ,1,50
10331004503,Jeddah,1.00 ,1.00 ,1,50
10331004504,Jeddah,1.00 ,1.00 ,1,50
10331004505,Jeddah,1.00 ,1.00 ,1,50
10331004506,Jeddah,1.00 ,1.00 ,1,50
10331004507,Jeddah,1.00 ,1.00 ,1,50
10331004508,Jeddah,1.00 ,1.00 ,1,50
10331004509,Jeddah,1.00 ,1.00 ,1,50
10331004510,Jeddah,1.00 ,1.00 ,1,50
10331004511,Jeddah,1.00 ,1.00 ,1,50
10331004512,Jeddah,1.00 ,1.00 ,1,50
10331004513,Jeddah,1.00 ,1.00 ,1,50
10331004514,Jeddah,1.00 ,1.00 ,1,50
10331004515,Jeddah,1.00 ,1.00 ,1,50
10331004516,Jeddah,1.00 ,1.00 ,1,50
10331004517,Jeddah,1.00 ,1.00 ,1,50
10331004518,Jeddah,1.00 ,1.00 ,1,50
10331004519,Jeddah,1.00 ,1.00 ,1,50
10331004520,Jeddah,1.00 ,1.00 ,1,50
10331004521,Jeddah,1.00 ,1.00 ,1,50
10331004522,Jeddah,1.00 ,1.00 ,1,50
10331004523,Jeddah,1.00 ,1.00 ,1,50
10331004525,Jeddah,1.00 ,1.00 ,1,50
10331004526,Jeddah,1.00 ,1.00 ,1,50
10331004527,Jeddah,1.00 ,1.00 ,1,50
10331004528,Jeddah,1.00 ,1.00 ,1,50
10331004529,Jeddah,1.00 ,1.00 ,1,50
10331004530,Jeddah,1.00 ,1.00 ,1,50
10331004531,Jeddah,1.00 ,1.00 ,1,50
10331004532,Jeddah,1.00 ,1.00 ,1,50
10331004533,Jeddah,1.00 ,1.00 ,1,50
10331004534,Jeddah,1.00 ,1.00 ,1,50
10331004535,Jeddah,1.00 ,1.00 ,1,50
10331004536,Jeddah,1.00 ,1.00 ,1,50
10331004537,Jeddah,1.00 ,1.00 ,1,50
10331004538,Jeddah,1.00 ,1.00 ,1,50
10331004539,Jeddah,1.00 ,1.00 ,1,50
10331004540,Jeddah,1.00 ,1.00 ,1,50
10331004541,Jeddah,1.00 ,1.00 ,1,50
10331004542,Jeddah,1.00 ,1.00 ,1,50
10331004543,Jeddah,1.00 ,1.00 ,1,50
10331004544,Jeddah,1.00 ,1.00 ,1,50
10331004545,Jeddah,1.00 ,1.00 ,1,50
10331004546,Jeddah,1.00 ,1.00 ,1,50
10331004547,Jeddah,1.00 ,1.00 ,1,50
10331004548,Jeddah,2.00 ,2.00 ,1,50
10331004549,Jeddah,1.00 ,1.00 ,1,50
10331004550,Jeddah,1.00 ,1.00 ,1,50
10331004551,Jeddah,1.00 ,1.00 ,1,50
10331004552,Jeddah,1.00 ,1.00 ,1,50
10331004553,Jeddah,1.00 ,1.00 ,1,50
10331004554,Jeddah,1.00 ,1.00 ,1,50
10331004555,Jeddah,1.00 ,1.00 ,1,50
10331004556,Jeddah,1.00 ,1.00 ,1,50
10331004557,Jeddah,1.00 ,1.00 ,1,50
10331004558,Jeddah,1.00 ,1.00 ,1,50
10331004559,Jeddah,1.00 ,1.00 ,1,50
10331004560,Jeddah,1.00 ,1.00 ,1,50
10331004561,Jeddah,1.00 ,1.00 ,1,50
10331004562,Jeddah,1.00 ,1.00 ,1,50
10331004563,Jeddah,1.00 ,1.00 ,1,50
10331004564,Jeddah,1.00 ,1.00 ,1,50
10331004565,Jeddah,1.00 ,1.00 ,1,50
10331004566,Jeddah,1.00 ,1.00 ,1,50
10331004567,Jeddah,1.00 ,1.00 ,1,50
10331004568,Jeddah,1.00 ,1.00 ,1,50
10331004570,Jeddah,1.00 ,1.00 ,1,50
10331004571,Jeddah,1.00 ,1.00 ,1,50
10331004572,Jeddah,1.00 ,1.00 ,1,50
10331004573,Jeddah,1.00 ,1.00 ,1,50
10331004574,Jeddah,1.00 ,1.00 ,1,50
10331004575,Jeddah,1.00 ,1.00 ,1,50
10331004576,Jeddah,1.00 ,1.00 ,1,50
10331004577,Jeddah,1.00 ,1.00 ,1,50
10331004578,Jeddah,1.00 ,1.00 ,1,50
10331004579,Jeddah,1.00 ,1.00 ,1,50
10331004580,Jeddah,1.00 ,1.00 ,1,50
10331004581,Jeddah,1.00 ,1.00 ,1,50
10331004582,Jeddah,1.00 ,1.00 ,1,50
10331004583,Jeddah,1.00 ,1.00 ,1,50
10331004584,Jeddah,1.00 ,1.00 ,1,50
10331004585,Jeddah,1.00 ,1.00 ,1,50
10331004586,Jeddah,1.00 ,1.00 ,1,50
10331004587,Jeddah,1.00 ,1.00 ,1,50
10331004588,Jeddah,1.00 ,1.00 ,1,50
10331004591,Jeddah,1.00 ,1.00 ,1,50
10331004596,Jeddah,1.00 ,1.00 ,1,50
10331004597,Jeddah,1.00 ,1.00 ,1,50
10331004598,Jeddah,1.00 ,1.00 ,1,50
10331004599,Jeddah,1.00 ,1.00 ,1,50
10331004600,Jeddah,1.00 ,1.00 ,1,50
10331004601,Jeddah,1.00 ,1.00 ,1,50
10331004602,Jeddah,1.00 ,1.00 ,1,50
10331004603,Jeddah,1.00 ,1.00 ,1,50
10331004604,Jeddah,1.00 ,1.00 ,1,50
10331004605,Jeddah,1.00 ,1.00 ,1,50
10331004606,Jeddah,1.00 ,1.00 ,1,50
10331004607,Jeddah,1.00 ,1.00 ,1,50
10331004608,Jeddah,1.00 ,1.00 ,1,50
10331004609,Jeddah,1.00 ,1.00 ,1,50
10331004611,Jeddah,1.00 ,1.00 ,1,50
10331004612,Jeddah,1.00 ,1.00 ,1,50
10331004613,Jeddah,1.00 ,1.00 ,1,50
10331004614,Jeddah,1.00 ,1.00 ,1,50
10331004616,Jeddah,1.00 ,1.00 ,1,50
10331004618,Jeddah,1.00 ,1.00 ,1,50
10331004619,Jeddah,1.00 ,1.00 ,1,50
10331004620,Jeddah,1.00 ,1.00 ,1,50
10331004621,Jeddah,1.00 ,1.00 ,1,50
10331004622,Jeddah,1.00 ,1.00 ,1,50
10331004623,Jeddah,1.00 ,1.00 ,1,50
10331004624,Jeddah,1.00 ,1.00 ,1,50
10331004625,Jeddah,1.00 ,1.00 ,1,50
10331004626,Jeddah,1.00 ,1.00 ,1,50
10331004627,Jeddah,1.00 ,1.00 ,1,50
10331004629,Jeddah,1.00 ,1.00 ,1,50
10331004630,Jeddah,1.00 ,1.00 ,1,50
10331004631,Jeddah,1.00 ,1.00 ,1,50
10331004633,Jeddah,1.00 ,1.00 ,1,50
10331004634,Jeddah,1.00 ,1.00 ,1,50
10331004635,Jeddah,1.00 ,1.00 ,1,50
10331004636,Jeddah,1.00 ,1.00 ,1,50
10331004637,Jeddah,1.00 ,1.00 ,1,50
10331004638,Jeddah,1.00 ,1.00 ,1,50
10331004639,Jeddah,1.00 ,1.00 ,1,50
10331004640,Jeddah,1.00 ,1.00 ,1,50
10331004641,Jeddah,1.00 ,1.00 ,1,50
10331004642,Jeddah,1.00 ,1.00 ,1,50
10331004643,Jeddah,1.00 ,1.00 ,1,50
10331004644,Jeddah,1.00 ,1.00 ,1,50
10331004645,Jeddah,1.00 ,1.00 ,1,50
10331004646,Jeddah,1.00 ,1.00 ,1,50
10331004647,Jeddah,1.00 ,1.00 ,1,50
10331004648,Jeddah,1.00 ,1.00 ,1,50
10331004649,Jeddah,1.00 ,1.00 ,1,50
10331004650,Jeddah,1.00 ,1.00 ,1,50
10331004651,Jeddah,1.00 ,1.00 ,1,50
10331004652,Jeddah,1.00 ,1.00 ,1,50
10331004653,Jeddah,1.00 ,1.00 ,1,50
10331004654,Jeddah,1.00 ,1.00 ,1,50
10331004655,Jeddah,1.00 ,1.00 ,1,50
10331004656,Jeddah,1.00 ,1.00 ,1,50
10331004657,Jeddah,1.00 ,1.00 ,1,50
10331004658,Jeddah,1.00 ,1.00 ,1,50
10331004659,Jeddah,1.00 ,1.00 ,1,50
10331004660,Jeddah,1.00 ,1.00 ,1,50
10331004661,Jeddah,1.00 ,1.00 ,1,50
10331004662,Jeddah,1.00 ,1.00 ,1,50
10331004663,Jeddah,1.00 ,1.00 ,1,50
10331004664,Jeddah,1.00 ,1.00 ,1,50
10331004665,Jeddah,1.00 ,1.00 ,1,50
10331004666,Jeddah,1.00 ,1.00 ,1,50
10331004667,Jeddah,1.00 ,1.00 ,1,50
10331004668,Jeddah,1.00 ,1.00 ,1,50
10331004669,Jeddah,1.00 ,1.00 ,1,50
10331004670,Jeddah,1.00 ,1.00 ,1,50
10331004671,Jeddah,1.00 ,1.00 ,1,50
10331004672,Jeddah,1.00 ,1.00 ,1,50
10331004673,Jeddah,1.00 ,1.00 ,1,50
10331004674,Jeddah,1.00 ,1.00 ,1,50
10331004675,Jeddah,1.00 ,1.00 ,1,50
10331004676,Jeddah,1.00 ,1.00 ,1,50
10331004677,Jeddah,1.00 ,1.00 ,1,50
10331004678,Jeddah,1.00 ,1.00 ,1,50
10331004679,Jeddah,1.00 ,1.00 ,1,50
10331004680,Jeddah,1.00 ,1.00 ,1,50
10331004681,Jeddah,1.00 ,1.00 ,1,50
10331004682,Jeddah,1.00 ,1.00 ,1,50
10331004683,Jeddah,1.00 ,1.00 ,1,50
10331004684,Jeddah,1.00 ,1.00 ,1,50
10331004685,Jeddah,1.00 ,1.00 ,1,50
10331004686,Jeddah,1.00 ,1.00 ,1,50
10331004687,Jeddah,1.00 ,1.00 ,1,50
10331004688,Jeddah,1.00 ,1.00 ,1,50
10331004689,Jeddah,1.00 ,1.00 ,1,50
10331004690,Jeddah,1.00 ,1.00 ,1,50
10331004692,Jeddah,1.00 ,1.00 ,1,50
10331004693,Jeddah,1.00 ,1.00 ,1,50
10331004694,Jeddah,1.00 ,1.00 ,1,50
10331004695,Jeddah,1.00 ,1.00 ,1,50
10331004696,Jeddah,1.00 ,1.00 ,1,50
10331004697,Jeddah,1.00 ,1.00 ,1,50
10331004698,Jeddah,1.00 ,1.00 ,1,50
10331004699,Jeddah,1.00 ,1.00 ,1,50
10331004700,Jeddah,1.00 ,1.00 ,1,50
10331004701,Jeddah,1.00 ,1.00 ,1,50
10331004702,Jeddah,1.00 ,1.00 ,1,50
10331004703,Jeddah,1.00 ,1.00 ,1,50
10331004704,Jeddah,1.00 ,1.00 ,1,50
10331004706,Jeddah,1.00 ,1.00 ,1,50
10331004707,Jeddah,1.00 ,1.00 ,1,50
10331004709,Jeddah,1.00 ,1.00 ,1,50
10331004710,Jeddah,1.00 ,1.00 ,1,50
10331004711,Jeddah,1.00 ,1.00 ,1,50
10331004712,Jeddah,1.00 ,1.00 ,1,50
10331004719,Jeddah,1.00 ,1.00 ,1,50
10331004722,Jeddah,1.00 ,1.00 ,1,50
10331004723,Jeddah,1.00 ,1.00 ,1,50
10331004724,Jeddah,1.00 ,1.00 ,1,50
10331004727,Jeddah,1.00 ,1.00 ,1,50
10331004729,Jeddah,1.00 ,1.00 ,1,50
10331004730,Jeddah,1.00 ,1.00 ,1,50
10331004731,Jeddah,1.00 ,1.00 ,1,50
10331004732,Jeddah,2.00 ,2.00 ,1,50
10331004733,Jeddah,1.00 ,1.00 ,1,50
10331004735,Jeddah,1.00 ,1.00 ,1,50
10331004753,Jeddah,1.00 ,1.00 ,1,50
10331004754,Jeddah,1.00 ,1.00 ,1,50
10331004755,Jeddah,1.00 ,1.00 ,1,50
10331004756,Jeddah,1.00 ,1.00 ,1,50
10331004757,Jeddah,1.00 ,1.00 ,1,50
10331004758,Jeddah,1.00 ,1.00 ,1,50
10331004759,Jeddah,1.00 ,1.00 ,1,50
10331004761,Jeddah,1.00 ,1.00 ,1,50
10331004763,Jeddah,1.00 ,1.00 ,1,50
10331004771,Jeddah,1.00 ,1.00 ,1,50
10331004773,Jeddah,1.00 ,1.00 ,1,50
10331004776,Jeddah,1.00 ,1.00 ,1,50
10331004778,Jeddah,1.00 ,1.00 ,1,50
10331004785,Jeddah,1.00 ,1.00 ,1,50
10331004791,Jeddah,1.00 ,1.00 ,1,50
10331004792,Jeddah,1.00 ,1.00 ,1,50
10331004793,Jeddah,1.00 ,1.00 ,1,50
10331004794,Jeddah,1.00 ,1.00 ,1,50
10331004795,Jeddah,1.00 ,1.00 ,1,50
10331004796,Jeddah,1.00 ,1.00 ,1,50
10331004797,Jeddah,1.00 ,1.00 ,1,50
10331004798,Jeddah,1.00 ,1.00 ,1,50
10331004806,Jeddah,1.00 ,1.00 ,1,50
10331004807,Jeddah,1.00 ,1.00 ,1,50
10331004820,Jeddah,1.00 ,1.00 ,1,50
10331004821,Jeddah,1.00 ,1.00 ,1,50
10331004826,Jeddah,1.00 ,1.00 ,1,50
10331004827,Jeddah,1.00 ,1.00 ,1,50
10331004828,Jeddah,1.00 ,1.00 ,1,50
10331004829,Jeddah,1.00 ,1.00 ,1,50
10331004831,Jeddah,1.00 ,1.00 ,1,50
10331004833,Jeddah,1.00 ,1.00 ,1,50
10331004834,Jeddah,1.00 ,1.00 ,1,50
10331004836,Jeddah,1.00 ,1.00 ,1,50
10331004837,Jeddah,1.00 ,1.00 ,1,50
10331004838,Jeddah,1.00 ,1.00 ,1,50
10331004839,Jeddah,1.00 ,1.00 ,1,50
10331004840,Jeddah,1.00 ,1.00 ,1,50
10331004841,Jeddah,1.00 ,1.00 ,1,50
10331004842,Jeddah,1.00 ,1.00 ,1,50
10331004843,Jeddah,1.00 ,1.00 ,1,50
10331004844,Jeddah,1.00 ,1.00 ,1,50
10331004846,Jeddah,1.00 ,1.00 ,1,50
10331004847,Jeddah,1.00 ,1.00 ,1,50
10331004849,Jeddah,1.00 ,1.00 ,1,50
10331004851,Jeddah,1.00 ,1.00 ,1,50
10331004852,Jeddah,1.00 ,1.00 ,1,50
10331004853,Jeddah,1.00 ,1.00 ,1,50
10331004854,Jeddah,1.00 ,1.00 ,1,50
10331004856,Jeddah,1.00 ,1.00 ,1,50
10331004857,Jeddah,1.00 ,1.00 ,1,50
10331004858,Jeddah,1.00 ,1.00 ,1,50
10331004861,Jeddah,1.00 ,1.00 ,1,50
10331004862,Jeddah,1.00 ,1.00 ,1,50
10331004863,Jeddah,1.00 ,1.00 ,1,50
10331004864,Jeddah,1.00 ,1.00 ,1,50
10331004865,Jeddah,1.00 ,1.00 ,1,50
10331004866,Jeddah,1.00 ,1.00 ,1,50
10331004867,Jeddah,1.00 ,1.00 ,1,50
10331004868,Jeddah,1.00 ,1.00 ,1,50
10331004869,Jeddah,1.00 ,1.00 ,1,50
10331004871,Jeddah,1.00 ,1.00 ,1,50
10331004872,Jeddah,1.00 ,1.00 ,1,50
10331004873,Jeddah,1.00 ,1.00 ,1,50
10331004874,Jeddah,1.00 ,1.00 ,1,50
10331004875,Jeddah,1.00 ,1.00 ,1,50
10331004876,Jeddah,1.00 ,1.00 ,1,50
10331004877,Jeddah,1.00 ,1.00 ,1,50
10331004879,Jeddah,1.00 ,1.00 ,1,50
10331004881,Jeddah,1.00 ,1.00 ,1,50
10331004882,Jeddah,1.00 ,1.00 ,1,50
10331004885,Jeddah,1.00 ,1.00 ,1,50
10331004889,Jeddah,1.00 ,1.00 ,1,50
10331004890,Riyadh,1.00 ,1.00 ,1,50
10331004893,Riyadh,1.00 ,1.00 ,1,50
10331004895,Riyadh,1.00 ,1.00 ,1,50
10331004897,Riyadh,1.00 ,2.00 ,1,50
10331004899,Riyadh,1.00 ,1.00 ,1,50
10331004900,Riyadh,1.00 ,1.00 ,1,50
10331004901,Riyadh,1.00 ,1.00 ,1,50
10331004904,Riyadh,1.00 ,2.00 ,1,50
10331004907,Riyadh,1.00 ,2.00 ,1,50
10331004910,Riyadh,1.00 ,1.00 ,1,50
10331004911,Jeddah,1.00 ,1.00 ,1,50
10331004912,Riyadh,1.00 ,1.00 ,1,50
10331004913,Riyadh,1.00 ,1.00 ,1,50
10331004914,Riyadh,1.00 ,1.00 ,1,50
10331004917,Riyadh,1.00 ,1.00 ,1,50
10331004919,Riyadh,1.00 ,2.00 ,1,50
10331004920,Jeddah,1.00 ,1.00 ,1,50
10331004921,Riyadh,1.00 ,1.00 ,1,50
10331004922,Jeddah,1.00 ,1.00 ,1,50
10331004924,Riyadh,1.00 ,2.00 ,1,50
10331004925,Jeddah,1.00 ,1.00 ,1,50
10331004925,Riyadh,1.00 ,1.00 ,1,50
10331004926,Riyadh,1.00 ,1.00 ,1,50
10331004927,Riyadh,1.00 ,1.00 ,1,50
10331004928,Riyadh,1.00 ,1.00 ,1,50
10331004929,Riyadh,1.00 ,1.00 ,1,50
10331004930,Riyadh,1.00 ,1.00 ,1,50
10331004931,Riyadh,1.00 ,1.00 ,1,50
10331004933,Riyadh,3.00 ,3.00 ,1,50
10331004934,Riyadh,1.00 ,2.00 ,1,50
10331004935,Jeddah,1.00 ,1.00 ,1,50
10331004935,Riyadh,1.00 ,1.00 ,1,50
10331004937,Riyadh,1.00 ,1.00 ,1,50
10331004941,Jeddah,1.00 ,1.00 ,1,50
10331004941,Riyadh,1.00 ,1.00 ,1,50
10331004943,Jeddah,1.00 ,1.00 ,1,50
10331004944,Riyadh,1.00 ,2.00 ,1,50
10331004945,Riyadh,1.00 ,1.00 ,1,50
10331004946,Riyadh,1.00 ,2.00 ,1,50
10331004948,Riyadh,1.00 ,1.00 ,1,50
10331004949,Riyadh,1.00 ,1.00 ,1,50
10331004952,Riyadh,1.00 ,1.00 ,1,50
10331004955,Riyadh,1.00 ,1.00 ,1,50
10331004957,Riyadh,1.00 ,2.00 ,1,50
10331004958,Riyadh,1.00 ,2.00 ,1,50
10331004959,Riyadh,1.00 ,1.00 ,1,50
10331004961,Riyadh,1.00 ,2.00 ,1,50
10331004964,Riyadh,1.00 ,2.00 ,1,50
10331004965,Riyadh,1.00 ,1.00 ,1,50
10331004966,Jeddah,1.00 ,1.00 ,1,50
10331004967,Jeddah,1.00 ,1.00 ,1,50
10331004969,Jeddah,1.00 ,1.00 ,1,50
10331004970,Jeddah,1.00 ,2.00 ,1,50
10331004971,Jeddah,1.00 ,1.00 ,1,50
10331004973,Jeddah,1.00 ,1.00 ,1,50
10331004975,Jeddah,1.00 ,1.00 ,1,50
10331004976,Jeddah,1.00 ,1.00 ,1,50
10331004978,Jeddah,1.00 ,1.00 ,1,50
10331004979,Jeddah,1.00 ,1.00 ,1,50
10331004980,Jeddah,1.00 ,1.00 ,1,50
10331004984,Jeddah,1.00 ,1.00 ,1,50
10331004988,Jeddah,1.00 ,1.00 ,1,50
10331004989,Jeddah,1.00 ,1.00 ,1,50
10331004990,Jeddah,1.00 ,1.00 ,1,50
10331004994,Jeddah,1.00 ,1.00 ,1,50
10331004998,Jeddah,1.00 ,1.00 ,1,50
10331004999,Jeddah,1.00 ,1.00 ,1,50
10331005004,Jeddah,1.00 ,1.00 ,1,50
10331005005,Jeddah,1.00 ,1.00 ,1,50
10331005008,Jeddah,1.00 ,1.00 ,1,50
10331005009,Jeddah,1.00 ,1.00 ,1,50
10331005010,Jeddah,1.00 ,1.00 ,1,50
10331005011,Jeddah,1.00 ,1.00 ,1,50
10331005012,Jeddah,1.00 ,1.00 ,1,50
10331005013,Jeddah,1.00 ,1.00 ,1,50
10331005015,Jeddah,1.00 ,1.00 ,1,50
10331005016,Jeddah,1.00 ,1.00 ,1,50
10331005017,Jeddah,1.00 ,1.00 ,1,50
10331005019,Jeddah,1.00 ,1.00 ,1,50
10331005020,Jeddah,1.00 ,1.00 ,1,50
10331005021,Jeddah,1.00 ,1.00 ,1,50
10331005212,Jeddah,1.00 ,2.00 ,1,50
10331005213,Jeddah,3.00 ,3.00 ,1,50
10331005215,Jeddah,3.00 ,3.00 ,1,50
10331005216,Jeddah,3.00 ,3.00 ,1,50
10331005219,Jeddah,2.00 ,3.00 ,1,50
10331005221,Jeddah,3.00 ,3.00 ,1,50
10331005223,Jeddah,3.00 ,3.00 ,1,50
10331005224,Jeddah,3.00 ,3.00 ,1,50
10331005225,Jeddah,3.00 ,3.00 ,1,50
10331005226,Jeddah,3.00 ,3.00 ,1,50
10331005227,Jeddah,3.00 ,3.00 ,1,50
10331005231,Jeddah,3.00 ,3.00 ,1,50
10331005232,Jeddah,3.00 ,3.00 ,1,50
10331005233,Jeddah,3.00 ,3.00 ,1,50
10331005234,Jeddah,2.00 ,3.00 ,1,50
10331005235,Jeddah,3.00 ,3.00 ,1,50
10331005244,Jeddah,3.00 ,3.00 ,1,50
10331005250,Jeddah,3.00 ,3.00 ,1,50
10331005251,Jeddah,3.00 ,3.00 ,1,50
10331005252,Jeddah,3.00 ,3.00 ,1,50
10331005254,Jeddah,3.00 ,3.00 ,1,50
10331005256,Jeddah,3.00 ,3.00 ,1,50
10331005263,Jeddah,3.00 ,3.00 ,1,50
10331005265,Jeddah,3.00 ,3.00 ,1,50
10331005267,Jeddah,2.00 ,3.00 ,1,50
10331005277,Jeddah,2.00 ,3.00 ,1,50
10331005284,Jeddah,1.00 ,1.00 ,1,50
10331005285,Jeddah,2.00 ,3.00 ,1,50
10331005296,Jeddah,2.00 ,3.00 ,1,50
10331005319,Jeddah,2.00 ,3.00 ,1,50
10331005320,Jeddah,2.00 ,3.00 ,1,50
10331005330,Jeddah,37.00 ,48.00 ,1,50
10331005330,Riyadh,11.00 ,14.00 ,1,50
10331005331,Jeddah,59.00 ,74.00 ,1,50
10331005331,Riyadh,11.00 ,14.00 ,1,50
10331005332,Jeddah,37.00 ,48.00 ,1,50
10331005332,Riyadh,12.00 ,15.00 ,1,50
10331005333,Riyadh,10.00 ,12.00 ,1,50
10331005334,Riyadh,11.00 ,13.00 ,1,50
10331005335,Jeddah,33.00 ,43.00 ,1,50
10331005335,Riyadh,28.00 ,34.00 ,1,50
10331005336,Jeddah,5.00 ,6.00 ,1,50
10331005337,Jeddah,5.00 ,6.00 ,1,50
10331005338,Jeddah,107.00 ,133.00 ,1,50
10331005340,Jeddah,6.00 ,8.00 ,1,50
10331005341,Jeddah,6.00 ,8.00 ,1,50
10331005342,Jeddah,5.00 ,7.00 ,1,50
10331005344,Jeddah,4.00 ,5.00 ,1,50
10331005347,Jeddah,60.00 ,60.00 ,1,50
10331005349,Jeddah,2.00 ,3.00 ,1,50
10331005351,Jeddah,2.00 ,3.00 ,1,50
10331005351,Riyadh,14.00 ,17.00 ,1,50
10331005352,Jeddah,7.00 ,9.00 ,1,50
10331005352,Riyadh,23.00 ,29.00 ,1,50
10331005355,Riyadh,8.00 ,9.00 ,1,50
10331005356,Riyadh,6.00 ,7.00 ,1,50
10331005357,Jeddah,2.00 ,3.00 ,1,50
10331005357,Riyadh,2.00 ,2.00 ,1,50
10331005358,Jeddah,2.00 ,3.00 ,1,50
10331005358,Riyadh,2.00 ,2.00 ,1,50
10331005359,Jeddah,2.00 ,3.00 ,1,50
10331005359,Riyadh,2.00 ,2.00 ,1,50
10331005360,Jeddah,2.00 ,3.00 ,1,50
10331005360,Riyadh,1.00 ,2.00 ,1,50
10331005361,Jeddah,2.00 ,3.00 ,1,50
10331005361,Riyadh,23.00 ,29.00 ,1,50
10331005362,Jeddah,2.00 ,3.00 ,1,50
10331005362,Riyadh,27.00 ,33.00 ,1,50
10331005363,Jeddah,2.00 ,3.00 ,1,50
10331005363,Riyadh,2.00 ,2.00 ,1,50
10331005364,Jeddah,2.00 ,3.00 ,1,50
10331005364,Riyadh,2.00 ,3.00 ,1,50
10331005365,Jeddah,3.00 ,3.00 ,1,50
10331005365,Riyadh,23.00 ,29.00 ,1,50
10331005366,Jeddah,3.00 ,3.00 ,1,50
10331005366,Riyadh,23.00 ,29.00 ,1,50
10331005367,Jeddah,3.00 ,3.00 ,1,50
10331005367,Riyadh,23.00 ,29.00 ,1,50
10331005368,Riyadh,2.00 ,2.00 ,1,50
10331005369,Riyadh,1.00 ,2.00 ,1,50
10331005370,Riyadh,13.00 ,15.00 ,1,50
10331005372,Riyadh,2.00 ,2.00 ,1,50
10331005373,Riyadh,3.00 ,4.00 ,1,50
10331005374,Riyadh,11.00 ,14.00 ,1,50
10331005375,Riyadh,2.00 ,3.00 ,1,50
10331005376,Jeddah,3.00 ,4.00 ,1,50
10331005377,Jeddah,2.00 ,3.00 ,1,50
10331005377,Riyadh,24.00 ,30.00 ,1,50
10331005379,Jeddah,2.00 ,3.00 ,1,50
10331005379,Riyadh,3.00 ,3.00 ,1,50
10331005381,Jeddah,2.00 ,3.00 ,1,50
10331005381,Riyadh,3.00 ,4.00 ,1,50
10331005382,Jeddah,3.00 ,4.00 ,1,50
10331005382,Riyadh,24.00 ,29.00 ,1,50
10331005383,Jeddah,2.00 ,3.00 ,1,50
10331005383,Riyadh,3.00 ,4.00 ,1,50
10331005384,Jeddah,2.00 ,3.00 ,1,50
10331005384,Riyadh,4.00 ,5.00 ,1,50
10331005385,Jeddah,2.00 ,3.00 ,1,50
10331005385,Riyadh,24.00 ,29.00 ,1,50
10331005386,Jeddah,2.00 ,3.00 ,1,50
10331005386,Riyadh,24.00 ,29.00 ,1,50
10331005387,Jeddah,2.00 ,3.00 ,1,50
10331005388,Jeddah,44.00 ,58.00 ,1,50
10331005389,Jeddah,30.00 ,41.00 ,1,50
10331005391,Jeddah,22.00 ,29.00 ,1,50
10331005392,Jeddah,58.00 ,88.00 ,1,50
10331005393,Jeddah,2.00 ,3.00 ,1,50
10331005394,Jeddah,9.00 ,12.00 ,1,50
10331005395,Riyadh,7.00 ,8.00 ,1,50
10331005397,Riyadh,4.00 ,5.00 ,1,50
10331005398,Jeddah,2.00 ,2.00 ,1,50
10331005398,Riyadh,24.00 ,30.00 ,1,50
10331005399,Jeddah,8.00 ,10.00 ,1,50
10331005399,Riyadh,27.00 ,33.00 ,1,50
10331005400,Riyadh,46.00 ,55.00 ,1,50
10331005401,Riyadh,90.00 ,114.00 ,1,50
10331005402,Riyadh,38.00 ,46.00 ,1,50
10331005403,Riyadh,47.00 ,56.00 ,1,50
10331005404,Riyadh,22.00 ,28.00 ,1,50
10331005405,Riyadh,7.00 ,8.00 ,1,50
10331005406,Riyadh,21.00 ,26.00 ,1,50
10331005407,Riyadh,10.00 ,13.00 ,1,50
10331005408,Riyadh,2.00 ,2.00 ,1,50
10331005409,Jeddah,2.00 ,3.00 ,1,50
10331005410,Riyadh,3.00 ,4.00 ,1,50
10331005411,Riyadh,166.00 ,201.00 ,1,50
10331005412,Riyadh,11.00 ,13.00 ,1,50
10331005413,Jeddah,14.00 ,18.00 ,1,50
10331005413,Riyadh,48.00 ,57.00 ,1,50
10331005414,Riyadh,31.00 ,37.00 ,1,50
10331005415,Riyadh,17.00 ,21.00 ,1,50
10331005416,Riyadh,25.00 ,31.00 ,1,50
10331005418,Riyadh,29.00 ,36.00 ,1,50
10331005419,Riyadh,14.00 ,18.00 ,1,50
10331005420,Riyadh,23.00 ,28.00 ,1,50
10331005421,Riyadh,29.00 ,35.00 ,1,50
10331005423,Riyadh,11.00 ,13.00 ,1,50
10331005424,Riyadh,67.00 ,81.00 ,1,50
10331005426,Riyadh,69.00 ,85.00 ,1,50
10331005427,Riyadh,11.00 ,13.00 ,1,50
10331005428,Riyadh,51.00 ,64.00 ,1,50
10331005429,Jeddah,2.00 ,2.00 ,1,50
10331005429,Riyadh,147.00 ,178.00 ,1,50
10331005430,Riyadh,"1,240.00 ","1,555.00 ",1,50
10331005431,Jeddah,9.00 ,12.00 ,1,50
10331005432,Riyadh,123.00 ,153.00 ,1,50
10331005433,Riyadh,114.00 ,139.00 ,1,50
10331005434,Riyadh,24.00 ,29.00 ,1,50
10331005436,Riyadh,19.00 ,23.00 ,1,50
10331005437,Riyadh,66.00 ,82.00 ,1,50
10331005441,Riyadh,113.00 ,136.00 ,1,50
10331005443,Riyadh,25.00 ,31.00 ,1,50
10331005447,Jeddah,1.00 ,2.00 ,1,50
10331005448,Jeddah,1.00 ,2.00 ,1,50
10331005448,Riyadh,49.00 ,61.00 ,1,50
10331005449,Riyadh,73.00 ,91.00 ,1,50
10331005450,Jeddah,2.00 ,3.00 ,1,50
10331005450,Riyadh,367.00 ,457.00 ,1,50
10331005451,Riyadh,38.00 ,46.00 ,1,50
10331005455,Riyadh,40.00 ,48.00 ,1,50
10331005458,Riyadh,42.00 ,52.00 ,1,50
10331005459,Riyadh,41.00 ,51.00 ,1,50
10331005467,Jeddah,1.00 ,1.00 ,1,50
10331005468,Jeddah,1.00 ,1.00 ,1,50
10331005469,Jeddah,1.00 ,1.00 ,1,50
10331005470,Jeddah,1.00 ,1.00 ,1,50
10331005471,Jeddah,1.00 ,1.00 ,1,50
10331005472,Jeddah,1.00 ,1.00 ,1,50
10331005473,Jeddah,1.00 ,1.00 ,1,50
10331005655,Riyadh,21.00 ,25.00 ,1,50
10331005656,Riyadh,4.00 ,4.00 ,1,50
10331005657,Riyadh,13.00 ,16.00 ,1,50
10331005658,Riyadh,15.00 ,19.00 ,1,50
10331005659,Riyadh,34.00 ,40.00 ,1,50
10331005665,Jeddah,5.00 ,6.00 ,1,50
10331005671,Jeddah,16.00 ,21.00 ,1,50
10331005675,Jeddah,2.00 ,3.00 ,1,50
10331005677,Jeddah,2.00 ,2.00 ,1,50
10331005679,Jeddah,2.00 ,3.00 ,1,50
10331005680,Jeddah,2.00 ,2.00 ,1,50
10331005681,Jeddah,2.00 ,2.00 ,1,50
10331005682,Jeddah,2.00 ,2.00 ,1,50
10331005684,Jeddah,2.00 ,2.00 ,1,50
10331005686,Jeddah,2.00 ,2.00 ,1,50
10331005687,Jeddah,2.00 ,3.00 ,1,50
10331005688,Jeddah,6.00 ,8.00 ,1,50
10331005689,Jeddah,2.00 ,2.00 ,1,50
10331005690,Jeddah,3.00 ,4.00 ,1,50
10331005693,Jeddah,3.00 ,4.00 ,1,50
10331005695,Jeddah,1.00 ,1.00 ,1,50
10331005696,Jeddah,1.00 ,1.00 ,1,50
10331005697,Jeddah,1.00 ,1.00 ,1,50
10331005704,Jeddah,1.00 ,1.00 ,1,50
10331005705,Jeddah,1.00 ,1.00 ,1,50
10331005707,Jeddah,1.00 ,1.00 ,1,50
10331005708,Jeddah,1.00 ,1.00 ,1,50
10331005710,Jeddah,1.00 ,1.00 ,1,50
10331005711,Jeddah,1.00 ,1.00 ,1,50
10331005712,Jeddah,1.00 ,1.00 ,1,50
10331005713,Jeddah,1.00 ,1.00 ,1,50
10331005714,Jeddah,1.00 ,1.00 ,1,50
10331005715,Jeddah,1.00 ,1.00 ,1,50
10331005716,Jeddah,1.00 ,1.00 ,1,50
10331005717,Jeddah,1.00 ,1.00 ,1,50
10331005718,Jeddah,1.00 ,1.00 ,1,50
10331005719,Jeddah,1.00 ,2.00 ,1,50
10331005720,Jeddah,1.00 ,1.00 ,1,50
10331005721,Jeddah,1.00 ,1.00 ,1,50
10331005722,Jeddah,1.00 ,1.00 ,1,50
10331005723,Jeddah,1.00 ,2.00 ,1,50
10331005724,Jeddah,1.00 ,1.00 ,1,50
10331005725,Jeddah,5.00 ,6.00 ,1,50
10331005725,Riyadh,3.00 ,4.00 ,1,50
10331005726,Jeddah,1.00 ,1.00 ,1,50
10331005726,Riyadh,3.00 ,4.00 ,1,50
10331005727,Jeddah,1.00 ,2.00 ,1,50
10331005727,Riyadh,3.00 ,4.00 ,1,50
10331005728,Jeddah,1.00 ,1.00 ,1,50
10331005729,Jeddah,1.00 ,1.00 ,1,50
10331005730,Jeddah,7.00 ,9.00 ,1,50
10331005730,Riyadh,3.00 ,4.00 ,1,50
10331005731,Jeddah,1.00 ,1.00 ,1,50
10331005731,Riyadh,3.00 ,4.00 ,1,50
10331005732,Jeddah,1.00 ,1.00 ,1,50
10331005733,Jeddah,1.00 ,1.00 ,1,50
10331005734,Jeddah,1.00 ,1.00 ,1,50
10331005735,Jeddah,1.00 ,1.00 ,1,50
10331005736,Jeddah,1.00 ,1.00 ,1,50
10331005737,Jeddah,1.00 ,2.00 ,1,50
10331005738,Jeddah,1.00 ,1.00 ,1,50
10331005739,Jeddah,1.00 ,1.00 ,1,50
10331005740,Jeddah,1.00 ,1.00 ,1,50
10331005741,Jeddah,1.00 ,1.00 ,1,50
10331005743,Jeddah,1.00 ,1.00 ,1,50
10331005744,Jeddah,1.00 ,1.00 ,1,50
10331005745,Jeddah,1.00 ,1.00 ,1,50
10331005746,Jeddah,1.00 ,1.00 ,1,50
10331005747,Jeddah,1.00 ,1.00 ,1,50
10331005748,Jeddah,1.00 ,1.00 ,1,50
10331005749,Jeddah,1.00 ,1.00 ,1,50
10331005752,Jeddah,1.00 ,1.00 ,1,50
10331005754,Jeddah,1.00 ,1.00 ,1,50
10331005755,Jeddah,1.00 ,1.00 ,1,50
10331005756,Jeddah,1.00 ,2.00 ,1,50
10331005757,Jeddah,1.00 ,1.00 ,1,50
10331005758,Jeddah,1.00 ,2.00 ,1,50
10331005759,Jeddah,1.00 ,2.00 ,1,50
10331005760,Jeddah,1.00 ,2.00 ,1,50
10331005762,Jeddah,1.00 ,2.00 ,1,50
10331005763,Jeddah,1.00 ,2.00 ,1,50
10331005764,Jeddah,1.00 ,2.00 ,1,50
10331005765,Jeddah,1.00 ,2.00 ,1,50
10331005768,Jeddah,1.00 ,2.00 ,1,50
10331005771,Riyadh,4.00 ,5.00 ,1,50
10331005772,Riyadh,6.00 ,7.00 ,1,50
10331005773,Jeddah,129.00 ,193.00 ,1,50
10331005774,Jeddah,1.00 ,1.00 ,1,50
10331005775,Jeddah,2.00 ,2.00 ,1,50
10331005776,Jeddah,1.00 ,2.00 ,1,50
10331005777,Jeddah,1.00 ,2.00 ,1,50
10331005778,Riyadh,63.00 ,80.00 ,1,50
10331005780,Riyadh,6.00 ,7.00 ,1,50
10331005781,Riyadh,6.00 ,7.00 ,1,50
10331005782,Riyadh,27.00 ,34.00 ,1,50
10331005783,Riyadh,15.00 ,18.00 ,1,50
10331005784,Riyadh,117.00 ,140.00 ,1,50
10331005785,Riyadh,60.00 ,73.00 ,1,50
10331005786,Riyadh,37.00 ,45.00 ,1,50
10331005787,Jeddah,7.00 ,9.00 ,1,50
10331005788,Jeddah,3.00 ,4.00 ,1,50
10331005789,Jeddah,3.00 ,4.00 ,1,50
10331005790,Jeddah,1.00 ,2.00 ,1,50
10331005791,Jeddah,7.00 ,8.00 ,1,50
10331005792,Jeddah,8.00 ,10.00 ,1,50
10331005792,Riyadh,9.00 ,11.00 ,1,50
10331005793,Jeddah,70.00 ,90.00 ,1,50
10331005793,Riyadh,300.00 ,520.00 ,1,50
10331005794,Jeddah,17.00 ,21.00 ,1,50
10331005794,Riyadh,18.00 ,21.00 ,1,50
10331005796,Jeddah,9.00 ,11.00 ,1,50
10331005796,Riyadh,13.00 ,16.00 ,1,50
10331005797,Riyadh,2.00 ,2.00 ,1,50
10331005798,Riyadh,1.00 ,2.00 ,1,50
10331005799,Jeddah,3.00 ,4.00 ,1,50
10331005800,Jeddah,1.00 ,1.00 ,1,50
10331005800,Riyadh,3.00 ,4.00 ,1,50
10331005801,Riyadh,1.00 ,2.00 ,1,50
10331005802,Jeddah,17.00 ,22.00 ,1,50
10331005803,Jeddah,4.00 ,5.00 ,1,50
10331005804,Jeddah,19.00 ,24.00 ,1,50
10331005805,Jeddah,5.00 ,6.00 ,1,50
10331005806,Jeddah,1.00 ,2.00 ,1,50
10331005807,Jeddah,1.00 ,1.00 ,1,50
10331005808,Jeddah,8.00 ,10.00 ,1,50
10331005808,Riyadh,3.00 ,3.00 ,1,50
10331005809,Riyadh,7.00 ,9.00 ,1,50
10331005810,Jeddah,16.00 ,20.00 ,1,50
10331005811,Jeddah,19.00 ,24.00 ,1,50
10331005812,Jeddah,4.00 ,5.00 ,1,50
10331005814,Jeddah,1.00 ,1.00 ,1,50
10331005815,Jeddah,1.00 ,1.00 ,1,50
10331005816,Jeddah,1.00 ,1.00 ,1,50
10331005817,Jeddah,1.00 ,1.00 ,1,50
10331005818,Jeddah,1.00 ,1.00 ,1,50
10331005819,Jeddah,1.00 ,1.00 ,1,50
10331005820,Jeddah,1.00 ,1.00 ,1,50
10331005821,Jeddah,1.00 ,1.00 ,1,50
10331005822,Jeddah,2.00 ,3.00 ,1,50
10331005824,Jeddah,1.00 ,1.00 ,1,50
10331005825,Jeddah,1.00 ,1.00 ,1,50
10331005826,Jeddah,2.00 ,2.00 ,1,50
10331005827,Jeddah,1.00 ,1.00 ,1,50
10331005828,Jeddah,1.00 ,1.00 ,1,50
10331005829,Jeddah,1.00 ,1.00 ,1,50
10331005830,Jeddah,2.00 ,2.00 ,1,50
10331005831,Jeddah,2.00 ,2.00 ,1,50
10331005832,Jeddah,2.00 ,2.00 ,1,50
10331005833,Jeddah,2.00 ,2.00 ,1,50
10331005834,Jeddah,157.00 ,195.00 ,1,50
10331005835,Jeddah,2.00 ,3.00 ,1,50
10331005836,Jeddah,3.00 ,4.00 ,1,50
10331005837,Jeddah,1.00 ,2.00 ,1,50
10331005838,Jeddah,1.00 ,2.00 ,1,50
10331005839,Jeddah,3.00 ,4.00 ,1,50
10331005840,Jeddah,4.00 ,5.00 ,1,50
10331005841,Jeddah,2.00 ,2.00 ,1,50
10331005842,Jeddah,1.00 ,1.00 ,1,50
10331005845,Jeddah,5.00 ,6.00 ,1,50
10331005846,Jeddah,1.00 ,1.00 ,1,50
10331005848,Jeddah,15.00 ,19.00 ,1,50
10331005849,Jeddah,24.00 ,31.00 ,1,50
10331005850,Jeddah,7.00 ,9.00 ,1,50
10331005851,Jeddah,2.00 ,2.00 ,1,50
10331005852,Jeddah,8.00 ,10.00 ,1,50
10331005853,Jeddah,1.00 ,1.00 ,1,50
10331005854,Jeddah,1.00 ,1.00 ,1,50
10331005855,Jeddah,1.00 ,2.00 ,1,50
10331005856,Jeddah,1.00 ,2.00 ,1,50
10331005858,Jeddah,2.00 ,2.00 ,1,50
10331005859,Jeddah,5.00 ,6.00 ,1,50
10331005860,Jeddah,1.00 ,1.00 ,1,50
10331005861,Jeddah,2.00 ,3.00 ,1,50
10331005863,Jeddah,6.00 ,7.00 ,1,50
10331005866,Riyadh,40.00 ,48.00 ,1,50
10331005867,Jeddah,29.00 ,37.00 ,1,50
10331005867,Riyadh,38.00 ,49.00 ,1,50
10331005868,Jeddah,42.00 ,54.00 ,1,50
10331005868,Riyadh,9.00 ,11.00 ,1,50
10331005871,Jeddah,1.00 ,1.00 ,1,50
10331005877,Riyadh,17.00 ,21.00 ,1,50
10331005882,Riyadh,17.00 ,21.00 ,1,50
10331005883,Riyadh,17.00 ,21.00 ,1,50
10331005884,Riyadh,17.00 ,21.00 ,1,50
10331005885,Jeddah,2.00 ,3.00 ,1,50
10331005885,Riyadh,14.00 ,17.00 ,1,50
10331005886,Jeddah,2.00 ,3.00 ,1,50
10331005886,Riyadh,14.00 ,17.00 ,1,50
10331005887,Jeddah,2.00 ,3.00 ,1,50
10331005887,Riyadh,17.00 ,21.00 ,1,50
10331005888,Jeddah,2.00 ,3.00 ,1,50
10331005888,Riyadh,17.00 ,21.00 ,1,50
10331005889,Jeddah,1.00 ,1.00 ,1,50
10331005889,Riyadh,17.00 ,21.00 ,1,50
10331005892,Riyadh,17.00 ,21.00 ,1,50
10331005894,Riyadh,17.00 ,21.00 ,1,50
10331005896,Riyadh,17.00 ,21.00 ,1,50
10331005898,Riyadh,17.00 ,21.00 ,1,50
10331005899,Jeddah,1.00 ,2.00 ,1,50
10331005900,Riyadh,17.00 ,21.00 ,1,50
10331005901,Jeddah,1.00 ,2.00 ,1,50
10331005901,Riyadh,17.00 ,21.00 ,1,50
10331005902,Riyadh,17.00 ,21.00 ,1,50
10331005903,Riyadh,17.00 ,21.00 ,1,50
10331005904,Riyadh,17.00 ,21.00 ,1,50
10331005905,Riyadh,2.00 ,2.00 ,1,50
10331005913,Riyadh,23.00 ,29.00 ,1,50
10331005916,Riyadh,23.00 ,29.00 ,1,50
10331005917,Riyadh,23.00 ,29.00 ,1,50
10331005918,Riyadh,23.00 ,29.00 ,1,50
10331005919,Riyadh,23.00 ,29.00 ,1,50
10331005920,Riyadh,23.00 ,29.00 ,1,50
10331005921,Riyadh,23.00 ,29.00 ,1,50
10331005922,Riyadh,23.00 ,29.00 ,1,50
10331005923,Riyadh,23.00 ,29.00 ,1,50
10331005924,Riyadh,23.00 ,29.00 ,1,50
10331005925,Jeddah,2.00 ,2.00 ,1,50
10331005925,Riyadh,3.00 ,4.00 ,1,50
10331005926,Riyadh,90.00 ,114.00 ,1,50
10331005927,Riyadh,90.00 ,114.00 ,1,50
10331005928,Riyadh,90.00 ,114.00 ,1,50
10331005929,Riyadh,90.00 ,114.00 ,1,50
10331005933,Riyadh,1.00 ,1.00 ,1,50
10331005936,Riyadh,1.00 ,1.00 ,1,50
10331005937,Riyadh,3.00 ,4.00 ,1,50
10331005938,Riyadh,3.00 ,4.00 ,1,50
10331005940,Riyadh,3.00 ,4.00 ,1,50
10331005954,Jeddah,2.00 ,3.00 ,1,50
10331005955,Jeddah,2.00 ,3.00 ,1,50
10331005955,Riyadh,16.00 ,19.00 ,1,50
10331005956,Jeddah,2.00 ,2.00 ,1,50
10331005957,Jeddah,2.00 ,2.00 ,1,50
10331005958,Jeddah,2.00 ,2.00 ,1,50
10331005959,Jeddah,2.00 ,2.00 ,1,50
10331005960,Jeddah,2.00 ,2.00 ,1,50
10331005961,Jeddah,2.00 ,2.00 ,1,50
10331005962,Jeddah,2.00 ,2.00 ,1,50
10331005963,Jeddah,2.00 ,2.00 ,1,50
10331005964,Jeddah,2.00 ,2.00 ,1,50
10331005965,Jeddah,2.00 ,2.00 ,1,50
10331005966,Jeddah,1.00 ,1.00 ,1,50
10331005967,Jeddah,1.00 ,2.00 ,1,50
10331005973,Riyadh,3.00 ,4.00 ,1,50
10331005974,Jeddah,1.00 ,2.00 ,1,50
10331005977,Jeddah,2.00 ,2.00 ,1,50
10331005985,Riyadh,2.00 ,2.00 ,1,50
10331006027,Jeddah,1.00 ,1.00 ,1,50
10331006039,Jeddah,2.00 ,2.00 ,1,50
10331006081,Jeddah,2.00 ,2.00 ,1,50
10331006082,Jeddah,2.00 ,2.00 ,1,50
10331006083,Jeddah,2.00 ,2.00 ,1,50
10331006085,Jeddah,2.00 ,2.00 ,1,50
10331006085,Riyadh,11.00 ,14.00 ,1,50
10331006086,Riyadh,11.00 ,14.00 ,1,50
10331006087,Riyadh,11.00 ,14.00 ,1,50
10331006088,Jeddah,2.00 ,2.00 ,1,50
10331006088,Riyadh,11.00 ,14.00 ,1,50
10331006089,Riyadh,11.00 ,14.00 ,1,50
10331006090,Riyadh,11.00 ,14.00 ,1,50
10331006091,Riyadh,11.00 ,14.00 ,1,50
10331006094,Riyadh,11.00 ,14.00 ,1,50
10331006098,Riyadh,11.00 ,14.00 ,1,50
10331006105,Riyadh,3.00 ,4.00 ,1,50
10331006106,Riyadh,11.00 ,14.00 ,1,50
10331006107,Riyadh,11.00 ,14.00 ,1,50
10331006108,Riyadh,11.00 ,14.00 ,1,50
10331006133,Jeddah,1.00 ,1.00 ,1,50
10331006138,Jeddah,1.00 ,1.00 ,1,50
10331006210,Riyadh,23.00 ,29.00 ,1,50
10331006211,Riyadh,9.00 ,12.00 ,1,50
10331006212,Riyadh,9.00 ,12.00 ,1,50
10331006213,Riyadh,11.00 ,14.00 ,1,50
10331006215,Riyadh,11.00 ,14.00 ,1,50
10331006216,Riyadh,11.00 ,14.00 ,1,50
10331006218,Riyadh,3.00 ,4.00 ,1,50
10331006219,Riyadh,3.00 ,4.00 ,1,50
10331006220,Riyadh,11.00 ,14.00 ,1,50
10331006221,Riyadh,11.00 ,14.00 ,1,50
10331006222,Riyadh,11.00 ,14.00 ,1,50
10331006223,Riyadh,11.00 ,14.00 ,1,50
10331006224,Riyadh,11.00 ,14.00 ,1,50
10331006225,Riyadh,11.00 ,14.00 ,1,50
10331006226,Riyadh,17.00 ,20.00 ,1,50
10331006227,Riyadh,11.00 ,14.00 ,1,50
10331006228,Riyadh,11.00 ,14.00 ,1,50
10331006233,Riyadh,1.00 ,2.00 ,1,50
10331006247,Riyadh,3.00 ,4.00 ,1,50
10331006248,Riyadh,3.00 ,4.00 ,1,50
10331006261,Riyadh,6.00 ,7.00 ,1,50
10331006283,Jeddah,1.00 ,1.00 ,1,50
10331006284,Jeddah,1.00 ,1.00 ,1,50
10331006285,Jeddah,1.00 ,1.00 ,1,50
10331006286,Jeddah,1.00 ,1.00 ,1,50
10331006287,Jeddah,1.00 ,1.00 ,1,50
10331006288,Jeddah,1.00 ,1.00 ,1,50
10331006289,Jeddah,1.00 ,1.00 ,1,50
10331006290,Jeddah,1.00 ,1.00 ,1,50
10331006291,Jeddah,1.00 ,1.00 ,1,50
10331006292,Jeddah,1.00 ,1.00 ,1,50
10331006293,Jeddah,1.00 ,1.00 ,1,50
10331006294,Jeddah,2.00 ,3.00 ,1,50
10331006295,Jeddah,2.00 ,3.00 ,1,50
10331006296,Jeddah,2.00 ,3.00 ,1,50
10331006297,Jeddah,2.00 ,3.00 ,1,50
10331006298,Jeddah,2.00 ,3.00 ,1,50
10331006299,Jeddah,2.00 ,3.00 ,1,50
10331006300,Riyadh,11.00 ,14.00 ,1,50
10331006301,Riyadh,11.00 ,14.00 ,1,50
10331006302,Jeddah,1.00 ,2.00 ,1,50
10331006302,Riyadh,11.00 ,14.00 ,1,50
10331006303,Riyadh,11.00 ,14.00 ,1,50
10331006304,Riyadh,11.00 ,14.00 ,1,50
10331006305,Riyadh,11.00 ,14.00 ,1,50
10331006307,Riyadh,11.00 ,14.00 ,1,50
10331006308,Jeddah,1.00 ,1.00 ,1,50
10331006308,Riyadh,11.00 ,14.00 ,1,50
10331006309,Riyadh,11.00 ,14.00 ,1,50
10331006310,Riyadh,11.00 ,14.00 ,1,50
10331006312,Riyadh,90.00 ,114.00 ,1,50
10331006313,Riyadh,90.00 ,114.00 ,1,50
10331006314,Riyadh,23.00 ,29.00 ,1,50
10331006315,Riyadh,23.00 ,29.00 ,1,50
10331006316,Riyadh,23.00 ,29.00 ,1,50
10331006363,Riyadh,2.00 ,2.00 ,1,50
10331006364,Jeddah,5.00 ,6.00 ,1,50
10331006365,Jeddah,5.00 ,6.00 ,1,50
10331006366,Jeddah,7.00 ,9.00 ,1,50
10331006367,Jeddah,5.00 ,6.00 ,1,50
10331006368,Jeddah,7.00 ,9.00 ,1,50
10331006369,Jeddah,6.00 ,8.00 ,1,50
10331006370,Jeddah,6.00 ,8.00 ,1,50
10331006371,Jeddah,7.00 ,9.00 ,1,50
10331006372,Jeddah,3.00 ,3.00 ,1,50
10331006373,Jeddah,7.00 ,9.00 ,1,50
10331006374,Jeddah,7.00 ,9.00 ,1,50
10331006375,Jeddah,6.00 ,8.00 ,1,50
10331006376,Jeddah,5.00 ,6.00 ,1,50
10331006377,Jeddah,5.00 ,7.00 ,1,50
10331006377,Riyadh,16.00 ,19.00 ,1,50
10331006378,Jeddah,5.00 ,6.00 ,1,50
10331006379,Jeddah,2.00 ,2.00 ,1,50
10331006380,Jeddah,5.00 ,6.00 ,1,50
10331006381,Jeddah,5.00 ,6.00 ,1,50
10331006381,Riyadh,8.00 ,10.00 ,1,50
10331006382,Jeddah,2.00 ,2.00 ,1,50
10331006383,Jeddah,2.00 ,2.00 ,1,50
10331006383,Riyadh,11.00 ,14.00 ,1,50
10331006384,Jeddah,2.00 ,2.00 ,1,50
10331006384,Riyadh,16.00 ,19.00 ,1,50
10331006385,Jeddah,2.00 ,2.00 ,1,50
10331006385,Riyadh,8.00 ,10.00 ,1,50
10331006386,Jeddah,2.00 ,2.00 ,1,50
10331006386,Riyadh,16.00 ,19.00 ,1,50
10331006387,Jeddah,2.00 ,2.00 ,1,50
10331006388,Jeddah,2.00 ,2.00 ,1,50
10331006392,Jeddah,1.00 ,2.00 ,1,50
10331006436,Jeddah,2.00 ,2.00 ,1,50
10331006437,Jeddah,2.00 ,2.00 ,1,50
10331006439,Jeddah,2.00 ,2.00 ,1,50
10331006440,Jeddah,2.00 ,2.00 ,1,50
10331006441,Jeddah,2.00 ,2.00 ,1,50
10331006442,Jeddah,2.00 ,2.00 ,1,50
10331006443,Jeddah,2.00 ,2.00 ,1,50
10331006445,Jeddah,2.00 ,2.00 ,1,50
10331006446,Jeddah,2.00 ,2.00 ,1,50
10331006448,Jeddah,5.00 ,6.00 ,1,50
10331006448,Riyadh,11.00 ,14.00 ,1,50
10331006449,Jeddah,5.00 ,6.00 ,1,50
10331006450,Jeddah,5.00 ,6.00 ,1,50
10331006450,Riyadh,15.00 ,18.00 ,1,50
10331006451,Jeddah,5.00 ,6.00 ,1,50
10331006452,Jeddah,5.00 ,6.00 ,1,50
10331006453,Jeddah,5.00 ,6.00 ,1,50
10331006454,Jeddah,2.00 ,2.00 ,1,50
10331006454,Riyadh,23.00 ,29.00 ,1,50
10331006455,Jeddah,5.00 ,6.00 ,1,50
10331006456,Jeddah,2.00 ,2.00 ,1,50
10331006457,Jeddah,5.00 ,6.00 ,1,50
10331006458,Jeddah,5.00 ,6.00 ,1,50
10331006458,Riyadh,23.00 ,29.00 ,1,50
10331006459,Jeddah,5.00 ,6.00 ,1,50
10331006459,Riyadh,23.00 ,29.00 ,1,50
10331006460,Jeddah,2.00 ,2.00 ,1,50
10331006461,Jeddah,2.00 ,2.00 ,1,50
10331006461,Riyadh,6.00 ,7.00 ,1,50
10331006462,Jeddah,2.00 ,2.00 ,1,50
10331006462,Riyadh,11.00 ,14.00 ,1,50
10331006470,Jeddah,2.00 ,2.00 ,1,50
10331006471,Jeddah,1.00 ,1.00 ,1,50
10331006472,Jeddah,1.00 ,1.00 ,1,50
10331006479,Jeddah,4.00 ,5.00 ,1,50
10331006479,Riyadh,7.00 ,8.00 ,1,50
10331006480,Jeddah,6.00 ,8.00 ,1,50
10331006480,Riyadh,31.00 ,37.00 ,1,50
10331006481,Jeddah,4.00 ,5.00 ,1,50
10331006481,Riyadh,9.00 ,11.00 ,1,50
10331006482,Jeddah,4.00 ,5.00 ,1,50
10331006482,Riyadh,7.00 ,9.00 ,1,50
10331006483,Jeddah,4.00 ,5.00 ,1,50
10331006484,Riyadh,23.00 ,29.00 ,1,50
10331006492,Jeddah,2.00 ,2.00 ,1,50
10331006493,Jeddah,2.00 ,2.00 ,1,50
10331006494,Jeddah,2.00 ,2.00 ,1,50
10331006495,Jeddah,2.00 ,2.00 ,1,50
10331006496,Jeddah,2.00 ,2.00 ,1,50
10331006497,Jeddah,2.00 ,2.00 ,1,50
10331006498,Jeddah,2.00 ,2.00 ,1,50
10331006499,Jeddah,2.00 ,2.00 ,1,50
10331006500,Jeddah,2.00 ,2.00 ,1,50
10331006501,Riyadh,2.00 ,2.00 ,1,50
10331006502,Jeddah,7.00 ,8.00 ,1,50
10331006507,Jeddah,14.00 ,18.00 ,1,50
10331006507,Riyadh,27.00 ,33.00 ,1,50
10331006508,Jeddah,8.00 ,10.00 ,1,50
10331006508,Riyadh,23.00 ,29.00 ,1,50
10331006509,Riyadh,23.00 ,29.00 ,1,50
10331006510,Jeddah,14.00 ,18.00 ,1,50
10331006510,Riyadh,90.00 ,114.00 ,1,50
10331006511,Jeddah,4.00 ,6.00 ,1,50
10331006513,Jeddah,4.00 ,6.00 ,1,50
10331006513,Riyadh,90.00 ,114.00 ,1,50
10331006514,Jeddah,1.00 ,2.00 ,1,50
10331006514,Riyadh,23.00 ,29.00 ,1,50
10331006515,Jeddah,9.00 ,11.00 ,1,50
10331006515,Riyadh,113.00 ,142.00 ,1,50
10331006517,Jeddah,1.00 ,1.00 ,1,50
10331006521,Jeddah,1.00 ,1.00 ,1,50
10331006522,Jeddah,1.00 ,2.00 ,1,50
10331006523,Jeddah,1.00 ,1.00 ,1,50
10331006524,Jeddah,1.00 ,1.00 ,1,50
10331006525,Jeddah,1.00 ,1.00 ,1,50
10331006526,Jeddah,1.00 ,1.00 ,1,50
10331006527,Jeddah,1.00 ,1.00 ,1,50
10331006528,Jeddah,1.00 ,1.00 ,1,50
10331006529,Jeddah,1.00 ,2.00 ,1,50
10331006530,Jeddah,2.00 ,2.00 ,1,50
10331006531,Jeddah,1.00 ,2.00 ,1,50
10331006532,Jeddah,1.00 ,2.00 ,1,50
10331006533,Jeddah,1.00 ,2.00 ,1,50
10331006534,Jeddah,1.00 ,2.00 ,1,50
10331006535,Jeddah,1.00 ,2.00 ,1,50
10331006536,Jeddah,1.00 ,2.00 ,1,50
10331006537,Jeddah,1.00 ,1.00 ,1,50
10331006538,Jeddah,2.00 ,3.00 ,1,50
10331006539,Jeddah,2.00 ,3.00 ,1,50
10331006540,Jeddah,266.00 ,374.00 ,1,50
10331006540,Riyadh,14.00 ,17.00 ,1,50
10331006541,Jeddah,27.00 ,34.00 ,1,50
10331006542,Jeddah,17.00 ,22.00 ,1,50
10331006543,Jeddah,78.00 ,96.00 ,1,50
10331006544,Jeddah,43.00 ,55.00 ,1,50
10331006544,Riyadh,4.00 ,4.00 ,1,50
10331006545,Jeddah,35.00 ,45.00 ,1,50
10331006547,Riyadh,11.00 ,14.00 ,1,50
10331006549,Jeddah,48.00 ,60.00 ,1,50
10331006549,Riyadh,10.00 ,13.00 ,1,50
10331006550,Jeddah,43.00 ,54.00 ,1,50
10331006550,Riyadh,17.00 ,21.00 ,1,50
10331006551,Jeddah,25.00 ,31.00 ,1,50
10331006551,Riyadh,12.00 ,16.00 ,1,50
10331006552,Jeddah,412.00 ,622.00 ,1,50
10331006552,Riyadh,35.00 ,42.00 ,1,50
10331006553,Jeddah,32.00 ,41.00 ,1,50
10331006554,Jeddah,7.00 ,8.00 ,1,50
10331006554,Riyadh,9.00 ,12.00 ,1,50
10331006555,Jeddah,35.00 ,43.00 ,1,50
10331006555,Riyadh,10.00 ,12.00 ,1,50
10331006556,Jeddah,6.00 ,7.00 ,1,50
10331006556,Riyadh,14.00 ,17.00 ,1,50
10331006557,Riyadh,23.00 ,29.00 ,1,50
10331006558,Jeddah,36.00 ,55.00 ,1,50
10331006558,Riyadh,34.00 ,42.00 ,1,50
10331006559,Jeddah,95.00 ,119.00 ,1,50
10331006559,Riyadh,159.00 ,208.00 ,1,50
10331006562,Jeddah,19.00 ,24.00 ,1,50
10331006562,Riyadh,15.00 ,20.00 ,1,50
10331006563,Jeddah,2.00 ,2.00 ,1,50
10331006563,Riyadh,9.00 ,10.00 ,1,50
10331006564,Jeddah,2.00 ,3.00 ,1,50
10331006565,Riyadh,117.00 ,140.00 ,1,50
10331006566,Riyadh,171.00 ,205.00 ,1,50
10331006568,Jeddah,3.00 ,4.00 ,1,50
10331006569,Jeddah,2.00 ,2.00 ,1,50
10331006570,Jeddah,1.00 ,1.00 ,1,50
10331006571,Jeddah,1.00 ,2.00 ,1,50
10331006668,Riyadh,2.00 ,2.00 ,1,50
10331006674,Jeddah,77.00 ,96.00 ,1,50
10331006674,Riyadh,103.00 ,124.00 ,1,50
10331006682,Jeddah,845.00 ,"1,035.00 ",1,50
10331006682,Riyadh,90.00 ,114.00 ,1,50
10331006687,Jeddah,1.00 ,2.00 ,1,50
10331006691,Jeddah,1.00 ,1.00 ,1,50
10331006694,Jeddah,1.00 ,1.00 ,1,50
10331006701,Jeddah,1.00 ,1.00 ,1,50
10331006708,Jeddah,1.00 ,2.00 ,1,50
10331006725,Jeddah,1.00 ,1.00 ,1,50
10331006726,Jeddah,2.00 ,2.00 ,1,50
10331006731,Jeddah,2.00 ,2.00 ,1,50
10331006740,Jeddah,2.00 ,3.00 ,1,50
10331006742,Jeddah,2.00 ,2.00 ,1,50
10331006754,Jeddah,2.00 ,2.00 ,1,50
10331006756,Jeddah,2.00 ,2.00 ,1,50
10331006760,Jeddah,2.00 ,2.00 ,1,50
10331006761,Jeddah,2.00 ,2.00 ,1,50
10331006765,Jeddah,2.00 ,2.00 ,1,50
10331006783,Jeddah,2.00 ,2.00 ,1,50
10331006785,Jeddah,2.00 ,2.00 ,1,50
10331006791,Jeddah,2.00 ,2.00 ,1,50
10331006792,Jeddah,2.00 ,2.00 ,1,50
10331006794,Jeddah,2.00 ,2.00 ,1,50
10331006797,Jeddah,2.00 ,2.00 ,1,50
10331006798,Jeddah,2.00 ,2.00 ,1,50
10331006799,Jeddah,2.00 ,2.00 ,1,50
10331006800,Jeddah,1.00 ,2.00 ,1,50
10331006807,Jeddah,2.00 ,2.00 ,1,50
10331006808,Jeddah,2.00 ,2.00 ,1,50
10331006809,Riyadh,199.00 ,240.00 ,1,50
10331006810,Jeddah,51.00 ,63.00 ,1,50
10331006811,Jeddah,17.00 ,21.00 ,1,50
10331006813,Jeddah,219.00 ,273.00 ,1,50
10331006813,Riyadh,349.00 ,421.00 ,1,50
10331006814,Riyadh,38.00 ,47.00 ,1,50
10331006816,Riyadh,295.00 ,397.00 ,1,50
10331006822,Jeddah,2.00 ,3.00 ,1,50
10331006823,Jeddah,2.00 ,3.00 ,1,50
10331006825,Jeddah,269.00 ,379.00 ,1,50
10331006825,Riyadh,"3,204.00 ","3,843.00 ",1,50
10331006826,Jeddah,20.00 ,27.00 ,1,50
10331006827,Jeddah,477.00 ,601.00 ,1,50
10331006828,Riyadh,23.00 ,29.00 ,1,50
10331006829,Riyadh,9.00 ,12.00 ,1,50
10331006830,Riyadh,9.00 ,12.00 ,1,50
10331006831,Riyadh,23.00 ,29.00 ,1,50
10331006836,Riyadh,37.00 ,44.00 ,1,50
10331006837,Riyadh,1.00 ,1.00 ,1,50
10331006839,Riyadh,1.00 ,1.00 ,1,50
10331006840,Riyadh,1.00 ,1.00 ,1,50
10331006841,Riyadh,1.00 ,1.00 ,1,50
10331006843,Riyadh,2.00 ,2.00 ,1,50
10331006844,Riyadh,1.00 ,1.00 ,1,50
10331006846,Riyadh,180.00 ,227.00 ,1,50
10331006848,Riyadh,1.00 ,2.00 ,1,50
10331006849,Riyadh,2.00 ,2.00 ,1,50
10331006851,Riyadh,1.00 ,1.00 ,1,50
10331006854,Riyadh,1.00 ,1.00 ,1,50
10331006856,Riyadh,90.00 ,114.00 ,1,50
10331006858,Riyadh,2.00 ,2.00 ,1,50
10331006859,Riyadh,1.00 ,1.00 ,1,50
10331006861,Riyadh,1.00 ,1.00 ,1,50
10331006862,Riyadh,2.00 ,3.00 ,1,50
10331006864,Riyadh,1.00 ,2.00 ,1,50
10331006865,Riyadh,1.00 ,2.00 ,1,50
10331006866,Riyadh,1.00 ,1.00 ,1,50
10331006868,Riyadh,3.00 ,3.00 ,1,50
10331006872,Riyadh,5.00 ,6.00 ,1,50
10331006873,Riyadh,2.00 ,2.00 ,1,50
10331006957,Jeddah,84.00 ,118.00 ,1,50
10331006957,Riyadh,113.00 ,141.00 ,1,50
10331006958,Jeddah,6.00 ,7.00 ,1,50
10331006958,Riyadh,90.00 ,114.00 ,1,50
10331006959,Jeddah,6.00 ,7.00 ,1,50
10331006960,Jeddah,25.00 ,32.00 ,1,50
10331006960,Riyadh,207.00 ,254.00 ,1,50
10331006962,Jeddah,1.00 ,1.00 ,1,50
10331006964,Jeddah,10.00 ,12.00 ,1,50
10331006965,Jeddah,27.00 ,34.00 ,1,50
10331006966,Jeddah,30.00 ,45.00 ,1,50
10331006967,Jeddah,93.00 ,113.00 ,1,50
10331006973,Jeddah,30.00 ,38.00 ,1,50
10331006975,Jeddah,43.00 ,54.00 ,1,50
10331006976,Jeddah,175.00 ,222.00 ,1,50
10331006977,Jeddah,27.00 ,34.00 ,1,50
10331006978,Riyadh,18.00 ,22.00 ,1,50
10331006979,Riyadh,10.00 ,12.00 ,1,50
10331006981,Jeddah,31.00 ,39.00 ,1,50
10331006989,Jeddah,1.00 ,2.00 ,1,50
10331006990,Jeddah,1.00 ,2.00 ,1,50
10331006991,Jeddah,1.00 ,2.00 ,1,50
10331006992,Riyadh,65.00 ,78.00 ,1,50
10331006993,Riyadh,9.00 ,12.00 ,1,50
10331006994,Riyadh,45.00 ,57.00 ,1,50
10331006995,Riyadh,88.00 ,106.00 ,1,50
10331007047,Jeddah,2.00 ,2.00 ,1,50
10331007048,Jeddah,2.00 ,2.00 ,1,50
10331007049,Jeddah,2.00 ,2.00 ,1,50
10331007050,Jeddah,2.00 ,2.00 ,1,50
10331007051,Jeddah,2.00 ,2.00 ,1,50
10331007052,Jeddah,2.00 ,2.00 ,1,50
10331007053,Jeddah,2.00 ,2.00 ,1,50
10331007054,Jeddah,2.00 ,2.00 ,1,50
10331007055,Jeddah,2.00 ,2.00 ,1,50
10331007056,Jeddah,2.00 ,2.00 ,1,50
10331007057,Jeddah,2.00 ,2.00 ,1,50
10331007058,Jeddah,2.00 ,2.00 ,1,50
10331007059,Jeddah,2.00 ,2.00 ,1,50
10331007060,Jeddah,2.00 ,2.00 ,1,50
10331007061,Jeddah,2.00 ,2.00 ,1,50
10331007062,Jeddah,2.00 ,2.00 ,1,50
10331007063,Jeddah,2.00 ,2.00 ,1,50
10331007064,Jeddah,2.00 ,2.00 ,1,50
10331007065,Jeddah,2.00 ,2.00 ,1,50
10331007066,Jeddah,2.00 ,2.00 ,1,50
10331007067,Jeddah,2.00 ,2.00 ,1,50
10331007068,Jeddah,2.00 ,2.00 ,1,50
10331007069,Jeddah,2.00 ,2.00 ,1,50
10331007070,Jeddah,2.00 ,2.00 ,1,50
10331007071,Jeddah,1.00 ,1.00 ,1,50
10331007074,Jeddah,3.00 ,4.00 ,1,50
10331007076,Jeddah,53.00 ,74.00 ,1,50
10331007077,Jeddah,10.00 ,13.00 ,1,50
10331007077,Riyadh,27.00 ,33.00 ,1,50
10331007078,Jeddah,12.00 ,15.00 ,1,50
10331007155,Jeddah,2.00 ,3.00 ,1,50
10331007156,Jeddah,2.00 ,2.00 ,1,50
10331007157,Jeddah,2.00 ,3.00 ,1,50
10331007158,Jeddah,5.00 ,6.00 ,1,50
10331007159,Jeddah,3.00 ,4.00 ,1,50
10331007162,Jeddah,20.00 ,25.00 ,1,50
10331007163,Jeddah,1.00 ,1.00 ,1,50
10331007170,Jeddah,9.00 ,11.00 ,1,50
10331007172,Jeddah,27.00 ,34.00 ,1,50
10331007174,Jeddah,9.00 ,11.00 ,1,50
10331007176,Jeddah,9.00 ,11.00 ,1,50
10331007178,Jeddah,2.00 ,3.00 ,1,50
10331007180,Jeddah,2.00 ,2.00 ,1,50
10331007181,Jeddah,2.00 ,2.00 ,1,50
10331007182,Jeddah,1.00 ,2.00 ,1,50
10331007184,Jeddah,1.00 ,2.00 ,1,50
10331007185,Jeddah,1.00 ,2.00 ,1,50
10331007189,Jeddah,2.00 ,3.00 ,1,50
10331007190,Jeddah,1.00 ,2.00 ,1,50
10331007191,Jeddah,1.00 ,1.00 ,1,50
10331007192,Jeddah,1.00 ,1.00 ,1,50
10331007193,Jeddah,1.00 ,1.00 ,1,50
10331007194,Jeddah,1.00 ,1.00 ,1,50
10331007195,Jeddah,1.00 ,1.00 ,1,50
10331007196,Jeddah,1.00 ,1.00 ,1,50
10331007197,Jeddah,1.00 ,1.00 ,1,50
10331007198,Jeddah,1.00 ,1.00 ,1,50
10331007200,Jeddah,480.00 ,480.00 ,1,50
10331007206,Jeddah,1.00 ,2.00 ,1,50
10331007207,Jeddah,1.00 ,1.00 ,1,50
10331007209,Jeddah,18.00 ,23.00 ,1,50
10331007209,Riyadh,"2,410.00 ","2,926.00 ",1,50
10331007210,Riyadh,"1,039.00 ","1,226.00 ",1,50
10331007212,Riyadh,53.00 ,63.00 ,1,50
10331007246,Riyadh,52.00 ,62.00 ,1,50
10331007631,Riyadh,5.00 ,6.00 ,1,50
10331007718,Jeddah,8.00 ,10.00 ,1,50
10331007720,Jeddah,8.00 ,10.00 ,1,50
10331007721,Jeddah,4.00 ,5.00 ,1,50
10331007722,Jeddah,10.00 ,12.00 ,1,50
10331007723,Jeddah,8.00 ,10.00 ,1,50
10331007724,Jeddah,1.00 ,1.00 ,1,50
10331007725,Jeddah,1.00 ,1.00 ,1,50
10331007726,Jeddah,1.00 ,1.00 ,1,50
10331007728,Jeddah,1.00 ,1.00 ,1,50
10331007729,Jeddah,1.00 ,1.00 ,1,50
10331007730,Jeddah,1.00 ,1.00 ,1,50
10331007731,Jeddah,1.00 ,1.00 ,1,50
10331007733,Jeddah,1.00 ,1.00 ,1,50
10331007734,Jeddah,1.00 ,1.00 ,1,50
10331007744,Jeddah,163.00 ,203.00 ,1,50
10331007745,Riyadh,14.00 ,17.00 ,1,50
10331007746,Riyadh,63.00 ,75.00 ,1,50
10331007747,Riyadh,75.00 ,91.00 ,1,50
10331007748,Riyadh,57.00 ,68.00 ,1,50
10331007801,Riyadh,"1,855.00 ","2,252.00 ",1,50
10331007802,Riyadh,"1,225.00 ","1,487.00 ",1,50
10331007803,Riyadh,602.00 ,731.00 ,1,50
10331007809,Riyadh,573.00 ,695.00 ,1,50
10331007810,Riyadh,309.00 ,375.00 ,1,50
10331007811,Riyadh,312.00 ,379.00 ,1,50
10331007906,Jeddah,4.00 ,5.00 ,1,50
10331007907,Jeddah,4.00 ,5.00 ,1,50
10331007908,Jeddah,4.00 ,5.00 ,1,50
10331007924,Jeddah,2.00 ,3.00 ,1,50
10331007925,Jeddah,14.00 ,18.00 ,1,50
10331007926,Jeddah,4.00 ,5.00 ,1,50
10331007927,Riyadh,1.00 ,2.00 ,1,50
10331007929,Riyadh,8.00 ,9.00 ,1,50
10331007930,Jeddah,1.00 ,1.00 ,1,50
10331007931,Jeddah,1.00 ,1.00 ,1,50
10331007932,Jeddah,1.00 ,1.00 ,1,50
10331007934,Jeddah,1.00 ,1.00 ,1,50
10331007935,Jeddah,1.00 ,1.00 ,1,50
10331007936,Jeddah,1.00 ,1.00 ,1,50
10331007937,Jeddah,1.00 ,1.00 ,1,50
10331007938,Jeddah,1.00 ,1.00 ,1,50
10331007940,Jeddah,1.00 ,1.00 ,1,50
10331007942,Jeddah,1.00 ,1.00 ,1,50
10331007945,Jeddah,2.00 ,2.00 ,1,50
10331007946,Jeddah,1.00 ,1.00 ,1,50
10331007947,Jeddah,1.00 ,1.00 ,1,50
10331007952,Riyadh,45.00 ,57.00 ,1,50
10331007953,Riyadh,45.00 ,57.00 ,1,50
10331008160,Jeddah,5.00 ,6.00 ,1,50
10331008160,Riyadh,180.00 ,227.00 ,1,50
10331008166,Jeddah,6.00 ,7.00 ,1,50
10331008167,Jeddah,2.00 ,2.00 ,1,50
10331009069,Riyadh,28.00 ,33.00 ,1,50
