Date,Payment_Method,Trx_id,Account_Product_Level,Product_Name,Sub_Account_Channel_POS_Level,Employee_No,Cashier_Name,POS_number,Total_Excluding_Tax,Tax_Amount,Total_Including_Tax
01-Aug-2025,,20250801_100562,57321,Fazaa - Get Tired Playing,40801,,Amal,POS2,0,0,0
01-Aug-2025,,20250801_100564,57321,Fazaa - Get Tired Playing,40801,,Fatima,POS6,0,0,0
01-Aug-2025,,20250801_100568,57321,Fazaa - Get Tired Playing,40801,,Fatima,POS6,0,0,0
01-Aug-2025,,20250801_100569,57321,Fazaa - Get Tired Playing,40801,,Amal,POS2,0,0,0
01-Aug-2025,,20250801_100574,57321,Fazaa - Get Tired Playing,40801,,Fatima,POS6,0,0,0
01-Aug-2025,,20250801_100584,57321,Fazaa - Get Tired Playing,40801,,Amal,POS3,0,0,0
01-Aug-2025,,20250801_100594,57321,Fazaa - Get Tired Playing,40801,,Abdelmoula,POS4,0,0,0
01-Aug-2025,,20250801_100600,57321,Fazaa - Get Tired Playing,40801,,Fatima,POS6,0,0,0
01-Aug-2025,,20250801_100614,57321,Fazaa - Get Tired Playing,40801,,Glory Mae,POS5,0,0,0
01-Aug-2025,,20250801_100623,57321,Fazaa - Get Tired Playing,40801,,Amal,POS3,0,0,0
01-Aug-2025,,20250801_100634,57321,Fazaa - Get Tired Playing,40801,,Abdelmoula,POS4,0,0,0
01-Aug-2025,,20250801_100640,57321,Fazaa - Get Tired Playing,40801,,Amal,POS3,0,0,0
01-Aug-2025,,20250801_100646,57321,Fazaa - Get Tired Playing,40801,,Amal,POS3,0,0,0
01-Aug-2025,,20250801_100647,57321,Fazaa - Get Tired Playing,40801,,Abdelmoula,POS4,0,0,0
01-Aug-2025,,20250801_100660,57321,Fazaa - Get Tired Playing,40801,,Amal,POS3,0,0,0
01-Aug-2025,,20250801_100677,57321,Fazaa - Get Tired Playing,40801,,Sirjana,POS5,0,0,0
01-Aug-2025,Bank Transfer,20250801_100616,57325,Birthday Package A (Adventure ,40801,,Amal,POS3,1914.29,95.714,2010
01-Aug-2025,Cash,20250801_100558,57311,School Add on  - Karting,40801,,Fatima,POS6,76.19,3.81,80
01-Aug-2025,Cash,20250801_100593,51305,Socks,40801,,Sirjana,POS2,9.524,0.476,10
01-Aug-2025,Cash,20250801_100596,51305,Shoe Rent,40801,,Abdelmoula,POS4,14.286,0.714,15
01-Aug-2025,Cash,20250801_100596,57052,Card Deposit,40801,,Abdelmoula,POS4,4.762,0.238,5
01-Aug-2025,Cash,20250801_100596,57322,Multiplex Karting - ADULTS,40801,,Abdelmoula,POS4,360,18,378
01-Aug-2025,Cash,20250801_100606,51305,Socks,40801,,Amal,POS3,9.524,0.476,10
01-Aug-2025,Cash,20250801_100609,57052,Card Deposit,40801,,Sirjana,POS2,4.762,0.238,5
01-Aug-2025,Cash,20250801_100609,57321,Fazaa - Get Tired Playing,40801,,Sirjana,POS2,0,0,0
01-Aug-2025,Cash,20250801_100609,57322,Multiplex Karting - ADULTS,40801,,Sirjana,POS2,120,6,126
01-Aug-2025,Cash,20250801_100630,57162,100 Credit Top Up - Redemption,40801,,Abdelmoula,POS4,95.238,4.762,100
01-Aug-2025,Cash,20250801_100636,57052,Card Deposit,40801,,Amal,POS3,4.762,0.238,5
01-Aug-2025,Cash,20250801_100636,57322,Multiplex Karting - ADULTS - D,40801,,Amal,POS3,200,10,210
01-Aug-2025,Cash,20250801_100667,57321,Discovery Pass Combo to Kartin,40801,,Abdelmoula,POS4,120.905,6.045,126.95
01-Aug-2025,Cash,20250801_100667,57321,Discovery Pass,40801,,Abdelmoula,POS4,287.619,14.381,302
01-Aug-2025,Cash,20250801_100667,57322,Karting Combo to Discovery Pas,40801,,Abdelmoula,POS4,102.905,5.145,108.05
01-Aug-2025,Cash,20250801_100692,57052,Card Deposit,40801,,Sirjana,POS2,4.762,0.238,5
01-Aug-2025,Cash,20250801_100692,57322,Multiplex Karting - ADULTS,40801,,Sirjana,POS2,480,24,504
01-Aug-2025,Cash,20250801_100693,51305,Shoe Rent,40801,,Sirjana,POS2,42.857,2.143,45
01-Aug-2025,Cash,20250801_100693,51305,Socks,40801,,Sirjana,POS2,28.571,1.429,30
01-Aug-2025,Cash;Payment Link,20250801_100675,35204,F&B La Ballena - 35AED,40801,,Sirjana,POS5,100,5,105
01-Aug-2025,Cash;Payment Link,20250801_100675,35204,F&B Trax - 35AED,40801,,Sirjana,POS5,500,25,525
01-Aug-2025,Cash;Payment Link,20250801_100675,57321,Discovery Pass 20% corporate,40801,,Sirjana,POS5,1937.14,96.857,2034
01-Aug-2025,Credit Card,20250801_100559,51605,Graffiti- School Add-on,40801,,Fatima,POS6,29.524,1.476,31
01-Aug-2025,Credit Card,20250801_100559,51605,Slime - School Add-on,40801,,Fatima,POS6,14.286,0.714,15
01-Aug-2025,Credit Card,20250801_100560,57311,School Add on  - Karting,40801,,Fatima,POS6,76.19,3.81,80
01-Aug-2025,Credit Card,20250801_100561,35204,Daily Summer Camp 250AED,40801,,Fatima,POS6,238.095,11.905,250
01-Aug-2025,Credit Card,20250801_100561,35204,F&B La Ballena - 35AED,40801,,Fatima,POS6,33.333,1.667,35
01-Aug-2025,Credit Card,20250801_100561,57311,School Add on  - Karting,40801,,Fatima,POS6,38.095,1.905,40
01-Aug-2025,Credit Card,20250801_100563,57311,School Add on  - Karting,40801,,Fatima,POS6,76.19,3.81,80
01-Aug-2025,Credit Card,20250801_100565,57052,Card Deposit,40801,,Amal,POS2,4.762,0.238,5
01-Aug-2025,Credit Card,20250801_100565,57162,100 Credit Top Up - Redemption,40801,,Amal,POS2,95.238,4.762,100
01-Aug-2025,Credit Card,20250801_100565,57321,Discovery Pass,40801,,Amal,POS2,143.81,7.19,151
01-Aug-2025,Credit Card,20250801_100567,51605,Add Ons - Fluid Art - Small Fl,40801,,Manisha,POS7,213.333,10.667,224
01-Aug-2025,Credit Card,20250801_100570,51305,Socks,40801,,Fatima,POS6,19.048,0.952,20
01-Aug-2025,Credit Card,20250801_100570,57321,Adventure Pass,40801,,Fatima,POS6,188.571,9.429,198
01-Aug-2025,Credit Card,20250801_100570,57323,Toddler Playland Unlimited,40801,,Fatima,POS6,94.286,4.714,99
01-Aug-2025,Credit Card,20250801_100571,57321,Adventure Pass,40801,,Fatima,POS6,377.143,18.857,396
01-Aug-2025,Credit Card,20250801_100572,57321,Discovery Pass,40801,,Abdelmoula,POS4,287.619,14.381,302
01-Aug-2025,Credit Card,20250801_100573,57052,Card Deposit,40801,,Amal,POS3,4.762,0.238,5
01-Aug-2025,Credit Card,20250801_100573,57321,Adventure Pass,40801,,Amal,POS3,188.571,9.429,198
01-Aug-2025,Credit Card,20250801_100573,57321,Get Tired Playing Combo to Kar,40801,,Amal,POS3,271.181,13.559,284.74
01-Aug-2025,Credit Card,20250801_100573,57322,Karting Combo to Get Tired Pla,40801,,Amal,POS3,108.819,5.441,114.26
01-Aug-2025,Credit Card,20250801_100573,57322,Multiplex Karting - ADULTS,40801,,Amal,POS3,120,6,126
01-Aug-2025,Credit Card,20250801_100573,57322,Multiplex Karting - JUNIOR,40801,,Amal,POS3,80,4,84
01-Aug-2025,Credit Card,20250801_100575,57311,School Add on  - Karting,40801,,Abdelmoula,POS4,76.19,3.81,80
01-Aug-2025,Credit Card,20250801_100576,57311,School Add on  - Karting,40801,,Fatima,POS6,76.19,3.81,80
01-Aug-2025,Credit Card,20250801_100577,51605,Add Ons - Fluid Art - Meduim F,40801,,Manisha,POS7,249.524,12.476,262
01-Aug-2025,Credit Card,20250801_100577,51605,Add Ons - Fluid Art - Small Fl,40801,,Manisha,POS7,106.667,5.333,112
01-Aug-2025,Credit Card,20250801_100578,57321,Discovery Pass Combo to Kartin,40801,,Amal,POS3,241.81,12.09,253.9
01-Aug-2025,Credit Card,20250801_100578,57322,Karting Combo to Discovery Pas,40801,,Amal,POS3,205.81,10.29,216.1
01-Aug-2025,Credit Card,20250801_100579,57321,Discovery Pass,40801,,Abdelmoula,POS4,143.81,7.19,151
01-Aug-2025,Credit Card,20250801_100581,57321,Adventure Pass,40801,,Amal,POS3,188.571,9.429,198
01-Aug-2025,Credit Card,20250801_100582,51305,Shoe Rent,40801,,Amal,POS3,14.286,0.714,15
01-Aug-2025,Credit Card,20250801_100582,51305,Socks,40801,,Amal,POS3,9.524,0.476,10
01-Aug-2025,Credit Card,20250801_100583,57321,Thriller Pass,40801,,Abdelmoula,POS4,914.286,45.714,960
01-Aug-2025,Credit Card,20250801_100585,57321,Discovery Pass,40801,,Amal,POS3,143.81,7.19,151
01-Aug-2025,Credit Card,20250801_100586,57162,50 AED Top Up - Redemption,40801,,Abdelmoula,POS4,95.238,4.762,100
01-Aug-2025,Credit Card,20250801_100587,57321,Get Tired Playing Combo to Kar,40801,,Sirjana,POS2,1355.91,67.795,1423.7
01-Aug-2025,Credit Card,20250801_100587,57322,Karting Combo to Get Tired Pla,40801,,Sirjana,POS2,544.095,27.205,571.3
01-Aug-2025,Credit Card,20250801_100588,57052,Card Deposit,40801,,Abdelmoula,POS4,4.762,0.238,5
01-Aug-2025,Credit Card,20250801_100588,57322,Multiplex Karting - ADULTS,40801,,Abdelmoula,POS4,120,6,126
01-Aug-2025,Credit Card,20250801_100588,57322,Multiplex Karting - JUNIOR,40801,,Abdelmoula,POS4,80,4,84
01-Aug-2025,Credit Card,20250801_100589,57052,Card Deposit,40801,,Sirjana,POS2,4.762,0.238,5
01-Aug-2025,Credit Card,20250801_100589,57322,Multiplex Karting - ADULTS - D,40801,,Sirjana,POS2,400,20,420
01-Aug-2025,Credit Card,20250801_100589,57322,Multiplex Karting - Dual Drive,40801,,Sirjana,POS2,149.524,7.476,157
01-Aug-2025,Credit Card,20250801_100590,51305,Shoe Rent,40801,,Abdelmoula,POS4,14.286,0.714,15
01-Aug-2025,Credit Card,20250801_100591,51305,Shoe Rent,40801,,Sirjana,POS2,14.286,0.714,15
01-Aug-2025,Credit Card,20250801_100591,57321,Adventure Pass,40801,,Sirjana,POS2,754.286,37.714,792
01-Aug-2025,Credit Card,20250801_100592,57321,Adventure Pass,40801,,Sirjana,POS2,377.143,18.857,396
01-Aug-2025,Credit Card,20250801_100592,57321,Discovery Pass,40801,,Sirjana,POS2,287.619,14.381,302
01-Aug-2025,Credit Card,20250801_100595,57323,Speed Glider,40801,,Abdelmoula,POS4,36.19,1.81,38
01-Aug-2025,Credit Card,20250801_100597,57321,Discovery Pass Combo to Kartin,40801,,Fatima,POS6,241.81,12.09,253.9
01-Aug-2025,Credit Card,20250801_100597,57322,Karting Combo to Discovery Pas,40801,,Fatima,POS6,205.81,10.29,216.1
01-Aug-2025,Credit Card,20250801_100598,51305,Socks,40801,,Abdelmoula,POS4,9.524,0.476,10
01-Aug-2025,Credit Card,20250801_100599,57321,Adventure Pass,40801,,Fatima,POS6,188.571,9.429,198
01-Aug-2025,Credit Card,20250801_100601,57322,Multiplex Karting - ADULTS,40801,,Sirjana,POS2,120,6,126
01-Aug-2025,Credit Card,20250801_100602,51605,Add Ons - Fluid Art - Small Fl,40801,,Manisha,POS7,106.667,5.333,112
01-Aug-2025,Credit Card,20250801_100602,51605,Add Ons - Spider Man 20 cms,40801,,Manisha,POS7,83.81,4.19,88
01-Aug-2025,Credit Card,20250801_100603,57321,Discovery Pass,40801,,Sirjana,POS2,431.429,21.571,453
01-Aug-2025,Credit Card,20250801_100604,57321,Adventure Pass,40801,,Amal,POS3,188.571,9.429,198
01-Aug-2025,Credit Card,20250801_100604,57321,Get Tired Playing ,40801,,Amal,POS3,897.143,44.857,942
01-Aug-2025,Credit Card,20250801_100605,57322,Multiplex Karting - ADULTS - D,40801,,Glory Mae,POS5,200,10,210
01-Aug-2025,Credit Card,20250801_100607,51305,Shoe Rent,40801,,Glory Mae,POS5,28.571,1.429,30
01-Aug-2025,Credit Card,20250801_100607,51305,Socks,40801,,Glory Mae,POS5,19.048,0.952,20
01-Aug-2025,Credit Card,20250801_100607,57052,Card Deposit,40801,,Glory Mae,POS5,4.762,0.238,5
01-Aug-2025,Credit Card,20250801_100607,57321,Fazaa - Get Tired Playing,40801,,Glory Mae,POS5,0,0,0
01-Aug-2025,Credit Card,20250801_100607,57322,Multiplex Karting - ADULTS - D,40801,,Glory Mae,POS5,200,10,210
01-Aug-2025,Credit Card,20250801_100608,57162,Slime Experience - 41AED,40801,,Manisha,POS7,39.048,1.952,41
01-Aug-2025,Credit Card,20250801_100612,57052,Card Deposit,40801,,Glory Mae,POS5,4.762,0.238,5
01-Aug-2025,Credit Card,20250801_100612,57322,Multiplex Karting - ADULTS - D,40801,,Glory Mae,POS5,400,20,420
01-Aug-2025,Credit Card,20250801_100612,57322,Multiplex Karting - JUNIOR,40801,,Glory Mae,POS5,80,4,84
01-Aug-2025,Credit Card,20250801_100613,57321,Get Tired Playing ,40801,,Sirjana,POS2,299.048,14.952,314
01-Aug-2025,Credit Card,20250801_100613,57321,Get Tired Playing Combo to Kar,40801,,Sirjana,POS2,271.181,13.559,284.74
01-Aug-2025,Credit Card,20250801_100613,57322,Karting Combo to Get Tired Pla,40801,,Sirjana,POS2,108.819,5.441,114.26
01-Aug-2025,Credit Card,20250801_100615,57052,Card Deposit,40801,,Amal,POS3,4.762,0.238,5
01-Aug-2025,Credit Card,20250801_100615,57322,Multiplex Karting - ADULTS,40801,,Amal,POS3,360,18,378
01-Aug-2025,Credit Card,20250801_100617,57162,Slime Experience - 41AED,40801,,Manisha,POS7,39.048,1.952,41
01-Aug-2025,Credit Card,20250801_100618,57322,Multiplex Karting - ADULTS - D,40801,,Glory Mae,POS5,200,10,210
01-Aug-2025,Credit Card,20250801_100619,57052,Card Deposit,40801,,Amal,POS3,4.762,0.238,5
01-Aug-2025,Credit Card,20250801_100619,57322,Multiplex Karting - JUNIOR,40801,,Amal,POS3,160,8,168
01-Aug-2025,Credit Card,20250801_100621,57321,Adventure Pass,40801,,Sirjana,POS2,188.571,9.429,198
01-Aug-2025,Credit Card,20250801_100621,57321,Discovery Pass Combo to Kartin,40801,,Sirjana,POS2,241.81,12.09,253.9
01-Aug-2025,Credit Card,20250801_100621,57321,Toddler Pass,40801,,Sirjana,POS2,99.048,4.952,104
01-Aug-2025,Credit Card,20250801_100621,57322,Karting Combo to Discovery Pas,40801,,Sirjana,POS2,205.81,10.29,216.1
01-Aug-2025,Credit Card,20250801_100624,57322,Multiplex Karting - ADULTS,40801,,Glory Mae,POS5,240,12,252
01-Aug-2025,Credit Card,20250801_100625,57321,Adventure Pass,40801,,Amal,POS3,188.571,9.429,198
01-Aug-2025,Credit Card,20250801_100627,57321,Discovery Pass,40801,,Glory Mae,POS5,287.619,14.381,302
01-Aug-2025,Credit Card,20250801_100629,51305,Socks,40801,,Amal,POS3,9.524,0.476,10
01-Aug-2025,Credit Card,20250801_100629,57321,Thriller Pass,40801,,Amal,POS3,914.286,45.714,960
01-Aug-2025,Credit Card,20250801_100631,57322,Multiplex Karting - ADULTS,40801,,Amal,POS3,120,6,126
01-Aug-2025,Credit Card,20250801_100631,57322,Multiplex Karting - JUNIOR,40801,,Amal,POS3,80,4,84
01-Aug-2025,Credit Card,20250801_100632,57052,Card Deposit,40801,,Abdelmoula,POS4,4.762,0.238,5
01-Aug-2025,Credit Card,20250801_100632,57322,Multiplex Karting - ADULTS,40801,,Abdelmoula,POS4,120,6,126
01-Aug-2025,Credit Card,20250801_100633,57321,Toddler Pass,40801,,Abdelmoula,POS4,297.143,14.857,312
01-Aug-2025,Credit Card,20250801_100635,57321,Fazaa - Get Tired Playing,40801,,Abdelmoula,POS4,0.001,0,0.001
01-Aug-2025,Credit Card,20250801_100635,57323,Toddler Playland Unlimited,40801,,Abdelmoula,POS4,94.286,4.714,99
01-Aug-2025,Credit Card,20250801_100637,57052,Card Deposit,40801,,Abdelmoula,POS4,4.762,0.238,5
01-Aug-2025,Credit Card,20250801_100637,57322,Multiplex Karting - ADULTS,40801,,Abdelmoula,POS4,240,12,252
01-Aug-2025,Credit Card,20250801_100639,57323,Through the Roof,40801,,Abdelmoula,POS4,29.524,1.476,31
01-Aug-2025,Credit Card,20250801_100639,57323,Valo Jump,40801,,Abdelmoula,POS4,14.286,0.714,15
01-Aug-2025,Credit Card,20250801_100641,51305,Socks,40801,,Amal,POS3,19.048,0.952,20
01-Aug-2025,Credit Card,20250801_100642,57052,Card Deposit,40801,,Abdelmoula,POS4,4.762,0.238,5
01-Aug-2025,Credit Card,20250801_100642,57322,Multiplex Karting - Dual Drive,40801,,Abdelmoula,POS4,149.524,7.476,157
01-Aug-2025,Credit Card,20250801_100643,51305,Socks,40801,,Amal,POS3,9.524,0.476,10
01-Aug-2025,Credit Card,20250801_100644,51305,Shoe Rent,40801,,Abdelmoula,POS4,14.286,0.714,15
01-Aug-2025,Credit Card,20250801_100644,51305,Socks,40801,,Abdelmoula,POS4,9.524,0.476,10
01-Aug-2025,Credit Card,20250801_100644,57052,Card Deposit,40801,,Abdelmoula,POS4,4.762,0.238,5
01-Aug-2025,Credit Card,20250801_100644,57322,Multiplex Karting - JUNIOR,40801,,Abdelmoula,POS4,80,4,84
01-Aug-2025,Credit Card,20250801_100645,57321,Discovery Pass,40801,,Amal,POS3,287.619,14.381,302
01-Aug-2025,Credit Card,20250801_100648,57052,Card Deposit,40801,,Amal,POS3,4.762,0.238,5
01-Aug-2025,Credit Card,20250801_100648,57322,Multiplex Karting - ADULTS,40801,,Amal,POS3,240,12,252
01-Aug-2025,Credit Card,20250801_100649,57323,Inflatable 20mins - 29 AED,40801,,Abdelmoula,POS4,27.619,1.381,29
01-Aug-2025,Credit Card,20250801_100649,57323,Through the Roof,40801,,Abdelmoula,POS4,29.524,1.476,31
01-Aug-2025,Credit Card,20250801_100650,57162,Slime Experience - 41AED,40801,,Manisha,POS7,78.095,3.905,82
01-Aug-2025,Credit Card,20250801_100651,57052,Card Deposit,40801,,Abdelmoula,POS4,4.762,0.238,5
01-Aug-2025,Credit Card,20250801_100651,57322,Multiplex Karting - ADULTS,40801,,Abdelmoula,POS4,120,6,126
01-Aug-2025,Credit Card,20250801_100652,57052,Card Deposit,40801,,Amal,POS3,4.762,0.238,5
01-Aug-2025,Credit Card,20250801_100652,57322,Multiplex Karting - ADULTS,40801,,Amal,POS3,240,12,252
01-Aug-2025,Credit Card,20250801_100653,57321,Adventure Pass,40801,,Amal,POS3,188.571,9.429,198
01-Aug-2025,Credit Card,20250801_100654,57323,Inflatable 20mins - 29 AED,40801,,Abdelmoula,POS4,27.619,1.381,29
01-Aug-2025,Credit Card,20250801_100655,57321,Adventure Pass,40801,,Amal,POS3,188.571,9.429,198
01-Aug-2025,Credit Card,20250801_100656,57162,Slime Experience - 41AED,40801,,Manisha,POS7,39.048,1.952,41
01-Aug-2025,Credit Card,20250801_100657,51305,Shoe Rent,40801,,Abdelmoula,POS4,14.286,0.714,15
01-Aug-2025,Credit Card,20250801_100657,51305,Socks,40801,,Abdelmoula,POS4,9.524,0.476,10
01-Aug-2025,Credit Card,20250801_100657,57321,Adventure Pass,40801,,Abdelmoula,POS4,942.857,47.143,990
01-Aug-2025,Credit Card,20250801_100658,57052,Card Deposit,40801,,Amal,POS3,4.762,0.238,5
01-Aug-2025,Credit Card,20250801_100658,57322,Multiplex Karting - ADULTS,40801,,Amal,POS3,240,12,252
01-Aug-2025,Credit Card,20250801_100659,57162,Slime Experience - 41AED,40801,,Manisha,POS7,78.095,3.905,82
01-Aug-2025,Credit Card,20250801_100661,51305,Shoe Rent,40801,,Abdelmoula,POS4,28.571,1.429,30
01-Aug-2025,Credit Card,20250801_100661,51305,Socks,40801,,Abdelmoula,POS4,28.571,1.429,30
01-Aug-2025,Credit Card,20250801_100661,57052,Card Deposit,40801,,Abdelmoula,POS4,4.762,0.238,5
01-Aug-2025,Credit Card,20250801_100661,57322,Multiplex Karting - ADULTS,40801,,Abdelmoula,POS4,360,18,378
01-Aug-2025,Credit Card,20250801_100661,57323,Toddler Playland Unlimited,40801,,Abdelmoula,POS4,94.286,4.714,99
01-Aug-2025,Credit Card,20250801_100662,57052,Card Deposit,40801,,Amal,POS3,4.762,0.238,5
01-Aug-2025,Credit Card,20250801_100662,57322,Multiplex Karting - JUNIOR,40801,,Amal,POS3,160,8,168
01-Aug-2025,Credit Card,20250801_100663,57323,Toddler Playland Unlimited,40801,,Abdelmoula,POS4,94.286,4.714,99
01-Aug-2025,Credit Card,20250801_100664,57323,Carousel,40801,,Abdelmoula,POS4,20,1,21
01-Aug-2025,Credit Card,20250801_100665,51305,Shoe Rent,40801,,Amal,POS3,14.286,0.714,15
01-Aug-2025,Credit Card,20250801_100666,57323,Carousel,40801,,Sirjana,POS5,20,1,21
01-Aug-2025,Credit Card,20250801_100668,57162,Slime Experience - 41AED,40801,,Manisha,POS7,39.048,1.952,41
01-Aug-2025,Credit Card,20250801_100669,57162,Slime Experience - 41AED,40801,,Manisha,POS7,117.143,5.857,123
01-Aug-2025,Credit Card,20250801_100670,57052,Card Deposit,40801,,Sirjana,POS2,4.762,0.238,5
01-Aug-2025,Credit Card,20250801_100670,57322,Multiplex Karting - ADULTS - D,40801,,Sirjana,POS2,400,20,420
01-Aug-2025,Credit Card,20250801_100671,57052,Card Deposit,40801,,Abdelmoula,POS4,4.762,0.238,5
01-Aug-2025,Credit Card,20250801_100671,57322,Multiplex Karting - Dual Drive,40801,,Abdelmoula,POS4,149.524,7.476,157
01-Aug-2025,Credit Card,20250801_100672,57321,Adventure Pass,40801,,Abdelmoula,POS4,377.143,18.857,396
01-Aug-2025,Credit Card,20250801_100673,51305,Socks,40801,,Abdelmoula,POS4,9.524,0.476,10
01-Aug-2025,Credit Card,20250801_100673,57321,Adventure Pass,40801,,Abdelmoula,POS4,188.571,9.429,198
01-Aug-2025,Credit Card,20250801_100674,35204,F&B Trax - 35AED,40801,,Sirjana,POS5,100,5,105
01-Aug-2025,Credit Card,20250801_100674,57321,Discovery Pass 20% corporate,40801,,Sirjana,POS5,322.857,16.143,339
01-Aug-2025,Credit Card,20250801_100676,57052,Card Deposit,40801,,Abdelmoula,POS4,4.762,0.238,5
01-Aug-2025,Credit Card,20250801_100676,57322,Multiplex Karting - ADULTS,40801,,Abdelmoula,POS4,240,12,252
01-Aug-2025,Credit Card,20250801_100678,57052,Card Deposit,40801,,Sirjana,POS5,4.762,0.238,5
01-Aug-2025,Credit Card,20250801_100678,57162,100 Credit Top Up - Redemption,40801,,Sirjana,POS5,95.238,4.762,100
01-Aug-2025,Credit Card,20250801_100678,57321,Discovery Pass,40801,,Sirjana,POS5,143.81,7.19,151
01-Aug-2025,Credit Card,20250801_100679,57052,Card Deposit,40801,,Sirjana,POS5,4.762,0.238,5
01-Aug-2025,Credit Card,20250801_100679,57322,Multiplex Karting - ADULTS,40801,,Sirjana,POS5,240,12,252
01-Aug-2025,Credit Card,20250801_100680,57052,Card Deposit,40801,,Abdelmoula,POS4,4.762,0.238,5
01-Aug-2025,Credit Card,20250801_100680,57162,100 Credit Top Up - Redemption,40801,,Abdelmoula,POS4,95.238,4.762,100
01-Aug-2025,Credit Card,20250801_100681,51305,Shoe Rent,40801,,Sirjana,POS5,14.286,0.714,15
01-Aug-2025,Credit Card,20250801_100682,57321,Discovery Pass,40801,,Sirjana,POS5,143.81,7.19,151
01-Aug-2025,Credit Card,20250801_100683,57162,50 AED Top Up - Redemption,40801,,Sirjana,POS5,47.619,2.381,50
01-Aug-2025,Credit Card,20250801_100684,57321,Discovery Pass Combo to Kartin,40801,,Abdelmoula,POS4,120.905,6.045,126.95
01-Aug-2025,Credit Card,20250801_100684,57322,Karting Combo to Discovery Pas,40801,,Abdelmoula,POS4,102.905,5.145,108.05
01-Aug-2025,Credit Card,20250801_100685,57162,50 AED Top Up - Redemption,40801,,Sirjana,POS5,47.619,2.381,50
01-Aug-2025,Credit Card,20250801_100686,57321,Discovery Pass,40801,,Sirjana,POS5,287.619,14.381,302
01-Aug-2025,Credit Card,20250801_100687,57321,Discovery Pass Combo to Kartin,40801,,Abdelmoula,POS4,120.905,6.045,126.95
01-Aug-2025,Credit Card,20250801_100687,57321,Discovery Pass,40801,,Abdelmoula,POS4,287.619,14.381,302
01-Aug-2025,Credit Card,20250801_100687,57322,Karting Combo to Discovery Pas,40801,,Abdelmoula,POS4,102.905,5.145,108.05
01-Aug-2025,Credit Card,20250801_100688,51305,Socks,40801,,Sirjana,POS2,9.524,0.476,10
01-Aug-2025,Credit Card,20250801_100688,57321,Discovery Pass,40801,,Sirjana,POS2,287.619,14.381,302
01-Aug-2025,Credit Card,20250801_100689,57052,Card Deposit,40801,,Sirjana,POS2,4.762,0.238,5
01-Aug-2025,Credit Card,20250801_100689,57321,Discovery Pass Combo to Kartin,40801,,Sirjana,POS2,241.81,12.09,253.9
01-Aug-2025,Credit Card,20250801_100689,57322,Karting Combo to Discovery Pas,40801,,Sirjana,POS2,205.81,10.29,216.1
01-Aug-2025,Credit Card,20250801_100689,57322,Multiplex Karting - ADULTS,40801,,Sirjana,POS2,120,6,126
01-Aug-2025,Credit Card,20250801_100690,51305,Shoe Rent,40801,,Sirjana,POS2,42.857,2.143,45
01-Aug-2025,Credit Card,20250801_100690,51305,Socks,40801,,Sirjana,POS2,28.571,1.429,30
01-Aug-2025,Credit Card,20250801_100690,57321,Discovery Pass,40801,,Sirjana,POS2,431.429,21.571,453
01-Aug-2025,Credit Card,20250801_100691,57322,Multiplex Karting - JUNIOR,40801,,Sirjana,POS2,160,8,168
01-Aug-2025,Credit Card,20250801_100694,57052,Card Deposit,40801,,Jennilyn,POS3,4.762,0.238,5
01-Aug-2025,Credit Card,20250801_100694,57162,50 AED Top Up - Redemption,40801,,Jennilyn,POS3,47.619,2.381,50
01-Aug-2025,Credit Card,20250801_100695,57052,Card Deposit,40801,,Jennilyn,POS3,4.762,0.238,5
01-Aug-2025,Credit Card,20250801_100695,57162,50 AED Top Up - Redemption,40801,,Jennilyn,POS3,47.619,2.381,50
01-Aug-2025,Credit Card,20250801_100695,57323,Through the Roof,40801,,Jennilyn,POS3,59.048,2.952,62
01-Aug-2025,Credit Card,20250801_100696,57052,Card Deposit,40801,,Jennilyn,POS3,4.762,0.238,5
01-Aug-2025,Credit Card,20250801_100696,57322,Multiplex Karting - ADULTS,40801,,Jennilyn,POS3,360,18,378
01-Aug-2025,Credit Card,20250801_100697,57052,Card Deposit,40801,,Jennilyn,POS3,4.762,0.238,5
01-Aug-2025,Credit Card,20250801_100697,57322,Multiplex Karting - ADULTS,40801,,Jennilyn,POS3,240,12,252
01-Aug-2025,Credit Card,20250801_100698,57162,100 Credit Top Up - Redemption,40801,,Jennilyn,POS3,95.238,4.762,100
01-Aug-2025,Credit Card,20250801_100699,51305,Shoe Rent,40801,,Jennilyn,POS3,28.571,1.429,30
01-Aug-2025,Credit Card,20250801_100699,51305,Socks,40801,,Jennilyn,POS3,19.048,0.952,20
01-Aug-2025,Online Pay,20250801_100638,57321,Adventure Pass,40802, ,External POS,online,537.143,26.857,564
02-Aug-2025,,20250802_100711,57321,Fazaa - Get Tired Playing,40801,,Glory Mae,POS4,0,0,0
02-Aug-2025,,20250802_100725,57321,Fazaa - Get Tired Playing,40801,,Abdelmoula,POS3,0,0,0
02-Aug-2025,,20250802_100727,57321,Fazaa - Get Tired Playing,40801,,Fatima,POS6,0,0,0
02-Aug-2025,,20250802_100728,57321,Fazaa - Get Tired Playing,40801,,Abdelmoula,POS3,0,0,0
02-Aug-2025,,20250802_100729,57321,Fazaa - Get Tired Playing,40801,,Fatima,POS6,0,0,0
02-Aug-2025,,20250802_100730,57321,Fazaa - Get Tired Playing,40801,,Abdelmoula,POS3,0,0,0
02-Aug-2025,,20250802_100731,57321,Fazaa - Get Tired Playing,40801,,Abdelmoula,POS3,0,0,0
02-Aug-2025,,20250802_100734,57321,Fazaa - Get Tired Playing,40801,,Abdelmoula,POS3,0,0,0
02-Aug-2025,,20250802_100737,57321,Fazaa - Get Tired Playing,40801,,Glory Mae,POS4,0,0,0
02-Aug-2025,,20250802_100739,57321,Fazaa - Get Tired Playing,40801,,Abdelmoula,POS3,0,0,0
02-Aug-2025,,20250802_100742,57321,Fazaa - Get Tired Playing,40801,,Abdelmoula,POS3,0,0,0
02-Aug-2025,,20250802_100743,57321,Fazaa - Get Tired Playing,40801,,Fatima,POS6,0,0,0
02-Aug-2025,,20250802_100746,57321,Fazaa - Get Tired Playing,40801,,Fatima,POS6,0,0,0
02-Aug-2025,,20250802_100747,57321,Fazaa - Get Tired Playing,40801,,Abdelmoula,POS3,0,0,0
02-Aug-2025,,20250802_100749,57321,Fazaa - Get Tired Playing,40801,,Abdelmoula,POS3,0,0,0
02-Aug-2025,,20250802_100770,57321,Fazaa - Get Tired Playing,40801,,Sirjana,POS2,0,0,0
02-Aug-2025,,20250802_100775,57321,Fazaa - Get Tired Playing,40801,,Abdelmoula,POS3,0,0,0
02-Aug-2025,,20250802_100782,57321,Fazaa - Get Tired Playing,40801,,Abdelmoula,POS3,0,0,0
02-Aug-2025,,20250802_100783,57321,Fazaa - Get Tired Playing,40801,,Sirjana,POS2,0,0,0
02-Aug-2025,,20250802_100789,57321,Fazaa - Get Tired Playing,40801,,Fatima,POS6,0,0,0
02-Aug-2025,,20250802_100791,57321,Fazaa - Get Tired Playing,40801,,Fatima,POS6,0,0,0
02-Aug-2025,,20250802_100794,57321,Fazaa - Get Tired Playing,40801,,Glory Mae,POS4,0,0,0
02-Aug-2025,,20250802_100795,57321,Fazaa - Get Tired Playing,40801,,Sirjana,POS2,0,0,0
02-Aug-2025,,20250802_100798,57321,Fazaa - Get Tired Playing,40801,,Sirjana,POS2,0,0,0
02-Aug-2025,,20250802_100799,57321,Fazaa - Get Tired Playing,40801,,Sirjana,POS2,0,0,0
02-Aug-2025,,20250802_100806,57321,Fazaa - Get Tired Playing,40801,,Sirjana,POS2,0,0,0
02-Aug-2025,,20250802_100809,57321,Fazaa - Get Tired Playing,40801,,Sirjana,POS2,0,0,0
02-Aug-2025,,20250802_100814,57321,Fazaa - Get Tired Playing,40801,,Abdelmoula,POS3,0,0,0
02-Aug-2025,,20250802_100826,57321,Fazaa - Get Tired Playing,40801,,Abdelmoula,POS3,0,0,0
02-Aug-2025,,20250802_100836,57321,Fazaa - Get Tired Playing,40801,,Glory Mae,POS4,0,0,0
02-Aug-2025,,20250802_100846,57321,Fazaa - Get Tired Playing,40801,,Abdelmoula,POS3,0,0,0
02-Aug-2025,,20250802_100852,57321,Fazaa - Get Tired Playing,40801,,Jennilyn,POS5,0,0,0
02-Aug-2025,,20250802_100853,57321,Fazaa - Get Tired Playing,40801,,Sirjana,POS4,0,0,0
02-Aug-2025,,20250802_100856,57321,Fazaa - Get Tired Playing,40801,,Jennilyn,POS5,0,0,0
02-Aug-2025,,20250802_100864,57321,Fazaa - Get Tired Playing,40801,,Jennilyn,POS5,0,0,0
02-Aug-2025,,20250802_100875,57321,Fazaa - Get Tired Playing,40801, ,Karleane,POS3,0,0,0
02-Aug-2025,Cash,20250802_100721,57323,Lockers ,40801,,Abdelmoula,POS3,9.524,0.476,10
02-Aug-2025,Cash,20250802_100733,57052,Card Deposit,40801,,Abdelmoula,POS3,4.762,0.238,5
02-Aug-2025,Cash,20250802_100733,57322,Multiplex Karting - ADULTS,40801,,Abdelmoula,POS3,240,12,252
02-Aug-2025,Cash,20250802_100736,57321,Discovery Pass,40801,,Abdelmoula,POS3,287.619,14.381,302
02-Aug-2025,Cash,20250802_100788,57162,50 AED Top Up - Redemption,40801,,Fatima,POS6,47.619,2.381,50
02-Aug-2025,Cash,20250802_100792,57321,Thriller Pass,40801,,Glory Mae,POS4,228.571,11.429,240
02-Aug-2025,Cash,20250802_100801,51305,Shoe Rent,40801,,Glory Mae,POS4,14.286,0.714,15
02-Aug-2025,Cash,20250802_100801,51305,Socks,40801,,Glory Mae,POS4,9.524,0.476,10
02-Aug-2025,Cash,20250802_100815,51305,Socks,40801,,Abdelmoula,POS3,9.524,0.476,10
02-Aug-2025,Cash,20250802_100831,51305,Socks,40801,,Abdelmoula,POS3,9.524,0.476,10
02-Aug-2025,Cash,20250802_100854,51305,Shoe Rent,40801,,Jennilyn,POS5,14.286,0.714,15
02-Aug-2025,Cash,20250802_100854,51305,Socks,40801,,Jennilyn,POS5,9.524,0.476,10
02-Aug-2025,Cash,20250802_100877,57323,Lockers ,40801, ,Karleane,POS3,9.524,0.476,10
02-Aug-2025,Cash,20250802_100884,57162,50 AED Top Up - Redemption,40801,,Sirjana,POS4,47.619,2.381,50
02-Aug-2025,Cash,20250802_100885,57162,50 AED Top Up - Redemption,40801,,Sirjana,POS4,47.619,2.381,50
02-Aug-2025,Cash;Credit Card,20250802_100823,51305,Jump Suit,40801,,Abdelmoula,POS3,19.048,0.952,20
02-Aug-2025,Cash;Credit Card,20250802_100823,51305,Socks,40801,,Abdelmoula,POS3,9.524,0.476,10
02-Aug-2025,Cash;Credit Card,20250802_100823,57321,Discovery Pass,40801,,Abdelmoula,POS3,575.238,28.762,604
02-Aug-2025,Cash;Credit Card,20250802_100840,51305,Shoe Rent,40801,,Glory Mae,POS4,14.286,0.714,15
02-Aug-2025,Cash;Credit Card,20250802_100840,51305,Socks,40801,,Glory Mae,POS4,9.524,0.476,10
02-Aug-2025,Cash;Credit Card,20250802_100840,57321,Discovery Pass Combo to Kartin,40801,,Glory Mae,POS4,120.905,6.045,126.95
02-Aug-2025,Cash;Credit Card,20250802_100840,57321,Discovery Pass,40801,,Glory Mae,POS4,143.81,7.19,151
02-Aug-2025,Cash;Credit Card,20250802_100840,57322,Karting Combo to Discovery Pas,40801,,Glory Mae,POS4,102.905,5.145,108.05
02-Aug-2025,Credit Card Adjustment,20250802_100824,57162,50 AED Top Up - Redemption,40801,,Sirjana,POS2,47.619,2.381,50
02-Aug-2025,Credit Card Adjustment,20250802_100824,57321,Discovery Pass,40801,,Sirjana,POS2,143.81,7.19,151
02-Aug-2025,Credit Card Adjustment,20250802_100827,57321,Discovery Pass Combo to Kartin,40801,,Sirjana,POS2,120.905,6.045,126.95
02-Aug-2025,Credit Card Adjustment,20250802_100827,57322,Karting Combo to Discovery Pas,40801,,Sirjana,POS2,102.905,5.145,108.05
02-Aug-2025,Credit Card Adjustment,20250802_100833,57052,Card Deposit,40801,,Sirjana,POS2,4.762,0.238,5
02-Aug-2025,Credit Card Adjustment,20250802_100833,57321,Get Tired Playing ,40801,,Sirjana,POS2,299.048,14.952,314
02-Aug-2025,Credit Card Adjustment,20250802_100833,57321,Get Tired Playing Combo to Kar,40801,,Sirjana,POS2,271.181,13.559,284.74
02-Aug-2025,Credit Card Adjustment,20250802_100833,57322,Karting Combo to Get Tired Pla,40801,,Sirjana,POS2,108.819,5.441,114.26
02-Aug-2025,Credit Card Adjustment,20250802_100833,57322,Multiplex Karting - ADULTS,40801,,Sirjana,POS2,360,18,378
02-Aug-2025,Credit Card Adjustment,20250802_100837,57162,50 AED Top Up - Redemption,40801,,Sirjana,POS2,47.619,2.381,50
02-Aug-2025,Credit Card,20250802_100703,57052,Card Deposit,40801,,Fatima,POS6,4.762,0.238,5
02-Aug-2025,Credit Card,20250802_100703,57321,Fazaa - Get Tired Playing,40801,,Fatima,POS6,0.001,0,0.001
02-Aug-2025,Credit Card,20250802_100703,57322,Multiplex Karting - ADULTS,40801,,Fatima,POS6,120,6,126
02-Aug-2025,Credit Card,20250802_100703,57322,Multiplex Karting - Dual Drive,40801,,Fatima,POS6,149.524,7.476,157
02-Aug-2025,Credit Card,20250802_100703,57322,Multiplex Karting - JUNIOR,40801,,Fatima,POS6,80,4,84
02-Aug-2025,Credit Card,20250802_100704,57052,Card Deposit,40801,,Fatima,POS6,4.762,0.238,5
02-Aug-2025,Credit Card,20250802_100704,57322,Multiplex Karting - ADULTS,40801,,Fatima,POS6,240,12,252
02-Aug-2025,Credit Card,20250802_100705,51305,Shoe Rent,40801,,Fatima,POS6,28.571,1.429,30
02-Aug-2025,Credit Card,20250802_100705,51305,Socks,40801,,Fatima,POS6,19.048,0.952,20
02-Aug-2025,Credit Card,20250802_100706,51305,Shoe Rent,40801,,Fatima,POS6,14.286,0.714,15
02-Aug-2025,Credit Card,20250802_100706,51305,Socks,40801,,Fatima,POS6,9.524,0.476,10
02-Aug-2025,Credit Card,20250802_100706,57052,Card Deposit,40801,,Fatima,POS6,4.762,0.238,5
02-Aug-2025,Credit Card,20250802_100706,57321,Discovery Pass,40801,,Fatima,POS6,143.81,7.19,151
02-Aug-2025,Credit Card,20250802_100706,57322,Multiplex Karting - ADULTS,40801,,Fatima,POS6,120,6,126
02-Aug-2025,Credit Card,20250802_100706,57322,Multiplex Karting - Dual Drive,40801,,Fatima,POS6,149.524,7.476,157
02-Aug-2025,Credit Card,20250802_100707,57162,100 Credit Top Up - Redemption,40801,,Fatima,POS6,95.238,4.762,100
02-Aug-2025,Credit Card,20250802_100708,57321,Adventure Pass,40801,,Fatima,POS6,377.143,18.857,396
02-Aug-2025,Credit Card,20250802_100709,57321,Thriller Pass,40801,,Fatima,POS6,457.143,22.857,480
02-Aug-2025,Credit Card,20250802_100710,51305,Shoe Rent,40801,,Glory Mae,POS4,14.286,0.714,15
02-Aug-2025,Credit Card,20250802_100710,51305,Socks,40801,,Glory Mae,POS4,9.524,0.476,10
02-Aug-2025,Credit Card,20250802_100712,57321,Get Tired Playing ,40801,,Fatima,POS6,299.048,14.952,314
02-Aug-2025,Credit Card,20250802_100713,57321,Thriller Pass,40801,,Fatima,POS6,685.714,34.286,720
02-Aug-2025,Credit Card,20250802_100714,57052,Card Deposit,40801,,Fatima,POS6,4.762,0.238,5
02-Aug-2025,Credit Card,20250802_100714,57321,Thriller Pass,40801,,Fatima,POS6,457.143,22.857,480
02-Aug-2025,Credit Card,20250802_100714,57322,Multiplex Karting - ADULTS,40801,,Fatima,POS6,120,6,126
02-Aug-2025,Credit Card,20250802_100714,57322,Multiplex Karting - JUNIOR,40801,,Fatima,POS6,80,4,84
02-Aug-2025,Credit Card,20250802_100715,57162,100 Credit Top Up - Redemption,40801,,Fatima,POS6,95.238,4.762,100
02-Aug-2025,Credit Card,20250802_100716,51305,Socks,40801,,Abdelmoula,POS3,19.048,0.952,20
02-Aug-2025,Credit Card,20250802_100716,57321,Discovery Pass,40801,,Abdelmoula,POS3,287.619,14.381,302
02-Aug-2025,Credit Card,20250802_100716,57321,Toddler Pass,40801,,Abdelmoula,POS3,99.048,4.952,104
02-Aug-2025,Credit Card,20250802_100717,57321,Discovery Pass,40801,,Abdelmoula,POS3,143.81,7.19,151
02-Aug-2025,Credit Card,20250802_100718,57052,Card Deposit,40801,,Abdelmoula,POS3,4.762,0.238,5
02-Aug-2025,Credit Card,20250802_100718,57321,Discovery Pass Combo to Kartin,40801,,Abdelmoula,POS3,120.905,6.045,126.95
02-Aug-2025,Credit Card,20250802_100718,57322,Karting Combo to Discovery Pas,40801,,Abdelmoula,POS3,102.905,5.145,108.05
02-Aug-2025,Credit Card,20250802_100718,57322,Multiplex Karting - ADULTS,40801,,Abdelmoula,POS3,120,6,126
02-Aug-2025,Credit Card,20250802_100719,57321,Discovery Pass Combo to Kartin,40801,,Abdelmoula,POS3,120.905,6.045,126.95
02-Aug-2025,Credit Card,20250802_100719,57322,Karting Combo to Discovery Pas,40801,,Abdelmoula,POS3,102.905,5.145,108.05
02-Aug-2025,Credit Card,20250802_100720,57052,Card Deposit,40801,,Fatima,POS6,4.762,0.238,5
02-Aug-2025,Credit Card,20250802_100720,57322,Multiplex Karting - ADULTS,40801,,Fatima,POS6,240,12,252
02-Aug-2025,Credit Card,20250802_100722,57321,Fazaa - Get Tired Playing,40801,,Abdelmoula,POS3,0,0,0
02-Aug-2025,Credit Card,20250802_100722,57323,Toddler Playland Unlimited,40801,,Abdelmoula,POS3,94.286,4.714,99
02-Aug-2025,Credit Card,20250802_100723,57052,Card Deposit,40801,,Abdelmoula,POS3,4.762,0.238,5
02-Aug-2025,Credit Card,20250802_100723,57321,Fazaa - Get Tired Playing,40801,,Abdelmoula,POS3,0.001,0,0.001
02-Aug-2025,Credit Card,20250802_100723,57322,Multiplex Karting - ADULTS,40801,,Abdelmoula,POS3,240,12,252
02-Aug-2025,Credit Card,20250802_100723,57322,Multiplex Karting - JUNIOR,40801,,Abdelmoula,POS3,80,4,84
02-Aug-2025,Credit Card,20250802_100724,51305,Shoe Rent,40801,,Fatima,POS6,14.286,0.714,15
02-Aug-2025,Credit Card,20250802_100724,51305,Socks,40801,,Fatima,POS6,9.524,0.476,10
02-Aug-2025,Credit Card,20250802_100724,57052,Card Deposit,40801,,Fatima,POS6,4.762,0.238,5
02-Aug-2025,Credit Card,20250802_100724,57322,Multiplex Karting - ADULTS,40801,,Fatima,POS6,240,12,252
02-Aug-2025,Credit Card,20250802_100726,57321,Get Tired Playing ,40801,,Fatima,POS6,299.048,14.952,314
02-Aug-2025,Credit Card,20250802_100732,57052,Card Deposit,40801,,Abdelmoula,POS3,4.762,0.238,5
02-Aug-2025,Credit Card,20250802_100732,57322,Multiplex Karting - ADULTS,40801,,Abdelmoula,POS3,240,12,252
02-Aug-2025,Credit Card,20250802_100735,57052,Card Deposit,40801,,Abdelmoula,POS3,4.762,0.238,5
02-Aug-2025,Credit Card,20250802_100735,57162,50 AED Top Up - Redemption,40801,,Abdelmoula,POS3,47.619,2.381,50
02-Aug-2025,Credit Card,20250802_100735,57322,Multiplex Karting - ADULTS,40801,,Abdelmoula,POS3,120,6,126
02-Aug-2025,Credit Card,20250802_100738,57162,50 AED Top Up - Redemption,40801,,Glory Mae,POS4,47.619,2.381,50
02-Aug-2025,Credit Card,20250802_100740,51305,Shoe Rent,40801,,Fatima,POS6,14.286,0.714,15
02-Aug-2025,Credit Card,20250802_100740,51305,Socks,40801,,Fatima,POS6,9.524,0.476,10
02-Aug-2025,Credit Card,20250802_100740,57321,Discovery Pass Combo to Kartin,40801,,Fatima,POS6,241.81,12.09,253.9
02-Aug-2025,Credit Card,20250802_100740,57322,Karting Combo to Discovery Pas,40801,,Fatima,POS6,205.81,10.29,216.1
02-Aug-2025,Credit Card,20250802_100741,57052,Card Deposit,40801,,Abdelmoula,POS3,4.762,0.238,5
02-Aug-2025,Credit Card,20250802_100741,57322,Multiplex Karting - ADULTS - D,40801,,Abdelmoula,POS3,400,20,420
02-Aug-2025,Credit Card,20250802_100744,57321,Discovery Pass Combo to Kartin,40801,,Abdelmoula,POS3,241.81,12.09,253.9
02-Aug-2025,Credit Card,20250802_100744,57322,Karting Combo to Discovery Pas,40801,,Abdelmoula,POS3,205.81,10.29,216.1
02-Aug-2025,Credit Card,20250802_100745,57323,Entertainer Inflatable 1 Hour,40801,,Abdelmoula,POS3,94.286,4.714,99
02-Aug-2025,Credit Card,20250802_100748,51305,Socks,40801,,Abdelmoula,POS3,9.524,0.476,10
02-Aug-2025,Credit Card,20250802_100748,57321,Fazaa - Get Tired Playing,40801,,Abdelmoula,POS3,0,0,0
02-Aug-2025,Credit Card,20250802_100750,57052,Card Deposit,40801,,Sirjana,POS2,4.762,0.238,5
02-Aug-2025,Credit Card,20250802_100750,57322,Multiplex Karting - JUNIOR,40801,,Sirjana,POS2,240,12,252
02-Aug-2025,Credit Card,20250802_100751,57321,Discovery Pass,40801,,Sirjana,POS2,143.81,7.19,151
02-Aug-2025,Credit Card,20250802_100752,57321,Discovery Pass Combo to Kartin,40801,,Sirjana,POS2,120.905,6.045,126.95
02-Aug-2025,Credit Card,20250802_100752,57321,POD - Discovery Pass - 70.50 A,40801,,Sirjana,POS2,67.143,3.357,70.5
02-Aug-2025,Credit Card,20250802_100752,57322,Karting Combo to Discovery Pas,40801,,Sirjana,POS2,102.905,5.145,108.05
02-Aug-2025,Credit Card,20250802_100752,57322,Multiplex Karting - JUNIOR,40801,,Sirjana,POS2,80,4,84
02-Aug-2025,Credit Card,20250802_100753,57321,Discovery Pass,40801,,Sirjana,POS2,287.619,14.381,302
02-Aug-2025,Credit Card,20250802_100754,51305,Shoe Rent,40801,,Sirjana,POS2,14.286,0.714,15
02-Aug-2025,Credit Card,20250802_100754,51305,Socks,40801,,Sirjana,POS2,9.524,0.476,10
02-Aug-2025,Credit Card,20250802_100754,57321,Fazaa - Get Tired Playing,40801,,Sirjana,POS2,0,0,0
02-Aug-2025,Credit Card,20250802_100755,51305,Shoe Rent,40801,,Sirjana,POS2,28.571,1.429,30
02-Aug-2025,Credit Card,20250802_100755,51305,Socks,40801,,Sirjana,POS2,19.048,0.952,20
02-Aug-2025,Credit Card,20250802_100755,57052,Card Deposit,40801,,Sirjana,POS2,4.762,0.238,5
02-Aug-2025,Credit Card,20250802_100755,57322,Multiplex Karting - ADULTS,40801,,Sirjana,POS2,240,12,252
02-Aug-2025,Credit Card,20250802_100756,51305,Socks,40801,,Abdelmoula,POS3,9.524,0.476,10
02-Aug-2025,Credit Card,20250802_100756,57052,Card Deposit,40801,,Abdelmoula,POS3,4.762,0.238,5
02-Aug-2025,Credit Card,20250802_100756,57321,Adventure Pass,40801,,Abdelmoula,POS3,188.571,9.429,198
02-Aug-2025,Credit Card,20250802_100756,57322,Multiplex Karting - ADULTS,40801,,Abdelmoula,POS3,120,6,126
02-Aug-2025,Credit Card,20250802_100757,57321,Discovery Pass Combo to Kartin,40801,,Sirjana,POS2,241.81,12.09,253.9
02-Aug-2025,Credit Card,20250802_100757,57321,Discovery Pass,40801,,Sirjana,POS2,143.81,7.19,151
02-Aug-2025,Credit Card,20250802_100757,57322,Karting Combo to Discovery Pas,40801,,Sirjana,POS2,205.81,10.29,216.1
02-Aug-2025,Credit Card,20250802_100757,57322,Multiplex Karting - Dual Drive,40801,,Sirjana,POS2,149.524,7.476,157
02-Aug-2025,Credit Card,20250802_100758,57321,Discovery Pass Combo to Kartin,40801,,Sirjana,POS2,241.81,12.09,253.9
02-Aug-2025,Credit Card,20250802_100758,57322,Karting Combo to Discovery Pas,40801,,Sirjana,POS2,205.81,10.29,216.1
02-Aug-2025,Credit Card,20250802_100760,57321,Adventure Pass,40801,,Abdelmoula,POS3,754.286,37.714,792
02-Aug-2025,Credit Card,20250802_100761,51305,Shoe Rent,40801,,Jennilyn,POS5,14.286,0.714,15
02-Aug-2025,Credit Card,20250802_100762,51305,Socks,40801,,Sirjana,POS2,9.524,0.476,10
02-Aug-2025,Credit Card,20250802_100762,57321,Discovery Pass Combo to Kartin,40801,,Sirjana,POS2,120.905,6.045,126.95
02-Aug-2025,Credit Card,20250802_100762,57321,Discovery Pass,40801,,Sirjana,POS2,143.81,7.19,151
02-Aug-2025,Credit Card,20250802_100762,57322,Karting Combo to Discovery Pas,40801,,Sirjana,POS2,102.905,5.145,108.05
02-Aug-2025,Credit Card,20250802_100763,51305,Shoe Rent,40801,,Abdelmoula,POS3,14.286,0.714,15
02-Aug-2025,Credit Card,20250802_100763,51305,Socks,40801,,Abdelmoula,POS3,9.524,0.476,10
02-Aug-2025,Credit Card,20250802_100763,57052,Card Deposit,40801,,Abdelmoula,POS3,4.762,0.238,5
02-Aug-2025,Credit Card,20250802_100763,57322,Multiplex Karting - ADULTS,40801,,Abdelmoula,POS3,120,6,126
02-Aug-2025,Credit Card,20250802_100763,57322,Multiplex Karting - JUNIOR,40801,,Abdelmoula,POS3,80,4,84
02-Aug-2025,Credit Card,20250802_100764,51305,Shoe Rent,40801,,Jennilyn,POS5,28.571,1.429,30
02-Aug-2025,Credit Card,20250802_100765,57321,Discovery Pass,40801,,Abdelmoula,POS3,431.429,21.571,453
02-Aug-2025,Credit Card,20250802_100766,57052,Card Deposit,40801,,Abdelmoula,POS3,4.762,0.238,5
02-Aug-2025,Credit Card,20250802_100766,57321,Discovery Pass,40801,,Abdelmoula,POS3,143.81,7.19,151
02-Aug-2025,Credit Card,20250802_100766,57322,Multiplex Karting - ADULTS,40801,,Abdelmoula,POS3,360,18,378
02-Aug-2025,Credit Card,20250802_100767,51305,Shoe and Locker Rent,40801,,Jennilyn,POS5,19.048,0.952,20
02-Aug-2025,Credit Card,20250802_100767,51305,Socks,40801,,Jennilyn,POS5,9.524,0.476,10
02-Aug-2025,Credit Card,20250802_100767,57321,Discovery Pass Combo to Kartin,40801,,Jennilyn,POS5,120.905,6.045,126.95
02-Aug-2025,Credit Card,20250802_100767,57322,Karting Combo to Discovery Pas,40801,,Jennilyn,POS5,102.905,5.145,108.05
02-Aug-2025,Credit Card,20250802_100768,57052,Card Deposit,40801,,Sirjana,POS2,4.762,0.238,5
02-Aug-2025,Credit Card,20250802_100768,57322,Multiplex Karting - ADULTS,40801,,Sirjana,POS2,360,18,378
02-Aug-2025,Credit Card,20250802_100769,51305,Socks,40801,,Jennilyn,POS5,9.524,0.476,10
02-Aug-2025,Credit Card,20250802_100769,57321,Discovery Pass Combo to Kartin,40801,,Jennilyn,POS5,120.905,6.045,126.95
02-Aug-2025,Credit Card,20250802_100769,57322,Karting Combo to Discovery Pas,40801,,Jennilyn,POS5,102.905,5.145,108.05
02-Aug-2025,Credit Card,20250802_100771,51305,Shoe Rent,40801,,Glory Mae,POS4,14.286,0.714,15
02-Aug-2025,Credit Card,20250802_100771,51305,Socks,40801,,Glory Mae,POS4,9.524,0.476,10
02-Aug-2025,Credit Card,20250802_100771,57052,Card Deposit,40801,,Glory Mae,POS4,4.762,0.238,5
02-Aug-2025,Credit Card,20250802_100771,57322,Multiplex Karting - ADULTS,40801,,Glory Mae,POS4,360,18,378
02-Aug-2025,Credit Card,20250802_100772,51305,Shoe Rent,40801,,Jennilyn,POS5,14.286,0.714,15
02-Aug-2025,Credit Card,20250802_100772,51305,Socks,40801,,Jennilyn,POS5,9.524,0.476,10
02-Aug-2025,Credit Card,20250802_100772,57321,Discovery Pass Combo to Kartin,40801,,Jennilyn,POS5,120.905,6.045,126.95
02-Aug-2025,Credit Card,20250802_100772,57322,Karting Combo to Discovery Pas,40801,,Jennilyn,POS5,102.905,5.145,108.05
02-Aug-2025,Credit Card,20250802_100773,51305,Shoe Rent,40801,,Jennilyn,POS5,28.571,1.429,30
02-Aug-2025,Credit Card,20250802_100773,51305,Socks,40801,,Jennilyn,POS5,19.048,0.952,20
02-Aug-2025,Credit Card,20250802_100773,57052,Card Deposit,40801,,Jennilyn,POS5,4.762,0.238,5
02-Aug-2025,Credit Card,20250802_100773,57321,Discovery Pass Combo to Kartin,40801,,Jennilyn,POS5,120.905,6.045,126.95
02-Aug-2025,Credit Card,20250802_100773,57322,Karting Combo to Discovery Pas,40801,,Jennilyn,POS5,102.905,5.145,108.05
02-Aug-2025,Credit Card,20250802_100773,57322,Multiplex Karting - ADULTS,40801,,Jennilyn,POS5,120,6,126
02-Aug-2025,Credit Card,20250802_100774,57052,Card Deposit,40801,,Fatima,POS6,4.762,0.238,5
02-Aug-2025,Credit Card,20250802_100774,57322,Multiplex Karting - ADULTS,40801,,Fatima,POS6,480,24,504
02-Aug-2025,Credit Card,20250802_100776,51305,Shoe Rent,40801,,Glory Mae,POS4,28.571,1.429,30
02-Aug-2025,Credit Card,20250802_100777,57162,Slime Experience - 41AED,40801,,Manisha,POS7,39.048,1.952,41
02-Aug-2025,Credit Card,20250802_100778,51305,Shoe Rent,40801,,Fatima,POS6,14.286,0.714,15
02-Aug-2025,Credit Card,20250802_100778,51305,Socks,40801,,Fatima,POS6,9.524,0.476,10
02-Aug-2025,Credit Card,20250802_100779,51305,Shoe Rent,40801,,Abdelmoula,POS3,14.286,0.714,15
02-Aug-2025,Credit Card,20250802_100780,51305,Socks,40801,,Sirjana,POS2,19.048,0.952,20
02-Aug-2025,Credit Card,20250802_100780,57321,Discovery Pass,40801,,Sirjana,POS2,431.429,21.571,453
02-Aug-2025,Credit Card,20250802_100781,57321,Discovery Pass Combo to Kartin,40801,,Jennilyn,POS5,120.905,6.045,126.95
02-Aug-2025,Credit Card,20250802_100781,57322,Karting Combo to Discovery Pas,40801,,Jennilyn,POS5,102.905,5.145,108.05
02-Aug-2025,Credit Card,20250802_100784,57052,Card Deposit,40801,,Fatima,POS6,4.762,0.238,5
02-Aug-2025,Credit Card,20250802_100784,57321,Fazaa - Get Tired Playing,40801,,Fatima,POS6,0,0,0
02-Aug-2025,Credit Card,20250802_100784,57322,Multiplex Karting - ADULTS,40801,,Fatima,POS6,240,12,252
02-Aug-2025,Credit Card,20250802_100785,51605,Add Ons - Fluid Art - Small Fl,40801,,Manisha,POS7,106.667,5.333,112
02-Aug-2025,Credit Card,20250802_100786,57052,Card Deposit,40801,,Glory Mae,POS4,4.762,0.238,5
02-Aug-2025,Credit Card,20250802_100786,57322,Multiplex Karting - Dual Drive,40801,,Glory Mae,POS4,149.524,7.476,157
02-Aug-2025,Credit Card,20250802_100790,57321,Discovery Pass,40801,,Glory Mae,POS4,143.81,7.19,151
02-Aug-2025,Credit Card,20250802_100790,57321,Fazaa - Get Tired Playing,40801,,Glory Mae,POS4,0,0,0
02-Aug-2025,Credit Card,20250802_100793,57321,Discovery Pass,40801,,Sirjana,POS2,143.81,7.19,151
02-Aug-2025,Credit Card,20250802_100796,57052,Card Deposit,40801,,Fatima,POS6,4.762,0.238,5
02-Aug-2025,Credit Card,20250802_100796,57162,100 Credit Top Up - Redemption,40801,,Fatima,POS6,95.238,4.762,100
02-Aug-2025,Credit Card,20250802_100796,57321,Discovery Pass Combo to Kartin,40801,,Fatima,POS6,241.81,12.09,253.9
02-Aug-2025,Credit Card,20250802_100796,57322,Karting Combo to Discovery Pas,40801,,Fatima,POS6,205.81,10.29,216.1
02-Aug-2025,Credit Card,20250802_100796,57322,Multiplex Karting - ADULTS,40801,,Fatima,POS6,120,6,126
02-Aug-2025,Credit Card,20250802_100797,57162,100 Credit Top Up - Redemption,40801,,Glory Mae,POS4,95.238,4.762,100
02-Aug-2025,Credit Card,20250802_100800,57321,Discovery Pass,40801,,Sirjana,POS2,143.81,7.19,151
02-Aug-2025,Credit Card,20250802_100802,57321,Discovery Pass,40801,,Fatima,POS6,287.619,14.381,302
02-Aug-2025,Credit Card,20250802_100803,57321,Adventure Pass,40801,,Sirjana,POS2,188.571,9.429,198
02-Aug-2025,Credit Card,20250802_100804,57321,Adventure Pass,40801,,Sirjana,POS2,188.571,9.429,198
02-Aug-2025,Credit Card,20250802_100805,57052,Card Deposit,40801,,Glory Mae,POS4,4.762,0.238,5
02-Aug-2025,Credit Card,20250802_100805,57162,100 Credit Top Up - Redemption,40801,,Glory Mae,POS4,95.238,4.762,100
02-Aug-2025,Credit Card,20250802_100807,57321,Discovery Pass,40801,,Fatima,POS6,143.81,7.19,151
02-Aug-2025,Credit Card,20250802_100808,57162,Slime Experience - 41AED,40801,,Manisha,POS7,39.048,1.952,41
02-Aug-2025,Credit Card,20250802_100810,51305,Shoe Rent,40801,,Sirjana,POS2,28.571,1.429,30
02-Aug-2025,Credit Card,20250802_100810,51305,Socks,40801,,Sirjana,POS2,19.048,0.952,20
02-Aug-2025,Credit Card,20250802_100812,57321,Thriller Pass,40801,,Fatima,POS6,457.143,22.857,480
02-Aug-2025,Credit Card,20250802_100816,57162,50 AED Top Up - Redemption,40801,,Abdelmoula,POS3,47.619,2.381,50
02-Aug-2025,Credit Card,20250802_100817,51305,Shoe Rent,40801,,Fatima,POS6,14.286,0.714,15
02-Aug-2025,Credit Card,20250802_100817,57052,Card Deposit,40801,,Fatima,POS6,4.762,0.238,5
02-Aug-2025,Credit Card,20250802_100817,57321,Fazaa - Get Tired Playing,40801,,Fatima,POS6,0,0,0
02-Aug-2025,Credit Card,20250802_100817,57322,Multiplex Karting - ADULTS,40801,,Fatima,POS6,120,6,126
02-Aug-2025,Credit Card,20250802_100817,57322,Multiplex Karting - JUNIOR,40801,,Fatima,POS6,80,4,84
02-Aug-2025,Credit Card,20250802_100818,57321,Discovery Pass,40801,,Abdelmoula,POS3,431.429,21.571,453
02-Aug-2025,Credit Card,20250802_100819,57321,Discovery Pass,40801,,Glory Mae,POS4,143.81,7.19,151
02-Aug-2025,Credit Card,20250802_100820,57321,Discovery Pass,40801,,Abdelmoula,POS3,287.619,14.381,302
02-Aug-2025,Credit Card,20250802_100821,57321,Discovery Pass,40801,,Abdelmoula,POS3,143.81,7.19,151
02-Aug-2025,Credit Card,20250802_100822,57321,Discovery Pass,40801,,Fatima,POS6,143.81,7.19,151
02-Aug-2025,Credit Card,20250802_100825,57321,Discovery Pass Combo to Kartin,40801,,Fatima,POS6,241.81,12.09,253.9
02-Aug-2025,Credit Card,20250802_100825,57321,Discovery Pass,40801,,Fatima,POS6,143.81,7.19,151
02-Aug-2025,Credit Card,20250802_100825,57322,Karting Combo to Discovery Pas,40801,,Fatima,POS6,205.81,10.29,216.1
02-Aug-2025,Credit Card,20250802_100828,51305,Socks,40801,,Fatima,POS6,9.524,0.476,10
02-Aug-2025,Credit Card,20250802_100829,57052,Card Deposit,40801,,Abdelmoula,POS3,4.762,0.238,5
02-Aug-2025,Credit Card,20250802_100829,57322,Multiplex Karting - ADULTS,40801,,Abdelmoula,POS3,120,6,126
02-Aug-2025,Credit Card,20250802_100829,57322,Multiplex Karting - JUNIOR,40801,,Abdelmoula,POS3,80,4,84
02-Aug-2025,Credit Card,20250802_100830,51305,Shoe Rent,40801,,Glory Mae,POS4,14.286,0.714,15
02-Aug-2025,Credit Card,20250802_100830,51305,Socks,40801,,Glory Mae,POS4,9.524,0.476,10
02-Aug-2025,Credit Card,20250802_100830,57321,Discovery Pass,40801,,Glory Mae,POS4,431.429,21.571,453
02-Aug-2025,Credit Card,20250802_100832,57162,Slime Experience - 41AED,40801,,Manisha,POS7,39.048,1.952,41
02-Aug-2025,Credit Card,20250802_100834,57162,Slime Experience - 41AED,40801,,Manisha,POS7,78.095,3.905,82
02-Aug-2025,Credit Card,20250802_100838,51305,Shoe Rent,40801,,Abdelmoula,POS3,14.286,0.714,15
02-Aug-2025,Credit Card,20250802_100838,51305,Socks,40801,,Abdelmoula,POS3,9.524,0.476,10
02-Aug-2025,Credit Card,20250802_100838,57052,Card Deposit,40801,,Abdelmoula,POS3,4.762,0.238,5
02-Aug-2025,Credit Card,20250802_100838,57321,Discovery Pass Combo to Kartin,40801,,Abdelmoula,POS3,120.905,6.045,126.95
02-Aug-2025,Credit Card,20250802_100838,57322,Karting Combo to Discovery Pas,40801,,Abdelmoula,POS3,102.905,5.145,108.05
02-Aug-2025,Credit Card,20250802_100838,57322,Multiplex Karting - ADULTS,40801,,Abdelmoula,POS3,120,6,126
02-Aug-2025,Credit Card,20250802_100841,57162,50 AED Top Up - Redemption,40801,,Fatima,POS6,47.619,2.381,50
02-Aug-2025,Credit Card,20250802_100842,51305,Shoe Rent,40801,,Abdelmoula,POS3,14.286,0.714,15
02-Aug-2025,Credit Card,20250802_100842,51305,Socks,40801,,Abdelmoula,POS3,9.524,0.476,10
02-Aug-2025,Credit Card,20250802_100842,57321,Adventure Pass,40801,,Abdelmoula,POS3,188.571,9.429,198
02-Aug-2025,Credit Card,20250802_100843,57321,Get Tired Playing ,40801,,Abdelmoula,POS3,299.048,14.952,314
02-Aug-2025,Credit Card,20250802_100845,57323,Toddler Playland Unlimited,40801,,Abdelmoula,POS3,188.571,9.429,198
02-Aug-2025,Credit Card,20250802_100847,57052,Card Deposit,40801,,Glory Mae,POS4,4.762,0.238,5
02-Aug-2025,Credit Card,20250802_100847,57321,Get Tired Playing ,40801,,Glory Mae,POS4,598.095,29.905,628
02-Aug-2025,Credit Card,20250802_100847,57321,Get Tired Playing Combo to Kar,40801,,Glory Mae,POS4,542.362,27.118,569.48
02-Aug-2025,Credit Card,20250802_100847,57322,Karting Combo to Get Tired Pla,40801,,Glory Mae,POS4,217.638,10.882,228.52
02-Aug-2025,Credit Card,20250802_100847,57322,Multiplex Karting - Dual Drive,40801,,Glory Mae,POS4,149.524,7.476,157
02-Aug-2025,Credit Card,20250802_100848,51305,Shoe Rent,40801,,Abdelmoula,POS3,14.286,0.714,15
02-Aug-2025,Credit Card,20250802_100849,57323,Speed Glider,40801,,Sirjana,POS4,36.19,1.81,38
02-Aug-2025,Credit Card,20250802_100850,57322,Multiplex Karting - ADULTS,40801,,Abdelmoula,POS3,120,6,126
02-Aug-2025,Credit Card,20250802_100851,51305,Socks,40801,,Sirjana,POS4,9.524,0.476,10
02-Aug-2025,Credit Card,20250802_100855,57052,Card Deposit,40801,,Abdelmoula,POS3,4.762,0.238,5
02-Aug-2025,Credit Card,20250802_100855,57322,Multiplex Karting - ADULTS,40801,,Abdelmoula,POS3,240,12,252
02-Aug-2025,Credit Card,20250802_100855,57322,Multiplex Karting - JUNIOR,40801,,Abdelmoula,POS3,80,4,84
02-Aug-2025,Credit Card,20250802_100857,57321,Fazaa - Get Tired Playing,40801,,Sirjana,POS4,0,0,0
02-Aug-2025,Credit Card,20250802_100857,57323,Toddler Playland Unlimited,40801,,Sirjana,POS4,94.286,4.714,99
02-Aug-2025,Credit Card,20250802_100858,51605,Add Ons - Fluid Art - Meduim F,40801,,Manisha,POS7,124.762,6.238,131
02-Aug-2025,Credit Card,20250802_100858,51605,Add Ons - Rabbit 33 CMS,40801,,Manisha,POS7,124.762,6.238,131
02-Aug-2025,Credit Card,20250802_100859,57052,Card Deposit,40801,,Jennilyn,POS5,4.762,0.238,5
02-Aug-2025,Credit Card,20250802_100859,57322,Multiplex Karting - ADULTS,40801,,Jennilyn,POS5,240,12,252
02-Aug-2025,Credit Card,20250802_100860,51605,Add Ons - Fluid Art - Meduim F,40801,,Manisha,POS7,499.048,24.952,524
02-Aug-2025,Credit Card,20250802_100861,51305,Shoe Rent,40801,,Jennilyn,POS5,14.286,0.714,15
02-Aug-2025,Credit Card,20250802_100862,51305,Socks,40801,,Sirjana,POS4,9.524,0.476,10
02-Aug-2025,Credit Card,20250802_100862,57321,Discovery Pass,40801,,Sirjana,POS4,143.81,7.19,151
02-Aug-2025,Credit Card,20250802_100863,57323,Through the Roof,40801,,Jennilyn,POS5,29.524,1.476,31
02-Aug-2025,Credit Card,20250802_100865,51305,Shoe Rent,40801,,Jennilyn,POS5,14.286,0.714,15
02-Aug-2025,Credit Card,20250802_100866,57321,POD - Discovery Pass - 70.50 A,40801,,Jennilyn,POS5,67.143,3.357,70.5
02-Aug-2025,Credit Card,20250802_100867,51305,Shoe Rent,40801, ,Karleane,POS3,57.143,2.857,60
02-Aug-2025,Credit Card,20250802_100867,51305,Socks,40801, ,Karleane,POS3,38.095,1.905,40
02-Aug-2025,Credit Card,20250802_100867,57052,Card Deposit,40801, ,Karleane,POS3,4.762,0.238,5
02-Aug-2025,Credit Card,20250802_100867,57322,Multiplex Karting - ADULTS,40801, ,Karleane,POS3,480,24,504
02-Aug-2025,Credit Card,20250802_100868,51605,Add Ons - Cennamoroll 17 cms,40801,,Manisha,POS7,80,4,84
02-Aug-2025,Credit Card,20250802_100869,51605,Add Ons - Fluid Art - Meduim F,40801,,Manisha,POS7,124.762,6.238,131
02-Aug-2025,Credit Card,20250802_100870,57162,50 AED Top Up - Redemption,40801, ,Karleane,POS3,47.619,2.381,50
02-Aug-2025,Credit Card,20250802_100871,57052,Card Deposit,40801, ,Karleane,POS3,4.762,0.238,5
02-Aug-2025,Credit Card,20250802_100871,57322,Multiplex Karting - ADULTS,40801, ,Karleane,POS3,240,12,252
02-Aug-2025,Credit Card,20250802_100872,57321,Toddler Pass,40801,,Jennilyn,POS5,198.095,9.905,208
02-Aug-2025,Credit Card,20250802_100873,57321,Adventure Pass - 50% Staff Dis,40801,,Jennilyn,POS5,268.571,13.429,282
02-Aug-2025,Credit Card,20250802_100873,57322,Karting - Adults - 50% Staff D,40801,,Jennilyn,POS5,180,9,189
02-Aug-2025,Credit Card,20250802_100874,57052,Card Deposit,40801,,Jennilyn,POS5,4.762,0.238,5
02-Aug-2025,Credit Card,20250802_100874,57162,50 AED Top Up - Redemption,40801,,Jennilyn,POS5,47.619,2.381,50
02-Aug-2025,Credit Card,20250802_100876,57321,Discovery Pass,40801, ,Karleane,POS3,575.238,28.762,604
02-Aug-2025,Credit Card,20250802_100879,57323,Dune Safari,40801,,Jennilyn,POS5,28.571,1.429,30
02-Aug-2025,Credit Card,20250802_100880,57321,Toddler Pass,40801,,Jennilyn,POS5,297.143,14.857,312
02-Aug-2025,Credit Card,20250802_100881,57323,Valo Jump,40801,,Jennilyn,POS5,14.286,0.714,15
02-Aug-2025,Credit Card,20250802_100882,51305,Socks,40801,,Jennilyn,POS5,9.524,0.476,10
02-Aug-2025,Credit Card,20250802_100883,57052,Card Deposit,40801,,Sirjana,POS4,4.762,0.238,5
02-Aug-2025,Credit Card,20250802_100883,57322,Multiplex Karting - ADULTS,40801,,Sirjana,POS4,240,12,252
02-Aug-2025,Credit Card,20250802_100883,57323,Flip Out,40801,,Sirjana,POS4,49.524,2.476,52
02-Aug-2025,Credit Card,20250802_100883,57323,Speed Glider,40801,,Sirjana,POS4,36.19,1.81,38
02-Aug-2025,Credit Card,20250802_100883,57323,Through the Roof,40801,,Sirjana,POS4,59.048,2.952,62
02-Aug-2025,Credit Card,20250802_100886,57324,Climbing Wall Session - 15minu,40801,,Sirjana,POS4,34.286,1.714,36
02-Aug-2025,Credit Card,20250802_100887,57052,Card Deposit,40801,,Jennilyn,POS5,4.762,0.238,5
02-Aug-2025,Credit Card,20250802_100887,57322,Multiplex Karting - ADULTS,40801,,Jennilyn,POS5,120,6,126
02-Aug-2025,Online Pay,20250802_100702,57321,Discovery Pass,40802, ,External POS,online,671.429,33.571,705
03-Aug-2025,,20250803_100628,57321,Adventure Thrills Package week,40801, ,Semnox,ADR-SRV-01,0,0,0
03-Aug-2025,,20250803_100888,57321,Fazaa - Get Tired Playing,40801,,Fatima,POS6,0,0,0
03-Aug-2025,,20250803_100895,57321,Fazaa - Get Tired Playing,40801,,Glory Mae,POS4,0,0,0
03-Aug-2025,,20250803_100904,57321,Fazaa - Get Tired Playing,40801,,Fatima,POS6,0,0,0
03-Aug-2025,,20250803_100905,57321,Fazaa - Get Tired Playing,40801,,Jennilyn,POS5,0,0,0
03-Aug-2025,,20250803_100907,57321,Fazaa - Get Tired Playing,40801,,Jennilyn,POS5,0,0,0
03-Aug-2025,,20250803_100909,57321,Fazaa - Get Tired Playing,40801,,Abdelmoula,POS3,0,0,0
03-Aug-2025,,20250803_100912,57321,Fazaa - Get Tired Playing,40801,,Abdelmoula,POS3,0,0,0
03-Aug-2025,,20250803_100913,57321,Fazaa - Get Tired Playing,40801,,Abdelmoula,POS3,0,0,0
03-Aug-2025,,20250803_100918,57321,Fazaa - Get Tired Playing,40801,,Glory Mae,POS4,0,0,0
03-Aug-2025,,20250803_100919,57321,Fazaa - Get Tired Playing,40801,,Glory Mae,POS4,0,0,0
03-Aug-2025,,20250803_100923,57321,Fazaa - Get Tired Playing,40801,,Glory Mae,POS4,0,0,0
03-Aug-2025,,20250803_100925,57321,Fazaa - Get Tired Playing,40801,,Glory Mae,POS4,0,0,0
03-Aug-2025,,20250803_100926,57321,Fazaa - Get Tired Playing,40801,,Jennilyn,POS5,0,0,0
03-Aug-2025,,20250803_100927,57321,Fazaa - Get Tired Playing,40801,,Jennilyn,POS5,0,0,0
03-Aug-2025,,20250803_100928,57321,Fazaa - Get Tired Playing,40801,,Jennilyn,POS5,0,0,0
03-Aug-2025,,20250803_100935,57321,Fazaa - Get Tired Playing,40801,,Fatima,POS6,0,0,0
03-Aug-2025,,20250803_100938,57321,Fazaa - Get Tired Playing,40801,,Glory Mae,POS4,0,0,0
03-Aug-2025,,20250803_100942,57321,Fazaa - Get Tired Playing,40801,,Fatima,POS6,0,0,0
03-Aug-2025,,20250803_100944,57321,Fazaa - Get Tired Playing,40801,,Abdelmoula,POS3,0,0,0
03-Aug-2025,,20250803_100950,57321,Fazaa - Get Tired Playing,40801,,Fatima,POS6,0,0,0
03-Aug-2025,,20250803_100951,57321,Fazaa - Get Tired Playing,40801,,Abdelmoula,POS3,0,0,0
03-Aug-2025,,20250803_100957,57321,Fazaa - Get Tired Playing,40801,,Sirjana,POS4,0,0,0
03-Aug-2025,,20250803_100962,57321,Fazaa - Get Tired Playing,40801,,Fatima,POS6,0,0,0
03-Aug-2025,,20250803_100967,57321,Fazaa - Get Tired Playing,40801,,Sirjana,POS4,0,0,0
03-Aug-2025,,20250803_100985,57321,Fazaa - Get Tired Playing,40801,,Sirjana,POS4,0,0,0
03-Aug-2025,Cash,20250803_100899,57052,Card Deposit,40801,,Jennilyn,POS5,4.762,0.238,5
03-Aug-2025,Cash,20250803_100899,57162,100 Credit Top Up - Redemption,40801,,Jennilyn,POS5,95.238,4.762,100
03-Aug-2025,Cash,20250803_100903,57052,Card Deposit,40801,,Jennilyn,POS5,4.762,0.238,5
03-Aug-2025,Cash,20250803_100903,57322,Multiplex Karting - ADULTS - D,40801,,Jennilyn,POS5,200,10,210
03-Aug-2025,Cash,20250803_100908,57162,100 Credit Top Up - Redemption,40801,,Jennilyn,POS5,95.238,4.762,100
03-Aug-2025,Cash,20250803_100910,57321,Discovery Pass,40801,,Jennilyn,POS5,143.81,7.19,151
03-Aug-2025,Cash,20250803_100930,57052,Card Deposit,40801,,Glory Mae,POS4,4.762,0.238,5
03-Aug-2025,Cash,20250803_100930,57322,Multiplex Karting - ADULTS - D,40801,,Glory Mae,POS4,400,20,420
03-Aug-2025,Cash,20250803_100946,57321,Discovery Pass,40801,,Fatima,POS6,431.429,21.571,453
03-Aug-2025,Cash,20250803_100953,51305,Socks,40801,,Sirjana,POS4,9.524,0.476,10
03-Aug-2025,Cash,20250803_100954,51305,Socks,40801,,Fatima,POS6,9.524,0.476,10
03-Aug-2025,Cash,20250803_100955,57052,Card Deposit,40801,,Fatima,POS6,4.762,0.238,5
03-Aug-2025,Cash,20250803_100955,57162,50 AED Top Up - Redemption,40801,,Fatima,POS6,47.619,2.381,50
03-Aug-2025,Cash;Credit Card,20250803_100931,57321,Discovery Pass,40801,,Jennilyn,POS5,575.238,28.762,604
03-Aug-2025,Cash;Credit Card,20250803_100931,57321,Toddler Pass,40801,,Jennilyn,POS5,99.048,4.952,104
03-Aug-2025,Cash;Credit Card,20250803_100949,57321,Discovery Pass,40801,,Fatima,POS6,143.81,7.19,151
03-Aug-2025,Cash;Credit Card,20250803_100970,51305,Shoe Rent,40801,,Sirjana,POS4,71.429,3.571,75
03-Aug-2025,Cash;Credit Card,20250803_100970,51305,Socks,40801,,Sirjana,POS4,47.619,2.381,50
03-Aug-2025,Cash;Credit Card,20250803_100970,57052,Card Deposit,40801,,Sirjana,POS4,4.762,0.238,5
03-Aug-2025,Cash;Credit Card,20250803_100970,57322,Multiplex Karting - ADULTS,40801,,Sirjana,POS4,600,30,630
03-Aug-2025,Credit Card Adjustment,20250803_100890,57321,Get Tired Playing ,40801,,Fatima,POS6,598.095,29.905,628
03-Aug-2025,Credit Card,20250803_100889,57321,Adventure Pass,40801,,Glory Mae,POS4,377.143,18.857,396
03-Aug-2025,Credit Card,20250803_100891,57321,Get Tired Playing ,40801,,Fatima,POS6,299.048,14.952,314
03-Aug-2025,Credit Card,20250803_100891,57321,Get Tired Playing Combo to Kar,40801,,Fatima,POS6,271.181,13.559,284.74
03-Aug-2025,Credit Card,20250803_100891,57322,Karting Combo to Get Tired Pla,40801,,Fatima,POS6,108.819,5.441,114.26
03-Aug-2025,Credit Card,20250803_100892,57052,Card Deposit,40801,,Glory Mae,POS4,4.762,0.238,5
03-Aug-2025,Credit Card,20250803_100892,57321,Discovery Pass Combo to Kartin,40801,,Glory Mae,POS4,241.81,12.09,253.9
03-Aug-2025,Credit Card,20250803_100892,57322,Karting Combo to Discovery Pas,40801,,Glory Mae,POS4,205.81,10.29,216.1
03-Aug-2025,Credit Card,20250803_100892,57322,Multiplex Karting - ADULTS,40801,,Glory Mae,POS4,120,6,126
03-Aug-2025,Credit Card,20250803_100893,57323,Rope Course,40801,,Fatima,POS6,29.524,1.476,31
03-Aug-2025,Credit Card,20250803_100894,57321,Discovery Pass,40801,,Fatima,POS6,287.619,14.381,302
03-Aug-2025,Credit Card,20250803_100897,57321,Discovery Pass Combo to Kartin,40801,,Fatima,POS6,241.81,12.09,253.9
03-Aug-2025,Credit Card,20250803_100897,57321,Toddler Pass,40801,,Fatima,POS6,99.048,4.952,104
03-Aug-2025,Credit Card,20250803_100897,57322,Karting Combo to Discovery Pas,40801,,Fatima,POS6,205.81,10.29,216.1
03-Aug-2025,Credit Card,20250803_100898,57321,Discovery Pass Combo to Kartin,40801,,Fatima,POS6,241.81,12.09,253.9
03-Aug-2025,Credit Card,20250803_100898,57321,Discovery Pass,40801,,Fatima,POS6,143.81,7.19,151
03-Aug-2025,Credit Card,20250803_100898,57322,Karting Combo to Discovery Pas,40801,,Fatima,POS6,205.81,10.29,216.1
03-Aug-2025,Credit Card,20250803_100900,51305,Shoe Rent,40801,,Jennilyn,POS5,14.286,0.714,15
03-Aug-2025,Credit Card,20250803_100900,51305,Socks,40801,,Jennilyn,POS5,9.524,0.476,10
03-Aug-2025,Credit Card,20250803_100900,57321,Discovery Pass,40801,,Jennilyn,POS5,143.81,7.19,151
03-Aug-2025,Credit Card,20250803_100901,51605,Face Art - Full Size,40801,,Manisha,POS7,36.19,1.81,38
03-Aug-2025,Credit Card,20250803_100902,51305,Socks,40801,,Abdelmoula,POS3,9.524,0.476,10
03-Aug-2025,Credit Card,20250803_100906,51305,Shoe Rent,40801,,Fatima,POS6,14.286,0.714,15
03-Aug-2025,Credit Card,20250803_100906,51305,Socks,40801,,Fatima,POS6,9.524,0.476,10
03-Aug-2025,Credit Card,20250803_100906,57321,Fazaa - Get Tired Playing,40801,,Fatima,POS6,0,0,0
03-Aug-2025,Credit Card,20250803_100911,57321,Toddler Pass,40801,,Abdelmoula,POS3,99.048,4.952,104
03-Aug-2025,Credit Card,20250803_100914,57321,Discovery Pass Combo to Kartin,40801,,Abdelmoula,POS3,120.905,6.045,126.95
03-Aug-2025,Credit Card,20250803_100914,57322,Karting Combo to Discovery Pas,40801,,Abdelmoula,POS3,102.905,5.145,108.05
03-Aug-2025,Credit Card,20250803_100915,51305,Shoe Rent,40801,,Glory Mae,POS4,14.286,0.714,15
03-Aug-2025,Credit Card,20250803_100915,51305,Socks,40801,,Glory Mae,POS4,9.524,0.476,10
03-Aug-2025,Credit Card,20250803_100915,57052,Card Deposit,40801,,Glory Mae,POS4,4.762,0.238,5
03-Aug-2025,Credit Card,20250803_100915,57322,Multiplex Karting - ADULTS,40801,,Glory Mae,POS4,360,18,378
03-Aug-2025,Credit Card,20250803_100915,57322,Multiplex Karting - JUNIOR,40801,,Glory Mae,POS4,80,4,84
03-Aug-2025,Credit Card,20250803_100916,57052,Card Deposit,40801,,Glory Mae,POS4,4.762,0.238,5
03-Aug-2025,Credit Card,20250803_100916,57322,Multiplex Karting - ADULTS,40801,,Glory Mae,POS4,240,12,252
03-Aug-2025,Credit Card,20250803_100916,57322,Multiplex Karting - JUNIOR,40801,,Glory Mae,POS4,80,4,84
03-Aug-2025,Credit Card,20250803_100917,57321,Get Tired Playing ,40801,,Glory Mae,POS4,598.095,29.905,628
03-Aug-2025,Credit Card,20250803_100920,51305,Socks,40801,,Glory Mae,POS4,9.524,0.476,10
03-Aug-2025,Credit Card,20250803_100921,57052,Card Deposit,40801,,Glory Mae,POS4,4.762,0.238,5
03-Aug-2025,Credit Card,20250803_100921,57322,Multiplex Karting - ADULTS - D,40801,,Glory Mae,POS4,600,30,630
03-Aug-2025,Credit Card,20250803_100922,57052,Card Deposit,40801,,Glory Mae,POS4,4.762,0.238,5
03-Aug-2025,Credit Card,20250803_100922,57322,Multiplex Karting - ADULTS,40801,,Glory Mae,POS4,240,12,252
03-Aug-2025,Credit Card,20250803_100924,57052,Card Deposit,40801,,Jennilyn,POS5,4.762,0.238,5
03-Aug-2025,Credit Card,20250803_100924,57162,50 AED Top Up - Redemption,40801,,Jennilyn,POS5,47.619,2.381,50
03-Aug-2025,Credit Card,20250803_100929,57321,Discovery Pass,40801,,Glory Mae,POS4,143.81,7.19,151
03-Aug-2025,Credit Card,20250803_100929,57321,Toddler Pass,40801,,Glory Mae,POS4,99.048,4.952,104
03-Aug-2025,Credit Card,20250803_100932,57052,Card Deposit,40801,,Fatima,POS6,4.762,0.238,5
03-Aug-2025,Credit Card,20250803_100932,57321,Toddler Pass,40801,,Fatima,POS6,99.048,4.952,104
03-Aug-2025,Credit Card,20250803_100932,57322,Multiplex Karting - ADULTS,40801,,Fatima,POS6,120,6,126
03-Aug-2025,Credit Card,20250803_100933,57323,Lockers ,40801,,Glory Mae,POS4,9.524,0.476,10
03-Aug-2025,Credit Card,20250803_100934,57322,Multiplex Karting - ADULTS,40801,,Jennilyn,POS5,240,12,252
03-Aug-2025,Credit Card,20250803_100936,57323,Toddler Playland Unlimited,40801,,Glory Mae,POS4,94.286,4.714,99
03-Aug-2025,Credit Card,20250803_100937,57052,Card Deposit,40801,,Fatima,POS6,4.762,0.238,5
03-Aug-2025,Credit Card,20250803_100937,57322,Multiplex Karting - ADULTS,40801,,Fatima,POS6,120,6,126
03-Aug-2025,Credit Card,20250803_100940,57052,Card Deposit,40801,,Jennilyn,POS5,4.762,0.238,5
03-Aug-2025,Credit Card,20250803_100940,57322,Multiplex Karting - ADULTS,40801,,Jennilyn,POS5,240,12,252
03-Aug-2025,Credit Card,20250803_100940,57322,Multiplex Karting - Dual Drive,40801,,Jennilyn,POS5,149.524,7.476,157
03-Aug-2025,Credit Card,20250803_100940,57322,Multiplex Karting - JUNIOR,40801,,Jennilyn,POS5,160,8,168
03-Aug-2025,Credit Card,20250803_100941,51305,Shoe Rent,40801,,Fatima,POS6,14.286,0.714,15
03-Aug-2025,Credit Card,20250803_100941,51305,Socks,40801,,Fatima,POS6,9.524,0.476,10
03-Aug-2025,Credit Card,20250803_100941,57321,Discovery Pass Combo to Kartin,40801,,Fatima,POS6,120.905,6.045,126.95
03-Aug-2025,Credit Card,20250803_100941,57322,Karting Combo to Discovery Pas,40801,,Fatima,POS6,102.905,5.145,108.05
03-Aug-2025,Credit Card,20250803_100943,51305,Shoe Rent,40801,,Sirjana,POS4,14.286,0.714,15
03-Aug-2025,Credit Card,20250803_100943,57321,Fazaa - Get Tired Playing,40801,,Sirjana,POS4,0,0,0
03-Aug-2025,Credit Card,20250803_100945,51305,Socks,40801,,Sirjana,POS4,9.524,0.476,10
03-Aug-2025,Credit Card,20250803_100945,57321,Fazaa - Get Tired Playing,40801,,Sirjana,POS4,0,0,0
03-Aug-2025,Credit Card,20250803_100948,57321,Adventure Pass,40801,,Fatima,POS6,188.571,9.429,198
03-Aug-2025,Credit Card,20250803_100948,57321,Discovery Pass Combo to Kartin,40801,,Fatima,POS6,241.81,12.09,253.9
03-Aug-2025,Credit Card,20250803_100948,57322,Karting Combo to Discovery Pas,40801,,Fatima,POS6,205.81,10.29,216.1
03-Aug-2025,Credit Card,20250803_100952,51305,Socks,40801,,Abdelmoula,POS3,9.524,0.476,10
03-Aug-2025,Credit Card,20250803_100952,57323,Toddler Playland Unlimited,40801,,Abdelmoula,POS3,188.571,9.429,198
03-Aug-2025,Credit Card,20250803_100956,51305,Shoe Rent,40801,,Abdelmoula,POS3,28.571,1.429,30
03-Aug-2025,Credit Card,20250803_100956,51305,Socks,40801,,Abdelmoula,POS3,19.048,0.952,20
03-Aug-2025,Credit Card,20250803_100956,57052,Card Deposit,40801,,Abdelmoula,POS3,4.762,0.238,5
03-Aug-2025,Credit Card,20250803_100956,57322,Multiplex Karting - ADULTS,40801,,Abdelmoula,POS3,360,18,378
03-Aug-2025,Credit Card,20250803_100958,57321,Discovery Pass Combo to Kartin,40801,,Jennilyn,POS5,120.905,6.045,126.95
03-Aug-2025,Credit Card,20250803_100958,57322,Karting Combo to Discovery Pas,40801,,Jennilyn,POS5,102.905,5.145,108.05
03-Aug-2025,Credit Card,20250803_100959,57321,Discovery Pass Combo to Kartin,40801,,Sirjana,POS4,483.619,24.181,507.8
03-Aug-2025,Credit Card,20250803_100959,57322,Karting Combo to Discovery Pas,40801,,Sirjana,POS4,411.619,20.581,432.2
03-Aug-2025,Credit Card,20250803_100960,57321,Fazaa - Get Tired Playing,40801,,Abdelmoula,POS3,0,0,0
03-Aug-2025,Credit Card,20250803_100960,57323,Toddler Playland Unlimited,40801,,Abdelmoula,POS3,94.286,4.714,99
03-Aug-2025,Credit Card,20250803_100961,57321,Discovery Pass,40801,,Fatima,POS6,431.429,21.571,453
03-Aug-2025,Credit Card,20250803_100963,51305,Shoe Rent,40801,,Abdelmoula,POS3,28.571,1.429,30
03-Aug-2025,Credit Card,20250803_100963,51305,Socks,40801,,Abdelmoula,POS3,28.571,1.429,30
03-Aug-2025,Credit Card,20250803_100964,57052,Card Deposit,40801,,Abdelmoula,POS3,4.762,0.238,5
03-Aug-2025,Credit Card,20250803_100964,57162,100 Credit Top Up - Redemption,40801,,Abdelmoula,POS3,95.238,4.762,100
03-Aug-2025,Credit Card,20250803_100964,57162,50 AED Top Up - Redemption,40801,,Abdelmoula,POS3,47.619,2.381,50
03-Aug-2025,Credit Card,20250803_100965,51305,Shoe Rent,40801,,Sirjana,POS4,14.286,0.714,15
03-Aug-2025,Credit Card,20250803_100965,51305,Socks,40801,,Sirjana,POS4,9.524,0.476,10
03-Aug-2025,Credit Card,20250803_100965,57052,Card Deposit,40801,,Sirjana,POS4,4.762,0.238,5
03-Aug-2025,Credit Card,20250803_100965,57322,Multiplex Karting - ADULTS,40801,,Sirjana,POS4,360,18,378
03-Aug-2025,Credit Card,20250803_100966,57052,Card Deposit,40801,,Abdelmoula,POS3,4.762,0.238,5
03-Aug-2025,Credit Card,20250803_100966,57321,Discovery Pass Combo to Kartin,40801,,Abdelmoula,POS3,241.81,12.09,253.9
03-Aug-2025,Credit Card,20250803_100966,57322,Karting Combo to Discovery Pas,40801,,Abdelmoula,POS3,205.81,10.29,216.1
03-Aug-2025,Credit Card,20250803_100966,57322,Multiplex Karting - ADULTS,40801,,Abdelmoula,POS3,120,6,126
03-Aug-2025,Credit Card,20250803_100968,51305,Socks,40801,,Fatima,POS6,19.048,0.952,20
03-Aug-2025,Credit Card,20250803_100968,57321,Get Tired Playing Combo to Kar,40801,,Fatima,POS6,813.543,40.677,854.22
03-Aug-2025,Credit Card,20250803_100968,57322,Karting Combo to Get Tired Pla,40801,,Fatima,POS6,326.457,16.323,342.78
03-Aug-2025,Credit Card,20250803_100969,57162,100 Credit Top Up - Redemption,40801,,Abdelmoula,POS3,190.476,9.524,200
03-Aug-2025,Credit Card,20250803_100969,57323,Carousel,40801,,Abdelmoula,POS3,20,1,21
03-Aug-2025,Credit Card,20250803_100971,57162,100 Credit Top Up - Redemption,40801,,Fatima,POS6,95.238,4.762,100
03-Aug-2025,Credit Card,20250803_100971,57162,50 AED Top Up - Redemption,40801,,Fatima,POS6,47.619,2.381,50
03-Aug-2025,Credit Card,20250803_100972,57162,100 Credit Top Up - Redemption,40801,,Sirjana,POS4,95.238,4.762,100
03-Aug-2025,Credit Card,20250803_100972,57323,Through the Roof,40801,,Sirjana,POS4,88.571,4.429,93
03-Aug-2025,Credit Card,20250803_100973,57052,Card Deposit,40801,,Sirjana,POS4,4.762,0.238,5
03-Aug-2025,Credit Card,20250803_100973,57162,50 AED Top Up - Redemption,40801,,Sirjana,POS4,47.619,2.381,50
03-Aug-2025,Credit Card,20250803_100974,57052,Card Deposit,40801,,Abdelmoula,POS3,4.762,0.238,5
03-Aug-2025,Credit Card,20250803_100974,57322,Multiplex Karting - Dual Drive,40801,,Abdelmoula,POS3,149.524,7.476,157
03-Aug-2025,Credit Card,20250803_100974,57322,Multiplex Karting - JUNIOR,40801,,Abdelmoula,POS3,80,4,84
03-Aug-2025,Credit Card,20250803_100975,57052,Card Deposit,40801,,Fatima,POS6,4.762,0.238,5
03-Aug-2025,Credit Card,20250803_100975,57162,100 Credit Top Up - Redemption,40801,,Fatima,POS6,95.238,4.762,100
03-Aug-2025,Credit Card,20250803_100976,51305,Socks,40801,,Sirjana,POS4,28.571,1.429,30
03-Aug-2025,Credit Card,20250803_100976,57321,Discovery Pass,40801,,Sirjana,POS4,287.619,14.381,302
03-Aug-2025,Credit Card,20250803_100977,51305,Shoe Rent,40801,,Fatima,POS6,14.286,0.714,15
03-Aug-2025,Credit Card,20250803_100977,57162,50 AED Top Up - Redemption,40801,,Fatima,POS6,47.619,2.381,50
03-Aug-2025,Credit Card,20250803_100978,57321,Discovery Pass,40801,,Abdelmoula,POS3,287.619,14.381,302
03-Aug-2025,Credit Card,20250803_100978,57321,Toddler Pass,40801,,Abdelmoula,POS3,99.048,4.952,104
03-Aug-2025,Credit Card,20250803_100978,57323,Carousel,40801,,Abdelmoula,POS3,20,1,21
03-Aug-2025,Credit Card,20250803_100979,57321,Discovery Pass,40801,,Abdelmoula,POS3,143.81,7.19,151
03-Aug-2025,Credit Card,20250803_100980,57321,Discovery Pass,40801,,Sirjana,POS4,287.619,14.381,302
03-Aug-2025,Credit Card,20250803_100981,51305,Shoe Rent,40801,,Fatima,POS6,14.286,0.714,15
03-Aug-2025,Credit Card,20250803_100981,51305,Socks,40801,,Fatima,POS6,9.524,0.476,10
03-Aug-2025,Credit Card,20250803_100981,57052,Card Deposit,40801,,Fatima,POS6,4.762,0.238,5
03-Aug-2025,Credit Card,20250803_100981,57321,Discovery Pass Combo to Kartin,40801,,Fatima,POS6,120.905,6.045,126.95
03-Aug-2025,Credit Card,20250803_100981,57322,Karting Combo to Discovery Pas,40801,,Fatima,POS6,102.905,5.145,108.05
03-Aug-2025,Credit Card,20250803_100981,57322,Multiplex Karting - ADULTS,40801,,Fatima,POS6,120,6,126
03-Aug-2025,Credit Card,20250803_100984,57052,Card Deposit,40801,,Sirjana,POS4,4.762,0.238,5
03-Aug-2025,Credit Card,20250803_100984,57162,50 AED Top Up - Redemption,40801,,Sirjana,POS4,47.619,2.381,50
03-Aug-2025,Credit Card,20250803_100986,57321,Toddler Pass,40801,,Sirjana,POS4,99.048,4.952,104
03-Aug-2025,Credit Card,20250803_100987,57052,Card Deposit,40801,,Sirjana,POS4,4.762,0.238,5
03-Aug-2025,Credit Card,20250803_100987,57322,Multiplex Karting - ADULTS,40801,,Sirjana,POS4,360,18,378
03-Aug-2025,Credit Card,20250803_100988,57052,Card Deposit,40801,,Sirjana,POS4,4.762,0.238,5
03-Aug-2025,Credit Card,20250803_100988,57322,Multiplex Karting - ADULTS,40801,,Sirjana,POS4,120,6,126
03-Aug-2025,Credit Card,20250803_100988,57322,Multiplex Karting - Dual Drive,40801,,Sirjana,POS4,149.524,7.476,157
03-Aug-2025,Credit Card,20250803_100988,57322,Multiplex Karting - JUNIOR,40801,,Sirjana,POS4,80,4,84
03-Aug-2025,Credit Card,20250803_100989,57323,Speed Glider,40801,,Sirjana,POS4,108.571,5.429,114
03-Aug-2025,Credit Card,20250803_100990,57323,Carousel,40801,,Sirjana,POS4,20,1,21
03-Aug-2025,Credit Card,20250803_100991,57052,Card Deposit,40801,,Sirjana,POS4,4.762,0.238,5
03-Aug-2025,Credit Card,20250803_100991,57322,Multiplex Karting - ADULTS,40801,,Sirjana,POS4,240,12,252
03-Aug-2025,Credit Card,20250803_100991,57322,Multiplex Karting - Dual Drive,40801,,Sirjana,POS4,149.524,7.476,157
03-Aug-2025,Credit Card,20250803_100991,57322,Multiplex Karting - JUNIOR,40801,,Sirjana,POS4,80,4,84
03-Aug-2025,Credit Card,20250803_100991,57323,Speed Glider,40801,,Sirjana,POS4,108.571,5.429,114
03-Aug-2025,Credit Card,20250803_100992,57052,Card Deposit,40801,,Sirjana,POS4,4.762,0.238,5
03-Aug-2025,Credit Card,20250803_100992,57322,Multiplex Karting - JUNIOR,40801,,Sirjana,POS4,80,4,84
03-Aug-2025,Credit Card,20250803_100993,57323,Speed Glider,40801,,Jennilyn,POS5,72.381,3.619,76
03-Aug-2025,Online Pay,20250803_100947,57321,Thriller Pass,40802, ,External POS,online,228.571,11.429,240
04-Aug-2025,,20250804_100994,57321,Fazaa - Get Tired Playing,40801,,Rochelle,POS6,0,0,0
04-Aug-2025,,20250804_100995,57321,Fazaa - Get Tired Playing,40801,,Rochelle,POS6,0,0,0
04-Aug-2025,,20250804_100998,57321,Fazaa - Get Tired Playing,40801,,Rochelle,POS6,0,0,0
04-Aug-2025,,20250804_101004,57321,Fazaa - Get Tired Playing,40801,,Rochelle,POS6,0,0,0
04-Aug-2025,,20250804_101013,57321,Fazaa - Get Tired Playing,40801,,Shaikha,POS4,0,0,0
04-Aug-2025,,20250804_101018,57321,Fazaa - Get Tired Playing,40801,,Shaikha,POS4,0,0,0
04-Aug-2025,,20250804_101024,57321,Fazaa - Get Tired Playing,40801,,Shaikha,POS4,0,0,0
04-Aug-2025,,20250804_101029,57321,Fazaa - Get Tired Playing,40801,,Nuripa,POS3,0,0,0
04-Aug-2025,,20250804_101032,57321,Fazaa - Get Tired Playing,40801,,Sirjana,POS5,0,0,0
04-Aug-2025,,20250804_101042,57321,Fazaa - Get Tired Playing,40801,,Shaikha,POS4,0,0,0
04-Aug-2025,,20250804_101044,57321,Fazaa - Get Tired Playing,40801,,Nuripa,POS3,0,0,0
04-Aug-2025,,20250804_101045,57321,Fazaa - Get Tired Playing,40801,,Shaikha,POS4,0,0,0
04-Aug-2025,,20250804_101063,57321,Fazaa - Get Tired Playing,40801,,Nuripa,POS3,0,0,0
04-Aug-2025,,20250804_101065,57321,Fazaa - Get Tired Playing,40801,,Nuripa,POS3,0,0,0
04-Aug-2025,,20250804_101071,57321,Fazaa - Get Tired Playing,40801,,Nuripa,POS3,0,0,0
04-Aug-2025,Cash,20250804_101034,57162,100 Credit Top Up - Redemption,40801,,Sirjana,POS5,95.238,4.762,100
04-Aug-2025,Cash,20250804_101036,57162,100 Credit Top Up - Redemption,40801, ,Mohammed,POS5,-95.238,-4.762,-100
04-Aug-2025,Cash,20250804_101038,57162,50 AED Top Up - Redemption,40801,,Shaikha,POS4,47.619,2.381,50
04-Aug-2025,Cash,20250804_101061,57322,Multiplex Karting - ADULTS,40801,,Nuripa,POS3,120,6,126
04-Aug-2025,Cash,20250804_101067,51305,Shoe Rent,40801,,Sirjana,POS5,14.286,0.714,15
04-Aug-2025,Credit Card,20250804_100996,57052,Card Deposit,40801,,Rochelle,POS6,4.762,0.238,5
04-Aug-2025,Credit Card,20250804_100996,57322,Multiplex Karting - ADULTS,40801,,Rochelle,POS6,240,12,252
04-Aug-2025,Credit Card,20250804_100997,51305,Socks,40801,,Rochelle,POS6,19.048,0.952,20
04-Aug-2025,Credit Card,20250804_100999,57321,Best Bites Discount- Discovery,40801,,Rochelle,POS6,322.286,16.114,338.4
04-Aug-2025,Credit Card,20250804_101000,57052,Card Deposit,40801,,Rochelle,POS6,4.762,0.238,5
04-Aug-2025,Credit Card,20250804_101000,57162,100 Credit Top Up - Redemption,40801,,Rochelle,POS6,95.238,4.762,100
04-Aug-2025,Credit Card,20250804_101001,57321,Get Tired Playing ,40801,,Rochelle,POS6,299.048,14.952,314
04-Aug-2025,Credit Card,20250804_101002,57162,Slime Experience - 41AED,40801,,Manisha,POS7,78.095,3.905,82
04-Aug-2025,Credit Card,20250804_101003,57052,Card Deposit,40801,,Rochelle,POS6,4.762,0.238,5
04-Aug-2025,Credit Card,20250804_101003,57322,Multiplex Karting - Dual Drive,40801,,Rochelle,POS6,149.524,7.476,157
04-Aug-2025,Credit Card,20250804_101005,57321,Get Tired Playing ,40801,,Rochelle,POS6,299.048,14.952,314
04-Aug-2025,Credit Card,20250804_101006,51605,Add Ons - Fluid Art - Large Fl,40801,,Manisha,POS7,188.571,9.429,198
04-Aug-2025,Credit Card,20250804_101007,57052,Card Deposit,40801,,Nuripa,POS3,4.762,0.238,5
04-Aug-2025,Credit Card,20250804_101007,57162,50 AED Top Up - Redemption,40801,,Nuripa,POS3,47.619,2.381,50
04-Aug-2025,Credit Card,20250804_101008,57162,100 Credit Top Up - Redemption,40801,,Rochelle,POS6,285.714,14.286,300
04-Aug-2025,Credit Card,20250804_101008,57321,Discovery Pass,40801,,Rochelle,POS6,143.81,7.19,151
04-Aug-2025,Credit Card,20250804_101009,51605,Add Ons - Freestyle Art - Medu,40801,,Manisha,POS7,77.143,3.857,81
04-Aug-2025,Credit Card,20250804_101010,51305,Shoe Rent,40801,,Shaikha,POS4,42.857,2.143,45
04-Aug-2025,Credit Card,20250804_101010,51305,Socks,40801,,Shaikha,POS4,28.571,1.429,30
04-Aug-2025,Credit Card,20250804_101010,57052,Card Deposit,40801,,Shaikha,POS4,4.762,0.238,5
04-Aug-2025,Credit Card,20250804_101010,57322,Multiplex Karting - ADULTS,40801,,Shaikha,POS4,600,30,630
04-Aug-2025,Credit Card,20250804_101011,57321,Get Tired Playing ,40801,,Shaikha,POS4,897.143,44.857,942
04-Aug-2025,Credit Card,20250804_101012,57321,Get Tired Playing Combo to Kar,40801,,Shaikha,POS4,271.181,13.559,284.74
04-Aug-2025,Credit Card,20250804_101012,57322,Karting Combo to Get Tired Pla,40801,,Shaikha,POS4,108.819,5.441,114.26
04-Aug-2025,Credit Card,20250804_101014,57052,Card Deposit,40801,,Rochelle,POS6,4.762,0.238,5
04-Aug-2025,Credit Card,20250804_101014,57162,100 Credit Top Up - Redemption,40801,,Rochelle,POS6,190.476,9.524,200
04-Aug-2025,Credit Card,20250804_101015,57162,100 Credit Top Up - Redemption,40801,,Rochelle,POS6,95.238,4.762,100
04-Aug-2025,Credit Card,20250804_101016,51305,Shoe Rent,40801,,Shaikha,POS4,28.571,1.429,30
04-Aug-2025,Credit Card,20250804_101017,57052,Card Deposit,40801,,Shaikha,POS4,4.762,0.238,5
04-Aug-2025,Credit Card,20250804_101017,57322,Multiplex Karting - ADULTS,40801,,Shaikha,POS4,240,12,252
04-Aug-2025,Credit Card,20250804_101017,57322,Multiplex Karting - JUNIOR,40801,,Shaikha,POS4,80,4,84
04-Aug-2025,Credit Card,20250804_101019,57052,Card Deposit,40801,,Shaikha,POS4,4.762,0.238,5
04-Aug-2025,Credit Card,20250804_101019,57322,Multiplex Karting - ADULTS,40801,,Shaikha,POS4,120,6,126
04-Aug-2025,Credit Card,20250804_101020,57321,Thriller Pass,40801,,Shaikha,POS4,685.714,34.286,720
04-Aug-2025,Credit Card,20250804_101020,57323,Toddler Playland Unlimited,40801,,Shaikha,POS4,188.571,9.429,198
04-Aug-2025,Credit Card,20250804_101021,51605,Add Ons - Fluid Art - Small Fl,40801,,Manisha,POS7,106.667,5.333,112
04-Aug-2025,Credit Card,20250804_101021,51605,Fluid Art - Key Chain,40801,,Manisha,POS7,110.476,5.524,116
04-Aug-2025,Credit Card,20250804_101022,57321,Thriller Pass,40801,,Shaikha,POS4,685.714,34.286,720
04-Aug-2025,Credit Card,20250804_101023,57321,Thriller Pass,40801,,Shaikha,POS4,228.571,11.429,240
04-Aug-2025,Credit Card,20250804_101025,57321,Get Tired Playing Combo to Kar,40801,,Sirjana,POS5,813.543,40.677,854.22
04-Aug-2025,Credit Card,20250804_101025,57322,Karting Combo to Get Tired Pla,40801,,Sirjana,POS5,326.457,16.323,342.78
04-Aug-2025,Credit Card,20250804_101026,57162,100 Credit Top Up - Redemption,40801,,Nuripa,POS3,95.238,4.762,100
04-Aug-2025,Credit Card,20250804_101027,57321,Thriller Pass,40801,,Shaikha,POS4,685.714,34.286,720
04-Aug-2025,Credit Card,20250804_101028,51305,Shoe Rent,40801,,Rochelle,POS6,57.143,2.857,60
04-Aug-2025,Credit Card,20250804_101028,51305,Socks,40801,,Rochelle,POS6,38.095,1.905,40
04-Aug-2025,Credit Card,20250804_101028,57052,Card Deposit,40801,,Rochelle,POS6,4.762,0.238,5
04-Aug-2025,Credit Card,20250804_101028,57322,Multiplex Karting - ADULTS,40801,,Rochelle,POS6,480,24,504
04-Aug-2025,Credit Card,20250804_101030,57323,Carousel,40801,,Sirjana,POS5,20,1,21
04-Aug-2025,Credit Card,20250804_101031,57321,Adventure Pass - 50% Staff Dis,40801,,Sirjana,POS5,179.048,8.952,188
04-Aug-2025,Credit Card,20250804_101033,57321,Thriller Pass,40801,,Shaikha,POS4,685.714,34.286,720
04-Aug-2025,Credit Card,20250804_101035,57052,Card Deposit,40801,,Shaikha,POS4,4.762,0.238,5
04-Aug-2025,Credit Card,20250804_101035,57322,Multiplex Karting - ADULTS,40801,,Shaikha,POS4,360,18,378
04-Aug-2025,Credit Card,20250804_101037,57321,Adventure Pass,40801,,Nuripa,POS3,377.143,18.857,396
04-Aug-2025,Credit Card,20250804_101037,57321,Toddler Pass,40801,,Nuripa,POS3,198.095,9.905,208
04-Aug-2025,Credit Card,20250804_101039,51305,Socks,40801,,Shaikha,POS4,19.048,0.952,20
04-Aug-2025,Credit Card,20250804_101040,51305,Shoe Rent,40801,,Shaikha,POS4,28.571,1.429,30
04-Aug-2025,Credit Card,20250804_101040,51305,Socks,40801,,Shaikha,POS4,9.524,0.476,10
04-Aug-2025,Credit Card,20250804_101041,57321,Discovery Pass,40801,,Nuripa,POS3,287.619,14.381,302
04-Aug-2025,Credit Card,20250804_101041,57321,Toddler Pass,40801,,Nuripa,POS3,99.048,4.952,104
04-Aug-2025,Credit Card,20250804_101043,57052,Card Deposit,40801,,Shaikha,POS4,4.762,0.238,5
04-Aug-2025,Credit Card,20250804_101043,57322,Multiplex Karting - ADULTS,40801,,Shaikha,POS4,120,6,126
04-Aug-2025,Credit Card,20250804_101046,57052,Card Deposit,40801,,Shaikha,POS4,4.762,0.238,5
04-Aug-2025,Credit Card,20250804_101046,57322,Multiplex Karting - ADULTS,40801,,Shaikha,POS4,240,12,252
04-Aug-2025,Credit Card,20250804_101047,57052,Card Deposit,40801,,Nuripa,POS3,4.762,0.238,5
04-Aug-2025,Credit Card,20250804_101047,57322,Multiplex Karting - ADULTS,40801,,Nuripa,POS3,120,6,126
04-Aug-2025,Credit Card,20250804_101047,57322,Multiplex Karting - JUNIOR,40801,,Nuripa,POS3,80,4,84
04-Aug-2025,Credit Card,20250804_101048,57321,Discovery Pass,40801,,Nuripa,POS3,143.81,7.19,151
04-Aug-2025,Credit Card,20250804_101049,57321,Discovery Pass Combo to Kartin,40801,,Shaikha,POS4,483.619,24.181,507.8
04-Aug-2025,Credit Card,20250804_101049,57322,Karting Combo to Discovery Pas,40801,,Shaikha,POS4,411.619,20.581,432.2
04-Aug-2025,Credit Card,20250804_101050,51605,Add Ons - Fluid Art - Meduim F,40801,,Manisha,POS7,124.762,6.238,131
04-Aug-2025,Credit Card,20250804_101051,57321,Discovery Pass,40801,,Shaikha,POS4,143.81,7.19,151
04-Aug-2025,Credit Card,20250804_101052,57052,Card Deposit,40801,,Nuripa,POS3,4.762,0.238,5
04-Aug-2025,Credit Card,20250804_101052,57322,Multiplex Karting - ADULTS,40801,,Nuripa,POS3,240,12,252
04-Aug-2025,Credit Card,20250804_101053,51605,Add Ons - Fluid Art - Large Fl,40801,,Manisha,POS7,377.143,18.857,396
04-Aug-2025,Credit Card,20250804_101054,51305,Socks,40801,,Nuripa,POS3,9.524,0.476,10
04-Aug-2025,Credit Card,20250804_101055,57162,50 AED Top Up - Redemption,40801,,Nuripa,POS3,47.619,2.381,50
04-Aug-2025,Credit Card,20250804_101059,57321,Discovery Pass,40801,,Nuripa,POS3,431.429,21.571,453
04-Aug-2025,Credit Card,20250804_101060,51305,Socks,40801,,Nuripa,POS3,28.571,1.429,30
04-Aug-2025,Credit Card,20250804_101062,57321,Toddler Pass,40801,,Nuripa,POS3,99.048,4.952,104
04-Aug-2025,Credit Card,20250804_101064,57321,Toddler Pass,40801,,Nuripa,POS3,99.048,4.952,104
04-Aug-2025,Credit Card,20250804_101066,57052,Card Deposit,40801,,Sirjana,POS5,4.762,0.238,5
04-Aug-2025,Credit Card,20250804_101066,57322,Multiplex Karting - JUNIOR,40801,,Sirjana,POS5,80,4,84
04-Aug-2025,Credit Card,20250804_101068,57321,Toddler Pass,40801,,Nuripa,POS3,99.048,4.952,104
04-Aug-2025,Credit Card,20250804_101069,51305,Socks,40801,,Nuripa,POS3,9.524,0.476,10
04-Aug-2025,Credit Card,20250804_101070,57322,Multiplex Karting - ADULTS - D,40801,,Sirjana,POS5,600,30,630
04-Aug-2025,Credit Card,20250804_101072,57052,Card Deposit,40801,,Nuripa,POS3,4.762,0.238,5
04-Aug-2025,Credit Card,20250804_101072,57322,Multiplex Karting - ADULTS,40801,,Nuripa,POS3,120,6,126
04-Aug-2025,Credit Card,20250804_101072,57322,Multiplex Karting - JUNIOR,40801,,Nuripa,POS3,80,4,84
04-Aug-2025,Credit Card,20250804_101073,57052,Card Deposit,40801,,Nuripa,POS3,4.762,0.238,5
04-Aug-2025,Credit Card,20250804_101073,57322,Multiplex Karting - ADULTS,40801,,Nuripa,POS3,120,6,126
04-Aug-2025,Credit Card,20250804_101073,57322,Multiplex Karting - Dual Drive,40801,,Nuripa,POS3,299.048,14.952,314
04-Aug-2025,Credit Card,20250804_101074,51305,Shoe Rent,40801,,Nuripa,POS3,71.429,3.571,75
04-Aug-2025,Credit Card,20250804_101075,57323,Through the Roof,40801,,Shaikha,POS4,29.524,1.476,31
04-Aug-2025,Credit Card,20250804_101076,57323,Carousel,40801,,Shaikha,POS4,20,1,21
04-Aug-2025,Credit Card,20250804_101077,57162,Slime Experience - 41AED,40801,,Manisha,POS7,39.048,1.952,41
04-Aug-2025,Credit Card,20250804_101078,51305,Shoe Rent,40801,,Shaikha,POS4,28.571,1.429,30
04-Aug-2025,Credit Card,20250804_101078,51305,Socks,40801,,Shaikha,POS4,19.048,0.952,20
04-Aug-2025,Credit Card,20250804_101078,57052,Card Deposit,40801,,Shaikha,POS4,4.762,0.238,5
04-Aug-2025,Credit Card,20250804_101078,57322,Multiplex Karting - ADULTS,40801,,Shaikha,POS4,240,12,252
04-Aug-2025,Credit Card,20250804_101079,57321,Discovery Pass,40801,,Shaikha,POS4,143.81,7.19,151
05-Aug-2025,,20250805_101082,57321,Fazaa - Get Tired Playing,40801,,Fatima,POS6,0,0,0
05-Aug-2025,,20250805_101083,57321,Fazaa - Get Tired Playing,40801,,Fatima,POS6,0,0,0
05-Aug-2025,,20250805_101084,57321,Fazaa - Get Tired Playing,40801,,Fatima,POS6,0,0,0
05-Aug-2025,,20250805_101091,57321,Fazaa - Get Tired Playing,40801,,Fatima,POS6,0,0,0
05-Aug-2025,,20250805_101093,57321,Fazaa - Get Tired Playing,40801,,Fatima,POS6,0,0,0
05-Aug-2025,,20250805_101094,57321,Fazaa - Get Tired Playing,40801,,Fatima,POS6,0,0,0
05-Aug-2025,,20250805_101095,57321,Fazaa - Get Tired Playing,40801,,Fatima,POS6,0,0,0
05-Aug-2025,,20250805_101101,57321,Fazaa - Get Tired Playing,40801,,Fatima,POS6,0,0,0
05-Aug-2025,,20250805_101103,57321,Fazaa - Get Tired Playing,40801,,Glory Mae,POS4,0,0,0
05-Aug-2025,,20250805_101105,57321,Fazaa - Get Tired Playing,40801,,Glory Mae,POS4,0,0,0
05-Aug-2025,,20250805_101107,57321,Fazaa - Get Tired Playing,40801,,Sirjana,POS5,0,0,0
05-Aug-2025,,20250805_101112,57321,Fazaa - Get Tired Playing,40801,,Fatima,POS6,0,0,0
05-Aug-2025,,20250805_101115,57321,Fazaa - Get Tired Playing,40801,,Fatima,POS6,0,0,0
05-Aug-2025,,20250805_101118,57321,Fazaa - Get Tired Playing,40801,,Sirjana,POS5,0,0,0
05-Aug-2025,,20250805_101119,57321,Fazaa - Get Tired Playing,40801,,Fatima,POS6,0,0,0
05-Aug-2025,,20250805_101120,57321,Fazaa - Get Tired Playing,40801,,Sirjana,POS5,0,0,0
05-Aug-2025,,20250805_101121,57321,Fazaa - Get Tired Playing,40801,,Sirjana,POS5,0,0,0
05-Aug-2025,,20250805_101122,57321,Fazaa - Get Tired Playing,40801,,Fatima,POS6,0,0,0
05-Aug-2025,,20250805_101123,57321,Fazaa - Get Tired Playing,40801,,Sirjana,POS5,0,0,0
05-Aug-2025,,20250805_101124,57321,Fazaa - Get Tired Playing,40801,,Sirjana,POS5,0,0,0
05-Aug-2025,,20250805_101126,57321,Fazaa - Get Tired Playing,40801,,Sirjana,POS5,0,0,0
05-Aug-2025,,20250805_101135,57321,Fazaa - Get Tired Playing,40801,,Fatima,POS6,0,0,0
05-Aug-2025,,20250805_101157,57321,Fazaa - Get Tired Playing,40801,,Sirjana,POS5,0,0,0
05-Aug-2025,,20250805_101159,57321,Fazaa - Get Tired Playing,40801,,Sirjana,POS5,0,0,0
05-Aug-2025,,20250805_101168,57321,Fazaa - Get Tired Playing,40801,,Fatima,POS3,0,0,0
05-Aug-2025,,20250805_101177,57321,Fazaa - Get Tired Playing,40801,,Fatima,POS3,0,0,0
05-Aug-2025,,20250805_101179,57321,Fazaa - Get Tired Playing,40801,,Sirjana,POS5,0,0,0
05-Aug-2025,,20250805_101189,57321,Fazaa - Get Tired Playing,40801,,Fatima,POS3,0,0,0
05-Aug-2025,Cash,20250805_101080,57321,Adventure Pass,40801,,Rochelle,POS3,377.143,18.857,396
05-Aug-2025,Cash,20250805_101096,57322,Multiplex Karting - JUNIOR,40801,,Fatima,POS6,80,4,84
05-Aug-2025,Cash,20250805_101099,51305,Socks,40801,,Fatima,POS6,9.524,0.476,10
05-Aug-2025,Cash,20250805_101100,57162,50 AED Top Up - Redemption,40801,,Glory Mae,POS4,47.619,2.381,50
05-Aug-2025,Cash,20250805_101117,57323,Toddler Playland Unlimited,40801,,Sirjana,POS5,94.286,4.714,99
05-Aug-2025,Cash,20250805_101160,57323,Inflatable 1 Hour - 99AED,40801,,Sirjana,POS5,377.143,18.857,396
05-Aug-2025,Cash,20250805_101178,57322,Multiplex Karting - ADULTS - D,40801,,Sirjana,POS5,200,10,210
05-Aug-2025,Cash,20250805_101180,51305,Socks,40801,,Sirjana,POS5,9.524,0.476,10
05-Aug-2025,Cash,20250805_101196,57162,50 AED Top Up - Redemption,40801,,Sirjana,POS5,95.238,4.762,100
05-Aug-2025,Cash;Credit Card,20250805_101098,57321,Discovery Pass,40801,,Fatima,POS6,719.048,35.952,755
05-Aug-2025,Cash;Credit Card,20250805_101098,57321,Toddler Pass,40801,,Fatima,POS6,198.095,9.905,208
05-Aug-2025,Cash;Credit Card,20250805_101185,51305,Shoe Rent,40801,,Sirjana,POS5,71.429,3.571,75
05-Aug-2025,Cash;Credit Card,20250805_101185,51305,Socks,40801,,Sirjana,POS5,19.048,0.952,20
05-Aug-2025,Cash;Credit Card,20250805_101185,57052,Card Deposit,40801,,Sirjana,POS5,4.762,0.238,5
05-Aug-2025,Cash;Credit Card,20250805_101185,57322,Multiplex Karting - ADULTS,40801,,Sirjana,POS5,600,30,630
05-Aug-2025,Cash;Credit Card,20250805_101185,57322,Multiplex Karting - Dual Drive,40801,,Sirjana,POS5,149.524,7.476,157
05-Aug-2025,Credit Card Adjustment,20250805_101092,57321,Fazaa - Get Tired Playing,40801,,Fatima,POS6,0,0,0
05-Aug-2025,Credit Card Adjustment,20250805_101092,57321,POD - Discovery Pass - 70.50 A,40801,,Fatima,POS6,134.286,6.714,141
05-Aug-2025,Credit Card Adjustment,20250805_101162,51305,Socks,40801,,Fatima,POS3,9.524,0.476,10
05-Aug-2025,Credit Card Adjustment,20250805_101162,57321,Thriller Pass,40801,,Fatima,POS3,1142.86,57.143,1200
05-Aug-2025,Credit Card,20250805_101081,57321,Get Tired Playing ,40801,,Fatima,POS6,598.095,29.905,628
05-Aug-2025,Credit Card,20250805_101085,57052,Card Deposit,40801,,Fatima,POS6,4.762,0.238,5
05-Aug-2025,Credit Card,20250805_101085,57321,Fazaa - Get Tired Playing,40801,,Fatima,POS6,0,0,0
05-Aug-2025,Credit Card,20250805_101085,57322,Multiplex Karting - ADULTS,40801,,Fatima,POS6,240,12,252
05-Aug-2025,Credit Card,20250805_101085,57322,Multiplex Karting - JUNIOR,40801,,Fatima,POS6,80,4,84
05-Aug-2025,Credit Card,20250805_101086,57323,Through the Roof,40801,,Fatima,POS6,29.524,1.476,31
05-Aug-2025,Credit Card,20250805_101087,57052,Card Deposit,40801,,Fatima,POS6,4.762,0.238,5
05-Aug-2025,Credit Card,20250805_101087,57162,50 AED Top Up - Redemption,40801,,Fatima,POS6,47.619,2.381,50
05-Aug-2025,Credit Card,20250805_101088,57321,Discovery Pass,40801,,Fatima,POS6,431.429,21.571,453
05-Aug-2025,Credit Card,20250805_101089,57052,Card Deposit,40801,,Fatima,POS6,4.762,0.238,5
05-Aug-2025,Credit Card,20250805_101089,57321,Fazaa - Get Tired Playing,40801,,Fatima,POS6,0,0,0
05-Aug-2025,Credit Card,20250805_101089,57322,Multiplex Karting - ADULTS,40801,,Fatima,POS6,480,24,504
05-Aug-2025,Credit Card,20250805_101090,51305,Shoe Rent,40801,,Fatima,POS6,14.286,0.714,15
05-Aug-2025,Credit Card,20250805_101097,57322,Multiplex Karting - ADULTS - D,40801,,Fatima,POS6,800,40,840
05-Aug-2025,Credit Card,20250805_101104,57162,Slime Experience - 41AED,40801,,Manisha,POS7,117.143,5.857,123
05-Aug-2025,Credit Card,20250805_101108,57162,Slime Experience - 41AED,40801,,Manisha,POS7,78.095,3.905,82
05-Aug-2025,Credit Card,20250805_101109,57321,Adventure Pass,40801,,Sirjana,POS5,754.286,37.714,792
05-Aug-2025,Credit Card,20250805_101110,57321,Get Tired Playing ,40801,,Fatima,POS6,1196.19,59.81,1256
05-Aug-2025,Credit Card,20250805_101111,57321,Discovery Pass Combo to Kartin,40801,,Fatima,POS6,362.714,18.136,380.85
05-Aug-2025,Credit Card,20250805_101111,57322,Karting Combo to Discovery Pas,40801,,Fatima,POS6,308.714,15.436,324.15
05-Aug-2025,Credit Card,20250805_101113,57323,Lockers ,40801,,Fatima,POS6,9.524,0.476,10
05-Aug-2025,Credit Card,20250805_101125,57321,Get Tired Playing ,40801,,Fatima,POS6,1495.24,74.762,1570
05-Aug-2025,Credit Card,20250805_101127,57052,Card Deposit,40801,,Fatima,POS6,14.286,0.714,15
05-Aug-2025,Credit Card,20250805_101127,57162,100 Credit Top Up - Redemption,40801,,Fatima,POS6,380.952,19.048,400
05-Aug-2025,Credit Card,20250805_101128,57052,Card Deposit,40801,,Sirjana,POS5,4.762,0.238,5
05-Aug-2025,Credit Card,20250805_101128,57322,Multiplex Karting - ADULTS,40801,,Sirjana,POS5,360,18,378
05-Aug-2025,Credit Card,20250805_101129,51305,Shoe Rent,40801,,Fatima,POS6,28.571,1.429,30
05-Aug-2025,Credit Card,20250805_101129,51305,Socks,40801,,Fatima,POS6,19.048,0.952,20
05-Aug-2025,Credit Card,20250805_101129,57052,Card Deposit,40801,,Fatima,POS6,4.762,0.238,5
05-Aug-2025,Credit Card,20250805_101129,57322,Multiplex Karting - ADULTS,40801,,Fatima,POS6,360,18,378
05-Aug-2025,Credit Card,20250805_101129,57322,Multiplex Karting - JUNIOR,40801,,Fatima,POS6,80,4,84
05-Aug-2025,Credit Card,20250805_101130,57321,Discovery Pass,40801,,Sirjana,POS5,431.429,21.571,453
05-Aug-2025,Credit Card,20250805_101131,57321,Discovery Pass,40801,,Sirjana,POS5,431.429,21.571,453
05-Aug-2025,Credit Card,20250805_101131,57321,Toddler Pass,40801,,Sirjana,POS5,99.048,4.952,104
05-Aug-2025,Credit Card,20250805_101132,57321,Discovery Pass Combo to Kartin,40801,,Fatima,POS6,362.714,18.136,380.85
05-Aug-2025,Credit Card,20250805_101132,57321,Fazaa - Get Tired Playing,40801,,Fatima,POS6,0.001,0,0.001
05-Aug-2025,Credit Card,20250805_101132,57322,Karting Combo to Discovery Pas,40801,,Fatima,POS6,308.714,15.436,324.15
05-Aug-2025,Credit Card,20250805_101133,57052,Card Deposit,40801,,Sirjana,POS5,4.762,0.238,5
05-Aug-2025,Credit Card,20250805_101133,57322,Multiplex Karting - ADULTS,40801,,Sirjana,POS5,120,6,126
05-Aug-2025,Credit Card,20250805_101133,57322,Multiplex Karting - JUNIOR,40801,,Sirjana,POS5,80,4,84
05-Aug-2025,Credit Card,20250805_101134,57052,Card Deposit,40801,,Sirjana,POS5,4.762,0.238,5
05-Aug-2025,Credit Card,20250805_101134,57162,50 AED Top Up - Redemption,40801,,Sirjana,POS5,47.619,2.381,50
05-Aug-2025,Credit Card,20250805_101136,57321,Discovery Pass,40801,,Fatima,POS6,143.81,7.19,151
05-Aug-2025,Credit Card,20250805_101137,57052,Card Deposit,40801,,Sirjana,POS5,4.762,0.238,5
05-Aug-2025,Credit Card,20250805_101137,57322,Multiplex Karting - ADULTS,40801,,Sirjana,POS5,240,12,252
05-Aug-2025,Credit Card,20250805_101137,57322,Multiplex Karting - JUNIOR,40801,,Sirjana,POS5,80,4,84
05-Aug-2025,Credit Card,20250805_101139,57321,Get Tired Playing ,40801,,Fatima,POS6,598.095,29.905,628
05-Aug-2025,Credit Card,20250805_101139,57321,Get Tired Playing Combo to Kar,40801,,Fatima,POS6,542.362,27.118,569.48
05-Aug-2025,Credit Card,20250805_101139,57322,Karting Combo to Get Tired Pla,40801,,Fatima,POS6,217.638,10.882,228.52
05-Aug-2025,Credit Card,20250805_101140,51605,Add Ons - Fluid Art - Small Fl,40801,,Manisha,POS7,320,16,336
05-Aug-2025,Credit Card,20250805_101141,51605,Add Ons - Fluid Art - Small Fl,40801,,Manisha,POS7,106.667,5.333,112
05-Aug-2025,Credit Card,20250805_101142,57162,100 Credit Top Up - Redemption,40801,,Sirjana,POS5,95.238,4.762,100
05-Aug-2025,Credit Card,20250805_101143,57052,Card Deposit,40801,,Sirjana,POS5,4.762,0.238,5
05-Aug-2025,Credit Card,20250805_101143,57162,50 AED Top Up - Redemption,40801,,Sirjana,POS5,47.619,2.381,50
05-Aug-2025,Credit Card,20250805_101144,57321,Thriller Pass,40801,,Sirjana,POS5,457.143,22.857,480
05-Aug-2025,Credit Card,20250805_101145,57321,Thriller Pass,40801,,Sirjana,POS5,685.714,34.286,720
05-Aug-2025,Credit Card,20250805_101146,57052,Card Deposit,40801,,Sirjana,POS5,4.762,0.238,5
05-Aug-2025,Credit Card,20250805_101146,57322,Multiplex Karting - ADULTS,40801,,Sirjana,POS5,120,6,126
05-Aug-2025,Credit Card,20250805_101147,57322,Multiplex Karting - ADULTS,40801,,Sirjana,POS5,120,6,126
05-Aug-2025,Credit Card,20250805_101148,51605,Add Ons - Fluid Art - Small Fl,40801,,Manisha,POS7,213.333,10.667,224
05-Aug-2025,Credit Card,20250805_101149,57322,Multiplex Karting - JUNIOR,40801,,Sirjana,POS5,80,4,84
05-Aug-2025,Credit Card,20250805_101150,51305,Shoe Rent,40801,,Fatima,POS6,28.571,1.429,30
05-Aug-2025,Credit Card,20250805_101150,51305,Socks,40801,,Fatima,POS6,19.048,0.952,20
05-Aug-2025,Credit Card,20250805_101150,57052,Card Deposit,40801,,Fatima,POS6,4.762,0.238,5
05-Aug-2025,Credit Card,20250805_101150,57322,Multiplex Karting - ADULTS,40801,,Fatima,POS6,360,18,378
05-Aug-2025,Credit Card,20250805_101151,57322,Multiplex Karting - JUNIOR,40801,,Sirjana,POS5,80,4,84
05-Aug-2025,Credit Card,20250805_101152,57323,Through the Roof,40801,,Fatima,POS6,29.524,1.476,31
05-Aug-2025,Credit Card,20250805_101153,57162,Slime Experience - 41AED,40801,,Manisha,POS7,39.048,1.952,41
05-Aug-2025,Credit Card,20250805_101154,57321,Get Tired Playing ,40801,,Fatima,POS6,299.048,14.952,314
05-Aug-2025,Credit Card,20250805_101154,57321,Get Tired Playing Combo to Kar,40801,,Fatima,POS6,1084.72,54.236,1138.96
05-Aug-2025,Credit Card,20250805_101154,57322,Karting Combo to Get Tired Pla,40801,,Fatima,POS6,435.276,21.764,457.04
05-Aug-2025,Credit Card,20250805_101155,57321,Get Tired Playing ,40801,,Fatima,POS6,299.048,14.952,314
05-Aug-2025,Credit Card,20250805_101156,57323,Toddler Playland Unlimited,40801,,Sirjana,POS5,94.286,4.714,99
05-Aug-2025,Credit Card,20250805_101158,51305,Socks,40801,,Sirjana,POS5,9.524,0.476,10
05-Aug-2025,Credit Card,20250805_101158,57321,Discovery Pass Combo to Kartin,40801,,Sirjana,POS5,120.905,6.045,126.95
05-Aug-2025,Credit Card,20250805_101158,57321,Discovery Pass,40801,,Sirjana,POS5,143.81,7.19,151
05-Aug-2025,Credit Card,20250805_101158,57322,Karting Combo to Discovery Pas,40801,,Sirjana,POS5,102.905,5.145,108.05
05-Aug-2025,Credit Card,20250805_101161,51305,Socks,40801,,Fatima,POS3,9.524,0.476,10
05-Aug-2025,Credit Card,20250805_101161,57323,Through the Roof,40801,,Fatima,POS3,29.524,1.476,31
05-Aug-2025,Credit Card,20250805_101163,51305,Socks,40801,,Fatima,POS3,9.524,0.476,10
05-Aug-2025,Credit Card,20250805_101164,57052,Card Deposit,40801,,Sirjana,POS5,4.762,0.238,5
05-Aug-2025,Credit Card,20250805_101164,57322,Multiplex Karting - ADULTS,40801,,Sirjana,POS5,360,18,378
05-Aug-2025,Credit Card,20250805_101165,57321,Discovery Pass,40801,,Fatima,POS3,143.81,7.19,151
05-Aug-2025,Credit Card,20250805_101166,51305,Socks,40801,,Sirjana,POS5,19.048,0.952,20
05-Aug-2025,Credit Card,20250805_101167,57052,Card Deposit,40801, ,Mohammed,POS4,4.762,0.238,5
05-Aug-2025,Credit Card,20250805_101167,57322,Multiplex Karting - ADULTS,40801, ,Mohammed,POS4,120,6,126
05-Aug-2025,Credit Card,20250805_101169,57052,Card Deposit,40801,,Sirjana,POS5,4.762,0.238,5
05-Aug-2025,Credit Card,20250805_101169,57322,Multiplex Karting - ADULTS,40801,,Sirjana,POS5,240,12,252
05-Aug-2025,Credit Card,20250805_101170,57321,Toddler Pass,40801,,Fatima,POS3,99.048,4.952,104
05-Aug-2025,Credit Card,20250805_101171,57162,100 Credit Top Up - Redemption,40801,,Sirjana,POS5,285.714,14.286,300
05-Aug-2025,Credit Card,20250805_101172,51305,Socks,40801,,Fatima,POS3,38.095,1.905,40
05-Aug-2025,Credit Card,20250805_101172,57321,Discovery Pass,40801,,Fatima,POS3,287.619,14.381,302
05-Aug-2025,Credit Card,20250805_101172,57321,Toddler Pass,40801,,Fatima,POS3,99.048,4.952,104
05-Aug-2025,Credit Card,20250805_101173,51305,Shoe Rent,40801,,Fatima,POS3,14.286,0.714,15
05-Aug-2025,Credit Card,20250805_101174,57321,Discovery Pass,40801,,Sirjana,POS5,287.619,14.381,302
05-Aug-2025,Credit Card,20250805_101176,57321,Adventure Pass,40801,,Sirjana,POS5,377.143,18.857,396
05-Aug-2025,Credit Card,20250805_101176,57323,Inflatable 1 Hour - 99AED,40801,,Sirjana,POS5,94.286,4.714,99
05-Aug-2025,Credit Card,20250805_101181,51305,Shoe Rent,40801,,Sirjana,POS5,14.286,0.714,15
05-Aug-2025,Credit Card,20250805_101181,57052,Card Deposit,40801,,Sirjana,POS5,4.762,0.238,5
05-Aug-2025,Credit Card,20250805_101181,57322,Multiplex Karting - ADULTS,40801,,Sirjana,POS5,240,12,252
05-Aug-2025,Credit Card,20250805_101181,57322,Multiplex Karting - JUNIOR,40801,,Sirjana,POS5,80,4,84
05-Aug-2025,Credit Card,20250805_101182,51305,Shoe Rent,40801,,Fatima,POS3,14.286,0.714,15
05-Aug-2025,Credit Card,20250805_101182,51305,Socks,40801,,Fatima,POS3,9.524,0.476,10
05-Aug-2025,Credit Card,20250805_101182,57052,Card Deposit,40801,,Fatima,POS3,4.762,0.238,5
05-Aug-2025,Credit Card,20250805_101182,57322,Multiplex Karting - ADULTS,40801,,Fatima,POS3,240,12,252
05-Aug-2025,Credit Card,20250805_101183,51305,Shoe Rent,40801,,Fatima,POS3,14.286,0.714,15
05-Aug-2025,Credit Card,20250805_101183,51305,Socks,40801,,Fatima,POS3,9.524,0.476,10
05-Aug-2025,Credit Card,20250805_101183,57052,Card Deposit,40801,,Fatima,POS3,4.762,0.238,5
05-Aug-2025,Credit Card,20250805_101183,57321,Adventure Pass,40801,,Fatima,POS3,188.571,9.429,198
05-Aug-2025,Credit Card,20250805_101183,57322,Multiplex Karting - ADULTS,40801,,Fatima,POS3,120,6,126
05-Aug-2025,Credit Card,20250805_101184,57162,Slime Experience - 41AED,40801,,Manisha,POS7,39.048,1.952,41
05-Aug-2025,Credit Card,20250805_101186,57162,100 Credit Top Up - Redemption,40801,,Fatima,POS3,95.238,4.762,100
05-Aug-2025,Credit Card,20250805_101187,57324,Climbing Wall Session - 15minu,40801,,Fatima,POS3,68.571,3.429,72
05-Aug-2025,Credit Card,20250805_101188,57323,Inflatable 20mins - 29 AED,40801,,Sirjana,POS5,27.619,1.381,29
05-Aug-2025,Credit Card,20250805_101190,57321,Discovery Pass,40801,,Fatima,POS3,143.81,7.19,151
05-Aug-2025,Credit Card,20250805_101191,51305,Socks,40801,,Fatima,POS3,9.524,0.476,10
05-Aug-2025,Credit Card,20250805_101192,57052,Card Deposit,40801,,Fatima,POS3,4.762,0.238,5
05-Aug-2025,Credit Card,20250805_101192,57162,100 Credit Top Up - Redemption,40801,,Fatima,POS3,190.476,9.524,200
05-Aug-2025,Credit Card,20250805_101197,57321,Adventure Pass,40801,,Fatima,POS3,565.714,28.286,594
05-Aug-2025,Credit Card,20250805_101198,51305,Socks,40801,,Fatima,POS3,28.571,1.429,30
05-Aug-2025,Credit Card,20250805_101198,57325,Birthday Package 2 (Adventure ,40801,,Fatima,POS3,323,16.15,339.15
05-Aug-2025,Credit Card,20250805_101199,57322,Multiplex Karting - ADULTS,40801,,Sirjana,POS5,120,6,126
05-Aug-2025,Credit Card,20250805_101200,57052,Card Deposit,40801,,Sirjana,POS5,4.762,0.238,5
05-Aug-2025,Credit Card,20250805_101200,57322,Multiplex Karting - ADULTS,40801,,Sirjana,POS5,240,12,252
05-Aug-2025,Credit Card,20250805_101201,57323,Flip Out,40801,,Sirjana,POS5,24.762,1.238,26
05-Aug-2025,Credit Card,20250805_101201,57323,Fun Walls,40801,,Sirjana,POS5,29.524,1.476,31
05-Aug-2025,Credit Card,20250805_101202,57162,50 AED Top Up - Redemption,40801,,Sirjana,POS5,47.619,2.381,50
05-Aug-2025,Credit Card,20250805_101203,57052,Card Deposit,40801,,Sirjana,POS5,4.762,0.238,5
05-Aug-2025,Credit Card,20250805_101203,57162,50 AED Top Up - Redemption,40801,,Sirjana,POS5,47.619,2.381,50
05-Aug-2025,Credit Card,20250805_101203,57322,Multiplex Karting - JUNIOR,40801,,Sirjana,POS5,80,4,84
05-Aug-2025,Credit Card,20250805_101204,51305,Shoe Rent,40801,,Glory Mae,POS4,14.286,0.714,15
05-Aug-2025,Credit Card,20250805_101205,57052,Card Deposit,40801,,Sirjana,POS5,4.762,0.238,5
05-Aug-2025,Credit Card,20250805_101205,57322,Multiplex Karting - ADULTS,40801,,Sirjana,POS5,120,6,126
05-Aug-2025,Credit Card,20250805_101206,57162,50 AED Top Up - Redemption,40801,,Glory Mae,POS4,47.619,2.381,50
05-Aug-2025,Credit Card,20250805_101207,57052,Card Deposit,40801,,Sirjana,POS5,4.762,0.238,5
05-Aug-2025,Credit Card,20250805_101207,57322,Multiplex Karting - ADULTS,40801,,Sirjana,POS5,120,6,126
05-Aug-2025,Credit Card,20250805_101207,57322,Multiplex Karting - JUNIOR,40801,,Sirjana,POS5,80,4,84
05-Aug-2025,Credit Card,20250805_101207,57323,Flip Out,40801,,Sirjana,POS5,24.762,1.238,26
05-Aug-2025,Credit Card,20250805_101207,57323,Speed Glider,40801,,Sirjana,POS5,36.19,1.81,38
05-Aug-2025,Credit Card,20250805_101207,57323,Toddler Playland Unlimited,40801,,Sirjana,POS5,188.571,9.429,198
05-Aug-2025,Credit Card,20250805_101208,57162,Slime Experience - 41AED,40801,,Manisha,POS7,39.048,1.952,41
05-Aug-2025,Credit Card,20250805_101209,57052,Card Deposit,40801,,Sirjana,POS5,4.762,0.238,5
05-Aug-2025,Credit Card,20250805_101209,57322,Multiplex Karting - ADULTS,40801,,Sirjana,POS5,240,12,252
05-Aug-2025,Credit Card,20250805_101210,57323,Led Slides,40801,,Sirjana,POS5,9.524,0.476,10
05-Aug-2025,Credit Card,20250805_101210,57323,Stunt Bags,40801,,Sirjana,POS5,14.286,0.714,15
05-Aug-2025,Credit Card,20250805_101211,57323,Through the Roof,40801,,Sirjana,POS5,29.524,1.476,31
05-Aug-2025,Credit Card,20250805_101212,57323,Fun Walls,40801,,Sirjana,POS5,29.524,1.476,31
05-Aug-2025,Credit Card,20250805_101212,57323,Led Slides,40801,,Sirjana,POS5,9.524,0.476,10
05-Aug-2025,Credit Card,20250805_101212,57323,Stunt Bags,40801,,Sirjana,POS5,14.286,0.714,15
05-Aug-2025,Payment Link,20250805_101193,57325,Birthday Package 3 (Epic Adven,40801,,Sirjana,POS5,3672,183.6,3855.6
05-Aug-2025,Payment Link,20250805_101194,57325,Birthday Package 2 (Adventure ,40801,,Sirjana,POS5,2422.5,121.125,2543.63
05-Aug-2025,Payment Link,20250805_101195,57325,Birthday Package A (Adventure ,40801,,Sirjana,POS5,1870,93.5,1963.5
06-Aug-2025,,20250806_101216,57321,Fazaa - Get Tired Playing,40801,,Fatima,POS6,0,0,0
06-Aug-2025,,20250806_101220,57321,Fazaa - Get Tired Playing,40801,,Fatima,POS6,0,0,0
06-Aug-2025,,20250806_101223,57321,Fazaa - Get Tired Playing,40801,,Nuripa,POS3,0,0,0
06-Aug-2025,,20250806_101227,57321,Fazaa - Get Tired Playing,40801,,Fatima,POS6,0,0,0
06-Aug-2025,,20250806_101243,57321,Fazaa - Get Tired Playing,40801,,Fatima,POS6,0,0,0
06-Aug-2025,,20250806_101246,57321,Fazaa - Get Tired Playing,40801,,Fatima,POS6,0,0,0
06-Aug-2025,,20250806_101256,57321,Fazaa - Get Tired Playing,40801,,Fatima,POS6,0,0,0
06-Aug-2025,,20250806_101261,57321,Fazaa - Get Tired Playing,40801,,Nuripa,POS3,0,0,0
06-Aug-2025,,20250806_101262,57321,Fazaa - Get Tired Playing,40801,,Nuripa,POS3,0,0,0
06-Aug-2025,,20250806_101265,57321,Fazaa - Get Tired Playing,40801,,Nuripa,POS3,0,0,0
06-Aug-2025,,20250806_101266,57321,Fazaa - Get Tired Playing,40801,,Glory Mae,POS4,0,0,0
06-Aug-2025,,20250806_101274,57321,Fazaa - Get Tired Playing,40801,,Nuripa,POS3,0,0,0
06-Aug-2025,,20250806_101280,57321,Fazaa - Get Tired Playing,40801,,Glory Mae,POS4,0,0,0
06-Aug-2025,,20250806_101286,57321,Fazaa - Get Tired Playing,40801,,Glory Mae,POS4,0,0,0
06-Aug-2025,,20250806_101287,57321,Fazaa - Get Tired Playing,40801,,Glory Mae,POS4,0,0,0
06-Aug-2025,Cash,20250806_101225,57162,50 AED Top Up - Redemption,40801,,Nuripa,POS3,47.619,2.381,50
06-Aug-2025,Cash,20250806_101229,51305,Socks,40801,,Nuripa,POS3,9.524,0.476,10
06-Aug-2025,Cash,20250806_101232,57162,50 AED Top Up - Redemption,40801,,Glory Mae,POS4,47.619,2.381,50
06-Aug-2025,Cash,20250806_101233,57162,50 AED Top Up - Redemption,40801,,Glory Mae,POS4,47.619,2.381,50
06-Aug-2025,Cash,20250806_101247,57162,50 AED Top Up - Redemption,40801,,Jennilyn,POS5,47.619,2.381,50
06-Aug-2025,Cash,20250806_101290,57321,Thriller Pass,40801,,Glory Mae,POS4,228.571,11.429,240
06-Aug-2025,Cash,20250806_101291,57052,Card Deposit,40801,,Jennilyn,POS5,4.762,0.238,5
06-Aug-2025,Cash,20250806_101291,57322,Multiplex Karting - ADULTS,40801,,Jennilyn,POS5,120,6,126
06-Aug-2025,Cash,20250806_101291,57322,Multiplex Karting - Dual Drive,40801,,Jennilyn,POS5,149.524,7.476,157
06-Aug-2025,Cash,20250806_101314,57162,50 AED Top Up - Redemption,40801,,Glory Mae,POS4,47.619,2.381,50
06-Aug-2025,Credit Card Adjustment,20250806_101221,35204,Daily Summer Camp 250AED,40801,,Fatima,POS6,476.19,23.81,500
06-Aug-2025,Credit Card Adjustment,20250806_101222,35204,Daily Summer Camp 250AED,40801,,Fatima,POS6,238.095,11.905,250
06-Aug-2025,Credit Card,20250806_101213,57321,Adventure Pass,40801,,Fatima,POS6,754.286,37.714,792
06-Aug-2025,Credit Card,20250806_101215,57321,Adventure Pass,40801,,Fatima,POS6,377.143,18.857,396
06-Aug-2025,Credit Card,20250806_101217,57323,Toddler Playland Unlimited,40801,,Fatima,POS6,94.286,4.714,99
06-Aug-2025,Credit Card,20250806_101218,57321,Discovery Pass,40801,,Fatima,POS6,287.619,14.381,302
06-Aug-2025,Credit Card,20250806_101219,57321,Discovery Pass,40801,,Fatima,POS6,287.619,14.381,302
06-Aug-2025,Credit Card,20250806_101224,57323,Lockers ,40801,,Nuripa,POS3,9.524,0.476,10
06-Aug-2025,Credit Card,20250806_101226,57322,Multiplex Karting - ADULTS,40801,,Fatima,POS6,120,6,126
06-Aug-2025,Credit Card,20250806_101228,51305,Shoe Rent,40801,,Nuripa,POS3,57.143,2.857,60
06-Aug-2025,Credit Card,20250806_101228,51305,Socks,40801,,Nuripa,POS3,38.095,1.905,40
06-Aug-2025,Credit Card,20250806_101228,57321,Discovery Pass Combo to Kartin,40801,,Nuripa,POS3,483.619,24.181,507.8
06-Aug-2025,Credit Card,20250806_101228,57321,Discovery Pass,40801,,Nuripa,POS3,287.619,14.381,302
06-Aug-2025,Credit Card,20250806_101228,57321,Toddler Pass,40801,,Nuripa,POS3,99.048,4.952,104
06-Aug-2025,Credit Card,20250806_101228,57322,Karting Combo to Discovery Pas,40801,,Nuripa,POS3,411.619,20.581,432.2
06-Aug-2025,Credit Card,20250806_101230,57321,Get Tired Playing ,40801,,Glory Mae,POS4,299.048,14.952,314
06-Aug-2025,Credit Card,20250806_101231,51305,Shoe Rent,40801,,Jennilyn,POS5,14.286,0.714,15
06-Aug-2025,Credit Card,20250806_101234,51305,Shoe Rent,40801,,Glory Mae,POS4,14.286,0.714,15
06-Aug-2025,Credit Card,20250806_101234,51305,Socks,40801,,Glory Mae,POS4,9.524,0.476,10
06-Aug-2025,Credit Card,20250806_101234,57052,Card Deposit,40801,,Glory Mae,POS4,4.762,0.238,5
06-Aug-2025,Credit Card,20250806_101234,57322,Multiplex Karting - ADULTS,40801,,Glory Mae,POS4,240,12,252
06-Aug-2025,Credit Card,20250806_101235,51305,Shoe Rent,40801,,Glory Mae,POS4,14.286,0.714,15
06-Aug-2025,Credit Card,20250806_101235,51305,Socks,40801,,Glory Mae,POS4,9.524,0.476,10
06-Aug-2025,Credit Card,20250806_101235,57322,Multiplex Karting - ADULTS,40801,,Glory Mae,POS4,120,6,126
06-Aug-2025,Credit Card,20250806_101236,51305,Shoe Rent,40801,,Jennilyn,POS5,14.286,0.714,15
06-Aug-2025,Credit Card,20250806_101236,51305,Socks,40801,,Jennilyn,POS5,9.524,0.476,10
06-Aug-2025,Credit Card,20250806_101236,57052,Card Deposit,40801,,Jennilyn,POS5,4.762,0.238,5
06-Aug-2025,Credit Card,20250806_101236,57322,Multiplex Karting - ADULTS,40801,,Jennilyn,POS5,120,6,126
06-Aug-2025,Credit Card,20250806_101237,57322,Multiplex Karting - ADULTS,40801,,Glory Mae,POS4,120,6,126
06-Aug-2025,Credit Card,20250806_101238,57322,Multiplex Karting - ADULTS,40801,,Glory Mae,POS4,120,6,126
06-Aug-2025,Credit Card,20250806_101239,57322,Multiplex Karting - ADULTS,40801,,Glory Mae,POS4,120,6,126
06-Aug-2025,Credit Card,20250806_101240,57322,Multiplex Karting - ADULTS,40801,,Glory Mae,POS4,120,6,126
06-Aug-2025,Credit Card,20250806_101241,57321,Adventure Pass,40801,,Fatima,POS6,565.714,28.286,594
06-Aug-2025,Credit Card,20250806_101242,57323,Carousel,40801,,Fatima,POS6,40,2,42
06-Aug-2025,Credit Card,20250806_101244,57162,50 AED Top Up - Redemption,40801,,Fatima,POS6,47.619,2.381,50
06-Aug-2025,Credit Card,20250806_101245,57162,50 AED Top Up - Redemption,40801,,Fatima,POS6,47.619,2.381,50
06-Aug-2025,Credit Card,20250806_101248,57321,Toddler Pass,40801,,Fatima,POS6,99.048,4.952,104
06-Aug-2025,Credit Card,20250806_101249,57321,Discovery Pass,40801,,Fatima,POS6,143.81,7.19,151
06-Aug-2025,Credit Card,20250806_101250,57321,Discovery Pass Combo to Kartin,40801,,Fatima,POS6,241.81,12.09,253.9
06-Aug-2025,Credit Card,20250806_101250,57321,Fazaa - Get Tired Playing,40801,,Fatima,POS6,0,0,0
06-Aug-2025,Credit Card,20250806_101250,57322,Karting Combo to Discovery Pas,40801,,Fatima,POS6,205.81,10.29,216.1
06-Aug-2025,Credit Card,20250806_101251,57321,Get Tired Playing ,40801,,Glory Mae,POS4,897.143,44.857,942
06-Aug-2025,Credit Card,20250806_101252,57321,Fazaa - Get Tired Playing,40801,,Fatima,POS6,0,0,0
06-Aug-2025,Credit Card,20250806_101252,57323,Toddler Playland Unlimited,40801,,Fatima,POS6,94.286,4.714,99
06-Aug-2025,Credit Card,20250806_101253,57323,Toddler Playland Unlimited,40801,,Nuripa,POS3,282.857,14.143,297
06-Aug-2025,Credit Card,20250806_101254,57052,Card Deposit,40801,,Glory Mae,POS4,4.762,0.238,5
06-Aug-2025,Credit Card,20250806_101254,57322,Multiplex Karting - ADULTS,40801,,Glory Mae,POS4,360,18,378
06-Aug-2025,Credit Card,20250806_101255,51305,Socks,40801,,Nuripa,POS3,9.524,0.476,10
06-Aug-2025,Credit Card,20250806_101257,51305,Shoe Rent,40801,,Fatima,POS6,28.571,1.429,30
06-Aug-2025,Credit Card,20250806_101257,51305,Socks,40801,,Fatima,POS6,19.048,0.952,20
06-Aug-2025,Credit Card,20250806_101258,57321,Discovery Pass,40801,,Nuripa,POS3,287.619,14.381,302
06-Aug-2025,Credit Card,20250806_101259,57052,Card Deposit,40801,,Glory Mae,POS4,4.762,0.238,5
06-Aug-2025,Credit Card,20250806_101259,57322,Multiplex Karting - ADULTS,40801,,Glory Mae,POS4,480,24,504
06-Aug-2025,Credit Card,20250806_101260,57322,Multiplex Karting - Dual Drive,40801,,Glory Mae,POS4,149.524,7.476,157
06-Aug-2025,Credit Card,20250806_101263,57052,Card Deposit,40801,,Nuripa,POS3,4.762,0.238,5
06-Aug-2025,Credit Card,20250806_101263,57162,50 AED Top Up - Redemption,40801,,Nuripa,POS3,47.619,2.381,50
06-Aug-2025,Credit Card,20250806_101263,57323,Toddler Playland Unlimited,40801,,Nuripa,POS3,94.286,4.714,99
06-Aug-2025,Credit Card,20250806_101264,57052,Card Deposit,40801,,Fatima,POS6,4.762,0.238,5
06-Aug-2025,Credit Card,20250806_101264,57322,Multiplex Karting - ADULTS,40801,,Fatima,POS6,240,12,252
06-Aug-2025,Credit Card,20250806_101264,57322,Multiplex Karting - Dual Drive,40801,,Fatima,POS6,149.524,7.476,157
06-Aug-2025,Credit Card,20250806_101267,51305,Shoe Rent,40801,,Nuripa,POS3,14.286,0.714,15
06-Aug-2025,Credit Card,20250806_101268,57321,Discovery Pass,40801,,Glory Mae,POS4,143.81,7.19,151
06-Aug-2025,Credit Card,20250806_101269,57321,Discovery Pass,40801,,Nuripa,POS3,143.81,7.19,151
06-Aug-2025,Credit Card,20250806_101270,57162,Slime Experience - 41AED,40801,,Manisha,POS7,78.095,3.905,82
06-Aug-2025,Credit Card,20250806_101271,51305,Shoe Rent,40801,,Glory Mae,POS4,14.286,0.714,15
06-Aug-2025,Credit Card,20250806_101271,51305,Socks,40801,,Glory Mae,POS4,28.571,1.429,30
06-Aug-2025,Credit Card,20250806_101271,57321,Adventure Pass,40801,,Glory Mae,POS4,377.143,18.857,396
06-Aug-2025,Credit Card,20250806_101271,57321,Thriller Pass,40801,,Glory Mae,POS4,685.714,34.286,720
06-Aug-2025,Credit Card,20250806_101272,51605,Freestyle Art - Small - 20x20,40801,,Manisha,POS7,100,5,105
06-Aug-2025,Credit Card,20250806_101273,57321,Adventure Pass,40801,,Shaikha,POS6,377.143,18.857,396
06-Aug-2025,Credit Card,20250806_101275,57321,Discovery Pass,40801,,Shaikha,POS6,143.81,7.19,151
06-Aug-2025,Credit Card,20250806_101275,57323,Toddler Playland Unlimited,40801,,Shaikha,POS6,94.286,4.714,99
06-Aug-2025,Credit Card,20250806_101276,57052,Card Deposit,40801,,Shaikha,POS6,4.762,0.238,5
06-Aug-2025,Credit Card,20250806_101276,57322,Multiplex Karting - ADULTS - D,40801,,Shaikha,POS6,600,30,630
06-Aug-2025,Credit Card,20250806_101277,51305,Shoe Rent,40801,,Shaikha,POS6,14.286,0.714,15
06-Aug-2025,Credit Card,20250806_101277,51305,Socks,40801,,Shaikha,POS6,9.524,0.476,10
06-Aug-2025,Credit Card,20250806_101277,57052,Card Deposit,40801,,Shaikha,POS6,4.762,0.238,5
06-Aug-2025,Credit Card,20250806_101277,57322,Multiplex Karting - ADULTS,40801,,Shaikha,POS6,120,6,126
06-Aug-2025,Credit Card,20250806_101277,57322,Multiplex Karting - JUNIOR,40801,,Shaikha,POS6,80,4,84
06-Aug-2025,Credit Card,20250806_101278,57052,Card Deposit,40801,,Nuripa,POS3,4.762,0.238,5
06-Aug-2025,Credit Card,20250806_101278,57321,Discovery Pass Combo to Kartin,40801,,Nuripa,POS3,362.714,18.136,380.85
06-Aug-2025,Credit Card,20250806_101278,57322,Karting Combo to Discovery Pas,40801,,Nuripa,POS3,308.714,15.436,324.15
06-Aug-2025,Credit Card,20250806_101278,57322,Multiplex Karting - Dual Drive,40801,,Nuripa,POS3,299.048,14.952,314
06-Aug-2025,Credit Card,20250806_101279,51305,Shoe Rent,40801,,Shaikha,POS6,14.286,0.714,15
06-Aug-2025,Credit Card,20250806_101279,51305,Socks,40801,,Shaikha,POS6,9.524,0.476,10
06-Aug-2025,Credit Card,20250806_101279,57052,Card Deposit,40801,,Shaikha,POS6,4.762,0.238,5
06-Aug-2025,Credit Card,20250806_101279,57322,Multiplex Karting - ADULTS,40801,,Shaikha,POS6,120,6,126
06-Aug-2025,Credit Card,20250806_101279,57322,Multiplex Karting - JUNIOR,40801,,Shaikha,POS6,160,8,168
06-Aug-2025,Credit Card,20250806_101281,51305,Socks,40801,,Glory Mae,POS4,38.095,1.905,40
06-Aug-2025,Credit Card,20250806_101282,57321,Adventure Pass,40801,,Shaikha,POS6,188.571,9.429,198
06-Aug-2025,Credit Card,20250806_101283,51305,Socks,40801,,Glory Mae,POS4,9.524,0.476,10
06-Aug-2025,Credit Card,20250806_101284,51305,Socks,40801,,Glory Mae,POS4,9.524,0.476,10
06-Aug-2025,Credit Card,20250806_101285,57323,Carousel,40801,,Shaikha,POS6,40,2,42
06-Aug-2025,Credit Card,20250806_101285,57323,Toddler Playland Unlimited,40801,,Shaikha,POS6,94.286,4.714,99
06-Aug-2025,Credit Card,20250806_101288,51305,Shoe Rent,40801,,Nuripa,POS3,14.286,0.714,15
06-Aug-2025,Credit Card,20250806_101288,51305,Socks,40801,,Nuripa,POS3,9.524,0.476,10
06-Aug-2025,Credit Card,20250806_101288,57052,Card Deposit,40801,,Nuripa,POS3,4.762,0.238,5
06-Aug-2025,Credit Card,20250806_101288,57322,Multiplex Karting - ADULTS,40801,,Nuripa,POS3,360,18,378
06-Aug-2025,Credit Card,20250806_101289,57321,Thriller Pass,40801,,Glory Mae,POS4,457.143,22.857,480
06-Aug-2025,Credit Card,20250806_101292,57321,Discovery Pass,40801,,Nuripa,POS3,287.619,14.381,302
06-Aug-2025,Credit Card,20250806_101293,57321,Toddler Pass,40801,,Nuripa,POS3,99.048,4.952,104
06-Aug-2025,Credit Card,20250806_101294,57052,Card Deposit,40801,,Glory Mae,POS4,4.762,0.238,5
06-Aug-2025,Credit Card,20250806_101294,57162,50 AED Top Up - Redemption,40801,,Glory Mae,POS4,47.619,2.381,50
06-Aug-2025,Credit Card,20250806_101295,51305,Shoe Rent,40801,,Nuripa,POS3,14.286,0.714,15
06-Aug-2025,Credit Card,20250806_101296,57162,50 AED Top Up - Redemption,40801,,Jennilyn,POS5,47.619,2.381,50
06-Aug-2025,Credit Card,20250806_101297,57162,50 AED Top Up - Redemption,40801,,Glory Mae,POS4,47.619,2.381,50
06-Aug-2025,Credit Card,20250806_101301,57321,Discovery Pass,40801,,Jennilyn,POS5,287.619,14.381,302
06-Aug-2025,Credit Card,20250806_101302,57162,50 AED Top Up - Redemption,40801,,Glory Mae,POS4,47.619,2.381,50
06-Aug-2025,Credit Card,20250806_101303,51305,Socks,40801,,Glory Mae,POS4,19.048,0.952,20
06-Aug-2025,Credit Card,20250806_101303,57323,Toddler Playland Unlimited,40801,,Glory Mae,POS4,94.286,4.714,99
06-Aug-2025,Credit Card,20250806_101304,57052,Card Deposit,40801,,Glory Mae,POS4,4.762,0.238,5
06-Aug-2025,Credit Card,20250806_101304,57162,100 Credit Top Up - Redemption,40801,,Glory Mae,POS4,95.238,4.762,100
06-Aug-2025,Credit Card,20250806_101305,51305,Shoe Rent,40801,,Glory Mae,POS4,14.286,0.714,15
06-Aug-2025,Credit Card,20250806_101306,57321,Toddler Pass,40801,,Glory Mae,POS4,99.048,4.952,104
06-Aug-2025,Credit Card,20250806_101307,57162,100 Credit Top Up - Redemption,40801,,Glory Mae,POS4,95.238,4.762,100
06-Aug-2025,Credit Card,20250806_101308,51305,Shoe Rent,40801,,Glory Mae,POS4,14.286,0.714,15
06-Aug-2025,Credit Card,20250806_101309,51305,Socks,40801,,Glory Mae,POS4,9.524,0.476,10
06-Aug-2025,Credit Card,20250806_101310,57052,Card Deposit,40801,,Glory Mae,POS4,4.762,0.238,5
06-Aug-2025,Credit Card,20250806_101310,57322,Multiplex Karting - ADULTS,40801,,Glory Mae,POS4,240,12,252
06-Aug-2025,Credit Card,20250806_101311,57162,50 AED Top Up - Redemption,40801,,Glory Mae,POS4,47.619,2.381,50
06-Aug-2025,Credit Card,20250806_101312,57324,Climbing Wall Session - 15minu,40801,,Glory Mae,POS4,68.571,3.429,72
06-Aug-2025,Credit Card,20250806_101313,57322,Multiplex Karting - Dual Drive,40801,,Glory Mae,POS4,149.524,7.476,157
06-Aug-2025,Credit Card,20250806_101315,57162,50 AED Top Up - Redemption,40801,,Glory Mae,POS4,47.619,2.381,50
06-Aug-2025,Credit Card,20250806_101316,57052,Card Deposit,40801,,Glory Mae,POS4,4.762,0.238,5
06-Aug-2025,Credit Card,20250806_101316,57162,50 AED Top Up - Redemption,40801,,Glory Mae,POS4,47.619,2.381,50
07-Aug-2025,,20250807_101319,57321,Fazaa - Get Tired Playing,40801,,Shaikha,POS6,0,0,0
07-Aug-2025,,20250807_101320,57321,Fazaa - Get Tired Playing,40801, ,Karleane,POS4,0,0,0
07-Aug-2025,,20250807_101323,57321,Fazaa - Get Tired Playing,40801, ,Karleane,POS4,0,0,0
07-Aug-2025,,20250807_101324,57321,Fazaa - Get Tired Playing,40801, ,Karleane,POS4,0,0,0
07-Aug-2025,,20250807_101327,57321,Fazaa - Get Tired Playing,40801,,Sirjana,POS3,0,0,0
07-Aug-2025,,20250807_101341,57321,Fazaa - Get Tired Playing,40801,,Jennilyn,POS5,0,0,0
07-Aug-2025,,20250807_101345,57321,Fazaa - Get Tired Playing,40801, ,Karleane,POS4,0,0,0
07-Aug-2025,,20250807_101348,57321,Fazaa - Get Tired Playing,40801,,Jennilyn,POS5,0,0,0
07-Aug-2025,,20250807_101361,57321,Fazaa - Get Tired Playing,40801,,Glory Mae,POS6,0,0,0
07-Aug-2025,,20250807_101362,57321,Fazaa - Get Tired Playing,40801,,Jennilyn,POS5,0,0,0
07-Aug-2025,,20250807_101364,57321,Fazaa - Get Tired Playing,40801,,Jennilyn,POS5,0,0,0
07-Aug-2025,,20250807_101367,57321,Fazaa - Get Tired Playing,40801,,Jennilyn,POS5,0,0,0
07-Aug-2025,Cash,20250807_101329,57321,Discovery Pass,40801,,Jennilyn,POS5,143.81,7.19,151
07-Aug-2025,Cash,20250807_101329,57321,Toddler Pass,40801,,Jennilyn,POS5,99.048,4.952,104
07-Aug-2025,Cash,20250807_101329,57324,Climbing Wall Session - 15minu,40801,,Jennilyn,POS5,34.286,1.714,36
07-Aug-2025,Cash,20250807_101342,51305,Shoe Rent,40801,,Jennilyn,POS5,14.286,0.714,15
07-Aug-2025,Cash,20250807_101351,57321,Discovery Pass,40801,,Glory Mae,POS6,431.429,21.571,453
07-Aug-2025,Cash,20250807_101381,57322,Multiplex Karting - ADULTS,40801,,Jennilyn,POS5,120,6,126
07-Aug-2025,Cash,20250807_101381,57322,Multiplex Karting - JUNIOR,40801,,Jennilyn,POS5,80,4,84
07-Aug-2025,Cash,20250807_101391,51305,Socks,40801,,Jennilyn,POS5,9.524,0.476,10
07-Aug-2025,Cash,20250807_101393,57323,Spot Sale,40801,,Glory Mae,Tablet 3,71.429,3.571,75
07-Aug-2025,Cash,20250807_101396,51305,Socks,40801,,Jennilyn,POS5,9.524,0.476,10
07-Aug-2025,Cash;Credit Card,20250807_101331,57321,Discovery Pass,40801,,Jennilyn,POS5,143.81,7.19,151
07-Aug-2025,Credit Card,20250807_101317,57321,Discovery Pass,40801,,Shaikha,POS6,287.619,14.381,302
07-Aug-2025,Credit Card,20250807_101318,57321,Get Tired Playing ,40801,,Shaikha,POS6,299.048,14.952,314
07-Aug-2025,Credit Card,20250807_101318,57321,Get Tired Playing Combo to Kar,40801,,Shaikha,POS6,271.181,13.559,284.74
07-Aug-2025,Credit Card,20250807_101318,57322,Karting Combo to Get Tired Pla,40801,,Shaikha,POS6,108.819,5.441,114.26
07-Aug-2025,Credit Card,20250807_101321,57321,Discovery Pass,40801,,Shaikha,POS6,143.81,7.19,151
07-Aug-2025,Credit Card,20250807_101321,57323,Toddler Playland Unlimited,40801,,Shaikha,POS6,94.286,4.714,99
07-Aug-2025,Credit Card,20250807_101322,57321,Discovery Pass,40801,,Shaikha,POS6,287.619,14.381,302
07-Aug-2025,Credit Card,20250807_101325,57323,Dune Safari,40801, ,Karleane,POS4,14.286,0.714,15
07-Aug-2025,Credit Card,20250807_101326,57322,Multiplex Karting - ADULTS,40801,,Shaikha,POS6,240,12,252
07-Aug-2025,Credit Card,20250807_101328,57052,Card Deposit,40801,,Jennilyn,POS5,4.762,0.238,5
07-Aug-2025,Credit Card,20250807_101328,57322,Multiplex Karting - ADULTS,40801,,Jennilyn,POS5,240,12,252
07-Aug-2025,Credit Card,20250807_101330,57321,Discovery Pass,40801,,Jennilyn,POS5,143.81,7.19,151
07-Aug-2025,Credit Card,20250807_101332,57321,Fazaa - Get Tired Playing,40801,,Sirjana,POS3,0,0,0
07-Aug-2025,Credit Card,20250807_101332,57323,Toddler Playland Unlimited,40801,,Sirjana,POS3,94.286,4.714,99
07-Aug-2025,Credit Card,20250807_101333,57052,Card Deposit,40801,,Sirjana,POS3,4.762,0.238,5
07-Aug-2025,Credit Card,20250807_101333,57322,Multiplex Karting - JUNIOR,40801,,Sirjana,POS3,80,4,84
07-Aug-2025,Credit Card,20250807_101333,57323,Flip Out,40801,,Sirjana,POS3,24.762,1.238,26
07-Aug-2025,Credit Card,20250807_101334,51305,Shoe Rent,40801,,Jennilyn,POS5,14.286,0.714,15
07-Aug-2025,Credit Card,20250807_101335,57162,50 AED Top Up - Redemption,40801,,Shaikha,POS6,47.619,2.381,50
07-Aug-2025,Credit Card,20250807_101336,51305,Shoe Rent,40801,,Shaikha,POS6,14.286,0.714,15
07-Aug-2025,Credit Card,20250807_101336,51305,Socks,40801,,Shaikha,POS6,9.524,0.476,10
07-Aug-2025,Credit Card,20250807_101336,57321,Fazaa - Get Tired Playing,40801,,Shaikha,POS6,0,0,0
07-Aug-2025,Credit Card,20250807_101337,57052,Card Deposit,40801,,Shaikha,POS6,4.762,0.238,5
07-Aug-2025,Credit Card,20250807_101337,57322,Multiplex Karting - ADULTS,40801,,Shaikha,POS6,240,12,252
07-Aug-2025,Credit Card,20250807_101338,51305,Socks,40801,,Shaikha,POS6,9.524,0.476,10
07-Aug-2025,Credit Card,20250807_101340,57052,Card Deposit,40801,,Shaikha,POS6,4.762,0.238,5
07-Aug-2025,Credit Card,20250807_101340,57322,Multiplex Karting - ADULTS,40801,,Shaikha,POS6,480,24,504
07-Aug-2025,Credit Card,20250807_101343,57321,Discovery Pass,40801, ,Karleane,POS4,287.619,14.381,302
07-Aug-2025,Credit Card,20250807_101344,57321,POD - Discovery Pass - 70.50 A,40801,,Jennilyn,POS5,67.143,3.357,70.5
07-Aug-2025,Credit Card,20250807_101346,51305,Shoe Rent,40801,,Jennilyn,POS5,14.286,0.714,15
07-Aug-2025,Credit Card,20250807_101346,57321,Adventure Pass,40801,,Jennilyn,POS5,188.571,9.429,198
07-Aug-2025,Credit Card,20250807_101347,57322,Add-On: Birthday Karting – Adu,40801, ,Karleane,POS4,120,6,126
07-Aug-2025,Credit Card,20250807_101349,57052,Card Deposit,40801, ,Karleane,POS4,4.762,0.238,5
07-Aug-2025,Credit Card,20250807_101349,57162,50 AED Top Up - Redemption,40801, ,Karleane,POS4,47.619,2.381,50
07-Aug-2025,Credit Card,20250807_101350,51605,Add Ons - Fluid Art - Small Fl,40801,,Manisha,POS7,106.667,5.333,112
07-Aug-2025,Credit Card,20250807_101352,57052,Card Deposit,40801,,Jennilyn,POS5,4.762,0.238,5
07-Aug-2025,Credit Card,20250807_101352,57322,Multiplex Karting - ADULTS,40801,,Jennilyn,POS5,120,6,126
07-Aug-2025,Credit Card,20250807_101353,57052,Card Deposit,40801,,Jennilyn,POS5,4.762,0.238,5
07-Aug-2025,Credit Card,20250807_101353,57322,Multiplex Karting - ADULTS,40801,,Jennilyn,POS5,120,6,126
07-Aug-2025,Credit Card,20250807_101353,57322,Multiplex Karting - JUNIOR,40801,,Jennilyn,POS5,80,4,84
07-Aug-2025,Credit Card,20250807_101356,51305,Socks,40801,,Glory Mae,POS6,9.524,0.476,10
07-Aug-2025,Credit Card,20250807_101357,57052,Card Deposit,40801,,Jennilyn,POS5,4.762,0.238,5
07-Aug-2025,Credit Card,20250807_101357,57321,Discovery Pass Combo to Kartin,40801,,Jennilyn,POS5,362.714,18.136,380.85
07-Aug-2025,Credit Card,20250807_101357,57322,Karting Combo to Discovery Pas,40801,,Jennilyn,POS5,308.714,15.436,324.15
07-Aug-2025,Credit Card,20250807_101357,57322,Multiplex Karting - ADULTS,40801,,Jennilyn,POS5,120,6,126
07-Aug-2025,Credit Card,20250807_101358,57321,Discovery Pass,40801,,Glory Mae,POS6,143.81,7.19,151
07-Aug-2025,Credit Card,20250807_101358,57321,Toddler Pass,40801,,Glory Mae,POS6,99.048,4.952,104
07-Aug-2025,Credit Card,20250807_101359,57321,Discovery Pass Combo to Kartin,40801,,Jennilyn,POS5,120.905,6.045,126.95
07-Aug-2025,Credit Card,20250807_101359,57322,Karting Combo to Discovery Pas,40801,,Jennilyn,POS5,102.905,5.145,108.05
07-Aug-2025,Credit Card,20250807_101360,57162,50 AED Top Up - Redemption,40801,,Jennilyn,POS5,47.619,2.381,50
07-Aug-2025,Credit Card,20250807_101363,57321,Discovery Pass,40801,,Glory Mae,POS6,287.619,14.381,302
07-Aug-2025,Credit Card,20250807_101365,51305,Shoe Rent,40801,,Jennilyn,POS5,14.286,0.714,15
07-Aug-2025,Credit Card,20250807_101365,51305,Socks,40801,,Jennilyn,POS5,9.524,0.476,10
07-Aug-2025,Credit Card,20250807_101366,57322,Multiplex Karting - JUNIOR,40801,,Jennilyn,POS5,80,4,84
07-Aug-2025,Credit Card,20250807_101368,57052,Card Deposit,40801,,Jennilyn,POS5,4.762,0.238,5
07-Aug-2025,Credit Card,20250807_101368,57322,Multiplex Karting - ADULTS,40801,,Jennilyn,POS5,240,12,252
07-Aug-2025,Credit Card,20250807_101369,51305,Shoe Rent,40801,,Jennilyn,POS5,14.286,0.714,15
07-Aug-2025,Credit Card,20250807_101369,57052,Card Deposit,40801,,Jennilyn,POS5,4.762,0.238,5
07-Aug-2025,Credit Card,20250807_101369,57322,Multiplex Karting - ADULTS,40801,,Jennilyn,POS5,120,6,126
07-Aug-2025,Credit Card,20250807_101370,57162,Slime Experience - 41AED,40801,,Manisha,POS7,39.048,1.952,41
07-Aug-2025,Credit Card,20250807_101371,57052,Card Deposit,40801,,Jennilyn,POS5,4.762,0.238,5
07-Aug-2025,Credit Card,20250807_101371,57322,Multiplex Karting - ADULTS,40801,,Jennilyn,POS5,240,12,252
07-Aug-2025,Credit Card,20250807_101372,57322,Multiplex Karting - ADULTS,40801,,Jennilyn,POS5,240,12,252
07-Aug-2025,Credit Card,20250807_101373,57052,Card Deposit,40801,,Jennilyn,POS5,4.762,0.238,5
07-Aug-2025,Credit Card,20250807_101373,57322,Multiplex Karting - ADULTS,40801,,Jennilyn,POS5,240,12,252
07-Aug-2025,Credit Card,20250807_101374,51605,Face Art - Full Size,40801,,Manisha,POS7,144.762,7.238,152
07-Aug-2025,Credit Card,20250807_101375,57321,Discovery Pass,40801,,Jennilyn,POS5,575.238,28.762,604
07-Aug-2025,Credit Card,20250807_101376,57052,Card Deposit,40801,,Jennilyn,POS5,4.762,0.238,5
07-Aug-2025,Credit Card,20250807_101376,57162,100 Credit Top Up - Redemption,40801,,Jennilyn,POS5,95.238,4.762,100
07-Aug-2025,Credit Card,20250807_101377,51305,Shoe Rent,40801,,Jennilyn,POS5,28.571,1.429,30
07-Aug-2025,Credit Card,20250807_101377,51305,Socks,40801,,Jennilyn,POS5,19.048,0.952,20
07-Aug-2025,Credit Card,20250807_101377,57322,Add-On: Birthday Karting – Adu,40801,,Jennilyn,POS5,240,12,252
07-Aug-2025,Credit Card,20250807_101378,51305,Shoe Rent,40801,,Jennilyn,POS5,14.286,0.714,15
07-Aug-2025,Credit Card,20250807_101378,51305,Socks,40801,,Jennilyn,POS5,9.524,0.476,10
07-Aug-2025,Credit Card,20250807_101379,57052,Card Deposit,40801,,Jennilyn,POS5,4.762,0.238,5
07-Aug-2025,Credit Card,20250807_101379,57322,Multiplex Karting - ADULTS,40801,,Jennilyn,POS5,360,18,378
07-Aug-2025,Credit Card,20250807_101380,57162,Slime Experience - 41AED,40801,,Manisha,POS7,78.095,3.905,82
07-Aug-2025,Credit Card,20250807_101382,51605,Add Ons - Fluid Art - Mickey M,40801,,Manisha,POS7,100.952,5.048,106
07-Aug-2025,Credit Card,20250807_101383,57052,Card Deposit,40801,,Jennilyn,POS5,4.762,0.238,5
07-Aug-2025,Credit Card,20250807_101383,57322,Multiplex Karting - ADULTS,40801,,Jennilyn,POS5,480,24,504
07-Aug-2025,Credit Card,20250807_101384,57162,50 AED Top Up - Redemption,40801,,Jennilyn,POS5,47.619,2.381,50
07-Aug-2025,Credit Card,20250807_101385,57321,Discovery Pass,40801,,Jennilyn,POS5,143.81,7.19,151
07-Aug-2025,Credit Card,20250807_101386,57052,Card Deposit,40801,,Jennilyn,POS5,4.762,0.238,5
07-Aug-2025,Credit Card,20250807_101386,57322,Multiplex Karting - ADULTS,40801,,Jennilyn,POS5,240,12,252
07-Aug-2025,Credit Card,20250807_101387,57052,Card Deposit,40801,,Jennilyn,POS5,4.762,0.238,5
07-Aug-2025,Credit Card,20250807_101387,57322,Multiplex Karting - ADULTS,40801,,Jennilyn,POS5,240,12,252
07-Aug-2025,Credit Card,20250807_101388,57052,Card Deposit,40801,,Jennilyn,POS5,4.762,0.238,5
07-Aug-2025,Credit Card,20250807_101388,57322,Multiplex Karting - ADULTS,40801,,Jennilyn,POS5,120,6,126
07-Aug-2025,Credit Card,20250807_101389,57324,Climbing Wall Session - 15minu,40801,,Jennilyn,POS5,34.286,1.714,36
07-Aug-2025,Credit Card,20250807_101390,51605,Face Art - Full Size,40801,,Manisha,POS7,36.19,1.81,38
07-Aug-2025,Credit Card,20250807_101392,57052,Card Deposit,40801,,Jennilyn,POS5,4.762,0.238,5
07-Aug-2025,Credit Card,20250807_101392,57162,50 AED Top Up - Redemption,40801,,Jennilyn,POS5,47.619,2.381,50
07-Aug-2025,Credit Card,20250807_101394,57052,Card Deposit,40801,,Jennilyn,POS5,4.762,0.238,5
07-Aug-2025,Credit Card,20250807_101394,57162,50 AED Top Up - Redemption,40801,,Jennilyn,POS5,47.619,2.381,50
07-Aug-2025,Credit Card,20250807_101395,57162,100 Credit Top Up - Redemption,40801,,Jennilyn,POS5,95.238,4.762,100
08-Aug-2025,,20250808_100620,57322,Adventure Bliss Package weekda,40801, ,Semnox,ADR-SRV-01,0,0,0
08-Aug-2025,,20250808_101403,57321,Fazaa - Get Tired Playing,40801,,Shaikha,POS6,0,0,0
08-Aug-2025,,20250808_101405,57321,Fazaa - Get Tired Playing,40801,,Abdelmoula,POS3,0,0,0
08-Aug-2025,,20250808_101414,57321,Fazaa - Get Tired Playing,40801,,Abdelmoula,POS3,0,0,0
08-Aug-2025,,20250808_101417,57321,Fazaa - Get Tired Playing,40801,,Abdelmoula,POS3,0,0,0
08-Aug-2025,,20250808_101418,57321,Fazaa - Get Tired Playing,40801,,Abdelmoula,POS3,0,0,0
08-Aug-2025,,20250808_101426,57321,Fazaa - Get Tired Playing,40801,,Sirjana,POS5,0,0,0
08-Aug-2025,,20250808_101428,57321,Fazaa - Get Tired Playing,40801,,Fatima,POS6,0,0,0
08-Aug-2025,,20250808_101429,57321,Fazaa - Get Tired Playing,40801,,Fatima,POS6,0,0,0
08-Aug-2025,,20250808_101431,57321,Fazaa - Get Tired Playing,40801,,Fatima,POS6,0,0,0
08-Aug-2025,,20250808_101434,57321,Fazaa - Get Tired Playing,40801,,Fatima,POS6,0,0,0
08-Aug-2025,,20250808_101440,57321,Fazaa - Get Tired Playing,40801,,Fatima,POS6,0,0,0
08-Aug-2025,,20250808_101452,57321,Fazaa - Get Tired Playing,40801,,Abdelmoula,POS3,0,0,0
08-Aug-2025,,20250808_101454,57321,Fazaa - Get Tired Playing,40801,,Sirjana,POS5,0,0,0
08-Aug-2025,,20250808_101459,57321,Fazaa - Get Tired Playing,40801,,Abdelmoula,POS3,0,0,0
08-Aug-2025,,20250808_101472,57321,Fazaa - Get Tired Playing,40801,,Abdelmoula,POS3,0,0,0
08-Aug-2025,,20250808_101475,57321,Fazaa - Get Tired Playing,40801,,Abdelmoula,POS3,0,0,0
08-Aug-2025,,20250808_101479,57321,Fazaa - Get Tired Playing,40801,,Fatima,POS6,0,0,0
08-Aug-2025,,20250808_101483,57321,Fazaa - Get Tired Playing,40801,,Fatima,POS6,0,0,0
08-Aug-2025,,20250808_101484,57321,Fazaa - Get Tired Playing,40801,,Jennilyn,POS4,0,0,0
08-Aug-2025,,20250808_101485,57321,Fazaa - Get Tired Playing,40801,,Fatima,POS6,0,0,0
08-Aug-2025,,20250808_101492,57321,Fazaa - Get Tired Playing,40801,,Fatima,POS6,0,0,0
08-Aug-2025,,20250808_101493,57321,Fazaa - Get Tired Playing,40801,,Jennilyn,POS4,0,0,0
08-Aug-2025,,20250808_101502,57321,Fazaa - Get Tired Playing,40801,,Sirjana,POS5,0,0,0
08-Aug-2025,Cash,20250808_101398,57311,School Add on  - Karting,40801,,Rochelle,POS4,38.095,1.905,40
08-Aug-2025,Cash,20250808_101410,57311,School Add on  - Karting,40801,,Sirjana,POS5,38.095,1.905,40
08-Aug-2025,Cash,20250808_101415,51605,Slime - School Add-on,40801,,Sirjana,POS5,14.286,0.714,15
08-Aug-2025,Cash,20250808_101419,57321,Discovery Pass,40801,,Abdelmoula,POS3,431.429,21.571,453
08-Aug-2025,Cash,20250808_101442,57321,Adventure Pass,40801,,Fatima,POS6,754.286,37.714,792
08-Aug-2025,Cash,20250808_101444,51305,Shoe Rent,40801,,Abdelmoula,POS3,14.286,0.714,15
08-Aug-2025,Cash,20250808_101444,57321,Discovery Pass,40801,,Abdelmoula,POS3,287.619,14.381,302
08-Aug-2025,Cash,20250808_101444,57323,Toddler Playland Unlimited,40801,,Abdelmoula,POS3,94.286,4.714,99
08-Aug-2025,Cash,20250808_101445,57321,Discovery Pass,40801,,Abdelmoula,POS3,287.619,14.381,302
08-Aug-2025,Cash,20250808_101449,51305,Socks,40801,,Abdelmoula,POS3,9.524,0.476,10
08-Aug-2025,Cash,20250808_101451,51305,Shoe Rent,40801,,Abdelmoula,POS3,14.286,0.714,15
08-Aug-2025,Cash,20250808_101451,57321,Discovery Pass Combo to Kartin,40801,,Abdelmoula,POS3,120.905,6.045,126.95
08-Aug-2025,Cash,20250808_101451,57321,Discovery Pass,40801,,Abdelmoula,POS3,143.81,7.19,151
08-Aug-2025,Cash,20250808_101451,57322,Karting Combo to Discovery Pas,40801,,Abdelmoula,POS3,102.905,5.145,108.05
08-Aug-2025,Cash,20250808_101451,57322,Multiplex Karting - ADULTS,40801,,Abdelmoula,POS3,120,6,126
08-Aug-2025,Cash,20250808_101458,57052,Card Deposit,40801,,Sirjana,POS5,4.762,0.238,5
08-Aug-2025,Cash,20250808_101458,57162,50 AED Top Up - Redemption,40801,,Sirjana,POS5,47.619,2.381,50
08-Aug-2025,Cash,20250808_101466,57162,100 Credit Top Up - Redemption,40801,,Fatima,POS6,95.238,4.762,100
08-Aug-2025,Cash,20250808_101469,57162,100 Credit Top Up - Redemption,40801,,Fatima,POS6,95.238,4.762,100
08-Aug-2025,Cash,20250808_101471,51305,Socks,40801,,Abdelmoula,POS3,19.048,0.952,20
08-Aug-2025,Cash,20250808_101478,51605,Add Ons - Cennamoroll 17 cms,40801,,Manisha,POS7,240,12,252
08-Aug-2025,Cash,20250808_101501,57321,Discovery Pass,40801,,Sirjana,POS5,575.238,28.762,604
08-Aug-2025,Cash,20250808_101501,57323,Flip Out,40801,,Sirjana,POS5,24.762,1.238,26
08-Aug-2025,Cash,20250808_101501,57323,Through the Roof,40801,,Sirjana,POS5,29.524,1.476,31
08-Aug-2025,Cash,20250808_101507,57162,50 AED Top Up - Redemption,40801,,Fatima,POS6,47.619,2.381,50
08-Aug-2025,Cash,20250808_101512,51305,Socks,40801,,Fatima,POS6,28.571,1.429,30
08-Aug-2025,Cash,20250808_101515,57323,Spot Sale,40801,,Glory Mae,Tablet 3,23.81,1.19,25
08-Aug-2025,Cash;Credit Card,20250808_101432,57052,Card Deposit,40801,,Sirjana,POS5,4.762,0.238,5
08-Aug-2025,Cash;Credit Card,20250808_101432,57322,Multiplex Karting - ADULTS,40801,,Sirjana,POS5,120,6,126
08-Aug-2025,Cash;Credit Card,20250808_101432,57322,Multiplex Karting - Dual Drive,40801,,Sirjana,POS5,149.524,7.476,157
08-Aug-2025,Cash;Credit Card,20250808_101465,57322,Multiplex Karting - ADULTS,40801,,Jennilyn,POS4,120,6,126
08-Aug-2025,Cash;Credit Card,20250808_101465,57322,Multiplex Karting - JUNIOR,40801,,Jennilyn,POS4,80,4,84
08-Aug-2025,Cash;Credit Card,20250808_101470,57321,Discovery Pass,40801,,Abdelmoula,POS3,719.048,35.952,755
08-Aug-2025,Cash;Credit Card,20250808_101504,57162,50 AED Top Up - Redemption,40801,,Fatima,POS6,47.619,2.381,50
08-Aug-2025,Cash;Credit Card,20250808_101504,57323,Through the Roof,40801,,Fatima,POS6,59.048,2.952,62
08-Aug-2025,Credit Card,20250808_101397,57311,School Add on  - Karting,40801,,Rochelle,POS4,76.19,3.81,80
08-Aug-2025,Credit Card,20250808_101399,57311,School Add on  - Karting,40801,,Shaikha,POS6,38.095,1.905,40
08-Aug-2025,Credit Card,20250808_101400,57311,School Add on  - Karting,40801,,Shaikha,POS6,38.095,1.905,40
08-Aug-2025,Credit Card,20250808_101401,57311,School Add on  - Karting,40801,,Shaikha,POS6,38.095,1.905,40
08-Aug-2025,Credit Card,20250808_101402,57311,School Add on  - Karting,40801,,Shaikha,POS6,38.095,1.905,40
08-Aug-2025,Credit Card,20250808_101404,57321,Discovery Pass,40801,,Shaikha,POS6,287.619,14.381,302
08-Aug-2025,Credit Card,20250808_101406,57321,Discovery Pass Combo to Kartin,40801,,Shaikha,POS6,483.619,24.181,507.8
08-Aug-2025,Credit Card,20250808_101406,57322,Karting Combo to Discovery Pas,40801,,Shaikha,POS6,411.619,20.581,432.2
08-Aug-2025,Credit Card,20250808_101407,57311,School Add on  - Karting,40801,,Abdelmoula,POS3,76.19,3.81,80
08-Aug-2025,Credit Card,20250808_101408,57321,Discovery Pass Combo to Kartin,40801,,Shaikha,POS6,120.905,6.045,126.95
08-Aug-2025,Credit Card,20250808_101408,57321,Discovery Pass,40801,,Shaikha,POS6,287.619,14.381,302
08-Aug-2025,Credit Card,20250808_101408,57322,Karting Combo to Discovery Pas,40801,,Shaikha,POS6,102.905,5.145,108.05
08-Aug-2025,Credit Card,20250808_101409,57052,Card Deposit,40801,,Abdelmoula,POS3,4.762,0.238,5
08-Aug-2025,Credit Card,20250808_101409,57322,Multiplex Karting - ADULTS,40801,,Abdelmoula,POS3,240,12,252
08-Aug-2025,Credit Card,20250808_101411,57052,Card Deposit,40801,,Abdelmoula,POS3,4.762,0.238,5
08-Aug-2025,Credit Card,20250808_101411,57322,Multiplex Karting - ADULTS,40801,,Abdelmoula,POS3,120,6,126
08-Aug-2025,Credit Card,20250808_101411,57322,Multiplex Karting - JUNIOR,40801,,Abdelmoula,POS3,80,4,84
08-Aug-2025,Credit Card,20250808_101412,57321,Discovery Pass,40801,,Abdelmoula,POS3,143.81,7.19,151
08-Aug-2025,Credit Card,20250808_101412,57323,Toddler Playland Unlimited,40801,,Abdelmoula,POS3,94.286,4.714,99
08-Aug-2025,Credit Card,20250808_101413,57311,School Add on  - Karting,40801,,Sirjana,POS5,38.095,1.905,40
08-Aug-2025,Credit Card,20250808_101416,57052,Card Deposit,40801,,Abdelmoula,POS3,4.762,0.238,5
08-Aug-2025,Credit Card,20250808_101416,57322,Multiplex Karting - ADULTS,40801,,Abdelmoula,POS3,120,6,126
08-Aug-2025,Credit Card,20250808_101420,57323,Speed Glider,40801,,Abdelmoula,POS3,36.19,1.81,38
08-Aug-2025,Credit Card,20250808_101421,57321,Discovery Pass,40801,,Abdelmoula,POS3,143.81,7.19,151
08-Aug-2025,Credit Card,20250808_101422,57322,Multiplex Karting - ADULTS,40801,,Abdelmoula,POS3,480,24,504
08-Aug-2025,Credit Card,20250808_101423,57321,Adventure Pass,40801,,Sirjana,POS5,377.143,18.857,396
08-Aug-2025,Credit Card,20250808_101424,51305,Socks,40801,,Fatima,POS6,9.524,0.476,10
08-Aug-2025,Credit Card,20250808_101424,57052,Card Deposit,40801,,Fatima,POS6,4.762,0.238,5
08-Aug-2025,Credit Card,20250808_101424,57321,Get Tired Playing ,40801,,Fatima,POS6,299.048,14.952,314
08-Aug-2025,Credit Card,20250808_101424,57321,Get Tired Playing Combo to Kar,40801,,Fatima,POS6,271.181,13.559,284.74
08-Aug-2025,Credit Card,20250808_101424,57322,Karting Combo to Get Tired Pla,40801,,Fatima,POS6,108.819,5.441,114.26
08-Aug-2025,Credit Card,20250808_101424,57322,Multiplex Karting - Dual Drive,40801,,Fatima,POS6,149.524,7.476,157
08-Aug-2025,Credit Card,20250808_101425,57162,100 Credit Top Up - Redemption,40801,,Fatima,POS6,285.714,14.286,300
08-Aug-2025,Credit Card,20250808_101427,57323,Through the Roof,40801,,Fatima,POS6,59.048,2.952,62
08-Aug-2025,Credit Card,20250808_101430,57321,Adventure Pass - 50% Staff Dis,40801,,Sirjana,POS5,447.619,22.381,470
08-Aug-2025,Credit Card,20250808_101430,57321,Toddler Pass - 50% Staff Disco,40801,,Sirjana,POS5,49.5,2.475,51.975
08-Aug-2025,Credit Card,20250808_101433,57321,Discovery Pass Combo to Kartin,40801,,Sirjana,POS5,241.81,12.09,253.9
08-Aug-2025,Credit Card,20250808_101433,57322,Karting Combo to Discovery Pas,40801,,Sirjana,POS5,205.81,10.29,216.1
08-Aug-2025,Credit Card,20250808_101435,51305,Socks,40801,,Abdelmoula,POS3,9.524,0.476,10
08-Aug-2025,Credit Card,20250808_101436,51605,Add Ons - Cennamoroll 17 cms,40801,,Manisha,POS7,80,4,84
08-Aug-2025,Credit Card,20250808_101436,57162,Slime Experience - 41AED,40801,,Manisha,POS7,39.048,1.952,41
08-Aug-2025,Credit Card,20250808_101437,57322,Multiplex Karting - ADULTS,40801,,Fatima,POS6,120,6,126
08-Aug-2025,Credit Card,20250808_101437,57322,Multiplex Karting - Dual Drive,40801,,Fatima,POS6,299.048,14.952,314
08-Aug-2025,Credit Card,20250808_101438,57321,Adventure Pass,40801,,Fatima,POS6,188.571,9.429,198
08-Aug-2025,Credit Card,20250808_101438,57321,Get Tired Playing ,40801,,Fatima,POS6,598.095,29.905,628
08-Aug-2025,Credit Card,20250808_101438,57321,Toddler Pass,40801,,Fatima,POS6,198.095,9.905,208
08-Aug-2025,Credit Card,20250808_101439,51305,Socks,40801,,Abdelmoula,POS3,9.524,0.476,10
08-Aug-2025,Credit Card,20250808_101439,57321,Toddler Pass,40801,,Abdelmoula,POS3,198.095,9.905,208
08-Aug-2025,Credit Card,20250808_101441,57052,Card Deposit,40801,,Fatima,POS6,4.762,0.238,5
08-Aug-2025,Credit Card,20250808_101441,57322,Multiplex Karting - ADULTS,40801,,Fatima,POS6,120,6,126
08-Aug-2025,Credit Card,20250808_101441,57322,Multiplex Karting - Dual Drive,40801,,Fatima,POS6,149.524,7.476,157
08-Aug-2025,Credit Card,20250808_101443,57321,Discovery Pass,40801,,Abdelmoula,POS3,287.619,14.381,302
08-Aug-2025,Credit Card,20250808_101446,57322,Multiplex Karting - ADULTS,40801, ,Mohammed,POS4,120,6,126
08-Aug-2025,Credit Card,20250808_101446,57322,Multiplex Karting - Dual Drive,40801, ,Mohammed,POS4,149.524,7.476,157
08-Aug-2025,Credit Card,20250808_101447,57322,Multiplex Karting - ADULTS,40801, ,Mohammed,POS4,360,18,378
08-Aug-2025,Credit Card,20250808_101450,51305,Shoe Rent,40801,,Abdelmoula,POS3,14.286,0.714,15
08-Aug-2025,Credit Card,20250808_101450,51305,Socks,40801,,Abdelmoula,POS3,9.524,0.476,10
08-Aug-2025,Credit Card,20250808_101450,57052,Card Deposit,40801,,Abdelmoula,POS3,4.762,0.238,5
08-Aug-2025,Credit Card,20250808_101450,57322,Multiplex Karting - ADULTS,40801,,Abdelmoula,POS3,120,6,126
08-Aug-2025,Credit Card,20250808_101450,57323,Toddler Playland Unlimited,40801,,Abdelmoula,POS3,94.286,4.714,99
08-Aug-2025,Credit Card,20250808_101453,57323,Toddler Playland Unlimited,40801,,Abdelmoula,POS3,94.286,4.714,99
08-Aug-2025,Credit Card,20250808_101464,57052,Card Deposit,40801,,Abdelmoula,POS3,4.762,0.238,5
08-Aug-2025,Credit Card,20250808_101464,57322,Multiplex Karting - ADULTS,40801,,Abdelmoula,POS3,120,6,126
08-Aug-2025,Credit Card,20250808_101467,57052,Card Deposit,40801,,Sirjana,POS5,4.762,0.238,5
08-Aug-2025,Credit Card,20250808_101467,57162,100 Credit Top Up - Redemption,40801,,Sirjana,POS5,95.238,4.762,100
08-Aug-2025,Credit Card,20250808_101468,57052,Card Deposit,40801,,Sirjana,POS5,4.762,0.238,5
08-Aug-2025,Credit Card,20250808_101468,57162,50 AED Top Up - Redemption,40801,,Sirjana,POS5,47.619,2.381,50
08-Aug-2025,Credit Card,20250808_101473,57321,Discovery Pass,40801,,Jennilyn,POS4,143.81,7.19,151
08-Aug-2025,Credit Card,20250808_101474,57052,Card Deposit,40801,,Sirjana,POS5,4.762,0.238,5
08-Aug-2025,Credit Card,20250808_101474,57162,50 AED Top Up - Redemption,40801,,Sirjana,POS5,47.619,2.381,50
08-Aug-2025,Credit Card,20250808_101477,57052,Card Deposit,40801,,Jennilyn,POS4,4.762,0.238,5
08-Aug-2025,Credit Card,20250808_101477,57162,50 AED Top Up - Redemption,40801,,Jennilyn,POS4,47.619,2.381,50
08-Aug-2025,Credit Card,20250808_101477,57321,Discovery Pass Combo to Kartin,40801,,Jennilyn,POS4,241.81,12.09,253.9
08-Aug-2025,Credit Card,20250808_101477,57322,Karting Combo to Discovery Pas,40801,,Jennilyn,POS4,205.81,10.29,216.1
08-Aug-2025,Credit Card,20250808_101480,51305,Socks,40801,,Sirjana,POS5,9.524,0.476,10
08-Aug-2025,Credit Card,20250808_101481,57321,Discovery Pass,40801,,Fatima,POS6,719.048,35.952,755
08-Aug-2025,Credit Card,20250808_101482,57323,Through the Roof,40801,,Fatima,POS6,88.571,4.429,93
08-Aug-2025,Credit Card,20250808_101486,51305,Socks,40801,,Jennilyn,POS4,9.524,0.476,10
08-Aug-2025,Credit Card,20250808_101486,57052,Card Deposit,40801,,Jennilyn,POS4,4.762,0.238,5
08-Aug-2025,Credit Card,20250808_101486,57322,Multiplex Karting - JUNIOR,40801,,Jennilyn,POS4,80,4,84
08-Aug-2025,Credit Card,20250808_101487,57052,Card Deposit,40801,,Jennilyn,POS4,4.762,0.238,5
08-Aug-2025,Credit Card,20250808_101487,57322,Multiplex Karting - ADULTS,40801,,Jennilyn,POS4,240,12,252
08-Aug-2025,Credit Card,20250808_101489,51305,Shoe Rent,40801,,Fatima,POS6,14.286,0.714,15
08-Aug-2025,Credit Card,20250808_101489,57052,Card Deposit,40801,,Fatima,POS6,4.762,0.238,5
08-Aug-2025,Credit Card,20250808_101489,57322,Multiplex Karting - ADULTS,40801,,Fatima,POS6,120,6,126
08-Aug-2025,Credit Card,20250808_101489,57322,Multiplex Karting - JUNIOR,40801,,Fatima,POS6,240,12,252
08-Aug-2025,Credit Card,20250808_101490,51305,Socks,40801,,Jennilyn,POS4,19.048,0.952,20
08-Aug-2025,Credit Card,20250808_101490,57322,Multiplex Karting - Dual Drive,40801,,Jennilyn,POS4,448.571,22.429,471
08-Aug-2025,Credit Card,20250808_101490,57323,Carousel,40801,,Jennilyn,POS4,40,2,42
08-Aug-2025,Credit Card,20250808_101490,57323,Led Slides,40801,,Jennilyn,POS4,9.524,0.476,10
08-Aug-2025,Credit Card,20250808_101491,57321,Discovery Pass Combo to Kartin,40801,,Fatima,POS6,362.714,18.136,380.85
08-Aug-2025,Credit Card,20250808_101491,57322,Karting Combo to Discovery Pas,40801,,Fatima,POS6,308.714,15.436,324.15
08-Aug-2025,Credit Card,20250808_101494,51305,Socks,40801,,Sirjana,POS5,28.571,1.429,30
08-Aug-2025,Credit Card,20250808_101494,57321,Fazaa - Get Tired Playing,40801,,Sirjana,POS5,0,0,0
08-Aug-2025,Credit Card,20250808_101494,57323,Inflatable 1 Hour - 99AED,40801,,Sirjana,POS5,94.286,4.714,99
08-Aug-2025,Credit Card,20250808_101495,57321,Adventure Pass,40801,,Fatima,POS6,188.571,9.429,198
08-Aug-2025,Credit Card,20250808_101496,51305,Socks,40801,,Sirjana,POS5,9.524,0.476,10
08-Aug-2025,Credit Card,20250808_101497,51305,Socks,40801,,Fatima,POS6,9.524,0.476,10
08-Aug-2025,Credit Card,20250808_101498,51305,Shoe Rent,40801,,Jennilyn,POS4,28.571,1.429,30
08-Aug-2025,Credit Card,20250808_101498,51305,Socks,40801,,Jennilyn,POS4,19.048,0.952,20
08-Aug-2025,Credit Card,20250808_101498,57052,Card Deposit,40801,,Jennilyn,POS4,4.762,0.238,5
08-Aug-2025,Credit Card,20250808_101498,57322,Multiplex Karting - ADULTS,40801,,Jennilyn,POS4,240,12,252
08-Aug-2025,Credit Card,20250808_101499,57321,Discovery Pass,40801,,Fatima,POS6,143.81,7.19,151
08-Aug-2025,Credit Card,20250808_101500,57321,Discovery Pass,40801,,Fatima,POS6,287.619,14.381,302
08-Aug-2025,Credit Card,20250808_101503,51305,Shoe Rent,40801,,Fatima,POS6,14.286,0.714,15
08-Aug-2025,Credit Card,20250808_101505,57052,Card Deposit,40801,,Fatima,POS6,4.762,0.238,5
08-Aug-2025,Credit Card,20250808_101505,57322,Multiplex Karting - ADULTS,40801,,Fatima,POS6,360,18,378
08-Aug-2025,Credit Card,20250808_101506,57321,Discovery Pass,40801,,Fatima,POS6,287.619,14.381,302
08-Aug-2025,Credit Card,20250808_101508,57323,Carousel,40801,,Fatima,POS6,20,1,21
08-Aug-2025,Credit Card,20250808_101509,57052,Card Deposit,40801,,Fatima,POS6,4.762,0.238,5
08-Aug-2025,Credit Card,20250808_101509,57162,50 AED Top Up - Redemption,40801,,Fatima,POS6,142.857,7.143,150
08-Aug-2025,Credit Card,20250808_101510,57321,Discovery Pass,40801,,Fatima,POS6,143.81,7.19,151
08-Aug-2025,Credit Card,20250808_101511,57321,Discovery Pass Combo to Kartin,40801,,Fatima,POS6,120.905,6.045,126.95
08-Aug-2025,Credit Card,20250808_101511,57322,Karting Combo to Discovery Pas,40801,,Fatima,POS6,102.905,5.145,108.05
08-Aug-2025,Credit Card,20250808_101513,51305,Socks,40801, ,Mohammed,POS4,9.524,0.476,10
08-Aug-2025,Credit Card,20250808_101514,57052,Card Deposit,40801,,Fatima,POS6,4.762,0.238,5
08-Aug-2025,Credit Card,20250808_101514,57322,Multiplex Karting - ADULTS,40801,,Fatima,POS6,120,6,126
08-Aug-2025,Credit Card,20250808_101514,57322,Multiplex Karting - JUNIOR,40801,,Fatima,POS6,80,4,84
08-Aug-2025,Online Pay,20250808_101457,57322,B2B - Karting Adult,40802,,Wondergifts,online,192,9.6,201.6
08-Aug-2025,Online Pay,20250808_101457,57322,B2B - Karting Junior ,40802,,Wondergifts,online,64,3.2,67.2
09-Aug-2025,,20250809_101517,57321,Fazaa - Get Tired Playing,40801,,Rochelle,POS4,0,0,0
09-Aug-2025,,20250809_101519,57321,Fazaa - Get Tired Playing,40801,,Rochelle,POS4,0,0,0
09-Aug-2025,,20250809_101525,57321,Fazaa - Get Tired Playing,40801,,Rochelle,POS4,0,0,0
09-Aug-2025,,20250809_101530,57321,Fazaa - Get Tired Playing,40801,,Rochelle,POS4,0,0,0
09-Aug-2025,,20250809_101540,57321,Fazaa - Get Tired Playing,40801,,Abdelmoula,POS3,0,0,0
09-Aug-2025,,20250809_101548,57321,Masdar City [1],40801,,Rochelle,POS4,0,0,0
09-Aug-2025,,20250809_101549,57321,Masdar City [1],40801,,Rochelle,POS4,0,0,0
09-Aug-2025,,20250809_101554,57321,Fazaa - Get Tired Playing,40801,,Abdelmoula,POS3,0,0,0
09-Aug-2025,,20250809_101561,57321,Fazaa - Get Tired Playing,40801,,Sirjana,POS5,0,0,0
09-Aug-2025,,20250809_101564,57321,Fazaa - Get Tired Playing,40801,,Abdelmoula,POS3,0,0,0
09-Aug-2025,,20250809_101567,57321,Fazaa - Get Tired Playing,40801,,Sirjana,POS5,0,0,0
09-Aug-2025,,20250809_101568,57321,Fazaa - Get Tired Playing,40801,,Abdelmoula,POS3,0,0,0
09-Aug-2025,,20250809_101569,57321,Fazaa - Get Tired Playing,40801,,Abdelmoula,POS3,0,0,0
09-Aug-2025,,20250809_101579,57321,FOC - Complementary Ticket - G,40801,,Fatima,POS6,0,0,0
09-Aug-2025,,20250809_101581,57321,Fazaa - Get Tired Playing,40801,,Jennilyn,POS4,0,0,0
09-Aug-2025,,20250809_101584,57321,Fazaa - Get Tired Playing,40801,,Fatima,POS6,0,0,0
09-Aug-2025,,20250809_101590,57321,Fazaa - Get Tired Playing,40801,,Fatima,POS6,0,0,0
09-Aug-2025,,20250809_101591,57321,Fazaa - Get Tired Playing,40801,,Fatima,POS6,0,0,0
09-Aug-2025,,20250809_101593,57321,Fazaa - Get Tired Playing,40801,,Jennilyn,POS4,0,0,0
09-Aug-2025,,20250809_101597,57321,Fazaa - Get Tired Playing,40801,,Jennilyn,POS4,0,0,0
09-Aug-2025,,20250809_101599,57321,Fazaa - Get Tired Playing,40801,,Fatima,POS6,0,0,0
09-Aug-2025,,20250809_101605,57321,Fazaa - Get Tired Playing,40801,,Jennilyn,POS4,0,0,0
09-Aug-2025,,20250809_101611,57321,Fazaa - Get Tired Playing,40801,,Jennilyn,POS4,0,0,0
09-Aug-2025,,20250809_101612,57321,Fazaa - Get Tired Playing,40801,,Sirjana,POS5,0,0,0
09-Aug-2025,,20250809_101615,57321,Fazaa - Get Tired Playing,40801,,Sirjana,POS5,0,0,0
09-Aug-2025,,20250809_101617,57321,Fazaa - Get Tired Playing,40801,,Jennilyn,POS4,0,0,0
09-Aug-2025,,20250809_101624,57321,Fazaa - Get Tired Playing,40801,,Jennilyn,POS4,0,0,0
09-Aug-2025,,20250809_101631,57321,Fazaa - Get Tired Playing,40801,,Sirjana,POS5,0,0,0
09-Aug-2025,,20250809_101635,57321,Fazaa - Get Tired Playing,40801,,Fatima,POS6,0,0,0
09-Aug-2025,,20250809_101658,57321,Fazaa - Get Tired Playing,40801,,Jennilyn,POS4,0,0,0
09-Aug-2025,,20250809_101665,57321,Fazaa - Get Tired Playing,40801,,Sirjana,POS5,0,0,0
09-Aug-2025,,20250809_101666,57321,Fazaa - Get Tired Playing,40801,,Jennilyn,POS4,0,0,0
09-Aug-2025,,20250809_101668,57321,Fazaa - Get Tired Playing,40801,,Fatima,POS6,0,0,0
09-Aug-2025,,20250809_101670,57321,Fazaa - Get Tired Playing,40801,,Sirjana,POS5,0,0,0
09-Aug-2025,,20250809_101671,57321,Fazaa - Get Tired Playing,40801,,Jennilyn,POS4,0,0,0
09-Aug-2025,,20250809_101672,57321,Fazaa - Get Tired Playing,40801,,Fatima,POS6,0,0,0
09-Aug-2025,,20250809_101680,57321,Fazaa - Get Tired Playing,40801,,Fatima,POS6,0,0,0
09-Aug-2025,Cash,20250809_101528,57321,Discovery Pass Combo to Kartin,40801,,Rochelle,POS4,241.81,12.09,253.9
09-Aug-2025,Cash,20250809_101528,57322,Karting Combo to Discovery Pas,40801,,Rochelle,POS4,205.81,10.29,216.1
09-Aug-2025,Cash,20250809_101543,57162,100 Credit Top Up - Redemption,40801,,Rochelle,POS4,95.238,4.762,100
09-Aug-2025,Cash,20250809_101552,57321,Get Tired Playing ,40801,,Abdelmoula,POS3,299.048,14.952,314
09-Aug-2025,Cash,20250809_101559,57052,Card Deposit,40801,,Sirjana,POS5,4.762,0.238,5
09-Aug-2025,Cash,20250809_101559,57322,Multiplex Karting - ADULTS - D,40801,,Sirjana,POS5,400,20,420
09-Aug-2025,Cash,20250809_101560,57162,100 Credit Top Up - Redemption,40801,,Abdelmoula,POS3,95.238,4.762,100
09-Aug-2025,Cash,20250809_101629,57052,Card Deposit,40801,,Sirjana,POS5,4.762,0.238,5
09-Aug-2025,Cash,20250809_101629,57322,Multiplex Karting - ADULTS,40801,,Sirjana,POS5,120,6,126
09-Aug-2025,Cash,20250809_101629,57322,Multiplex Karting - Dual Drive,40801,,Sirjana,POS5,149.524,7.476,157
09-Aug-2025,Cash,20250809_101645,57322,Multiplex Karting - JUNIOR,40801,,Jennilyn,POS4,80,4,84
09-Aug-2025,Cash,20250809_101646,57321,Discovery Pass,40801,,Abdelmoula,POS3,143.81,7.19,151
09-Aug-2025,Cash,20250809_101646,57321,Toddler Pass,40801,,Abdelmoula,POS3,99.048,4.952,104
09-Aug-2025,Cash,20250809_101659,57052,Card Deposit,40801,,Jennilyn,POS4,4.762,0.238,5
09-Aug-2025,Cash,20250809_101659,57322,Multiplex Karting - ADULTS,40801,,Jennilyn,POS4,600,30,630
09-Aug-2025,Cash,20250809_101659,57322,Multiplex Karting - JUNIOR,40801,,Jennilyn,POS4,80,4,84
09-Aug-2025,Cash,20250809_101693,51305,Socks,40801,,Jennilyn,POS4,47.619,2.381,50
09-Aug-2025,Cash,20250809_101694,57323,Spot Sale,40801,,Glory Mae,Tablet 3,47.619,2.381,50
09-Aug-2025,Cash;Credit Card,20250809_101609,57052,Card Deposit,40801,,Fatima,POS6,4.762,0.238,5
09-Aug-2025,Cash;Credit Card,20250809_101609,57321,Adventure Pass,40801,,Fatima,POS6,754.286,37.714,792
09-Aug-2025,Cash;Credit Card,20250809_101609,57322,Multiplex Karting - JUNIOR,40801,,Fatima,POS6,160,8,168
09-Aug-2025,Credit Card,20250809_101518,57052,Card Deposit,40801,,Rochelle,POS4,4.762,0.238,5
09-Aug-2025,Credit Card,20250809_101518,57322,Multiplex Karting - Dual Drive,40801,,Rochelle,POS4,149.524,7.476,157
09-Aug-2025,Credit Card,20250809_101520,57323,Lockers ,40801,,Rochelle,POS4,9.524,0.476,10
09-Aug-2025,Credit Card,20250809_101522,57052,Card Deposit,40801,,Rochelle,POS4,4.762,0.238,5
09-Aug-2025,Credit Card,20250809_101522,57321,Thriller Pass,40801,,Rochelle,POS4,457.143,22.857,480
09-Aug-2025,Credit Card,20250809_101522,57322,Multiplex Karting - Dual Drive,40801,,Rochelle,POS4,149.524,7.476,157
09-Aug-2025,Credit Card,20250809_101522,57322,Multiplex Karting - JUNIOR,40801,,Rochelle,POS4,80,4,84
09-Aug-2025,Credit Card,20250809_101523,57321,Get Tired Playing ,40801,,Rochelle,POS4,299.048,14.952,314
09-Aug-2025,Credit Card,20250809_101523,57321,Get Tired Playing Combo to Kar,40801,,Rochelle,POS4,542.362,27.118,569.48
09-Aug-2025,Credit Card,20250809_101523,57322,Karting Combo to Get Tired Pla,40801,,Rochelle,POS4,217.638,10.882,228.52
09-Aug-2025,Credit Card,20250809_101524,51305,Shoe Rent,40801,,Rochelle,POS4,14.286,0.714,15
09-Aug-2025,Credit Card,20250809_101524,57321,Get Tired Playing ,40801,,Rochelle,POS4,299.048,14.952,314
09-Aug-2025,Credit Card,20250809_101524,57321,Toddler Pass,40801,,Rochelle,POS4,99.048,4.952,104
09-Aug-2025,Credit Card,20250809_101526,51305,Socks,40801,,Rochelle,POS4,19.048,0.952,20
09-Aug-2025,Credit Card,20250809_101527,51305,Socks,40801,,Rochelle,POS4,19.048,0.952,20
09-Aug-2025,Credit Card,20250809_101527,57321,Discovery Pass Combo to Kartin,40801,,Rochelle,POS4,483.619,24.181,507.8
09-Aug-2025,Credit Card,20250809_101527,57321,Discovery Pass,40801,,Rochelle,POS4,287.619,14.381,302
09-Aug-2025,Credit Card,20250809_101527,57322,Karting Combo to Discovery Pas,40801,,Rochelle,POS4,411.619,20.581,432.2
09-Aug-2025,Credit Card,20250809_101529,57324,Entertainer Climbing Wall Sess,40801,,Rochelle,POS4,60,3,63
09-Aug-2025,Credit Card,20250809_101531,57321,Toddler Pass,40801,,Rochelle,POS4,99.048,4.952,104
09-Aug-2025,Credit Card,20250809_101532,57321,Adventure Pass,40801,,Abdelmoula,POS3,377.143,18.857,396
09-Aug-2025,Credit Card,20250809_101533,57052,Card Deposit,40801,,Rochelle,POS4,4.762,0.238,5
09-Aug-2025,Credit Card,20250809_101533,57322,Multiplex Karting - ADULTS,40801,,Rochelle,POS4,720,36,756
09-Aug-2025,Credit Card,20250809_101534,57162,100 Credit Top Up - Redemption,40801,,Rochelle,POS4,95.238,4.762,100
09-Aug-2025,Credit Card,20250809_101535,57052,Card Deposit,40801,,Rochelle,POS4,4.762,0.238,5
09-Aug-2025,Credit Card,20250809_101535,57322,Multiplex Karting - ADULTS,40801,,Rochelle,POS4,240,12,252
09-Aug-2025,Credit Card,20250809_101536,57323,Toddler Playland Unlimited,40801,,Abdelmoula,POS3,94.286,4.714,99
09-Aug-2025,Credit Card,20250809_101537,51305,Socks,40801,,Rochelle,POS4,9.524,0.476,10
09-Aug-2025,Credit Card,20250809_101537,57321,Toddler Pass,40801,,Rochelle,POS4,198.095,9.905,208
09-Aug-2025,Credit Card,20250809_101537,57323,Dune Safari,40801,,Rochelle,POS4,28.571,1.429,30
09-Aug-2025,Credit Card,20250809_101538,57321,Adventure Pass,40801,,Rochelle,POS4,188.571,9.429,198
09-Aug-2025,Credit Card,20250809_101538,57321,Get Tired Playing ,40801,,Rochelle,POS4,897.143,44.857,942
09-Aug-2025,Credit Card,20250809_101539,57162,50 AED Top Up - Redemption,40801,,Sirjana,POS5,47.619,2.381,50
09-Aug-2025,Credit Card,20250809_101541,57052,Card Deposit,40801,,Abdelmoula,POS3,4.762,0.238,5
09-Aug-2025,Credit Card,20250809_101541,57321,Discovery Pass,40801,,Abdelmoula,POS3,143.81,7.19,151
09-Aug-2025,Credit Card,20250809_101541,57321,Thriller Pass,40801,,Abdelmoula,POS3,228.571,11.429,240
09-Aug-2025,Credit Card,20250809_101541,57322,Multiplex Karting - JUNIOR,40801,,Abdelmoula,POS3,80,4,84
09-Aug-2025,Credit Card,20250809_101542,57052,Card Deposit,40801,,Abdelmoula,POS3,4.762,0.238,5
09-Aug-2025,Credit Card,20250809_101542,57321,Thriller Pass,40801,,Abdelmoula,POS3,228.571,11.429,240
09-Aug-2025,Credit Card,20250809_101542,57322,Multiplex Karting - JUNIOR,40801,,Abdelmoula,POS3,80,4,84
09-Aug-2025,Credit Card,20250809_101546,51305,Socks,40801,,Abdelmoula,POS3,19.048,0.952,20
09-Aug-2025,Credit Card,20250809_101547,51305,Shoe Rent,40801,,Abdelmoula,POS3,14.286,0.714,15
09-Aug-2025,Credit Card,20250809_101547,51305,Socks,40801,,Abdelmoula,POS3,9.524,0.476,10
09-Aug-2025,Credit Card,20250809_101547,57052,Card Deposit,40801,,Abdelmoula,POS3,4.762,0.238,5
09-Aug-2025,Credit Card,20250809_101547,57322,Multiplex Karting - ADULTS,40801,,Abdelmoula,POS3,240,12,252
09-Aug-2025,Credit Card,20250809_101553,51305,Shoe Rent,40801,,Abdelmoula,POS3,14.286,0.714,15
09-Aug-2025,Credit Card,20250809_101553,51305,Socks,40801,,Abdelmoula,POS3,9.524,0.476,10
09-Aug-2025,Credit Card,20250809_101553,57321,Get Tired Playing ,40801,,Abdelmoula,POS3,299.048,14.952,314
09-Aug-2025,Credit Card,20250809_101555,57322,Multiplex Karting - ADULTS,40801,,Sirjana,POS5,360,18,378
09-Aug-2025,Credit Card,20250809_101556,57052,Card Deposit,40801,,Rochelle,POS4,4.762,0.238,5
09-Aug-2025,Credit Card,20250809_101556,57322,Multiplex Karting - ADULTS,40801,,Rochelle,POS4,360,18,378
09-Aug-2025,Credit Card,20250809_101557,57321,Discovery Pass,40801,,Abdelmoula,POS3,143.81,7.19,151
09-Aug-2025,Credit Card,20250809_101558,51305,Shoe Rent,40801,,Rochelle,POS4,42.857,2.143,45
09-Aug-2025,Credit Card,20250809_101562,57052,Card Deposit,40801,,Rochelle,POS4,4.762,0.238,5
09-Aug-2025,Credit Card,20250809_101562,57162,50 AED Top Up - Redemption,40801,,Rochelle,POS4,47.619,2.381,50
09-Aug-2025,Credit Card,20250809_101563,51305,Socks,40801,,Sirjana,POS5,9.524,0.476,10
09-Aug-2025,Credit Card,20250809_101563,57321,Fazaa - Get Tired Playing,40801,,Sirjana,POS5,0,0,0
09-Aug-2025,Credit Card,20250809_101565,57321,Discovery Pass,40801,,Abdelmoula,POS3,143.81,7.19,151
09-Aug-2025,Credit Card,20250809_101566,57321,Discovery Pass,40801,,Sirjana,POS5,287.619,14.381,302
09-Aug-2025,Credit Card,20250809_101570,57321,Adventure Pass,40801,,Fatima,POS6,188.571,9.429,198
09-Aug-2025,Credit Card,20250809_101571,57052,Card Deposit,40801,,Abdelmoula,POS3,4.762,0.238,5
09-Aug-2025,Credit Card,20250809_101571,57322,Multiplex Karting - ADULTS,40801,,Abdelmoula,POS3,360,18,378
09-Aug-2025,Credit Card,20250809_101572,51305,Shoe Rent,40801,,Abdelmoula,POS3,42.857,2.143,45
09-Aug-2025,Credit Card,20250809_101572,51305,Socks,40801,,Abdelmoula,POS3,19.048,0.952,20
09-Aug-2025,Credit Card,20250809_101573,51305,Shoe Rent,40801,,Sirjana,POS5,14.286,0.714,15
09-Aug-2025,Credit Card,20250809_101574,57321,Discovery Pass,40801,,Fatima,POS6,143.81,7.19,151
09-Aug-2025,Credit Card,20250809_101575,57052,Adrenark Card,40801,,Sirjana,POS5,4.762,0.238,5
09-Aug-2025,Credit Card,20250809_101575,57322,Add-On: Birthday Karting – Adu,40801,,Sirjana,POS5,420,21,441
09-Aug-2025,Credit Card,20250809_101576,57162,100 Credit Top Up - Redemption,40801, ,External POS,KIOSK1,95.238,4.762,100
09-Aug-2025,Credit Card,20250809_101577,57162,50 AED Top Up - Redemption,40801,,Jennilyn,POS4,47.619,2.381,50
09-Aug-2025,Credit Card,20250809_101578,57052,Card Deposit,40801,,Sirjana,POS5,4.762,0.238,5
09-Aug-2025,Credit Card,20250809_101578,57162,50 AED Top Up - Redemption,40801,,Sirjana,POS5,47.619,2.381,50
09-Aug-2025,Credit Card,20250809_101580,57052,Card Deposit,40801,,Omnia,POS3,4.762,0.238,5
09-Aug-2025,Credit Card,20250809_101580,57322,Multiplex Karting - ADULTS - D,40801,,Omnia,POS3,400,20,420
09-Aug-2025,Credit Card,20250809_101580,57322,Multiplex Karting - JUNIOR - D,40801,,Omnia,POS3,400,20,420
09-Aug-2025,Credit Card,20250809_101582,51305,Shoe Rent,40801,,Fatima,POS6,28.571,1.429,30
09-Aug-2025,Credit Card,20250809_101582,51305,Socks,40801,,Fatima,POS6,19.048,0.952,20
09-Aug-2025,Credit Card,20250809_101582,57052,Card Deposit,40801,,Fatima,POS6,4.762,0.238,5
09-Aug-2025,Credit Card,20250809_101582,57322,Multiplex Karting - ADULTS,40801,,Fatima,POS6,240,12,252
09-Aug-2025,Credit Card,20250809_101582,57323,Speed Glider,40801,,Fatima,POS6,72.381,3.619,76
09-Aug-2025,Credit Card,20250809_101583,57324,Entertainer Climbing Wall Sess,40801,,Omnia,POS3,60,3,63
09-Aug-2025,Credit Card,20250809_101585,51305,Shoe Rent,40801,,Fatima,POS6,14.286,0.714,15
09-Aug-2025,Credit Card,20250809_101585,51305,Socks,40801,,Fatima,POS6,9.524,0.476,10
09-Aug-2025,Credit Card,20250809_101585,57052,Card Deposit,40801,,Fatima,POS6,4.762,0.238,5
09-Aug-2025,Credit Card,20250809_101585,57322,Multiplex Karting - ADULTS,40801,,Fatima,POS6,120,6,126
09-Aug-2025,Credit Card,20250809_101586,57321,Adventure Pass,40801,,Jennilyn,POS4,754.286,37.714,792
09-Aug-2025,Credit Card,20250809_101587,51605,Add Ons - Fluid Art - Meduim F,40801,,Manisha,POS7,124.762,6.238,131
09-Aug-2025,Credit Card,20250809_101587,51605,Add Ons - Spider Man 20 cms,40801,,Manisha,POS7,83.81,4.19,88
09-Aug-2025,Credit Card,20250809_101588,51305,Jump Suit,40801,,Jennilyn,POS4,19.048,0.952,20
09-Aug-2025,Credit Card,20250809_101588,51305,Shoe Rent,40801,,Jennilyn,POS4,14.286,0.714,15
09-Aug-2025,Credit Card,20250809_101588,51305,Socks,40801,,Jennilyn,POS4,9.524,0.476,10
09-Aug-2025,Credit Card,20250809_101589,51305,Shoe Rent,40801,,Omnia,POS3,28.571,1.429,30
09-Aug-2025,Credit Card,20250809_101589,51305,Socks,40801,,Omnia,POS3,19.048,0.952,20
09-Aug-2025,Credit Card,20250809_101589,57321,Get Tired Playing ,40801,,Omnia,POS3,598.095,29.905,628
09-Aug-2025,Credit Card,20250809_101592,57321,Toddler Pass,40801,,Jennilyn,POS4,99.048,4.952,104
09-Aug-2025,Credit Card,20250809_101594,57321,Discovery Pass,40801,,Fatima,POS6,143.81,7.19,151
09-Aug-2025,Credit Card,20250809_101596,57322,Multiplex Karting - ADULTS,40801,,Fatima,POS6,120,6,126
09-Aug-2025,Credit Card,20250809_101598,57052,Card Deposit,40801,,Abdelmoula,POS3,4.762,0.238,5
09-Aug-2025,Credit Card,20250809_101598,57321,Discovery Pass,40801,,Abdelmoula,POS3,287.619,14.381,302
09-Aug-2025,Credit Card,20250809_101598,57322,Multiplex Karting - ADULTS,40801,,Abdelmoula,POS3,120,6,126
09-Aug-2025,Credit Card,20250809_101600,57321,Get Tired Playing ,40801,,Fatima,POS6,299.048,14.952,314
09-Aug-2025,Credit Card,20250809_101601,57052,Card Deposit,40801,,Fatima,POS6,4.762,0.238,5
09-Aug-2025,Credit Card,20250809_101601,57162,100 Credit Top Up - Redemption,40801,,Fatima,POS6,95.238,4.762,100
09-Aug-2025,Credit Card,20250809_101601,57162,50 AED Top Up - Redemption,40801,,Fatima,POS6,47.619,2.381,50
09-Aug-2025,Credit Card,20250809_101602,51305,Shoe Rent,40801,,Jennilyn,POS4,14.286,0.714,15
09-Aug-2025,Credit Card,20250809_101602,57052,Card Deposit,40801,,Jennilyn,POS4,4.762,0.238,5
09-Aug-2025,Credit Card,20250809_101602,57322,Multiplex Karting - Dual Drive,40801,,Jennilyn,POS4,149.524,7.476,157
09-Aug-2025,Credit Card,20250809_101603,57321,Fazaa - Get Tired Playing,40801,,Fatima,POS6,0,0,0
09-Aug-2025,Credit Card,20250809_101603,57323,Toddler Playland Unlimited,40801,,Fatima,POS6,94.286,4.714,99
09-Aug-2025,Credit Card,20250809_101604,57052,Card Deposit,40801,,Sirjana,POS5,4.762,0.238,5
09-Aug-2025,Credit Card,20250809_101604,57321,Fazaa - Get Tired Playing,40801,,Sirjana,POS5,0,0,0
09-Aug-2025,Credit Card,20250809_101604,57322,Multiplex Karting - ADULTS,40801,,Sirjana,POS5,240,12,252
09-Aug-2025,Credit Card,20250809_101604,57322,Multiplex Karting - JUNIOR,40801,,Sirjana,POS5,80,4,84
09-Aug-2025,Credit Card,20250809_101606,57052,Card Deposit,40801,,Fatima,POS6,4.762,0.238,5
09-Aug-2025,Credit Card,20250809_101606,57322,Multiplex Karting - ADULTS,40801,,Fatima,POS6,360,18,378
09-Aug-2025,Credit Card,20250809_101606,57323,Inflatable 1 Hour - 99AED,40801,,Fatima,POS6,188.571,9.429,198
09-Aug-2025,Credit Card,20250809_101607,57052,Card Deposit,40801,,Abdelmoula,POS3,4.762,0.238,5
09-Aug-2025,Credit Card,20250809_101607,57321,Adventure Pass,40801,,Abdelmoula,POS3,188.571,9.429,198
09-Aug-2025,Credit Card,20250809_101607,57322,Multiplex Karting - ADULTS,40801,,Abdelmoula,POS3,120,6,126
09-Aug-2025,Credit Card,20250809_101608,57052,Card Deposit,40801,,Abdelmoula,POS3,4.762,0.238,5
09-Aug-2025,Credit Card,20250809_101608,57322,Multiplex Karting - JUNIOR,40801,,Abdelmoula,POS3,80,4,84
09-Aug-2025,Credit Card,20250809_101610,57321,Toddler Pass,40801,,Jennilyn,POS4,99.048,4.952,104
09-Aug-2025,Credit Card,20250809_101613,51305,Socks,40801,,Abdelmoula,POS3,9.524,0.476,10
09-Aug-2025,Credit Card,20250809_101613,57321,Fazaa - Get Tired Playing,40801,,Abdelmoula,POS3,0,0,0
09-Aug-2025,Credit Card,20250809_101613,57323,Toddler Playland Unlimited,40801,,Abdelmoula,POS3,94.286,4.714,99
09-Aug-2025,Credit Card,20250809_101613,57324,Climbing Wall Session - 60minu,40801,,Abdelmoula,POS3,100,5,105
09-Aug-2025,Credit Card,20250809_101614,57323,Carousel,40801,,Jennilyn,POS4,20,1,21
09-Aug-2025,Credit Card,20250809_101616,57052,Card Deposit,40801,,Fatima,POS6,4.762,0.238,5
09-Aug-2025,Credit Card,20250809_101616,57321,POD - Discovery Pass - 70.50 A,40801,,Fatima,POS6,67.143,3.357,70.5
09-Aug-2025,Credit Card,20250809_101616,57322,Multiplex Karting - ADULTS,40801,,Fatima,POS6,240,12,252
09-Aug-2025,Credit Card,20250809_101618,57322,Multiplex Karting - ADULTS,40801,,Sirjana,POS5,120,6,126
09-Aug-2025,Credit Card,20250809_101618,57322,Multiplex Karting - JUNIOR,40801,,Sirjana,POS5,80,4,84
09-Aug-2025,Credit Card,20250809_101620,57321,Discovery Pass,40801,,Sirjana,POS5,143.81,7.19,151
09-Aug-2025,Credit Card,20250809_101621,57321,Fazaa - Get Tired Playing,40801,,Fatima,POS6,0.001,0,0.001
09-Aug-2025,Credit Card,20250809_101621,57323,Toddler Playland Unlimited,40801,,Fatima,POS6,188.571,9.429,198
09-Aug-2025,Credit Card,20250809_101623,57321,Fazaa - Get Tired Playing,40801,,Abdelmoula,POS3,-0.004,-0,-0.004
09-Aug-2025,Credit Card,20250809_101623,57323,Toddler Playland Unlimited,40801,,Abdelmoula,POS3,94.286,4.714,99
09-Aug-2025,Credit Card,20250809_101625,57162,50 AED Top Up - Redemption,40801, ,External POS,KIOSK1,47.619,2.381,50
09-Aug-2025,Credit Card,20250809_101626,51305,Shoe Rent,40801,,Fatima,POS6,14.286,0.714,15
09-Aug-2025,Credit Card,20250809_101626,51305,Socks,40801,,Fatima,POS6,9.524,0.476,10
09-Aug-2025,Credit Card,20250809_101626,57321,Fazaa - Get Tired Playing,40801,,Fatima,POS6,0,0,0
09-Aug-2025,Credit Card,20250809_101627,57052,Card Deposit,40801,,Abdelmoula,POS3,4.762,0.238,5
09-Aug-2025,Credit Card,20250809_101627,57322,Multiplex Karting - ADULTS,40801,,Abdelmoula,POS3,480,24,504
09-Aug-2025,Credit Card,20250809_101628,57321,Get Tired Playing ,40801,,Fatima,POS6,598.095,29.905,628
09-Aug-2025,Credit Card,20250809_101630,51305,Socks,40801,,Abdelmoula,POS3,9.524,0.476,10
09-Aug-2025,Credit Card,20250809_101632,57324,Climbing Wall Session - 15minu,40801,,Fatima,POS6,34.286,1.714,36
09-Aug-2025,Credit Card,20250809_101633,57323,Net Maze,40801,,Fatima,POS6,20,1,21
09-Aug-2025,Credit Card,20250809_101634,57323,Carousel,40801,,Abdelmoula,POS3,20,1,21
09-Aug-2025,Credit Card,20250809_101634,57323,Through the Roof,40801,,Abdelmoula,POS3,29.524,1.476,31
09-Aug-2025,Credit Card,20250809_101636,57052,Card Deposit,40801,,Jennilyn,POS4,4.762,0.238,5
09-Aug-2025,Credit Card,20250809_101636,57322,Multiplex Karting - JUNIOR,40801,,Jennilyn,POS4,160,8,168
09-Aug-2025,Credit Card,20250809_101637,51305,Shoe Rent,40801,,Jennilyn,POS4,14.286,0.714,15
09-Aug-2025,Credit Card,20250809_101637,51305,Socks,40801,,Jennilyn,POS4,9.524,0.476,10
09-Aug-2025,Credit Card,20250809_101637,57052,Card Deposit,40801,,Jennilyn,POS4,4.762,0.238,5
09-Aug-2025,Credit Card,20250809_101637,57322,Multiplex Karting - Dual Drive,40801,,Jennilyn,POS4,149.524,7.476,157
09-Aug-2025,Credit Card,20250809_101638,57052,Card Deposit,40801,,Fatima,POS6,4.762,0.238,5
09-Aug-2025,Credit Card,20250809_101638,57162,50 AED Top Up - Redemption,40801,,Fatima,POS6,47.619,2.381,50
09-Aug-2025,Credit Card,20250809_101639,57052,Card Deposit,40801,,Abdelmoula,POS3,4.762,0.238,5
09-Aug-2025,Credit Card,20250809_101639,57321,Fazaa - Get Tired Playing,40801,,Abdelmoula,POS3,0,0,0
09-Aug-2025,Credit Card,20250809_101639,57322,Multiplex Karting - JUNIOR,40801,,Abdelmoula,POS3,80,4,84
09-Aug-2025,Credit Card,20250809_101640,57321,Adventure Pass,40801,,Fatima,POS6,188.571,9.429,198
09-Aug-2025,Credit Card,20250809_101640,57321,Discovery Pass,40801,,Fatima,POS6,143.81,7.19,151
09-Aug-2025,Credit Card,20250809_101641,57322,Multiplex Karting - JUNIOR,40801,,Abdelmoula,POS3,80,4,84
09-Aug-2025,Credit Card,20250809_101642,57323,Through the Roof,40801,,Abdelmoula,POS3,59.048,2.952,62
09-Aug-2025,Credit Card,20250809_101643,57321,Adventure Pass,40801,,Fatima,POS6,565.714,28.286,594
09-Aug-2025,Credit Card,20250809_101643,57323,Toddler Playland Unlimited,40801,,Fatima,POS6,94.286,4.714,99
09-Aug-2025,Credit Card,20250809_101644,51305,Shoe Rent,40801,,Fatima,POS6,14.286,0.714,15
09-Aug-2025,Credit Card,20250809_101644,51305,Socks,40801,,Fatima,POS6,9.524,0.476,10
09-Aug-2025,Credit Card,20250809_101647,57323,Through the Roof,40801,,Abdelmoula,POS3,59.048,2.952,62
09-Aug-2025,Credit Card,20250809_101648,57321,Adventure Pass,40801,,Fatima,POS6,188.571,9.429,198
09-Aug-2025,Credit Card,20250809_101649,57321,Discovery Pass,40801,,Jennilyn,POS4,287.619,14.381,302
09-Aug-2025,Credit Card,20250809_101650,57052,Card Deposit,40801,,Sirjana,POS5,4.762,0.238,5
09-Aug-2025,Credit Card,20250809_101650,57322,Multiplex Karting - ADULTS,40801,,Sirjana,POS5,120,6,126
09-Aug-2025,Credit Card,20250809_101650,57322,Multiplex Karting - Dual Drive,40801,,Sirjana,POS5,149.524,7.476,157
09-Aug-2025,Credit Card,20250809_101651,57321,Get Tired Playing ,40801,,Jennilyn,POS4,299.048,14.952,314
09-Aug-2025,Credit Card,20250809_101652,57321,Adventure Pass,40801,,Sirjana,POS5,188.571,9.429,198
09-Aug-2025,Credit Card,20250809_101653,57321,Adventure Pass,40801,,Sirjana,POS5,377.143,18.857,396
09-Aug-2025,Credit Card,20250809_101654,51305,Shoe Rent,40801,,Sirjana,POS5,28.571,1.429,30
09-Aug-2025,Credit Card,20250809_101654,51305,Socks,40801,,Sirjana,POS5,19.048,0.952,20
09-Aug-2025,Credit Card,20250809_101654,57052,Card Deposit,40801,,Sirjana,POS5,4.762,0.238,5
09-Aug-2025,Credit Card,20250809_101654,57322,Multiplex Karting - ADULTS,40801,,Sirjana,POS5,240,12,252
09-Aug-2025,Credit Card,20250809_101655,57321,Toddler Pass,40801,,Sirjana,POS5,99.048,4.952,104
09-Aug-2025,Credit Card,20250809_101657,57321,Adventure Pass - 50% Staff Dis,40801,,Sirjana,POS5,89.524,4.476,94
09-Aug-2025,Credit Card,20250809_101660,57052,Card Deposit,40801,,Sirjana,POS5,4.762,0.238,5
09-Aug-2025,Credit Card,20250809_101660,57322,Multiplex Karting - ADULTS,40801,,Sirjana,POS5,360,18,378
09-Aug-2025,Credit Card,20250809_101661,57052,Card Deposit,40801,,Sirjana,POS5,4.762,0.238,5
09-Aug-2025,Credit Card,20250809_101661,57322,Multiplex Karting - ADULTS,40801,,Sirjana,POS5,360,18,378
09-Aug-2025,Credit Card,20250809_101662,57322,Multiplex Karting - ADULTS - D,40801,,Jennilyn,POS4,400,20,420
09-Aug-2025,Credit Card,20250809_101663,57052,Card Deposit,40801,,Sirjana,POS5,4.762,0.238,5
09-Aug-2025,Credit Card,20250809_101663,57321,Thriller Pass,40801,,Sirjana,POS5,1600,80,1680
09-Aug-2025,Credit Card,20250809_101663,57322,Multiplex Karting - ADULTS,40801,,Sirjana,POS5,120,6,126
09-Aug-2025,Credit Card,20250809_101663,57322,Multiplex Karting - JUNIOR,40801,,Sirjana,POS5,160,8,168
09-Aug-2025,Credit Card,20250809_101664,57052,Card Deposit,40801,,Jennilyn,POS4,4.762,0.238,5
09-Aug-2025,Credit Card,20250809_101664,57321,POD - Discovery Pass - 70.50 A,40801,,Jennilyn,POS4,67.143,3.357,70.5
09-Aug-2025,Credit Card,20250809_101664,57322,Multiplex Karting - ADULTS,40801,,Jennilyn,POS4,240,12,252
09-Aug-2025,Credit Card,20250809_101667,57321,Fazaa - Get Tired Playing,40801,,Jennilyn,POS4,0,0,0
09-Aug-2025,Credit Card,20250809_101667,57323,Lockers ,40801,,Jennilyn,POS4,9.524,0.476,10
09-Aug-2025,Credit Card,20250809_101669,57321,Adventure Pass,40801,,Omnia,POS3,377.143,18.857,396
09-Aug-2025,Credit Card,20250809_101673,57323,Toddler Playland Unlimited,40801,,Fatima,POS6,94.286,4.714,99
09-Aug-2025,Credit Card,20250809_101674,57321,Discovery Pass,40801,,Jennilyn,POS4,143.81,7.19,151
09-Aug-2025,Credit Card,20250809_101675,51305,Shoe Rent,40801,,Jennilyn,POS4,28.571,1.429,30
09-Aug-2025,Credit Card,20250809_101676,51305,Socks,40801,,Jennilyn,POS4,9.524,0.476,10
09-Aug-2025,Credit Card,20250809_101677,57321,Adventure Pass,40801,,Jennilyn,POS4,188.571,9.429,198
09-Aug-2025,Credit Card,20250809_101678,57052,Card Deposit,40801,,Sirjana,POS5,4.762,0.238,5
09-Aug-2025,Credit Card,20250809_101678,57322,Multiplex Karting - JUNIOR,40801,,Sirjana,POS5,80,4,84
09-Aug-2025,Credit Card,20250809_101679,57162,50 AED Top Up - Redemption,40801,,Sirjana,POS5,47.619,2.381,50
09-Aug-2025,Credit Card,20250809_101681,51305,Socks,40801,,Fatima,POS6,9.524,0.476,10
09-Aug-2025,Credit Card,20250809_101681,57321,Discovery Pass Combo to Kartin,40801,,Fatima,POS6,120.905,6.045,126.95
09-Aug-2025,Credit Card,20250809_101681,57322,Karting Combo to Discovery Pas,40801,,Fatima,POS6,102.905,5.145,108.05
09-Aug-2025,Credit Card,20250809_101682,57052,Card Deposit,40801,,Fatima,POS6,4.762,0.238,5
09-Aug-2025,Credit Card,20250809_101682,57322,Multiplex Karting - ADULTS,40801,,Fatima,POS6,120,6,126
09-Aug-2025,Credit Card,20250809_101683,57052,Card Deposit,40801,,Jennilyn,POS4,4.762,0.238,5
09-Aug-2025,Credit Card,20250809_101683,57321,Fazaa - Get Tired Playing,40801,,Jennilyn,POS4,0,0,0
09-Aug-2025,Credit Card,20250809_101683,57322,Multiplex Karting - Dual Drive,40801,,Jennilyn,POS4,149.524,7.476,157
09-Aug-2025,Credit Card,20250809_101684,51305,Shoe Rent,40801,,Jennilyn,POS4,14.286,0.714,15
09-Aug-2025,Credit Card,20250809_101684,51305,Socks,40801,,Jennilyn,POS4,9.524,0.476,10
09-Aug-2025,Credit Card,20250809_101685,57162,50 AED Top Up - Redemption,40801,,Fatima,POS6,47.619,2.381,50
09-Aug-2025,Credit Card,20250809_101686,57052,Card Deposit,40801,,Fatima,POS6,4.762,0.238,5
09-Aug-2025,Credit Card,20250809_101686,57322,Multiplex Karting - ADULTS,40801,,Fatima,POS6,720,36,756
09-Aug-2025,Credit Card,20250809_101687,51305,Shoe Rent,40801,,Fatima,POS6,14.286,0.714,15
09-Aug-2025,Credit Card,20250809_101687,57052,Card Deposit,40801,,Fatima,POS6,4.762,0.238,5
09-Aug-2025,Credit Card,20250809_101687,57322,Multiplex Karting - JUNIOR,40801,,Fatima,POS6,240,12,252
09-Aug-2025,Credit Card,20250809_101688,57162,100 Credit Top Up - Redemption,40801, ,External POS,KIOSK1,95.238,4.762,100
09-Aug-2025,Credit Card,20250809_101689,57323,Through the Roof,40801,,Fatima,POS6,29.524,1.476,31
09-Aug-2025,Credit Card,20250809_101690,57324,Climbing Wall Session - 15minu,40801,,Fatima,POS6,34.286,1.714,36
09-Aug-2025,Credit Card,20250809_101691,57052,Card Deposit,40801,,Fatima,POS6,4.762,0.238,5
09-Aug-2025,Credit Card,20250809_101691,57162,50 AED Top Up - Redemption,40801,,Fatima,POS6,47.619,2.381,50
09-Aug-2025,Credit Card,20250809_101692,57162,50 AED Top Up - Redemption,40801,,Fatima,POS6,47.619,2.381,50
09-Aug-2025,Payment Link,20250809_101521,57325,Birthday Package 1 (Adventure ,40801,,Rochelle,POS4,2167.5,108.375,2275.88
10-Aug-2025,,20250810_101701,57321,Fazaa - Get Tired Playing,40801,,Jennilyn,POS5,0,0,0
10-Aug-2025,,20250810_101702,57321,Fazaa - Get Tired Playing,40801,,Jennilyn,POS5,0,0,0
10-Aug-2025,,20250810_101712,57321,Fazaa - Get Tired Playing,40801,,Abdelmoula,POS3,0,0,0
10-Aug-2025,,20250810_101716,57321,Fazaa - Get Tired Playing,40801,,Abdelmoula,POS3,0,0,0
10-Aug-2025,,20250810_101725,57321,Fazaa - Get Tired Playing,40801,,Abdelmoula,POS3,0,0,0
10-Aug-2025,,20250810_101737,57321,Fazaa - Get Tired Playing,40801,,Nuripa,POS4,0,0,0
10-Aug-2025,,20250810_101738,57321,Fazaa - Get Tired Playing,40801,,Nuripa,POS4,0,0,0
10-Aug-2025,,20250810_101743,57321,Fazaa - Get Tired Playing,40801,,Nuripa,POS4,0,0,0
10-Aug-2025,,20250810_101745,57321,Fazaa - Get Tired Playing,40801,,Abdelmoula,POS3,0,0,0
10-Aug-2025,,20250810_101746,57321,Fazaa - Get Tired Playing,40801,,Nuripa,POS4,0,0,0
10-Aug-2025,,20250810_101747,57321,Fazaa - Get Tired Playing,40801,,Abdelmoula,POS3,0,0,0
10-Aug-2025,,20250810_101748,57321,Fazaa - Get Tired Playing,40801,,Nuripa,POS4,0,0,0
10-Aug-2025,,20250810_101752,57321,Fazaa - Get Tired Playing,40801,,Abdelmoula,POS3,0,0,0
10-Aug-2025,,20250810_101753,57321,Fazaa - Get Tired Playing,40801,,Fatima,POS6,0,0,0
10-Aug-2025,,20250810_101754,57321,Fazaa - Get Tired Playing,40801,,Nuripa,POS4,0,0,0
10-Aug-2025,,20250810_101769,57321,Fazaa - Get Tired Playing,40801,,Abdelmoula,POS3,0,0,0
10-Aug-2025,,20250810_101773,57321,Fazaa - Get Tired Playing,40801,,Nuripa,POS4,0,0,0
10-Aug-2025,,20250810_101775,57321,Fazaa - Get Tired Playing,40801,,Nuripa,POS4,0,0,0
10-Aug-2025,,20250810_101786,57321,Fazaa - Get Tired Playing,40801,,Fatima,POS6,0,0,0
10-Aug-2025,,20250810_101787,57321,Fazaa - Get Tired Playing,40801,,Fatima,POS6,0,0,0
10-Aug-2025,Cash,20250810_101709,57321,Adventure Pass,40801,,Jennilyn,POS5,754.286,37.714,792
10-Aug-2025,Cash,20250810_101735,57162,50 AED Top Up - Redemption,40801,,Fatima,POS6,47.619,2.381,50
10-Aug-2025,Cash,20250810_101761,57322,Multiplex Karting - ADULTS,40801,,Nuripa,POS4,120,6,126
10-Aug-2025,Cash,20250810_101779,51305,Shoe Rent,40801,,Nuripa,POS4,14.286,0.714,15
10-Aug-2025,Cash,20250810_101785,57162,50 AED Top Up - Redemption,40801,,Fatima,POS6,47.619,2.381,50
10-Aug-2025,Cash,20250810_101795,57323,Spot Sale,40801,,Glory Mae,Tablet 3,166.667,8.333,175
10-Aug-2025,Cash;Credit Card,20250810_101768,57052,Card Deposit,40801,,Nuripa,POS4,4.762,0.238,5
10-Aug-2025,Cash;Credit Card,20250810_101768,57322,Multiplex Karting - ADULTS,40801,,Nuripa,POS4,360,18,378
10-Aug-2025,Cash;Credit Card,20250810_101772,57052,Card Deposit,40801,,Fatima,POS6,4.762,0.238,5
10-Aug-2025,Cash;Credit Card,20250810_101772,57322,Multiplex Karting - ADULTS,40801,,Fatima,POS6,360,18,378
10-Aug-2025,Credit Card Adjustment,20250810_101695,57321,Discovery Pass Combo to Kartin,40801,,Abdelmoula,POS3,241.81,12.09,253.9
10-Aug-2025,Credit Card Adjustment,20250810_101695,57321,Discovery Pass,40801,,Abdelmoula,POS3,287.619,14.381,302
10-Aug-2025,Credit Card Adjustment,20250810_101695,57322,Karting Combo to Discovery Pas,40801,,Abdelmoula,POS3,205.81,10.29,216.1
10-Aug-2025,Credit Card,20250810_101696,51305,Socks,40801,,Abdelmoula,POS3,9.524,0.476,10
10-Aug-2025,Credit Card,20250810_101697,51305,Socks,40801,,Abdelmoula,POS3,19.048,0.952,20
10-Aug-2025,Credit Card,20250810_101697,57321,Get Tired Playing - 50% Staff ,40801,,Abdelmoula,POS3,299.048,14.952,314
10-Aug-2025,Credit Card,20250810_101698,57052,Card Deposit,40801,,Abdelmoula,POS3,4.762,0.238,5
10-Aug-2025,Credit Card,20250810_101698,57162,100 Credit Top Up - Redemption,40801,,Abdelmoula,POS3,95.238,4.762,100
10-Aug-2025,Credit Card,20250810_101698,57321,Toddler Pass,40801,,Abdelmoula,POS3,99.048,4.952,104
10-Aug-2025,Credit Card,20250810_101699,57321,Thriller Pass 20% ADCB Card Ho,40801,,Abdelmoula,POS3,365.714,18.286,384
10-Aug-2025,Credit Card,20250810_101700,57321,Thriller Pass 20% ADCB Card Ho,40801,,Abdelmoula,POS3,365.714,18.286,384
10-Aug-2025,Credit Card,20250810_101703,57052,Card Deposit,40801,,Jennilyn,POS5,4.762,0.238,5
10-Aug-2025,Credit Card,20250810_101703,57162,100 Credit Top Up - Redemption,40801,,Jennilyn,POS5,95.238,4.762,100
10-Aug-2025,Credit Card,20250810_101704,57162,50 AED Top Up - Redemption,40801,,Abdelmoula,POS3,47.619,2.381,50
10-Aug-2025,Credit Card,20250810_101705,57052,Card Deposit,40801,,Abdelmoula,POS3,4.762,0.238,5
10-Aug-2025,Credit Card,20250810_101705,57322,Multiplex Karting - ADULTS,40801,,Abdelmoula,POS3,240,12,252
10-Aug-2025,Credit Card,20250810_101705,57322,Multiplex Karting - JUNIOR,40801,,Abdelmoula,POS3,80,4,84
10-Aug-2025,Credit Card,20250810_101707,57321,Get Tired Playing ,40801,,Fatima,POS6,299.048,14.952,314
10-Aug-2025,Credit Card,20250810_101708,57321,Adventure Pass,40801,,Abdelmoula,POS3,188.571,9.429,198
10-Aug-2025,Credit Card,20250810_101710,57321,Get Tired Playing ,40801,,Abdelmoula,POS3,598.095,29.905,628
10-Aug-2025,Credit Card,20250810_101711,51305,Jump Suit,40801,,Jennilyn,POS5,19.048,0.952,20
10-Aug-2025,Credit Card,20250810_101711,51305,Shoe Rent,40801,,Jennilyn,POS5,14.286,0.714,15
10-Aug-2025,Credit Card,20250810_101711,51305,Socks,40801,,Jennilyn,POS5,28.571,1.429,30
10-Aug-2025,Credit Card,20250810_101711,57321,Fazaa - Get Tired Playing,40801,,Jennilyn,POS5,0,0,0
10-Aug-2025,Credit Card,20250810_101713,57052,Card Deposit,40801,,Fatima,POS6,4.762,0.238,5
10-Aug-2025,Credit Card,20250810_101713,57322,Multiplex Karting - ADULTS,40801,,Fatima,POS6,120,6,126
10-Aug-2025,Credit Card,20250810_101714,57162,100 Credit Top Up - Redemption,40801,,Jennilyn,POS5,95.238,4.762,100
10-Aug-2025,Credit Card,20250810_101717,57321,Fazaa - Get Tired Playing,40801,,Abdelmoula,POS3,0,0,0
10-Aug-2025,Credit Card,20250810_101717,57322,Multiplex Karting - ADULTS,40801,,Abdelmoula,POS3,240,12,252
10-Aug-2025,Credit Card,20250810_101720,51305,Shoe Rent,40801,,Fatima,POS6,28.571,1.429,30
10-Aug-2025,Credit Card,20250810_101720,57321,Discovery Pass,40801,,Fatima,POS6,431.429,21.571,453
10-Aug-2025,Credit Card,20250810_101721,57052,Card Deposit,40801,,Jennilyn,POS5,4.762,0.238,5
10-Aug-2025,Credit Card,20250810_101721,57321,Get Tired Playing ,40801,,Jennilyn,POS5,598.095,29.905,628
10-Aug-2025,Credit Card,20250810_101721,57322,Multiplex Karting - Dual Drive,40801,,Jennilyn,POS5,299.048,14.952,314
10-Aug-2025,Credit Card,20250810_101722,57321,Get Tired Playing ,40801,,Fatima,POS6,299.048,14.952,314
10-Aug-2025,Credit Card,20250810_101726,51605,Tray Bear - 21cm,40801,,Manisha,POS7,152,7.6,159.6
10-Aug-2025,Credit Card,20250810_101727,51305,Shoe Rent,40801,,Fatima,POS6,14.286,0.714,15
10-Aug-2025,Credit Card,20250810_101727,51305,Socks,40801,,Fatima,POS6,9.524,0.476,10
10-Aug-2025,Credit Card,20250810_101727,57052,Card Deposit,40801,,Fatima,POS6,4.762,0.238,5
10-Aug-2025,Credit Card,20250810_101727,57322,Multiplex Karting - ADULTS,40801,,Fatima,POS6,120,6,126
10-Aug-2025,Credit Card,20250810_101727,57322,Multiplex Karting - JUNIOR,40801,,Fatima,POS6,160,8,168
10-Aug-2025,Credit Card,20250810_101728,57321,Discovery Pass Combo to Kartin,40801,,Fatima,POS6,241.81,12.09,253.9
10-Aug-2025,Credit Card,20250810_101728,57322,Karting Combo to Discovery Pas,40801,,Fatima,POS6,205.81,10.29,216.1
10-Aug-2025,Credit Card,20250810_101729,57052,Card Deposit,40801,,Fatima,POS6,4.762,0.238,5
10-Aug-2025,Credit Card,20250810_101729,57322,Multiplex Karting - ADULTS - D,40801,,Fatima,POS6,200,10,210
10-Aug-2025,Credit Card,20250810_101730,51605,Add Ons - Fluid Art - Small Fl,40801,,Manisha,POS7,106.667,5.333,112
10-Aug-2025,Credit Card,20250810_101730,51605,Captain America,40801,,Manisha,POS7,126.667,6.333,133
10-Aug-2025,Credit Card,20250810_101730,51605,Cennamoroll 17 cms,40801,,Manisha,POS7,114.286,5.714,120
10-Aug-2025,Credit Card,20250810_101730,51605,Tray Bear - 21cm,40801,,Manisha,POS7,152,7.6,159.6
10-Aug-2025,Credit Card,20250810_101731,57321,Get Tired Playing ,40801,,Fatima,POS6,897.143,44.857,942
10-Aug-2025,Credit Card,20250810_101732,57162,50 AED Top Up - Redemption,40801,,Jennilyn,POS5,47.619,2.381,50
10-Aug-2025,Credit Card,20250810_101733,57052,Card Deposit,40801,,Fatima,POS6,4.762,0.238,5
10-Aug-2025,Credit Card,20250810_101733,57322,Multiplex Karting - Dual Drive,40801,,Fatima,POS6,299.048,14.952,314
10-Aug-2025,Credit Card,20250810_101734,57324,Entertainer Climbing Wall Sess,40801,,Nuripa,POS4,60,3,63
10-Aug-2025,Credit Card,20250810_101736,51305,Socks,40801,,Fatima,POS6,9.524,0.476,10
10-Aug-2025,Credit Card,20250810_101739,57321,Discovery Pass,40801,,Abdelmoula,POS3,287.619,14.381,302
10-Aug-2025,Credit Card,20250810_101740,57052,Card Deposit,40801,,Abdelmoula,POS3,4.762,0.238,5
10-Aug-2025,Credit Card,20250810_101740,57322,Multiplex Karting - ADULTS,40801,,Abdelmoula,POS3,240,12,252
10-Aug-2025,Credit Card,20250810_101740,57322,Multiplex Karting - JUNIOR,40801,,Abdelmoula,POS3,80,4,84
10-Aug-2025,Credit Card,20250810_101741,51305,Shoe Rent,40801,,Nuripa,POS4,14.286,0.714,15
10-Aug-2025,Credit Card,20250810_101741,51305,Socks,40801,,Nuripa,POS4,9.524,0.476,10
10-Aug-2025,Credit Card,20250810_101742,57323,Lockers ,40801,,Nuripa,POS4,9.524,0.476,10
10-Aug-2025,Credit Card,20250810_101744,57321,Discovery Pass,40801,,Abdelmoula,POS3,287.619,14.381,302
10-Aug-2025,Credit Card,20250810_101749,57052,Card Deposit,40801,,Abdelmoula,POS3,4.762,0.238,5
10-Aug-2025,Credit Card,20250810_101749,57322,Multiplex Karting - ADULTS,40801,,Abdelmoula,POS3,120,6,126
10-Aug-2025,Credit Card,20250810_101751,57052,Card Deposit,40801,,Abdelmoula,POS3,4.762,0.238,5
10-Aug-2025,Credit Card,20250810_101751,57322,Multiplex Karting - ADULTS,40801,,Abdelmoula,POS3,120,6,126
10-Aug-2025,Credit Card,20250810_101755,51305,Socks,40801,,Nuripa,POS4,9.524,0.476,10
10-Aug-2025,Credit Card,20250810_101758,57162,100 Credit Top Up - Redemption,40801,,Jennilyn,POS5,95.238,4.762,100
10-Aug-2025,Credit Card,20250810_101759,57052,Card Deposit,40801,,Nuripa,POS4,4.762,0.238,5
10-Aug-2025,Credit Card,20250810_101759,57162,50 AED Top Up - Redemption,40801,,Nuripa,POS4,47.619,2.381,50
10-Aug-2025,Credit Card,20250810_101760,57052,Card Deposit,40801,,Abdelmoula,POS3,4.762,0.238,5
10-Aug-2025,Credit Card,20250810_101760,57322,Multiplex Karting - ADULTS,40801,,Abdelmoula,POS3,480,24,504
10-Aug-2025,Credit Card,20250810_101762,57052,Card Deposit,40801,,Nuripa,POS4,4.762,0.238,5
10-Aug-2025,Credit Card,20250810_101762,57322,Multiplex Karting - ADULTS,40801,,Nuripa,POS4,120,6,126
10-Aug-2025,Credit Card,20250810_101763,57321,Get Tired Playing ,40801,,Fatima,POS6,598.095,29.905,628
10-Aug-2025,Credit Card,20250810_101764,57321,Discovery Pass,40801,,Abdelmoula,POS3,287.619,14.381,302
10-Aug-2025,Credit Card,20250810_101765,57321,Discovery Pass Combo to Kartin,40801,,Jennilyn,POS5,241.81,12.09,253.9
10-Aug-2025,Credit Card,20250810_101765,57322,Karting Combo to Discovery Pas,40801,,Jennilyn,POS5,205.81,10.29,216.1
10-Aug-2025,Credit Card,20250810_101766,57052,Card Deposit,40801,,Abdelmoula,POS3,4.762,0.238,5
10-Aug-2025,Credit Card,20250810_101766,57322,Multiplex Karting - ADULTS,40801,,Abdelmoula,POS3,240,12,252
10-Aug-2025,Credit Card,20250810_101767,57162,50 AED Top Up - Redemption,40801,,Jennilyn,POS5,47.619,2.381,50
10-Aug-2025,Credit Card,20250810_101770,51305,Socks,40801,,Abdelmoula,POS3,9.524,0.476,10
10-Aug-2025,Credit Card,20250810_101771,57321,Discovery Pass,40801,,Nuripa,POS4,143.81,7.19,151
10-Aug-2025,Credit Card,20250810_101774,57321,Adventure Pass,40801,,Fatima,POS6,188.571,9.429,198
10-Aug-2025,Credit Card,20250810_101776,57321,Adventure Pass,40801,,Jennilyn,POS5,188.571,9.429,198
10-Aug-2025,Credit Card,20250810_101776,57321,Toddler Pass,40801,,Jennilyn,POS5,99.048,4.952,104
10-Aug-2025,Credit Card,20250810_101777,51305,Socks,40801,,Jennilyn,POS5,9.524,0.476,10
10-Aug-2025,Credit Card,20250810_101778,51305,Shoe Rent,40801,,Nuripa,POS4,57.143,2.857,60
10-Aug-2025,Credit Card,20250810_101778,51305,Socks,40801,,Nuripa,POS4,38.095,1.905,40
10-Aug-2025,Credit Card,20250810_101778,57052,Card Deposit,40801,,Nuripa,POS4,4.762,0.238,5
10-Aug-2025,Credit Card,20250810_101778,57322,Multiplex Karting - ADULTS,40801,,Nuripa,POS4,480,24,504
10-Aug-2025,Credit Card,20250810_101780,51605,Add Ons - Fluid Art - Meduim F,40801,,Manisha,POS7,124.762,6.238,131
10-Aug-2025,Credit Card,20250810_101781,51605,Add Ons - Fluid Art - Meduim F,40801,,Manisha,POS7,124.762,6.238,131
10-Aug-2025,Credit Card,20250810_101782,57162,50 AED Top Up - Redemption,40801,,Jennilyn,POS5,47.619,2.381,50
10-Aug-2025,Credit Card,20250810_101783,57052,Card Deposit,40801,,Nuripa,POS4,4.762,0.238,5
10-Aug-2025,Credit Card,20250810_101783,57162,50 AED Top Up - Redemption,40801,,Nuripa,POS4,47.619,2.381,50
10-Aug-2025,Credit Card,20250810_101784,57162,50 AED Top Up - Redemption,40801,,Fatima,POS6,47.619,2.381,50
10-Aug-2025,Credit Card,20250810_101788,51305,Shoe Rent,40801,,Fatima,POS6,14.286,0.714,15
10-Aug-2025,Credit Card,20250810_101788,51305,Socks,40801,,Fatima,POS6,9.524,0.476,10
10-Aug-2025,Credit Card,20250810_101789,51305,Shoe Rent,40801,,Fatima,POS6,28.571,1.429,30
10-Aug-2025,Credit Card,20250810_101789,51305,Socks,40801,,Fatima,POS6,19.048,0.952,20
10-Aug-2025,Credit Card,20250810_101789,57052,Card Deposit,40801,,Fatima,POS6,4.762,0.238,5
10-Aug-2025,Credit Card,20250810_101789,57162,50 AED Top Up - Redemption,40801,,Fatima,POS6,47.619,2.381,50
10-Aug-2025,Credit Card,20250810_101789,57322,Multiplex Karting - ADULTS,40801,,Fatima,POS6,480,24,504
10-Aug-2025,Credit Card,20250810_101790,57162,Slime Experience - 41AED,40801,,Manisha,POS7,78.095,3.905,82
10-Aug-2025,Credit Card,20250810_101791,57052,Card Deposit,40801,,Jennilyn,POS5,4.762,0.238,5
10-Aug-2025,Credit Card,20250810_101791,57162,100 Credit Top Up - Redemption,40801,,Jennilyn,POS5,95.238,4.762,100
10-Aug-2025,Credit Card,20250810_101792,57052,Card Deposit,40801,,Jennilyn,POS5,4.762,0.238,5
10-Aug-2025,Credit Card,20250810_101792,57162,50 AED Top Up - Redemption,40801,,Jennilyn,POS5,47.619,2.381,50
10-Aug-2025,Credit Card,20250810_101793,57321,Discovery Pass,40801,,Fatima,POS6,431.429,21.571,453
10-Aug-2025,Online Pay,20250810_101706,57321,Adventure Pass,40802, ,External POS,online,358.095,17.905,376
11-Aug-2025,,20250811_101796,57321,Fazaa - Get Tired Playing,40801,,Fatima,POS3,0,0,0
11-Aug-2025,,20250811_101797,57321,Fazaa - Get Tired Playing,40801,,Fatima,POS3,0,0,0
11-Aug-2025,,20250811_101798,57321,Fazaa - Get Tired Playing,40801,,Fatima,POS3,0,0,0
11-Aug-2025,,20250811_101799,57321,Fazaa - Get Tired Playing,40801,,Shaikha,POS6,0,0,0
11-Aug-2025,,20250811_101804,57321,Fazaa - Get Tired Playing,40801,,Sirjana,POS5,0,0,0
11-Aug-2025,,20250811_101806,57321,Fazaa - Get Tired Playing,40801,,Shaikha,POS6,0,0,0
11-Aug-2025,,20250811_101818,57321,Fazaa - Get Tired Playing,40801,,Sirjana,POS5,0,0,0
11-Aug-2025,,20250811_101823,57321,Fazaa - Get Tired Playing,40801,,Abdelmoula,POS3,0,0,0
11-Aug-2025,,20250811_101826,57321,Fazaa - Get Tired Playing,40801,,Sirjana,POS5,0,0,0
11-Aug-2025,,20250811_101833,57321,Fazaa - Get Tired Playing,40801,,Abdelmoula,POS3,0,0,0
11-Aug-2025,,20250811_101835,57321,Fazaa - Get Tired Playing,40801, ,Mohammed,POS4,0,0,0
11-Aug-2025,,20250811_101837,57321,Fazaa - Get Tired Playing,40801, ,Mohammed,POS4,0,0,0
11-Aug-2025,,20250811_101838,57321,Fazaa - Get Tired Playing,40801,,Abdelmoula,POS3,0,0,0
11-Aug-2025,Cash,20250811_101803,51305,Socks,40801,,Fatima,POS3,19.048,0.952,20
11-Aug-2025,Cash,20250811_101803,57321,Get Tired Playing ,40801,,Fatima,POS3,299.048,14.952,314
11-Aug-2025,Cash,20250811_101803,57321,Get Tired Playing Combo to Kar,40801,,Fatima,POS3,542.362,27.118,569.48
11-Aug-2025,Cash,20250811_101803,57322,Karting Combo to Get Tired Pla,40801,,Fatima,POS3,217.638,10.882,228.52
11-Aug-2025,Cash,20250811_101805,57052,Card Deposit,40801,,Shaikha,POS6,4.762,0.238,5
11-Aug-2025,Cash,20250811_101805,57322,Multiplex Karting - ADULTS,40801,,Shaikha,POS6,240,12,252
11-Aug-2025,Cash,20250811_101807,51305,Socks,40801,,Shaikha,POS6,9.524,0.476,10
11-Aug-2025,Cash,20250811_101820,57052,Card Deposit,40801,,Sirjana,POS5,4.762,0.238,5
11-Aug-2025,Cash,20250811_101820,57322,Multiplex Karting - JUNIOR,40801,,Sirjana,POS5,160,8,168
11-Aug-2025,Cash,20250811_101851,57052,Card Deposit,40801,,Sirjana,POS5,4.762,0.238,5
11-Aug-2025,Cash,20250811_101851,57322,Multiplex Karting - ADULTS,40801,,Sirjana,POS5,240,12,252
11-Aug-2025,Cash,20250811_101855,57321,Discovery Pass,40801,,Sirjana,POS5,431.429,21.571,453
11-Aug-2025,Credit Card,20250811_101800,57052,Card Deposit,40801,,Shaikha,POS6,4.762,0.238,5
11-Aug-2025,Credit Card,20250811_101800,57322,Multiplex Karting - ADULTS,40801,,Shaikha,POS6,240,12,252
11-Aug-2025,Credit Card,20250811_101800,57322,Multiplex Karting - JUNIOR,40801,,Shaikha,POS6,80,4,84
11-Aug-2025,Credit Card,20250811_101801,57162,50 AED Top Up - Redemption,40801,,Fatima,POS3,47.619,2.381,50
11-Aug-2025,Credit Card,20250811_101802,51305,Shoe Rent,40801,,Shaikha,POS6,14.286,0.714,15
11-Aug-2025,Credit Card,20250811_101808,57052,Card Deposit,40801,,Shaikha,POS6,4.762,0.238,5
11-Aug-2025,Credit Card,20250811_101808,57322,Multiplex Karting - ADULTS,40801,,Shaikha,POS6,240,12,252
11-Aug-2025,Credit Card,20250811_101809,57325,Birthday Package C (Epic Adven,40801,,Sirjana,POS5,2500,125,2625
11-Aug-2025,Credit Card,20250811_101811,57322,Multiplex Karting - ADULTS,40801,,Sirjana,POS5,240,12,252
11-Aug-2025,Credit Card,20250811_101812,57052,Card Deposit,40801,,Fatima,POS3,4.762,0.238,5
11-Aug-2025,Credit Card,20250811_101812,57322,Multiplex Karting - ADULTS,40801,,Fatima,POS3,240,12,252
11-Aug-2025,Credit Card,20250811_101813,51305,Shoe Rent,40801,,Abdelmoula,POS3,14.286,0.714,15
11-Aug-2025,Credit Card,20250811_101813,51305,Socks,40801,,Abdelmoula,POS3,9.524,0.476,10
11-Aug-2025,Credit Card,20250811_101813,57052,Card Deposit,40801,,Abdelmoula,POS3,4.762,0.238,5
11-Aug-2025,Credit Card,20250811_101813,57322,Multiplex Karting - ADULTS,40801,,Abdelmoula,POS3,960,48,1008
11-Aug-2025,Credit Card,20250811_101813,57322,Multiplex Karting - JUNIOR,40801,,Abdelmoula,POS3,160,8,168
11-Aug-2025,Credit Card,20250811_101814,57321,Discovery Pass Combo to Kartin,40801,,Sirjana,POS5,120.905,6.045,126.95
11-Aug-2025,Credit Card,20250811_101814,57322,Karting Combo to Discovery Pas,40801,,Sirjana,POS5,102.905,5.145,108.05
11-Aug-2025,Credit Card,20250811_101815,57052,Card Deposit,40801,,Abdelmoula,POS3,4.762,0.238,5
11-Aug-2025,Credit Card,20250811_101815,57321,Adventure Pass,40801,,Abdelmoula,POS3,377.143,18.857,396
11-Aug-2025,Credit Card,20250811_101815,57322,Multiplex Karting - ADULTS,40801,,Abdelmoula,POS3,240,12,252
11-Aug-2025,Credit Card,20250811_101816,57321,Adventure Pass,40801,,Abdelmoula,POS3,942.857,47.143,990
11-Aug-2025,Credit Card,20250811_101816,57321,Toddler Pass,40801,,Abdelmoula,POS3,99.048,4.952,104
11-Aug-2025,Credit Card,20250811_101817,57321,Adventure Pass,40801,,Sirjana,POS5,377.143,18.857,396
11-Aug-2025,Credit Card,20250811_101819,51305,Socks,40801,,Sirjana,POS5,19.048,0.952,20
11-Aug-2025,Credit Card,20250811_101821,51305,Socks,40801,,Sirjana,POS5,19.048,0.952,20
11-Aug-2025,Credit Card,20250811_101821,57321,Toddler Pass,40801,,Sirjana,POS5,99.048,4.952,104
11-Aug-2025,Credit Card,20250811_101822,57321,Get Tired Playing ,40801,,Sirjana,POS5,598.095,29.905,628
11-Aug-2025,Credit Card,20250811_101824,57322,Multiplex Karting - ADULTS,40801,,Abdelmoula,POS3,120,6,126
11-Aug-2025,Credit Card,20250811_101824,57322,Multiplex Karting - JUNIOR,40801,,Abdelmoula,POS3,80,4,84
11-Aug-2025,Credit Card,20250811_101825,57321,Get Tired Playing ,40801,,Sirjana,POS5,598.095,29.905,628
11-Aug-2025,Credit Card,20250811_101827,57321,Discovery Pass,40801,,Abdelmoula,POS3,143.81,7.19,151
11-Aug-2025,Credit Card,20250811_101827,57321,Get Tired Playing Combo to Kar,40801,,Abdelmoula,POS3,1084.72,54.236,1138.96
11-Aug-2025,Credit Card,20250811_101827,57322,Karting Combo to Get Tired Pla,40801,,Abdelmoula,POS3,435.276,21.764,457.04
11-Aug-2025,Credit Card,20250811_101828,51605,Add Ons - Face Art - Small Siz,40801,,Manisha,POS7,40,2,42
11-Aug-2025,Credit Card,20250811_101829,57321,Thriller Pass,40801,,Shaikha,POS6,228.571,11.429,240
11-Aug-2025,Credit Card,20250811_101830,57162,50 AED Top Up - Redemption,40801,,Abdelmoula,POS3,47.619,2.381,50
11-Aug-2025,Credit Card,20250811_101831,57321,POD - Discovery Pass - 70.50 A,40801,,Shaikha,POS6,67.143,3.357,70.5
11-Aug-2025,Credit Card,20250811_101832,57321,Discovery Pass,40801,,Abdelmoula,POS3,143.81,7.19,151
11-Aug-2025,Credit Card,20250811_101834,57052,Card Deposit,40801,,Abdelmoula,POS3,4.762,0.238,5
11-Aug-2025,Credit Card,20250811_101834,57322,Multiplex Karting - ADULTS,40801,,Abdelmoula,POS3,360,18,378
11-Aug-2025,Credit Card,20250811_101836,57321,Adventure Pass,40801, ,Mohammed,POS4,188.571,9.429,198
11-Aug-2025,Credit Card,20250811_101839,51305,Socks,40801, ,Mohammed,POS4,9.524,0.476,10
11-Aug-2025,Credit Card,20250811_101839,57323,Toddler Playland Unlimited,40801, ,Mohammed,POS4,94.286,4.714,99
11-Aug-2025,Credit Card,20250811_101840,51305,Shoe Rent,40801, ,Mohammed,POS5,57.143,2.857,60
11-Aug-2025,Credit Card,20250811_101840,51305,Socks,40801, ,Mohammed,POS5,38.095,1.905,40
11-Aug-2025,Credit Card,20250811_101840,57321,Fazaa - Get Tired Playing,40801, ,Mohammed,POS5,0,0,0
11-Aug-2025,Credit Card,20250811_101841,57162,100 Credit Top Up - Redemption,40801,,Sirjana,POS5,190.476,9.524,200
11-Aug-2025,Credit Card,20250811_101842,57052,Card Deposit,40801,,Abdelmoula,POS3,4.762,0.238,5
11-Aug-2025,Credit Card,20250811_101842,57321,Discovery Pass Combo to Kartin,40801,,Abdelmoula,POS3,120.905,6.045,126.95
11-Aug-2025,Credit Card,20250811_101842,57322,Karting Combo to Discovery Pas,40801,,Abdelmoula,POS3,102.905,5.145,108.05
11-Aug-2025,Credit Card,20250811_101842,57322,Multiplex Karting - ADULTS,40801,,Abdelmoula,POS3,120,6,126
11-Aug-2025,Credit Card,20250811_101843,57323,Rope Course,40801,,Abdelmoula,POS3,59.048,2.952,62
11-Aug-2025,Credit Card,20250811_101843,57323,Through the Roof,40801,,Abdelmoula,POS3,59.048,2.952,62
11-Aug-2025,Credit Card,20250811_101844,57052,Card Deposit,40801, ,Mohammed,POS4,4.762,0.238,5
11-Aug-2025,Credit Card,20250811_101844,57322,Multiplex Karting - ADULTS,40801, ,Mohammed,POS4,120,6,126
11-Aug-2025,Credit Card,20250811_101844,57322,Multiplex Karting - Dual Drive,40801, ,Mohammed,POS4,149.524,7.476,157
11-Aug-2025,Credit Card,20250811_101844,57322,Multiplex Karting - JUNIOR,40801, ,Mohammed,POS4,80,4,84
11-Aug-2025,Credit Card,20250811_101845,51305,Socks,40801,,Abdelmoula,POS3,19.048,0.952,20
11-Aug-2025,Credit Card,20250811_101846,51605,Add Ons - Fluid Art - Meduim F,40801,,Manisha,POS7,124.762,6.238,131
11-Aug-2025,Credit Card,20250811_101846,51605,Add Ons - Rabbit 33 CMS,40801,,Manisha,POS7,124.762,6.238,131
11-Aug-2025,Credit Card,20250811_101846,51605,Add Ons - Spider Man 20 cms,40801,,Manisha,POS7,83.81,4.19,88
11-Aug-2025,Credit Card,20250811_101846,51605,Astronaut - 28 cm,40801,,Manisha,POS7,178,8.9,186.9
11-Aug-2025,Credit Card,20250811_101846,51605,Tray Bear - 21cm,40801,,Manisha,POS7,152,7.6,159.6
11-Aug-2025,Credit Card,20250811_101847,51305,Shoe Rent,40801,,Sirjana,POS5,14.286,0.714,15
11-Aug-2025,Credit Card,20250811_101847,51305,Socks,40801,,Sirjana,POS5,9.524,0.476,10
11-Aug-2025,Credit Card,20250811_101847,57052,Card Deposit,40801,,Sirjana,POS5,4.762,0.238,5
11-Aug-2025,Credit Card,20250811_101847,57322,Multiplex Karting - ADULTS,40801,,Sirjana,POS5,240,12,252
11-Aug-2025,Credit Card,20250811_101847,57322,Multiplex Karting - JUNIOR,40801,,Sirjana,POS5,80,4,84
11-Aug-2025,Credit Card,20250811_101848,57323,Carousel,40801,,Abdelmoula,POS3,20,1,21
11-Aug-2025,Credit Card,20250811_101848,57323,Toddler Playland Unlimited,40801,,Abdelmoula,POS3,94.286,4.714,99
11-Aug-2025,Credit Card,20250811_101849,57321,Discovery Pass,40801,,Abdelmoula,POS3,287.619,14.381,302
11-Aug-2025,Credit Card,20250811_101850,57052,Card Deposit,40801,,Abdelmoula,POS3,4.762,0.238,5
11-Aug-2025,Credit Card,20250811_101850,57322,Multiplex Karting - ADULTS,40801,,Abdelmoula,POS3,600,30,630
11-Aug-2025,Credit Card,20250811_101852,57052,Card Deposit,40801,,Abdelmoula,POS3,4.762,0.238,5
11-Aug-2025,Credit Card,20250811_101852,57322,Multiplex Karting - ADULTS - D,40801,,Abdelmoula,POS3,400,20,420
11-Aug-2025,Credit Card,20250811_101853,57162,100 Credit Top Up - Redemption,40801,,Sirjana,POS5,95.238,4.762,100
11-Aug-2025,Credit Card,20250811_101854,57052,Card Deposit,40801,,Sirjana,POS5,4.762,0.238,5
11-Aug-2025,Credit Card,20250811_101854,57322,Multiplex Karting - JUNIOR,40801,,Sirjana,POS5,80,4,84
11-Aug-2025,Credit Card,20250811_101856,57052,Card Deposit,40801,,Abdelmoula,POS3,4.762,0.238,5
11-Aug-2025,Credit Card,20250811_101856,57321,Discovery Pass Combo to Kartin,40801,,Abdelmoula,POS3,120.905,6.045,126.95
11-Aug-2025,Credit Card,20250811_101856,57322,Karting Combo to Discovery Pas,40801,,Abdelmoula,POS3,102.905,5.145,108.05
11-Aug-2025,Credit Card,20250811_101856,57322,Multiplex Karting - ADULTS,40801,,Abdelmoula,POS3,120,6,126
11-Aug-2025,Credit Card,20250811_101857,57162,100 Credit Top Up - Redemption,40801,,Sirjana,POS5,95.238,4.762,100
11-Aug-2025,Credit Card,20250811_101857,57162,50 AED Top Up - Redemption,40801,,Sirjana,POS5,47.619,2.381,50
11-Aug-2025,Credit Card,20250811_101858,51305,Shoe Rent,40801,,Abdelmoula,POS3,14.286,0.714,15
11-Aug-2025,Credit Card,20250811_101858,51305,Socks,40801,,Abdelmoula,POS3,9.524,0.476,10
11-Aug-2025,Credit Card,20250811_101859,57323,Carousel,40801,,Abdelmoula,POS3,40,2,42
11-Aug-2025,Credit Card,20250811_101859,57323,Toddler Playland Unlimited,40801,,Abdelmoula,POS3,94.286,4.714,99
11-Aug-2025,Credit Card,20250811_101860,57162,50 AED Top Up - Redemption,40801,,Sirjana,POS5,142.857,7.143,150
11-Aug-2025,Credit Card,20250811_101861,57323,Through the Roof,40801,,Sirjana,POS5,59.048,2.952,62
11-Aug-2025,Credit Card,20250811_101862,57052,Card Deposit,40801,,Sirjana,POS5,4.762,0.238,5
11-Aug-2025,Credit Card,20250811_101862,57322,Multiplex Karting - ADULTS,40801,,Sirjana,POS5,360,18,378
11-Aug-2025,Credit Card,20250811_101862,57322,Multiplex Karting - JUNIOR,40801,,Sirjana,POS5,160,8,168
11-Aug-2025,Credit Card,20250811_101863,57324,Climbing Wall Session - 15minu,40801,,Sirjana,POS5,34.286,1.714,36
11-Aug-2025,Credit Card,20250811_101864,57323,Stunt Bags,40801,,Sirjana,POS5,14.286,0.714,15
11-Aug-2025,Credit Card,20250811_101865,57052,Card Deposit,40801,,Sirjana,POS5,4.762,0.238,5
11-Aug-2025,Credit Card,20250811_101865,57322,Multiplex Karting - ADULTS,40801,,Sirjana,POS5,120,6,126
11-Aug-2025,Credit Card,20250811_101866,57052,Card Deposit,40801,,Sirjana,POS5,4.762,0.238,5
11-Aug-2025,Credit Card,20250811_101866,57322,Multiplex Karting - ADULTS,40801,,Sirjana,POS5,720,36,756
11-Aug-2025,Credit Card,20250811_101867,51305,Shoe Rent,40801,,Sirjana,POS5,14.286,0.714,15
11-Aug-2025,Credit Card,20250811_101867,51305,Socks,40801,,Sirjana,POS5,9.524,0.476,10
11-Aug-2025,Credit Card,20250811_101868,57162,50 AED Top Up - Redemption,40801,,Sirjana,POS5,142.857,7.143,150
11-Aug-2025,Payment Link,20250811_101810,57321,Adventure Pass - 50% Staff Dis,40801,,Fatima,POS3,268.571,13.429,282
12-Aug-2025,,20250812_101869,57321,Fazaa - Get Tired Playing,40801,,Shaikha,POS6,0,0,0
12-Aug-2025,,20250812_101871,57321,Fazaa - Get Tired Playing,40801,,Shaikha,POS6,0,0,0
12-Aug-2025,,20250812_101876,57321,Fazaa - Get Tired Playing,40801,,Glory Mae,POS3,0,0,0
12-Aug-2025,,20250812_101877,57321,Fazaa - Get Tired Playing,40801,,Glory Mae,POS3,0,0,0
12-Aug-2025,,20250812_101878,57321,Fazaa - Get Tired Playing,40801,,Shaikha,POS6,0,0,0
12-Aug-2025,,20250812_101880,57321,Fazaa - Get Tired Playing,40801,,Glory Mae,POS3,0,0,0
12-Aug-2025,,20250812_101882,57321,Fazaa - Get Tired Playing,40801,,Glory Mae,POS3,0,0,0
12-Aug-2025,,20250812_101883,57321,Fazaa - Get Tired Playing,40801,,Glory Mae,POS3,0,0,0
12-Aug-2025,,20250812_101884,57321,Fazaa - Get Tired Playing,40801,,Shaikha,POS6,0,0,0
12-Aug-2025,,20250812_101889,57321,Fazaa - Get Tired Playing,40801,,Glory Mae,POS3,0,0,0
12-Aug-2025,,20250812_101890,57321,Fazaa - Get Tired Playing,40801,,Glory Mae,POS3,0,0,0
12-Aug-2025,,20250812_101892,57321,Fazaa - Get Tired Playing,40801,,Shaikha,POS6,0,0,0
12-Aug-2025,,20250812_101909,57321,Fazaa - Get Tired Playing,40801,,Rochelle,POS5,0,0,0
12-Aug-2025,,20250812_101924,57321,Fazaa - Get Tired Playing,40801,,Shaikha,POS6,0,0,0
12-Aug-2025,,20250812_101928,57321,Fazaa - Get Tired Playing,40801,,Shaikha,POS6,0,0,0
12-Aug-2025,,20250812_101930,57321,Fazaa - Get Tired Playing,40801,,Shaikha,POS6,0,0,0
12-Aug-2025,,20250812_101940,57321,Fazaa - Get Tired Playing,40801,,Sirjana,POS4,0,0,0
12-Aug-2025,,20250812_101941,57321,Fazaa - Get Tired Playing,40801,,Sirjana,POS4,0,0,0
12-Aug-2025,,20250812_101942,57321,Fazaa - Get Tired Playing,40801,,Sirjana,POS4,0,0,0
12-Aug-2025,,20250812_101944,57321,Fazaa - Get Tired Playing,40801,,Sirjana,POS4,0,0,0
12-Aug-2025,,20250812_101945,57321,Fazaa - Get Tired Playing,40801,,Sirjana,POS4,0,0,0
12-Aug-2025,,20250812_101949,57321,Fazaa - Get Tired Playing,40801,,Sirjana,POS4,0,0,0
12-Aug-2025,,20250812_101950,57321,Fazaa - Get Tired Playing,40801,,Sirjana,POS4,0,0,0
12-Aug-2025,,20250812_101952,57321,Fazaa - Get Tired Playing,40801,,Sirjana,POS4,0,0,0
12-Aug-2025,,20250812_101954,57321,Fazaa - Get Tired Playing,40801,,Sirjana,POS4,0,0,0
12-Aug-2025,,20250812_101958,57321,Fazaa - Get Tired Playing,40801,,Sirjana,POS4,0,0,0
12-Aug-2025,,20250812_101960,57321,Fazaa - Get Tired Playing,40801,,Sirjana,POS4,0,0,0
12-Aug-2025,,20250812_101964,57321,Fazaa - Get Tired Playing,40801,,Sirjana,POS4,0,0,0
12-Aug-2025,Cash,20250812_101905,51305,Socks,40801,,Sirjana,POS4,9.524,0.476,10
12-Aug-2025,Cash,20250812_101920,57162,Slime Experience - 41AED,40801,,Manisha,POS7,39.048,1.952,41
12-Aug-2025,Cash,20250812_101962,51305,Shoe Rent,40801,,Sirjana,POS4,14.286,0.714,15
12-Aug-2025,Cash,20250812_101962,57321,Fazaa - Get Tired Playing,40801,,Sirjana,POS4,0,0,0
12-Aug-2025,Cash,20250812_101969,57052,Card Deposit,40801,,Sirjana,POS4,4.762,0.238,5
12-Aug-2025,Cash,20250812_101969,57322,Multiplex Karting - ADULTS,40801,,Sirjana,POS4,120,6,126
12-Aug-2025,Cash,20250812_101987,57323,Spot Sale,40801,,Glory Mae,Tablet 3,142.857,7.143,150
12-Aug-2025,Cash;Credit Card,20250812_101891,51305,Socks,40801,,Glory Mae,POS3,19.048,0.952,20
12-Aug-2025,Cash;Credit Card,20250812_101891,57321,Get Tired Playing ,40801,,Glory Mae,POS3,598.095,29.905,628
12-Aug-2025,Cash;Credit Card,20250812_101966,57321,Get Tired Playing ,40801,,Sirjana,POS4,1196.19,59.81,1256
12-Aug-2025,Credit Card Adjustment,20250812_101885,35204,Daily Summer Camp - 10% Off Fo,40801,,Shaikha,POS6,214.286,10.714,225
12-Aug-2025,Credit Card Adjustment,20250812_101885,35204,Daily Summer Camp 250AED,40801,,Shaikha,POS6,238.095,11.905,250
12-Aug-2025,Credit Card,20250812_101870,57321,Adventure Pass,40801,,Glory Mae,POS3,377.143,18.857,396
12-Aug-2025,Credit Card,20250812_101872,51305,Socks,40801,,Shaikha,POS6,28.571,1.429,30
12-Aug-2025,Credit Card,20250812_101873,51305,Socks,40801,,Shaikha,POS6,9.524,0.476,10
12-Aug-2025,Credit Card,20250812_101873,57321,Fazaa - Get Tired Playing,40801,,Shaikha,POS6,0,0,0
12-Aug-2025,Credit Card,20250812_101874,57321,Thriller Pass,40801,,Shaikha,POS6,457.143,22.857,480
12-Aug-2025,Credit Card,20250812_101875,57052,Card Deposit,40801,,Glory Mae,POS3,4.762,0.238,5
12-Aug-2025,Credit Card,20250812_101875,57162,50 AED Top Up - Redemption,40801,,Glory Mae,POS3,47.619,2.381,50
12-Aug-2025,Credit Card,20250812_101879,57323,Lockers ,40801,,Shaikha,POS6,9.524,0.476,10
12-Aug-2025,Credit Card,20250812_101893,51305,Shoe Rent,40801,,Glory Mae,POS3,14.286,0.714,15
12-Aug-2025,Credit Card,20250812_101894,57323,Toddler Playland Unlimited,40801,,Shaikha,POS6,188.571,9.429,198
12-Aug-2025,Credit Card,20250812_101895,57052,Card Deposit,40801,,Glory Mae,POS3,4.762,0.238,5
12-Aug-2025,Credit Card,20250812_101895,57322,Multiplex Karting - ADULTS,40801,,Glory Mae,POS3,120,6,126
12-Aug-2025,Credit Card,20250812_101896,57321,Adventure Pass - 50% Staff Dis,40801,,Sirjana,POS4,358.095,17.905,376
12-Aug-2025,Credit Card,20250812_101896,57321,Toddler Pass - 50% Staff Disco,40801,,Sirjana,POS4,49.5,2.475,51.975
12-Aug-2025,Credit Card,20250812_101897,57321,POD - Discovery Pass - 70.50 A,40801,,Glory Mae,POS3,67.143,3.357,70.5
12-Aug-2025,Credit Card,20250812_101898,57322,Multiplex Karting - ADULTS,40801,,Glory Mae,POS3,120,6,126
12-Aug-2025,Credit Card,20250812_101899,51305,Shoe Rent,40801,,Glory Mae,POS3,14.286,0.714,15
12-Aug-2025,Credit Card,20250812_101900,57321,Adventure Pass,40801,,Sirjana,POS4,377.143,18.857,396
12-Aug-2025,Credit Card,20250812_101901,57321,Adventure Pass,40801,,Sirjana,POS4,565.714,28.286,594
12-Aug-2025,Credit Card,20250812_101902,57321,Adventure Pass,40801,,Sirjana,POS4,377.143,18.857,396
12-Aug-2025,Credit Card,20250812_101903,57321,Get Tired Playing Combo to Kar,40801,,Glory Mae,POS3,1084.72,54.236,1138.96
12-Aug-2025,Credit Card,20250812_101903,57322,Karting Combo to Get Tired Pla,40801,,Glory Mae,POS3,435.276,21.764,457.04
12-Aug-2025,Credit Card,20250812_101904,57052,Card Deposit,40801,,Sirjana,POS4,4.762,0.238,5
12-Aug-2025,Credit Card,20250812_101904,57322,Multiplex Karting - ADULTS,40801,,Sirjana,POS4,240,12,252
12-Aug-2025,Credit Card,20250812_101906,57322,Multiplex Karting - Dual Drive,40801,,Sirjana,POS4,149.524,7.476,157
12-Aug-2025,Credit Card,20250812_101907,57321,Get Tired Playing ,40801,,Glory Mae,POS3,299.048,14.952,314
12-Aug-2025,Credit Card,20250812_101907,57323,Toddler Playland Unlimited,40801,,Glory Mae,POS3,94.286,4.714,99
12-Aug-2025,Credit Card,20250812_101908,57321,Discovery Pass Combo to Kartin,40801,,Sirjana,POS4,241.81,12.09,253.9
12-Aug-2025,Credit Card,20250812_101908,57322,Karting Combo to Discovery Pas,40801,,Sirjana,POS4,205.81,10.29,216.1
12-Aug-2025,Credit Card,20250812_101910,51605,Add Ons - Cennamoroll 17 cms,40801,,Manisha,POS7,80,4,84
12-Aug-2025,Credit Card,20250812_101911,51305,Shoe and Locker Rent,40801,,Rochelle,POS5,19.048,0.952,20
12-Aug-2025,Credit Card,20250812_101911,51305,Shoe Rent,40801,,Rochelle,POS5,71.429,3.571,75
12-Aug-2025,Credit Card,20250812_101911,51305,Socks,40801,,Rochelle,POS5,47.619,2.381,50
12-Aug-2025,Credit Card,20250812_101912,57052,Card Deposit,40801,,Shaikha,POS6,4.762,0.238,5
12-Aug-2025,Credit Card,20250812_101912,57162,50 AED Top Up - Redemption,40801,,Shaikha,POS6,47.619,2.381,50
12-Aug-2025,Credit Card,20250812_101913,57162,100 Credit Top Up - Redemption,40801,,Shaikha,POS6,95.238,4.762,100
12-Aug-2025,Credit Card,20250812_101914,57162,Slime Experience - 41AED,40801,,Manisha,POS7,78.095,3.905,82
12-Aug-2025,Credit Card,20250812_101915,57321,Discovery Pass,40801,,Sirjana,POS4,431.429,21.571,453
12-Aug-2025,Credit Card,20250812_101916,57052,Card Deposit,40801,,Sirjana,POS4,4.762,0.238,5
12-Aug-2025,Credit Card,20250812_101916,57322,Multiplex Karting - ADULTS - D,40801,,Sirjana,POS4,400,20,420
12-Aug-2025,Credit Card,20250812_101917,57162,Slime Experience - 41AED,40801,,Manisha,POS7,39.048,1.952,41
12-Aug-2025,Credit Card,20250812_101918,57052,Card Deposit,40801,,Glory Mae,POS3,4.762,0.238,5
12-Aug-2025,Credit Card,20250812_101918,57162,50 AED Top Up - Redemption,40801,,Glory Mae,POS3,47.619,2.381,50
12-Aug-2025,Credit Card,20250812_101919,57162,Slime Experience - 41AED,40801,,Manisha,POS7,78.095,3.905,82
12-Aug-2025,Credit Card,20250812_101921,51305,Socks,40801,,Glory Mae,POS3,9.524,0.476,10
12-Aug-2025,Credit Card,20250812_101921,57321,Fazaa - Get Tired Playing,40801,,Glory Mae,POS3,0,0,0
12-Aug-2025,Credit Card,20250812_101922,51305,Jump Suit,40801,,Glory Mae,POS3,19.048,0.952,20
12-Aug-2025,Credit Card,20250812_101923,57162,Slime Experience - 41AED,40801,,Manisha,POS7,39.048,1.952,41
12-Aug-2025,Credit Card,20250812_101925,51305,Socks,40801,,Shaikha,POS6,9.524,0.476,10
12-Aug-2025,Credit Card,20250812_101926,57162,50 AED Top Up - Redemption,40801,,Shaikha,POS6,47.619,2.381,50
12-Aug-2025,Credit Card,20250812_101927,57322,Multiplex Karting - Dual Drive,40801,,Glory Mae,POS3,149.524,7.476,157
12-Aug-2025,Credit Card,20250812_101929,57162,Slime Experience - 41AED,40801,,Manisha,POS7,39.048,1.952,41
12-Aug-2025,Credit Card,20250812_101931,57323,Toddler Playland Unlimited,40801,,Glory Mae,POS3,94.286,4.714,99
12-Aug-2025,Credit Card,20250812_101932,57162,100 Credit Top Up - Redemption,40801,,Shaikha,POS6,95.238,4.762,100
12-Aug-2025,Credit Card,20250812_101933,57162,Slime Experience - 41AED,40801,,Manisha,POS7,39.048,1.952,41
12-Aug-2025,Credit Card,20250812_101934,57321,Discovery Pass,40801,,Shaikha,POS6,143.81,7.19,151
12-Aug-2025,Credit Card,20250812_101934,57321,POD - Discovery Pass - 70.50 A,40801,,Shaikha,POS6,67.143,3.357,70.5
12-Aug-2025,Credit Card,20250812_101935,57321,Thriller Pass,40801,,Glory Mae,POS3,457.143,22.857,480
12-Aug-2025,Credit Card,20250812_101936,57322,Multiplex Karting - Dual Drive,40801,,Glory Mae,POS3,149.524,7.476,157
12-Aug-2025,Credit Card,20250812_101937,57162,Slime Experience - 41AED,40801,,Manisha,POS7,78.095,3.905,82
12-Aug-2025,Credit Card,20250812_101938,57323,Toddler Playland Unlimited,40801,,Glory Mae,POS3,188.571,9.429,198
12-Aug-2025,Credit Card,20250812_101939,51605,Face Art - Small Size,40801,,Manisha,POS7,20,1,21
12-Aug-2025,Credit Card,20250812_101943,57321,Adventure Pass,40801,,Shaikha,POS6,377.143,18.857,396
12-Aug-2025,Credit Card,20250812_101946,57321,Get Tired Playing ,40801,,Shaikha,POS6,299.048,14.952,314
12-Aug-2025,Credit Card,20250812_101946,57321,Thriller Pass,40801,,Shaikha,POS6,914.286,45.714,960
12-Aug-2025,Credit Card,20250812_101947,57052,Card Deposit,40801,,Sirjana,POS4,4.762,0.238,5
12-Aug-2025,Credit Card,20250812_101947,57322,Multiplex Karting - ADULTS,40801,,Sirjana,POS4,120,6,126
12-Aug-2025,Credit Card,20250812_101948,57052,Card Deposit,40801,,Sirjana,POS4,4.762,0.238,5
12-Aug-2025,Credit Card,20250812_101948,57162,100 Credit Top Up - Redemption,40801,,Sirjana,POS4,95.238,4.762,100
12-Aug-2025,Credit Card,20250812_101951,57162,Slime Experience - 41AED,40801,,Manisha,POS7,39.048,1.952,41
12-Aug-2025,Credit Card,20250812_101953,57322,Multiplex Karting - Dual Drive,40801,,Sirjana,POS4,149.524,7.476,157
12-Aug-2025,Credit Card,20250812_101955,51305,Shoe Rent,40801,,Sirjana,POS4,14.286,0.714,15
12-Aug-2025,Credit Card,20250812_101955,51305,Socks,40801,,Sirjana,POS4,9.524,0.476,10
12-Aug-2025,Credit Card,20250812_101956,51305,Shoe Rent,40801,,Sirjana,POS4,28.571,1.429,30
12-Aug-2025,Credit Card,20250812_101956,51305,Socks,40801,,Sirjana,POS4,9.524,0.476,10
12-Aug-2025,Credit Card,20250812_101956,57052,Card Deposit,40801,,Sirjana,POS4,4.762,0.238,5
12-Aug-2025,Credit Card,20250812_101956,57322,Multiplex Karting - ADULTS,40801,,Sirjana,POS4,480,24,504
12-Aug-2025,Credit Card,20250812_101957,57323,Toddler Playland Unlimited,40801,,Sirjana,POS4,94.286,4.714,99
12-Aug-2025,Credit Card,20250812_101959,51305,Shoe Rent,40801,,Sirjana,POS4,57.143,2.857,60
12-Aug-2025,Credit Card,20250812_101959,51305,Socks,40801,,Sirjana,POS4,28.571,1.429,30
12-Aug-2025,Credit Card,20250812_101959,57052,Card Deposit,40801,,Sirjana,POS4,4.762,0.238,5
12-Aug-2025,Credit Card,20250812_101959,57322,Multiplex Karting - ADULTS,40801,,Sirjana,POS4,360,18,378
12-Aug-2025,Credit Card,20250812_101961,57321,Discovery Pass,40801,,Sirjana,POS4,575.238,28.762,604
12-Aug-2025,Credit Card,20250812_101963,57321,Discovery Pass,40801,,Glory Mae,POS3,287.619,14.381,302
12-Aug-2025,Credit Card,20250812_101965,57321,Discovery Pass,40801,,Sirjana,POS4,287.619,14.381,302
12-Aug-2025,Credit Card,20250812_101967,57322,Multiplex Karting - ADULTS,40801,,Sirjana,POS4,120,6,126
12-Aug-2025,Credit Card,20250812_101968,57052,Card Deposit,40801,,Sirjana,POS4,4.762,0.238,5
12-Aug-2025,Credit Card,20250812_101968,57322,Multiplex Karting - ADULTS,40801,,Sirjana,POS4,120,6,126
12-Aug-2025,Credit Card,20250812_101970,51305,Socks,40801,,Glory Mae,POS3,9.524,0.476,10
12-Aug-2025,Credit Card,20250812_101971,57323,Through the Roof,40801,,Sirjana,POS4,147.619,7.381,155
12-Aug-2025,Credit Card,20250812_101972,57321,Discovery Pass Combo to Kartin,40801,,Sirjana,POS4,362.714,18.136,380.85
12-Aug-2025,Credit Card,20250812_101972,57321,Discovery Pass,40801,,Sirjana,POS4,575.238,28.762,604
12-Aug-2025,Credit Card,20250812_101972,57322,Karting Combo to Discovery Pas,40801,,Sirjana,POS4,308.714,15.436,324.15
12-Aug-2025,Credit Card,20250812_101973,57322,Add-On: Birthday Karting – Adu,40801,,Sirjana,POS4,480,24,504
12-Aug-2025,Credit Card,20250812_101974,57321,Adventure Pass,40801,,Glory Mae,POS3,942.857,47.143,990
12-Aug-2025,Credit Card,20250812_101975,57052,Card Deposit,40801,,Sirjana,POS4,4.762,0.238,5
12-Aug-2025,Credit Card,20250812_101975,57322,Multiplex Karting - ADULTS,40801,,Sirjana,POS4,240,12,252
12-Aug-2025,Credit Card,20250812_101976,57321,Discovery Pass,40801,,Glory Mae,POS3,575.238,28.762,604
12-Aug-2025,Credit Card,20250812_101976,57321,Toddler Pass,40801,,Glory Mae,POS3,99.048,4.952,104
12-Aug-2025,Credit Card,20250812_101977,51605,Add Ons - Cennamoroll 17 cms,40801,,Manisha,POS7,80,4,84
12-Aug-2025,Credit Card,20250812_101977,51605,Add Ons - Spider Man 20 cms,40801,,Manisha,POS7,83.81,4.19,88
12-Aug-2025,Credit Card,20250812_101978,57321,Discovery Pass,40801,,Sirjana,POS4,143.81,7.19,151
12-Aug-2025,Credit Card,20250812_101978,57323,Speed Glider,40801,,Sirjana,POS4,36.19,1.81,38
12-Aug-2025,Credit Card,20250812_101978,57323,Through the Roof,40801,,Sirjana,POS4,29.524,1.476,31
12-Aug-2025,Credit Card,20250812_101979,57052,Card Deposit,40801,,Sirjana,POS4,4.762,0.238,5
12-Aug-2025,Credit Card,20250812_101979,57322,Multiplex Karting - ADULTS,40801,,Sirjana,POS4,120,6,126
12-Aug-2025,Credit Card,20250812_101979,57322,Multiplex Karting - JUNIOR,40801,,Sirjana,POS4,80,4,84
12-Aug-2025,Credit Card,20250812_101980,57052,Card Deposit,40801,,Sirjana,POS4,4.762,0.238,5
12-Aug-2025,Credit Card,20250812_101980,57322,Multiplex Karting - ADULTS,40801,,Sirjana,POS4,120,6,126
12-Aug-2025,Credit Card,20250812_101981,51305,Shoe Rent,40801,,Sirjana,POS4,14.286,0.714,15
12-Aug-2025,Credit Card,20250812_101981,51305,Socks,40801,,Sirjana,POS4,9.524,0.476,10
12-Aug-2025,Credit Card,20250812_101981,57052,Card Deposit,40801,,Sirjana,POS4,4.762,0.238,5
12-Aug-2025,Credit Card,20250812_101981,57322,Multiplex Karting - ADULTS - D,40801,,Sirjana,POS4,400,20,420
12-Aug-2025,Credit Card,20250812_101982,57052,Card Deposit,40801,,Sirjana,POS4,4.762,0.238,5
12-Aug-2025,Credit Card,20250812_101982,57322,Multiplex Karting - ADULTS - D,40801,,Sirjana,POS4,1000,50,1050
12-Aug-2025,Credit Card,20250812_101982,57322,Multiplex Karting - JUNIOR - D,40801,,Sirjana,POS4,266.667,13.333,280
12-Aug-2025,Credit Card,20250812_101983,57321,Discovery Pass,40801,,Sirjana,POS4,431.429,21.571,453
12-Aug-2025,Credit Card,20250812_101984,57323,Inflatable 1 Hour - 99AED,40801,,Sirjana,POS4,188.571,9.429,198
12-Aug-2025,Credit Card,20250812_101985,57323,Inflatable 1 Hour - 99AED,40801,,Sirjana,POS4,94.286,4.714,99
12-Aug-2025,Credit Card,20250812_101986,57052,Card Deposit,40801,,Sirjana,POS4,4.762,0.238,5
12-Aug-2025,Credit Card,20250812_101986,57162,50 AED Top Up - Redemption,40801,,Sirjana,POS4,47.619,2.381,50
12-Aug-2025,Online Pay,20250812_101887,53106,B2B - Discovery Pass,40802,,Rayna Tourism,online,324,16.2,340.2
12-Aug-2025,Payment Link,20250812_101886,35204,Daily Summer Camp 250AED,40801,,Shaikha,POS6,238.095,11.905,250
12-Aug-2025,Payment Link,20250812_101888,35204,Daily Summer Camp - 10% Off Fo,40801,,Shaikha,POS6,428.571,21.429,450
12-Aug-2025,Payment Link,20250812_101888,35204,Daily Summer Camp 250AED,40801,,Shaikha,POS6,238.095,11.905,250
13-Aug-2025,,20250813_101989,57321,Fazaa - Get Tired Playing,40801,,Shaikha,POS6,0,0,0
13-Aug-2025,,20250813_101990,57321,Fazaa - Get Tired Playing,40801,,Shaikha,POS6,0,0,0
13-Aug-2025,,20250813_101992,57321,Fazaa - Get Tired Playing,40801,,Shaikha,POS6,0,0,0
13-Aug-2025,,20250813_101993,57321,Fazaa - Get Tired Playing,40801,,Glory Mae,POS3,0,0,0
13-Aug-2025,,20250813_102010,57321,Fazaa - Get Tired Playing,40801,,Jennilyn,POS4,0,0,0
13-Aug-2025,,20250813_102015,57321,Fazaa - Get Tired Playing,40801,,Glory Mae,POS3,0,0,0
13-Aug-2025,,20250813_102016,57321,Fazaa - Get Tired Playing,40801,,Jennilyn,POS4,0,0,0
13-Aug-2025,,20250813_102018,57321,Fazaa - Get Tired Playing,40801,,Shaikha,POS6,0,0,0
13-Aug-2025,,20250813_102019,57321,Fazaa - Get Tired Playing,40801,,Shaikha,POS6,0,0,0
13-Aug-2025,,20250813_102020,57321,Fazaa - Get Tired Playing,40801,,Glory Mae,POS3,0,0,0
13-Aug-2025,,20250813_102025,57321,Fazaa - Get Tired Playing,40801,,Glory Mae,POS3,0,0,0
13-Aug-2025,,20250813_102027,57321,Fazaa - Get Tired Playing,40801,,Shaikha,POS6,0,0,0
13-Aug-2025,,20250813_102028,57321,Fazaa - Get Tired Playing,40801,,Shaikha,POS6,0,0,0
13-Aug-2025,,20250813_102030,57321,Fazaa - Get Tired Playing,40801,,Shaikha,POS6,0,0,0
13-Aug-2025,,20250813_102031,57321,Fazaa - Get Tired Playing,40801,,Glory Mae,POS3,0,0,0
13-Aug-2025,,20250813_102035,57321,Fazaa - Get Tired Playing,40801,,Glory Mae,POS3,0,0,0
13-Aug-2025,,20250813_102038,57321,Fazaa - Get Tired Playing,40801,,Jennilyn,POS4,0,0,0
13-Aug-2025,,20250813_102039,57321,FOC - Complementary Ticket - G,40801,,Jennilyn,POS4,0,0,0
13-Aug-2025,,20250813_102040,57321,Fazaa - Get Tired Playing,40801,,Glory Mae,POS3,0,0,0
13-Aug-2025,,20250813_102041,57321,Fazaa - Get Tired Playing,40801,,Glory Mae,POS3,0,0,0
13-Aug-2025,,20250813_102042,57321,Fazaa - Get Tired Playing,40801,,Glory Mae,POS3,0,0,0
13-Aug-2025,,20250813_102052,57321,Fazaa - Get Tired Playing,40801,,Glory Mae,POS3,0,0,0
13-Aug-2025,,20250813_102070,57321,Fazaa - Get Tired Playing,40801,,Glory Mae,POS3,0,0,0
13-Aug-2025,,20250813_102073,57321,Fazaa - Get Tired Playing,40801,,Jennilyn,POS4,0,0,0
13-Aug-2025,,20250813_102074,57321,Fazaa - Get Tired Playing,40801,,Glory Mae,POS3,0,0,0
13-Aug-2025,Cash,20250813_102013,57321,Discovery Pass,40801,,Jennilyn,POS4,143.81,7.19,151
13-Aug-2025,Cash,20250813_102021,51305,Socks,40801,,Shaikha,POS6,28.571,1.429,30
13-Aug-2025,Cash,20250813_102033,51605,Add Ons - Cennamoroll 17 cms,40801,,Manisha,POS7,80,4,84
13-Aug-2025,Cash,20250813_102050,57323,Through the Roof,40801,,Jennilyn,POS4,29.524,1.476,31
13-Aug-2025,Cash,20250813_102067,57323,Through the Roof,40801,,Jennilyn,POS4,29.524,1.476,31
13-Aug-2025,Cash,20250813_102077,51305,Socks,40801,,Jennilyn,POS4,9.524,0.476,10
13-Aug-2025,Cash,20250813_102088,51305,Socks,40801,,Jennilyn,POS4,28.571,1.429,30
13-Aug-2025,Cash,20250813_102090,57323,Spot Sale,40801,,Glory Mae,Tablet 3,47.619,2.381,50
13-Aug-2025,Cash;Credit Card,20250813_102047,57321,Discovery Pass Combo to Kartin,40801,,Jennilyn,POS4,241.81,12.09,253.9
13-Aug-2025,Cash;Credit Card,20250813_102047,57322,Karting Combo to Discovery Pas,40801,,Jennilyn,POS4,205.81,10.29,216.1
13-Aug-2025,Credit Card,20250813_101988,51305,Shoe Rent,40801,,Glory Mae,POS3,14.286,0.714,15
13-Aug-2025,Credit Card,20250813_101988,51305,Socks,40801,,Glory Mae,POS3,9.524,0.476,10
13-Aug-2025,Credit Card,20250813_101988,57321,Get Tired Playing ,40801,,Glory Mae,POS3,1495.24,74.762,1570
13-Aug-2025,Credit Card,20250813_101991,57321,Discovery Pass Combo to Kartin,40801,,Glory Mae,POS3,241.81,12.09,253.9
13-Aug-2025,Credit Card,20250813_101991,57322,Karting Combo to Discovery Pas,40801,,Glory Mae,POS3,205.81,10.29,216.1
13-Aug-2025,Credit Card,20250813_101994,57052,Card Deposit,40801,,Shaikha,POS6,4.762,0.238,5
13-Aug-2025,Credit Card,20250813_101994,57162,50 AED Top Up - Redemption,40801,,Shaikha,POS6,47.619,2.381,50
13-Aug-2025,Credit Card,20250813_101995,57052,Card Deposit,40801,,Jennilyn,POS4,4.762,0.238,5
13-Aug-2025,Credit Card,20250813_101995,57322,Multiplex Karting - ADULTS,40801,,Jennilyn,POS4,360,18,378
13-Aug-2025,Credit Card,20250813_101996,51305,Socks,40801,,Glory Mae,POS3,28.571,1.429,30
13-Aug-2025,Credit Card,20250813_101996,57321,Fazaa - Get Tired Playing,40801,,Glory Mae,POS3,0,0,0
13-Aug-2025,Credit Card,20250813_101997,51305,Socks,40801,,Glory Mae,POS3,9.524,0.476,10
13-Aug-2025,Credit Card,20250813_101997,57321,Fazaa - Get Tired Playing,40801,,Glory Mae,POS3,0,0,0
13-Aug-2025,Credit Card,20250813_101998,51305,Shoe Rent,40801,,Glory Mae,POS3,42.857,2.143,45
13-Aug-2025,Credit Card,20250813_101998,51305,Socks,40801,,Glory Mae,POS3,38.095,1.905,40
13-Aug-2025,Credit Card,20250813_101998,57321,Fazaa - Get Tired Playing,40801,,Glory Mae,POS3,0,0,0
13-Aug-2025,Credit Card,20250813_101999,57052,Card Deposit,40801,,Jennilyn,POS4,4.762,0.238,5
13-Aug-2025,Credit Card,20250813_101999,57322,Multiplex Karting - ADULTS,40801,,Jennilyn,POS4,240,12,252
13-Aug-2025,Credit Card,20250813_102000,57052,Card Deposit,40801,,Jennilyn,POS4,4.762,0.238,5
13-Aug-2025,Credit Card,20250813_102000,57322,Multiplex Karting - ADULTS,40801,,Jennilyn,POS4,360,18,378
13-Aug-2025,Credit Card,20250813_102001,51305,Shoe Rent,40801,,Jennilyn,POS4,28.571,1.429,30
13-Aug-2025,Credit Card,20250813_102001,57322,Multiplex Karting - ADULTS,40801,,Jennilyn,POS4,120,6,126
13-Aug-2025,Credit Card,20250813_102002,35204,Daily Summer Camp - 10% Off Fo,40801,,Jennilyn,POS4,857.143,42.857,900
13-Aug-2025,Credit Card,20250813_102002,51605,Graffiti- School Add-on,40801,,Jennilyn,POS4,59.048,2.952,62
13-Aug-2025,Credit Card,20250813_102003,51305,Shoe Rent,40801,,Jennilyn,POS4,14.286,0.714,15
13-Aug-2025,Credit Card,20250813_102003,51305,Socks,40801,,Jennilyn,POS4,9.524,0.476,10
13-Aug-2025,Credit Card,20250813_102003,57052,Card Deposit,40801,,Jennilyn,POS4,4.762,0.238,5
13-Aug-2025,Credit Card,20250813_102003,57322,Multiplex Karting - ADULTS,40801,,Jennilyn,POS4,120,6,126
13-Aug-2025,Credit Card,20250813_102004,51305,Shoe Rent,40801,,Jennilyn,POS4,28.571,1.429,30
13-Aug-2025,Credit Card,20250813_102004,51305,Socks,40801,,Jennilyn,POS4,19.048,0.952,20
13-Aug-2025,Credit Card,20250813_102004,57052,Card Deposit,40801,,Jennilyn,POS4,4.762,0.238,5
13-Aug-2025,Credit Card,20250813_102004,57322,Multiplex Karting - ADULTS,40801,,Jennilyn,POS4,360,18,378
13-Aug-2025,Credit Card,20250813_102005,57321,Discovery Pass,40801,,Jennilyn,POS4,143.81,7.19,151
13-Aug-2025,Credit Card,20250813_102006,57311,School Add on  - Karting,40801,,Jennilyn,POS4,76.19,3.81,80
13-Aug-2025,Credit Card,20250813_102007,57321,Adventure Pass,40801,,Jennilyn,POS4,565.714,28.286,594
13-Aug-2025,Credit Card,20250813_102008,51305,Shoe Rent,40801,,Jennilyn,POS4,14.286,0.714,15
13-Aug-2025,Credit Card,20250813_102008,51305,Socks,40801,,Jennilyn,POS4,9.524,0.476,10
13-Aug-2025,Credit Card,20250813_102008,57321,Discovery Pass,40801,,Jennilyn,POS4,143.81,7.19,151
13-Aug-2025,Credit Card,20250813_102008,57321,Get Tired Playing ,40801,,Jennilyn,POS4,299.048,14.952,314
13-Aug-2025,Credit Card,20250813_102009,57321,Get Tired Playing ,40801,,Jennilyn,POS4,1196.19,59.81,1256
13-Aug-2025,Credit Card,20250813_102011,57311,School Add on  - Karting,40801,,Jennilyn,POS4,114.286,5.714,120
13-Aug-2025,Credit Card,20250813_102012,57321,Adventure Pass,40801,,Jennilyn,POS4,188.571,9.429,198
13-Aug-2025,Credit Card,20250813_102012,57321,Discovery Pass,40801,,Jennilyn,POS4,143.81,7.19,151
13-Aug-2025,Credit Card,20250813_102014,57323,Rope Course,40801,,Jennilyn,POS4,88.571,4.429,93
13-Aug-2025,Credit Card,20250813_102017,57321,Discovery Pass,40801,,Glory Mae,POS3,575.238,28.762,604
13-Aug-2025,Credit Card,20250813_102022,51305,Shoe Rent,40801,,Glory Mae,POS3,14.286,0.714,15
13-Aug-2025,Credit Card,20250813_102022,51305,Socks,40801,,Glory Mae,POS3,9.524,0.476,10
13-Aug-2025,Credit Card,20250813_102022,57321,Fazaa - Get Tired Playing,40801,,Glory Mae,POS3,0.001,0,0.001
13-Aug-2025,Credit Card,20250813_102023,57052,Card Deposit,40801,,Glory Mae,POS3,4.762,0.238,5
13-Aug-2025,Credit Card,20250813_102023,57322,Multiplex Karting - ADULTS,40801,,Glory Mae,POS3,120,6,126
13-Aug-2025,Credit Card,20250813_102024,57162,100 Credit Top Up - Redemption,40801,,Shaikha,POS6,95.238,4.762,100
13-Aug-2025,Credit Card,20250813_102024,57162,50 AED Top Up - Redemption,40801,,Shaikha,POS6,47.619,2.381,50
13-Aug-2025,Credit Card,20250813_102026,57052,Card Deposit,40801,,Glory Mae,POS3,4.762,0.238,5
13-Aug-2025,Credit Card,20250813_102026,57322,Multiplex Karting - ADULTS,40801,,Glory Mae,POS3,360,18,378
13-Aug-2025,Credit Card,20250813_102029,51305,Shoe Rent,40801,,Glory Mae,POS3,28.571,1.429,30
13-Aug-2025,Credit Card,20250813_102032,51305,Shoe Rent,40801,,Shaikha,POS6,14.286,0.714,15
13-Aug-2025,Credit Card,20250813_102034,51605,Add Ons - Fluid Art - Meduim F,40801,,Manisha,POS7,124.762,6.238,131
13-Aug-2025,Credit Card,20250813_102034,51605,Add Ons - Fluid Art - Small Fl,40801,,Manisha,POS7,106.667,5.333,112
13-Aug-2025,Credit Card,20250813_102036,57052,Card Deposit,40801,,Jennilyn,POS4,4.762,0.238,5
13-Aug-2025,Credit Card,20250813_102036,57322,Multiplex Karting - ADULTS - D,40801,,Jennilyn,POS4,400,20,420
13-Aug-2025,Credit Card,20250813_102036,57322,Multiplex Karting - JUNIOR - D,40801,,Jennilyn,POS4,133.333,6.667,140
13-Aug-2025,Credit Card,20250813_102037,57162,Slime Experience - 41AED,40801,,Manisha,POS7,78.095,3.905,82
13-Aug-2025,Credit Card,20250813_102043,57321,Adventure Pass,40801,,Jennilyn,POS4,565.714,28.286,594
13-Aug-2025,Credit Card,20250813_102044,57052,Card Deposit,40801,,Jennilyn,POS4,4.762,0.238,5
13-Aug-2025,Credit Card,20250813_102044,57162,50 AED Top Up - Redemption,40801,,Jennilyn,POS4,47.619,2.381,50
13-Aug-2025,Credit Card,20250813_102044,57321,Discovery Pass,40801,,Jennilyn,POS4,143.81,7.19,151
13-Aug-2025,Credit Card,20250813_102045,57321,Adventure Pass,40801,,Glory Mae,POS3,377.143,18.857,396
13-Aug-2025,Credit Card,20250813_102046,57321,Adventure Pass,40801,,Glory Mae,POS3,377.143,18.857,396
13-Aug-2025,Credit Card,20250813_102048,51305,Shoe Rent,40801,,Jennilyn,POS4,14.286,0.714,15
13-Aug-2025,Credit Card,20250813_102049,57321,Adventure Pass,40801,,Glory Mae,POS3,377.143,18.857,396
13-Aug-2025,Credit Card,20250813_102051,57052,Card Deposit,40801,,Jennilyn,POS4,4.762,0.238,5
13-Aug-2025,Credit Card,20250813_102051,57162,100 Credit Top Up - Redemption,40801,,Jennilyn,POS4,95.238,4.762,100
13-Aug-2025,Credit Card,20250813_102053,57321,Discovery Pass,40801,,Jennilyn,POS4,287.619,14.381,302
13-Aug-2025,Credit Card,20250813_102053,57323,Toddler Playland Unlimited,40801,,Jennilyn,POS4,94.286,4.714,99
13-Aug-2025,Credit Card,20250813_102054,57321,Discovery Pass,40801,,Jennilyn,POS4,431.429,21.571,453
13-Aug-2025,Credit Card,20250813_102055,51305,Shoe Rent,40801,,Jennilyn,POS4,14.286,0.714,15
13-Aug-2025,Credit Card,20250813_102055,51305,Socks,40801,,Jennilyn,POS4,9.524,0.476,10
13-Aug-2025,Credit Card,20250813_102055,57052,Card Deposit,40801,,Jennilyn,POS4,4.762,0.238,5
13-Aug-2025,Credit Card,20250813_102055,57162,50 AED Top Up - Redemption,40801,,Jennilyn,POS4,47.619,2.381,50
13-Aug-2025,Credit Card,20250813_102055,57321,Adventure Pass,40801,,Jennilyn,POS4,188.571,9.429,198
13-Aug-2025,Credit Card,20250813_102056,51305,Socks,40801,,Glory Mae,POS3,19.048,0.952,20
13-Aug-2025,Credit Card,20250813_102056,57321,Discovery Pass,40801,,Glory Mae,POS3,287.619,14.381,302
13-Aug-2025,Credit Card,20250813_102057,57321,POD - Discovery Pass - 70.50 A,40801,,Jennilyn,POS4,67.143,3.357,70.5
13-Aug-2025,Credit Card,20250813_102060,51605,Add Ons - Rabbit 33 CMS,40801,,Manisha,POS7,124.762,6.238,131
13-Aug-2025,Credit Card,20250813_102060,57162,Slime Experience - 41AED,40801,,Manisha,POS7,39.048,1.952,41
13-Aug-2025,Credit Card,20250813_102061,57052,Card Deposit,40801,,Jennilyn,POS4,4.762,0.238,5
13-Aug-2025,Credit Card,20250813_102061,57322,Multiplex Karting - ADULTS,40801,,Jennilyn,POS4,240,12,252
13-Aug-2025,Credit Card,20250813_102062,57321,Adventure Pass,40801,,Glory Mae,POS3,754.286,37.714,792
13-Aug-2025,Credit Card,20250813_102062,57323,Carousel,40801,,Glory Mae,POS3,20,1,21
13-Aug-2025,Credit Card,20250813_102062,57323,Toddler Playland Unlimited,40801,,Glory Mae,POS3,94.286,4.714,99
13-Aug-2025,Credit Card,20250813_102063,51305,Socks,40801,,Jennilyn,POS4,9.524,0.476,10
13-Aug-2025,Credit Card,20250813_102063,57321,Fazaa - Get Tired Playing,40801,,Jennilyn,POS4,0,0,0
13-Aug-2025,Credit Card,20250813_102064,57321,Thriller Pass,40801,,Glory Mae,POS3,457.143,22.857,480
13-Aug-2025,Credit Card,20250813_102065,57162,50 AED Top Up - Redemption,40801,,Jennilyn,POS4,95.238,4.762,100
13-Aug-2025,Credit Card,20250813_102066,57052,Card Deposit,40801,,Jennilyn,POS4,4.762,0.238,5
13-Aug-2025,Credit Card,20250813_102066,57322,Multiplex Karting - ADULTS,40801,,Jennilyn,POS4,120,6,126
13-Aug-2025,Credit Card,20250813_102066,57322,Multiplex Karting - Dual Drive,40801,,Jennilyn,POS4,149.524,7.476,157
13-Aug-2025,Credit Card,20250813_102068,57321,Discovery Pass,40801,,Glory Mae,POS3,431.429,21.571,453
13-Aug-2025,Credit Card,20250813_102069,57052,Card Deposit,40801,,Jennilyn,POS4,4.762,0.238,5
13-Aug-2025,Credit Card,20250813_102069,57322,Multiplex Karting - ADULTS,40801,,Jennilyn,POS4,480,24,504
13-Aug-2025,Credit Card,20250813_102069,57322,Multiplex Karting - Dual Drive,40801,,Jennilyn,POS4,149.524,7.476,157
13-Aug-2025,Credit Card,20250813_102071,57162,50 AED Top Up - Redemption,40801,,Glory Mae,POS3,47.619,2.381,50
13-Aug-2025,Credit Card,20250813_102072,57321,Thriller Pass,40801,,Jennilyn,POS4,457.143,22.857,480
13-Aug-2025,Credit Card,20250813_102075,57052,Card Deposit,40801,,Jennilyn,POS4,4.762,0.238,5
13-Aug-2025,Credit Card,20250813_102075,57322,Multiplex Karting - JUNIOR,40801,,Jennilyn,POS4,80,4,84
13-Aug-2025,Credit Card,20250813_102076,57162,Slime Experience - 41AED,40801,,Manisha,POS7,78.095,3.905,82
13-Aug-2025,Credit Card,20250813_102078,51305,Shoe Rent,40801,,Jennilyn,POS4,14.286,0.714,15
13-Aug-2025,Credit Card,20250813_102079,57322,Multiplex Karting - ADULTS,40801,,Jennilyn,POS4,240,12,252
13-Aug-2025,Credit Card,20250813_102080,57052,Card Deposit,40801,,Jennilyn,POS4,4.762,0.238,5
13-Aug-2025,Credit Card,20250813_102080,57321,Discovery Pass Combo to Kartin,40801,,Jennilyn,POS4,120.905,6.045,126.95
13-Aug-2025,Credit Card,20250813_102080,57322,Karting Combo to Discovery Pas,40801,,Jennilyn,POS4,102.905,5.145,108.05
13-Aug-2025,Credit Card,20250813_102080,57322,Multiplex Karting - Dual Drive,40801,,Jennilyn,POS4,149.524,7.476,157
13-Aug-2025,Credit Card,20250813_102081,51305,Shoe Rent,40801,,Jennilyn,POS4,14.286,0.714,15
13-Aug-2025,Credit Card,20250813_102081,57052,Card Deposit,40801,,Jennilyn,POS4,4.762,0.238,5
13-Aug-2025,Credit Card,20250813_102081,57162,50 AED Top Up - Redemption,40801,,Jennilyn,POS4,47.619,2.381,50
13-Aug-2025,Credit Card,20250813_102082,57321,Discovery Pass,40801,,Jennilyn,POS4,143.81,7.19,151
13-Aug-2025,Credit Card,20250813_102083,57162,50 AED Top Up - Redemption,40801,,Jennilyn,POS4,47.619,2.381,50
13-Aug-2025,Credit Card,20250813_102084,51305,Shoe Rent,40801,,Jennilyn,POS4,14.286,0.714,15
13-Aug-2025,Credit Card,20250813_102084,51305,Socks,40801,,Jennilyn,POS4,9.524,0.476,10
13-Aug-2025,Credit Card,20250813_102084,57052,Card Deposit,40801,,Jennilyn,POS4,4.762,0.238,5
13-Aug-2025,Credit Card,20250813_102084,57322,Multiplex Karting - Dual Drive,40801,,Jennilyn,POS4,448.571,22.429,471
13-Aug-2025,Credit Card,20250813_102085,51305,Shoe Rent,40801,,Jennilyn,POS4,14.286,0.714,15
13-Aug-2025,Credit Card,20250813_102086,57322,Multiplex Karting - ADULTS,40801,,Jennilyn,POS4,120,6,126
13-Aug-2025,Credit Card,20250813_102086,57322,Multiplex Karting - Dual Drive,40801,,Jennilyn,POS4,149.524,7.476,157
13-Aug-2025,Credit Card,20250813_102087,57052,Card Deposit,40801,,Jennilyn,POS4,4.762,0.238,5
13-Aug-2025,Credit Card,20250813_102087,57322,Multiplex Karting - ADULTS,40801,,Jennilyn,POS4,600,30,630
13-Aug-2025,Credit Card,20250813_102087,57322,Multiplex Karting - JUNIOR,40801,,Jennilyn,POS4,400,20,420
14-Aug-2025,,20250814_102091,57321,Fazaa - Get Tired Playing,40801,,Shaikha,POS6,0,0,0
14-Aug-2025,,20250814_102100,57321,Fazaa - Get Tired Playing,40801,,Glory Mae,POS3,0,0,0
14-Aug-2025,,20250814_102101,57321,Fazaa - Get Tired Playing,40801,,Shaikha,POS6,0,0,0
14-Aug-2025,,20250814_102102,57321,Fazaa - Get Tired Playing,40801,,Shaikha,POS6,0,0,0
14-Aug-2025,,20250814_102103,57321,Fazaa - Get Tired Playing,40801,,Shaikha,POS6,0,0,0
14-Aug-2025,,20250814_102105,57321,Fazaa - Get Tired Playing,40801,,Shaikha,POS6,0,0,0
14-Aug-2025,,20250814_102106,57321,Fazaa - Get Tired Playing,40801,,Glory Mae,POS3,0,0,0
14-Aug-2025,,20250814_102120,57321,Fazaa - Get Tired Playing,40801,,Sirjana,POS4,0,0,0
14-Aug-2025,,20250814_102121,57321,Fazaa - Get Tired Playing,40801,,Sirjana,POS4,0,0,0
14-Aug-2025,,20250814_102125,57321,Fazaa - Get Tired Playing,40801,,Sirjana,POS4,0,0,0
14-Aug-2025,,20250814_102127,57321,Fazaa - Get Tired Playing,40801,,Sirjana,POS4,0,0,0
14-Aug-2025,,20250814_102128,57321,Fazaa - Get Tired Playing,40801,,Sirjana,POS4,0,0,0
14-Aug-2025,,20250814_102130,57321,Fazaa - Get Tired Playing,40801,,Sirjana,POS4,0,0,0
14-Aug-2025,,20250814_102139,57321,Fazaa - Get Tired Playing,40801,,Sirjana,POS4,0,0,0
14-Aug-2025,,20250814_102142,57321,Fazaa - Get Tired Playing,40801,,Shaikha,POS6,0,0,0
14-Aug-2025,,20250814_102147,57321,Fazaa - Get Tired Playing,40801,,Shaikha,POS6,0,0,0
14-Aug-2025,,20250814_102151,57321,Fazaa - Get Tired Playing,40801,,Shaikha,POS6,0,0,0
14-Aug-2025,,20250814_102155,57321,Fazaa - Get Tired Playing,40801,,Sirjana,POS4,0,0,0
14-Aug-2025,,20250814_102158,57321,Fazaa - Get Tired Playing,40801,,Sirjana,POS4,0,0,0
14-Aug-2025,,20250814_102165,57321,Fazaa - Get Tired Playing,40801,,Glory Mae,POS3,0,0,0
14-Aug-2025,,20250814_102177,57321,Fazaa - Get Tired Playing,40801, ,Karleane,POS5,0,0,0
14-Aug-2025,,20250814_102181,57321,Fazaa - Get Tired Playing,40801,,Abdelmoula,POS6,0,0,0
14-Aug-2025,,20250814_102182,57321,Fazaa - Get Tired Playing,40801,,Abdelmoula,POS6,0,0,0
14-Aug-2025,,20250814_102186,57321,Fazaa - Get Tired Playing,40801,,Abdelmoula,POS6,0,0,0
14-Aug-2025,,20250814_102187,57321,Fazaa - Get Tired Playing,40801,,Abdelmoula,POS6,0,0,0
14-Aug-2025,,20250814_102191,57321,Fazaa - Get Tired Playing,40801,,Abdelmoula,POS6,0,0,0
14-Aug-2025,,20250814_102198,57321,Fazaa - Get Tired Playing,40801, ,Karleane,POS5,0,0,0
14-Aug-2025,Cash,20250814_102104,51305,Shoe Rent,40801,,Glory Mae,POS3,14.286,0.714,15
14-Aug-2025,Cash,20250814_102109,57321,Discovery Pass,40801,,Sirjana,POS4,143.81,7.19,151
14-Aug-2025,Cash,20250814_102117,57162,Slime Experience - 41AED,40801,,Rochelle,POS7,39.048,1.952,41
14-Aug-2025,Cash,20250814_102123,57321,Fazaa - Get Tired Playing,40801,,Sirjana,POS4,0.001,0,0.001
14-Aug-2025,Cash,20250814_102123,57321,Toddler Pass,40801,,Sirjana,POS4,99.048,4.952,104
14-Aug-2025,Cash,20250814_102129,57162,50 AED Top Up - Redemption,40801, ,Karleane,POS5,95.238,4.762,100
14-Aug-2025,Cash,20250814_102131,51305,Shoe Rent,40801,,Sirjana,POS4,14.286,0.714,15
14-Aug-2025,Cash,20250814_102131,51305,Socks,40801,,Sirjana,POS4,9.524,0.476,10
14-Aug-2025,Cash,20250814_102131,57321,Discovery Pass,40801,,Sirjana,POS4,575.238,28.762,604
14-Aug-2025,Cash,20250814_102131,57321,Toddler Pass,40801,,Sirjana,POS4,198.095,9.905,208
14-Aug-2025,Cash,20250814_102135,51305,Socks,40801,,Sirjana,POS4,19.048,0.952,20
14-Aug-2025,Cash,20250814_102137,57322,Multiplex Karting - JUNIOR,40801,,Sirjana,POS4,80,4,84
14-Aug-2025,Cash,20250814_102167,57322,Multiplex Karting - ADULTS,40801,,Abdelmoula,POS6,240,12,252
14-Aug-2025,Cash,20250814_102170,57052,Card Deposit,40801,,Abdelmoula,POS6,4.762,0.238,5
14-Aug-2025,Cash,20250814_102170,57321,Discovery Pass Combo to Kartin,40801,,Abdelmoula,POS6,120.905,6.045,126.95
14-Aug-2025,Cash,20250814_102170,57321,Discovery Pass,40801,,Abdelmoula,POS6,143.81,7.19,151
14-Aug-2025,Cash,20250814_102170,57322,Karting Combo to Discovery Pas,40801,,Abdelmoula,POS6,102.905,5.145,108.05
14-Aug-2025,Cash,20250814_102170,57322,Multiplex Karting - Dual Drive,40801,,Abdelmoula,POS6,149.524,7.476,157
14-Aug-2025,Cash,20250814_102173,51305,Shoe Rent,40801,,Abdelmoula,POS6,14.286,0.714,15
14-Aug-2025,Cash,20250814_102185,57321,Adventure Pass,40801, ,Karleane,POS5,188.571,9.429,198
14-Aug-2025,Cash,20250814_102189,57321,Discovery Pass Combo to Kartin,40801, ,Karleane,POS5,120.905,6.045,126.95
14-Aug-2025,Cash,20250814_102189,57321,Discovery Pass,40801, ,Karleane,POS5,143.81,7.19,151
14-Aug-2025,Cash,20250814_102189,57322,Karting Combo to Discovery Pas,40801, ,Karleane,POS5,102.905,5.145,108.05
14-Aug-2025,Cash,20250814_102196,51305,Socks,40801, ,Karleane,POS5,19.048,0.952,20
14-Aug-2025,Cash,20250814_102196,57321,Discovery Pass,40801, ,Karleane,POS5,431.429,21.571,453
14-Aug-2025,Cash,20250814_102203,57052,Card Deposit,40801, ,Karleane,POS5,4.762,0.238,5
14-Aug-2025,Cash,20250814_102203,57162,100 Credit Top Up - Redemption,40801, ,Karleane,POS5,95.238,4.762,100
14-Aug-2025,Cash,20250814_102204,57322,Multiplex Karting - ADULTS,40801, ,Karleane,POS5,120,6,126
14-Aug-2025,Cash,20250814_102204,57322,Multiplex Karting - Dual Drive,40801, ,Karleane,POS5,299.048,14.952,314
14-Aug-2025,Cash,20250814_102205,57323,Cave Explorer,40801, ,Karleane,POS5,20,1,21
14-Aug-2025,Cash,20250814_102207,57323,Cave Explorer,40801, ,Karleane,POS5,20,1,21
14-Aug-2025,Cash,20250814_102208,51305,Shoe Rent,40801, ,Karleane,POS5,14.286,0.714,15
14-Aug-2025,Cash;Credit Card,20250814_102141,51305,Shoe Rent,40801,,Sirjana,POS4,14.286,0.714,15
14-Aug-2025,Cash;Credit Card,20250814_102141,57321,Discovery Pass Combo to Kartin,40801,,Sirjana,POS4,241.81,12.09,253.9
14-Aug-2025,Cash;Credit Card,20250814_102141,57322,Karting Combo to Discovery Pas,40801,,Sirjana,POS4,205.81,10.29,216.1
14-Aug-2025,Cash;Credit Card,20250814_102145,57321,Adventure Pass,40801,,Shaikha,POS6,754.286,37.714,792
14-Aug-2025,Credit Card,20250814_102092,57323,Toddler Playland Unlimited,40801,,Shaikha,POS6,94.286,4.714,99
14-Aug-2025,Credit Card,20250814_102093,57052,Card Deposit,40801,,Glory Mae,POS3,4.762,0.238,5
14-Aug-2025,Credit Card,20250814_102093,57322,Multiplex Karting - Dual Drive,40801,,Glory Mae,POS3,149.524,7.476,157
14-Aug-2025,Credit Card,20250814_102093,57322,Multiplex Karting - JUNIOR,40801,,Glory Mae,POS3,160,8,168
14-Aug-2025,Credit Card,20250814_102096,57321,Adventure Pass,40801,,Shaikha,POS6,565.714,28.286,594
14-Aug-2025,Credit Card,20250814_102097,57321,Adventure Pass,40801,,Glory Mae,POS3,565.714,28.286,594
14-Aug-2025,Credit Card,20250814_102097,57321,Toddler Pass,40801,,Glory Mae,POS3,198.095,9.905,208
14-Aug-2025,Credit Card,20250814_102098,51305,Socks,40801,,Glory Mae,POS3,9.524,0.476,10
14-Aug-2025,Credit Card,20250814_102099,57052,Card Deposit,40801,,Glory Mae,POS3,4.762,0.238,5
14-Aug-2025,Credit Card,20250814_102099,57162,100 Credit Top Up - Redemption,40801,,Glory Mae,POS3,95.238,4.762,100
14-Aug-2025,Credit Card,20250814_102108,57321,Adventure Pass,40801,,Shaikha,POS6,377.143,18.857,396
14-Aug-2025,Credit Card,20250814_102110,57052,Card Deposit,40801,,Glory Mae,POS3,4.762,0.238,5
14-Aug-2025,Credit Card,20250814_102110,57322,Multiplex Karting - ADULTS,40801,,Glory Mae,POS3,600,30,630
14-Aug-2025,Credit Card,20250814_102113,57052,Card Deposit,40801,,Shaikha,POS6,4.762,0.238,5
14-Aug-2025,Credit Card,20250814_102113,57322,Multiplex Karting - ADULTS,40801,,Shaikha,POS6,240,12,252
14-Aug-2025,Credit Card,20250814_102113,57322,Multiplex Karting - JUNIOR,40801,,Shaikha,POS6,80,4,84
14-Aug-2025,Credit Card,20250814_102114,57321,Discovery Pass,40801,,Glory Mae,POS3,287.619,14.381,302
14-Aug-2025,Credit Card,20250814_102115,57321,Get Tired Playing ,40801,,Sirjana,POS4,598.095,29.905,628
14-Aug-2025,Credit Card,20250814_102115,57321,Thriller Pass,40801,,Sirjana,POS4,228.571,11.429,240
14-Aug-2025,Credit Card,20250814_102116,57162,Slime Experience - 41AED,40801,,Rochelle,POS7,39.048,1.952,41
14-Aug-2025,Credit Card,20250814_102118,57162,Slime Experience - 41AED,40801,,Rochelle,POS7,39.048,1.952,41
14-Aug-2025,Credit Card,20250814_102119,57052,Card Deposit,40801,,Sirjana,POS4,4.762,0.238,5
14-Aug-2025,Credit Card,20250814_102119,57162,100 Credit Top Up - Redemption,40801,,Sirjana,POS4,95.238,4.762,100
14-Aug-2025,Credit Card,20250814_102122,57321,Adventure Pass,40801,,Sirjana,POS4,188.571,9.429,198
14-Aug-2025,Credit Card,20250814_102124,57052,Card Deposit,40801,,Sirjana,POS4,4.762,0.238,5
14-Aug-2025,Credit Card,20250814_102124,57321,Fazaa - Get Tired Playing,40801,,Sirjana,POS4,0,0,0
14-Aug-2025,Credit Card,20250814_102124,57321,Toddler Pass,40801,,Sirjana,POS4,99.048,4.952,104
14-Aug-2025,Credit Card,20250814_102124,57322,Multiplex Karting - ADULTS,40801,,Sirjana,POS4,120,6,126
14-Aug-2025,Credit Card,20250814_102124,57322,Multiplex Karting - JUNIOR,40801,,Sirjana,POS4,80,4,84
14-Aug-2025,Credit Card,20250814_102126,57322,Multiplex Karting - JUNIOR,40801,,Sirjana,POS4,80,4,84
14-Aug-2025,Credit Card,20250814_102132,57321,Discovery Pass,40801, ,Karleane,POS5,143.81,7.19,151
14-Aug-2025,Credit Card,20250814_102132,57322,Multiplex Karting - ADULTS - D,40801, ,Karleane,POS5,400,20,420
14-Aug-2025,Credit Card,20250814_102133,57162,50 AED Top Up - Redemption,40801, ,Karleane,POS5,47.619,2.381,50
14-Aug-2025,Credit Card,20250814_102134,57321,Discovery Pass,40801,,Sirjana,POS4,143.81,7.19,151
14-Aug-2025,Credit Card,20250814_102136,57321,Get Tired Playing ,40801,,Shaikha,POS6,598.095,29.905,628
14-Aug-2025,Credit Card,20250814_102138,51305,Socks,40801,,Sirjana,POS4,28.571,1.429,30
14-Aug-2025,Credit Card,20250814_102138,57321,Fazaa - Get Tired Playing,40801,,Sirjana,POS4,0,0,0
14-Aug-2025,Credit Card,20250814_102143,57162,Slime Experience - 41AED,40801,,Rochelle,POS7,39.048,1.952,41
14-Aug-2025,Credit Card,20250814_102144,57052,Card Deposit,40801,,Sirjana,POS4,4.762,0.238,5
14-Aug-2025,Credit Card,20250814_102144,57322,Multiplex Karting - ADULTS,40801,,Sirjana,POS4,240,12,252
14-Aug-2025,Credit Card,20250814_102146,57162,50 AED Top Up - Redemption,40801,,Sirjana,POS4,47.619,2.381,50
14-Aug-2025,Credit Card,20250814_102148,57162,Slime Experience - 41AED,40801,,Rochelle,POS7,39.048,1.952,41
14-Aug-2025,Credit Card,20250814_102149,57323,Toddler Playland Unlimited,40801,,Shaikha,POS6,188.571,9.429,198
14-Aug-2025,Credit Card,20250814_102150,51305,Socks,40801,,Shaikha,POS6,9.524,0.476,10
14-Aug-2025,Credit Card,20250814_102152,51605,Add Ons - Fluid Art - Meduim F,40801,,Rochelle,POS7,124.762,6.238,131
14-Aug-2025,Credit Card,20250814_102152,51605,Add Ons - Fluid Art - Small Fl,40801,,Rochelle,POS7,106.667,5.333,112
14-Aug-2025,Credit Card,20250814_102153,57321,Discovery Pass,40801,,Shaikha,POS6,287.619,14.381,302
14-Aug-2025,Credit Card,20250814_102154,57321,Discovery Pass,40801,,Shaikha,POS6,287.619,14.381,302
14-Aug-2025,Credit Card,20250814_102154,57321,Toddler Pass,40801,,Shaikha,POS6,99.048,4.952,104
14-Aug-2025,Credit Card,20250814_102156,57321,Get Tired Playing ,40801,,Shaikha,POS6,299.048,14.952,314
14-Aug-2025,Credit Card,20250814_102156,57321,Thriller Pass,40801,,Shaikha,POS6,228.571,11.429,240
14-Aug-2025,Credit Card,20250814_102157,51605,Add Ons - Fluid Art - Small Fl,40801,,Rochelle,POS7,213.333,10.667,224
14-Aug-2025,Credit Card,20250814_102159,57162,Slime Experience - 41AED,40801,,Rochelle,POS7,39.048,1.952,41
14-Aug-2025,Credit Card,20250814_102160,57162,Slime Experience - 41AED,40801,,Rochelle,POS7,117.143,5.857,123
14-Aug-2025,Credit Card,20250814_102161,57324,Entertainer Climbing Wall Sess,40801,,Shaikha,POS6,60,3,63
14-Aug-2025,Credit Card,20250814_102162,57162,50 AED Top Up - Redemption,40801,,Shaikha,POS6,47.619,2.381,50
14-Aug-2025,Credit Card,20250814_102163,57162,50 AED Top Up - Redemption,40801,,Shaikha,POS6,47.619,2.381,50
14-Aug-2025,Credit Card,20250814_102164,57052,Card Deposit,40801,,Glory Mae,POS3,4.762,0.238,5
14-Aug-2025,Credit Card,20250814_102164,57322,Multiplex Karting - ADULTS - D,40801,,Glory Mae,POS3,400,20,420
14-Aug-2025,Credit Card,20250814_102166,57162,Slime Experience - 41AED,40801,,Manisha,POS7,117.143,5.857,123
14-Aug-2025,Credit Card,20250814_102168,57322,Multiplex Karting - JUNIOR,40801,,Abdelmoula,POS6,240,12,252
14-Aug-2025,Credit Card,20250814_102169,51605,Face Art - Full Size,40801,,Manisha,POS7,36.19,1.81,38
14-Aug-2025,Credit Card,20250814_102171,57323,Toddler Playland Unlimited,40801,,Abdelmoula,POS6,94.286,4.714,99
14-Aug-2025,Credit Card,20250814_102172,57052,Card Deposit,40801,,Abdelmoula,POS6,4.762,0.238,5
14-Aug-2025,Credit Card,20250814_102172,57322,Multiplex Karting - ADULTS,40801,,Abdelmoula,POS6,240,12,252
14-Aug-2025,Credit Card,20250814_102174,57052,Card Deposit,40801, ,Karleane,POS5,4.762,0.238,5
14-Aug-2025,Credit Card,20250814_102174,57322,Multiplex Karting - JUNIOR,40801, ,Karleane,POS5,80,4,84
14-Aug-2025,Credit Card,20250814_102175,57323,Inflatable 20mins - 29 AED,40801,,Abdelmoula,POS6,27.619,1.381,29
14-Aug-2025,Credit Card,20250814_102176,57052,Card Deposit,40801, ,Karleane,POS5,4.762,0.238,5
14-Aug-2025,Credit Card,20250814_102176,57322,Multiplex Karting - JUNIOR,40801, ,Karleane,POS5,80,4,84
14-Aug-2025,Credit Card,20250814_102178,57052,Card Deposit,40801, ,Karleane,POS5,4.762,0.238,5
14-Aug-2025,Credit Card,20250814_102178,57322,Multiplex Karting - JUNIOR,40801, ,Karleane,POS5,80,4,84
14-Aug-2025,Credit Card,20250814_102179,57052,Card Deposit,40801, ,Karleane,POS5,4.762,0.238,5
14-Aug-2025,Credit Card,20250814_102179,57322,Multiplex Karting - ADULTS,40801, ,Karleane,POS5,120,6,126
14-Aug-2025,Credit Card,20250814_102180,57162,50 AED Top Up - Redemption,40801, ,Karleane,POS5,47.619,2.381,50
14-Aug-2025,Credit Card,20250814_102183,57052,Card Deposit,40801, ,Karleane,POS5,4.762,0.238,5
14-Aug-2025,Credit Card,20250814_102183,57162,50 AED Top Up - Redemption,40801, ,Karleane,POS5,47.619,2.381,50
14-Aug-2025,Credit Card,20250814_102184,57323,Through the Roof,40801,,Abdelmoula,POS6,29.524,1.476,31
14-Aug-2025,Credit Card,20250814_102188,57321,Adventure Pass,40801,,Sirjana,POS4,565.714,28.286,594
14-Aug-2025,Credit Card,20250814_102190,51305,Shoe Rent,40801,,Abdelmoula,POS6,42.857,2.143,45
14-Aug-2025,Credit Card,20250814_102190,51305,Socks,40801,,Abdelmoula,POS6,38.095,1.905,40
14-Aug-2025,Credit Card,20250814_102192,57321,Discovery Pass,40801, ,Karleane,POS5,143.81,7.19,151
14-Aug-2025,Credit Card,20250814_102193,57321,Fazaa - Get Tired Playing,40801,,Sirjana,POS4,0,0,0
14-Aug-2025,Credit Card,20250814_102193,57321,Toddler Pass,40801,,Sirjana,POS4,99.048,4.952,104
14-Aug-2025,Credit Card,20250814_102194,51305,Shoe Rent,40801,,Sirjana,POS4,28.571,1.429,30
14-Aug-2025,Credit Card,20250814_102194,51305,Socks,40801,,Sirjana,POS4,19.048,0.952,20
14-Aug-2025,Credit Card,20250814_102194,57322,Multiplex Karting - ADULTS,40801,,Sirjana,POS4,480,24,504
14-Aug-2025,Credit Card,20250814_102194,57323,Speed Glider,40801,,Sirjana,POS4,144.762,7.238,152
14-Aug-2025,Credit Card,20250814_102195,51605,Add Ons - Fluid Art - Small Fl,40801,,Rochelle,POS7,106.667,5.333,112
14-Aug-2025,Credit Card,20250814_102197,51605,Add Ons - Fluid Art - Small Fl,40801,,Rochelle,POS7,106.667,5.333,112
14-Aug-2025,Credit Card,20250814_102199,51305,Shoe Rent,40801, ,Karleane,POS5,14.286,0.714,15
14-Aug-2025,Credit Card,20250814_102200,57052,Card Deposit,40801,,Sirjana,POS4,4.762,0.238,5
14-Aug-2025,Credit Card,20250814_102200,57162,50 AED Top Up - Redemption,40801,,Sirjana,POS4,47.619,2.381,50
14-Aug-2025,Credit Card,20250814_102201,51305,Shoe Rent,40801, ,Karleane,POS5,14.286,0.714,15
14-Aug-2025,Credit Card,20250814_102201,51305,Socks,40801, ,Karleane,POS5,9.524,0.476,10
14-Aug-2025,Credit Card,20250814_102201,57052,Card Deposit,40801, ,Karleane,POS5,4.762,0.238,5
14-Aug-2025,Credit Card,20250814_102201,57322,Multiplex Karting - ADULTS,40801, ,Karleane,POS5,480,24,504
14-Aug-2025,Credit Card,20250814_102202,51305,Shoe Rent,40801, ,Karleane,POS5,14.286,0.714,15
14-Aug-2025,Credit Card,20250814_102202,51305,Socks,40801, ,Karleane,POS5,9.524,0.476,10
14-Aug-2025,Credit Card,20250814_102202,57052,Card Deposit,40801, ,Karleane,POS5,4.762,0.238,5
14-Aug-2025,Credit Card,20250814_102202,57322,Multiplex Karting - ADULTS,40801, ,Karleane,POS5,240,12,252
14-Aug-2025,Credit Card,20250814_102206,51305,Shoe Rent,40801, ,Karleane,POS5,14.286,0.714,15
14-Aug-2025,Credit Card,20250814_102206,51305,Socks,40801, ,Karleane,POS5,9.524,0.476,10
14-Aug-2025,Credit Card,20250814_102206,57052,Card Deposit,40801, ,Karleane,POS5,4.762,0.238,5
14-Aug-2025,Credit Card,20250814_102206,57322,Multiplex Karting - ADULTS,40801, ,Karleane,POS5,480,24,504
14-Aug-2025,Online Pay,20250814_102140,57321,Discovery Pass,40802, ,External POS,online,134.286,6.714,141
15-Aug-2025,,20250815_100626,57322,Adventure Bliss Package weekda,40801, ,Semnox,ADR-SRV-01,0,0,0
15-Aug-2025,,20250815_102217,57321,Fazaa - Get Tired Playing,40801,,Glory Mae,POS3,0,0,0
15-Aug-2025,,20250815_102218,57321,Fazaa - Get Tired Playing,40801,,Glory Mae,POS3,0,0,0
15-Aug-2025,,20250815_102235,57321,Fazaa - Get Tired Playing,40801,,Shaikha,POS6,0,0,0
15-Aug-2025,,20250815_102238,57321,Fazaa - Get Tired Playing,40801,,Shaikha,POS6,0,0,0
15-Aug-2025,,20250815_102239,57321,Fazaa - Get Tired Playing,40801,,Jennilyn,POS5,0,0,0
15-Aug-2025,,20250815_102242,57321,Fazaa - Get Tired Playing,40801,,Glory Mae,POS3,0,0,0
15-Aug-2025,,20250815_102244,57321,Fazaa - Get Tired Playing,40801,,Shaikha,POS6,0,0,0
15-Aug-2025,,20250815_102245,57321,Fazaa - Get Tired Playing,40801,,Jennilyn,POS5,0,0,0
15-Aug-2025,,20250815_102250,57321,Fazaa - Get Tired Playing,40801,,Shaikha,POS6,0,0,0
15-Aug-2025,,20250815_102251,57321,Fazaa - Get Tired Playing,40801,,Glory Mae,POS3,0,0,0
15-Aug-2025,,20250815_102256,57321,Fazaa - Get Tired Playing,40801,,Glory Mae,POS3,0,0,0
15-Aug-2025,,20250815_102262,57321,Fazaa - Get Tired Playing,40801,,Sirjana,POS4,0,0,0
15-Aug-2025,,20250815_102266,57321,Fazaa - Get Tired Playing,40801,,Glory Mae,POS3,0,0,0
15-Aug-2025,,20250815_102267,57321,Fazaa - Get Tired Playing,40801, ,Karleane,POS5,0,0,0
15-Aug-2025,,20250815_102268,57321,Fazaa - Get Tired Playing,40801,,Glory Mae,POS3,0,0,0
15-Aug-2025,,20250815_102271,57321,Fazaa - Get Tired Playing,40801,,Sirjana,POS4,0,0,0
15-Aug-2025,,20250815_102273,57321,Fazaa - Get Tired Playing,40801,,Glory Mae,POS3,0,0,0
15-Aug-2025,,20250815_102277,57321,Fazaa - Get Tired Playing,40801,,Glory Mae,POS3,0,0,0
15-Aug-2025,,20250815_102281,57321,Fazaa - Get Tired Playing,40801,,Jennilyn,POS5,0,0,0
15-Aug-2025,,20250815_102283,57321,Fazaa - Get Tired Playing,40801,,Jennilyn,POS5,0,0,0
15-Aug-2025,,20250815_102286,57321,Fazaa - Get Tired Playing,40801,,Glory Mae,POS3,0,0,0
15-Aug-2025,,20250815_102308,57321,Fazaa - Get Tired Playing,40801,,Sirjana,POS4,0,0,0
15-Aug-2025,Cash,20250815_102220,57321,Thriller Pass,40801,,Shaikha,POS6,228.571,11.429,240
15-Aug-2025,Cash,20250815_102221,57311,School Add on  - Karting,40801,,Glory Mae,POS3,38.095,1.905,40
15-Aug-2025,Cash,20250815_102222,57052,Card Deposit,40801,,Shaikha,POS6,4.762,0.238,5
15-Aug-2025,Cash,20250815_102222,57162,50 AED Top Up - Redemption,40801,,Shaikha,POS6,47.619,2.381,50
15-Aug-2025,Cash,20250815_102261,57052,Card Deposit,40801,,Sirjana,POS4,4.762,0.238,5
15-Aug-2025,Cash,20250815_102261,57162,50 AED Top Up - Redemption,40801,,Sirjana,POS4,47.619,2.381,50
15-Aug-2025,Cash,20250815_102279,57321,Toddler Pass,40801,,Glory Mae,POS3,99.048,4.952,104
15-Aug-2025,Cash,20250815_102284,57162,50 AED Top Up - Redemption,40801,,Jennilyn,POS5,47.619,2.381,50
15-Aug-2025,Cash,20250815_102289,57052,Card Deposit,40801,,Jennilyn,POS5,4.762,0.238,5
15-Aug-2025,Cash,20250815_102289,57162,100 Credit Top Up - Redemption,40801,,Jennilyn,POS5,95.238,4.762,100
15-Aug-2025,Cash,20250815_102309,57052,Card Deposit,40801,,Jennilyn,POS5,4.762,0.238,5
15-Aug-2025,Cash,20250815_102309,57162,50 AED Top Up - Redemption,40801,,Jennilyn,POS5,47.619,2.381,50
15-Aug-2025,Cash,20250815_102311,57321,Adventure Pass,40801,,Sirjana,POS4,377.143,18.857,396
15-Aug-2025,Cash;Credit Card,20250815_102246,57321,Discovery Pass,40801,,Glory Mae,POS3,431.429,21.571,453
15-Aug-2025,Credit Card,20250815_102209,51605,Slime - School Add-on,40801,,Glory Mae,POS3,28.571,1.429,30
15-Aug-2025,Credit Card,20250815_102210,57311,School Add on  - Karting,40801,,Glory Mae,POS3,38.095,1.905,40
15-Aug-2025,Credit Card,20250815_102211,57311,School Add on  - Karting,40801,,Glory Mae,POS3,38.095,1.905,40
15-Aug-2025,Credit Card,20250815_102212,57311,School Add on  - Karting,40801,,Glory Mae,POS3,114.286,5.714,120
15-Aug-2025,Credit Card,20250815_102213,35204,Daily Summer Camp - 10% Off Fo,40801,,Glory Mae,POS3,214.286,10.714,225
15-Aug-2025,Credit Card,20250815_102213,35204,Daily Summer Camp 250AED,40801,,Glory Mae,POS3,238.095,11.905,250
15-Aug-2025,Credit Card,20250815_102214,57311,School Add on  - Karting,40801,,Glory Mae,POS3,76.19,3.81,80
15-Aug-2025,Credit Card,20250815_102215,57321,Discovery Pass Combo to Kartin,40801,,Glory Mae,POS3,120.905,6.045,126.95
15-Aug-2025,Credit Card,20250815_102215,57322,Karting Combo to Discovery Pas,40801,,Glory Mae,POS3,102.905,5.145,108.05
15-Aug-2025,Credit Card,20250815_102216,57321,Discovery Pass,40801,,Glory Mae,POS3,287.619,14.381,302
15-Aug-2025,Credit Card,20250815_102219,51305,Shoe Rent,40801,,Shaikha,POS6,28.571,1.429,30
15-Aug-2025,Credit Card,20250815_102219,51305,Socks,40801,,Shaikha,POS6,19.048,0.952,20
15-Aug-2025,Credit Card,20250815_102219,57052,Card Deposit,40801,,Shaikha,POS6,4.762,0.238,5
15-Aug-2025,Credit Card,20250815_102219,57322,Multiplex Karting - ADULTS,40801,,Shaikha,POS6,240,12,252
15-Aug-2025,Credit Card,20250815_102223,57052,Card Deposit,40801,,Sirjana,POS4,4.762,0.238,5
15-Aug-2025,Credit Card,20250815_102223,57162,100 Credit Top Up - Redemption,40801,,Sirjana,POS4,95.238,4.762,100
15-Aug-2025,Credit Card,20250815_102224,57321,Discovery Pass Combo to Kartin,40801,,Glory Mae,POS3,241.81,12.09,253.9
15-Aug-2025,Credit Card,20250815_102224,57322,Karting Combo to Discovery Pas,40801,,Glory Mae,POS3,205.81,10.29,216.1
15-Aug-2025,Credit Card,20250815_102225,57321,Discovery Pass,40801,,Glory Mae,POS3,431.429,21.571,453
15-Aug-2025,Credit Card,20250815_102226,57311,School Add on  - Karting,40801,,Sirjana,POS4,38.095,1.905,40
15-Aug-2025,Credit Card,20250815_102227,57311,School Add on  - Karting,40801,,Sirjana,POS4,38.095,1.905,40
15-Aug-2025,Credit Card,20250815_102228,57162,100 Credit Top Up - Redemption,40801,,Glory Mae,POS3,95.238,4.762,100
15-Aug-2025,Credit Card,20250815_102229,57311,School Add on  - Karting,40801,,Sirjana,POS4,38.095,1.905,40
15-Aug-2025,Credit Card,20250815_102230,57052,Card Deposit,40801,,Shaikha,POS6,4.762,0.238,5
15-Aug-2025,Credit Card,20250815_102230,57322,Multiplex Karting - Dual Drive,40801,,Shaikha,POS6,149.524,7.476,157
15-Aug-2025,Credit Card,20250815_102231,57322,Multiplex Karting - JUNIOR,40801,,Sirjana,POS4,80,4,84
15-Aug-2025,Credit Card,20250815_102232,57162,50 AED Top Up - Redemption,40801,,Sirjana,POS4,47.619,2.381,50
15-Aug-2025,Credit Card,20250815_102233,57321,Discovery Pass,40801,,Glory Mae,POS3,431.429,21.571,453
15-Aug-2025,Credit Card,20250815_102234,57321,Discovery Pass,40801,,Glory Mae,POS3,287.619,14.381,302
15-Aug-2025,Credit Card,20250815_102234,57321,POD - Discovery Pass - 70.50 A,40801,,Glory Mae,POS3,67.143,3.357,70.5
15-Aug-2025,Credit Card,20250815_102236,57052,Card Deposit,40801,,Shaikha,POS6,4.762,0.238,5
15-Aug-2025,Credit Card,20250815_102236,57162,50 AED Top Up - Redemption,40801,,Shaikha,POS6,47.619,2.381,50
15-Aug-2025,Credit Card,20250815_102237,57162,100 Credit Top Up - Redemption,40801,,Shaikha,POS6,95.238,4.762,100
15-Aug-2025,Credit Card,20250815_102240,51305,Shoe Rent,40801,,Shaikha,POS6,42.857,2.143,45
15-Aug-2025,Credit Card,20250815_102241,57322,Multiplex Karting - ADULTS,40801,,Jennilyn,POS5,120,6,126
15-Aug-2025,Credit Card,20250815_102241,57322,Multiplex Karting - JUNIOR,40801,,Jennilyn,POS5,80,4,84
15-Aug-2025,Credit Card,20250815_102243,57321,Toddler Pass,40801,,Glory Mae,POS3,99.048,4.952,104
15-Aug-2025,Credit Card,20250815_102247,57052,Card Deposit,40801,,Jennilyn,POS5,4.762,0.238,5
15-Aug-2025,Credit Card,20250815_102247,57322,Multiplex Karting - ADULTS,40801,,Jennilyn,POS5,240,12,252
15-Aug-2025,Credit Card,20250815_102248,51305,Socks,40801,,Jennilyn,POS5,9.524,0.476,10
15-Aug-2025,Credit Card,20250815_102248,57321,Get Tired Playing ,40801,,Jennilyn,POS5,598.095,29.905,628
15-Aug-2025,Credit Card,20250815_102249,57321,Discovery Pass Combo to Kartin,40801,,Jennilyn,POS5,241.81,12.09,253.9
15-Aug-2025,Credit Card,20250815_102249,57322,Karting Combo to Discovery Pas,40801,,Jennilyn,POS5,205.81,10.29,216.1
15-Aug-2025,Credit Card,20250815_102252,57052,Card Deposit,40801,,Shaikha,POS6,4.762,0.238,5
15-Aug-2025,Credit Card,20250815_102252,57322,Multiplex Karting - ADULTS,40801,,Shaikha,POS6,240,12,252
15-Aug-2025,Credit Card,20250815_102253,51305,Shoe Rent,40801,,Glory Mae,POS3,28.571,1.429,30
15-Aug-2025,Credit Card,20250815_102253,57321,Thriller Pass,40801,,Glory Mae,POS3,457.143,22.857,480
15-Aug-2025,Credit Card,20250815_102254,57052,Card Deposit,40801,,Shaikha,POS6,4.762,0.238,5
15-Aug-2025,Credit Card,20250815_102254,57321,Adventure Pass,40801,,Shaikha,POS6,377.143,18.857,396
15-Aug-2025,Credit Card,20250815_102254,57322,Multiplex Karting - ADULTS,40801,,Shaikha,POS6,240,12,252
15-Aug-2025,Credit Card,20250815_102257,57052,Card Deposit,40801,,Glory Mae,POS3,4.762,0.238,5
15-Aug-2025,Credit Card,20250815_102257,57322,Multiplex Karting - ADULTS - D,40801,,Glory Mae,POS3,200,10,210
15-Aug-2025,Credit Card,20250815_102258,51605,Add Ons - Fluid Art - Small Fl,40801,,Manisha,POS7,106.667,5.333,112
15-Aug-2025,Credit Card,20250815_102258,51605,Add Ons - Freestyle Art - Smal,40801,,Manisha,POS7,70.476,3.524,74
15-Aug-2025,Credit Card,20250815_102258,57162,Slime Experience - 41AED,40801,,Manisha,POS7,117.143,5.857,123
15-Aug-2025,Credit Card,20250815_102259,57321,Toddler Pass,40801,,Glory Mae,POS3,99.048,4.952,104
15-Aug-2025,Credit Card,20250815_102260,51305,Shoe Rent,40801,,Glory Mae,POS3,28.571,1.429,30
15-Aug-2025,Credit Card,20250815_102260,51305,Socks,40801,,Glory Mae,POS3,19.048,0.952,20
15-Aug-2025,Credit Card,20250815_102260,57052,Card Deposit,40801,,Glory Mae,POS3,4.762,0.238,5
15-Aug-2025,Credit Card,20250815_102260,57162,100 Credit Top Up - Redemption,40801,,Glory Mae,POS3,95.238,4.762,100
15-Aug-2025,Credit Card,20250815_102260,57321,Get Tired Playing Combo to Kar,40801,,Glory Mae,POS3,813.543,40.677,854.22
15-Aug-2025,Credit Card,20250815_102260,57322,Karting Combo to Get Tired Pla,40801,,Glory Mae,POS3,326.457,16.323,342.78
15-Aug-2025,Credit Card,20250815_102263,57321,Adventure Pass,40801,,Sirjana,POS4,188.571,9.429,198
15-Aug-2025,Credit Card,20250815_102263,57321,Toddler Pass,40801,,Sirjana,POS4,99.048,4.952,104
15-Aug-2025,Credit Card,20250815_102264,51305,Socks,40801, ,Karleane,POS5,9.524,0.476,10
15-Aug-2025,Credit Card,20250815_102265,51305,Socks,40801,,Glory Mae,POS3,19.048,0.952,20
15-Aug-2025,Credit Card,20250815_102269,57052,Card Deposit,40801, ,Karleane,POS5,4.762,0.238,5
15-Aug-2025,Credit Card,20250815_102269,57162,100 Credit Top Up - Redemption,40801, ,Karleane,POS5,190.476,9.524,200
15-Aug-2025,Credit Card,20250815_102270,57052,Card Deposit,40801,,Sirjana,POS4,4.762,0.238,5
15-Aug-2025,Credit Card,20250815_102270,57321,Discovery Pass,40801,,Sirjana,POS4,143.81,7.19,151
15-Aug-2025,Credit Card,20250815_102270,57322,Multiplex Karting - ADULTS,40801,,Sirjana,POS4,120,6,126
15-Aug-2025,Credit Card,20250815_102272,51305,Shoe Rent,40801, ,Karleane,POS5,28.571,1.429,30
15-Aug-2025,Credit Card,20250815_102272,51305,Socks,40801, ,Karleane,POS5,19.048,0.952,20
15-Aug-2025,Credit Card,20250815_102272,57052,Card Deposit,40801, ,Karleane,POS5,4.762,0.238,5
15-Aug-2025,Credit Card,20250815_102272,57322,Multiplex Karting - Dual Drive,40801, ,Karleane,POS5,149.524,7.476,157
15-Aug-2025,Credit Card,20250815_102274,57321,Discovery Pass,40801, ,Karleane,POS5,143.81,7.19,151
15-Aug-2025,Credit Card,20250815_102274,57321,POD - Discovery Pass - 70.50 A,40801, ,Karleane,POS5,67.143,3.357,70.5
15-Aug-2025,Credit Card,20250815_102275,51305,Shoe Rent,40801,,Glory Mae,POS3,42.857,2.143,45
15-Aug-2025,Credit Card,20250815_102275,51305,Socks,40801,,Glory Mae,POS3,38.095,1.905,40
15-Aug-2025,Credit Card,20250815_102276,57052,Card Deposit,40801, ,Karleane,POS5,4.762,0.238,5
15-Aug-2025,Credit Card,20250815_102276,57322,Multiplex Karting - ADULTS,40801, ,Karleane,POS5,120,6,126
15-Aug-2025,Credit Card,20250815_102278,57321,Adventure Pass,40801,,Jennilyn,POS5,188.571,9.429,198
15-Aug-2025,Credit Card,20250815_102280,51305,Shoe Rent,40801,,Jennilyn,POS5,28.571,1.429,30
15-Aug-2025,Credit Card,20250815_102280,51305,Socks,40801,,Jennilyn,POS5,19.048,0.952,20
15-Aug-2025,Credit Card,20250815_102280,57052,Card Deposit,40801,,Jennilyn,POS5,4.762,0.238,5
15-Aug-2025,Credit Card,20250815_102280,57322,Multiplex Karting - ADULTS,40801,,Jennilyn,POS5,240,12,252
15-Aug-2025,Credit Card,20250815_102282,51305,Socks,40801,,Glory Mae,POS3,9.524,0.476,10
15-Aug-2025,Credit Card,20250815_102282,57321,Discovery Pass,40801,,Glory Mae,POS3,287.619,14.381,302
15-Aug-2025,Credit Card,20250815_102285,51305,Socks,40801,,Jennilyn,POS5,9.524,0.476,10
15-Aug-2025,Credit Card,20250815_102287,57052,Card Deposit,40801,,Jennilyn,POS5,4.762,0.238,5
15-Aug-2025,Credit Card,20250815_102287,57162,100 Credit Top Up - Redemption,40801,,Jennilyn,POS5,95.238,4.762,100
15-Aug-2025,Credit Card,20250815_102287,57321,Discovery Pass,40801,,Jennilyn,POS5,143.81,7.19,151
15-Aug-2025,Credit Card,20250815_102288,51305,Shoe Rent,40801, ,Karleane,POS4,14.286,0.714,15
15-Aug-2025,Credit Card,20250815_102290,57323,Through the Roof,40801, ,Karleane,POS4,29.524,1.476,31
15-Aug-2025,Credit Card,20250815_102291,57322,Add-On: Birthday Karting – Adu,40801,,Jennilyn,POS5,300,15,315
15-Aug-2025,Credit Card,20250815_102292,51305,Socks,40801, ,Karleane,POS4,9.524,0.476,10
15-Aug-2025,Credit Card,20250815_102293,57052,Card Deposit,40801,,Jennilyn,POS5,4.762,0.238,5
15-Aug-2025,Credit Card,20250815_102293,57322,Multiplex Karting - ADULTS,40801,,Jennilyn,POS5,360,18,378
15-Aug-2025,Credit Card,20250815_102294,57052,Card Deposit,40801,,Jennilyn,POS5,4.762,0.238,5
15-Aug-2025,Credit Card,20250815_102294,57322,Multiplex Karting - ADULTS,40801,,Jennilyn,POS5,240,12,252
15-Aug-2025,Credit Card,20250815_102294,57322,Multiplex Karting - JUNIOR,40801,,Jennilyn,POS5,160,8,168
15-Aug-2025,Credit Card,20250815_102295,57322,Multiplex Karting - JUNIOR,40801, ,Karleane,POS4,160,8,168
15-Aug-2025,Credit Card,20250815_102296,57322,Add-On: Birthday Karting – Adu,40801,,Jennilyn,POS5,60,3,63
15-Aug-2025,Credit Card,20250815_102297,57162,100 Credit Top Up - Redemption,40801,,Jennilyn,POS5,95.238,4.762,100
15-Aug-2025,Credit Card,20250815_102298,51305,Shoe Rent,40801,,Jennilyn,POS5,14.286,0.714,15
15-Aug-2025,Credit Card,20250815_102299,57052,Card Deposit,40801,,Jennilyn,POS5,4.762,0.238,5
15-Aug-2025,Credit Card,20250815_102299,57322,Multiplex Karting - ADULTS,40801,,Jennilyn,POS5,120,6,126
15-Aug-2025,Credit Card,20250815_102300,57052,Card Deposit,40801,,Jennilyn,POS5,4.762,0.238,5
15-Aug-2025,Credit Card,20250815_102300,57322,Multiplex Karting - ADULTS,40801,,Jennilyn,POS5,240,12,252
15-Aug-2025,Credit Card,20250815_102301,51305,Shoe Rent,40801,,Jennilyn,POS5,14.286,0.714,15
15-Aug-2025,Credit Card,20250815_102302,57321,Fazaa - Get Tired Playing,40801, ,Karleane,POS4,0.001,0,0.001
15-Aug-2025,Credit Card,20250815_102302,57321,Toddler Pass,40801, ,Karleane,POS4,99.048,4.952,104
15-Aug-2025,Credit Card,20250815_102303,57052,Card Deposit,40801,,Jennilyn,POS5,4.762,0.238,5
15-Aug-2025,Credit Card,20250815_102303,57162,50 AED Top Up - Redemption,40801,,Jennilyn,POS5,47.619,2.381,50
15-Aug-2025,Credit Card,20250815_102304,57162,50 AED Top Up - Redemption,40801,,Jennilyn,POS5,47.619,2.381,50
15-Aug-2025,Credit Card,20250815_102305,51605,Add Ons - Fluid Art - Meduim F,40801,,Manisha,POS7,249.524,12.476,262
15-Aug-2025,Credit Card,20250815_102306,57325,Birthday Goodie Bag,40801,,Sirjana,POS4,720,36,756
15-Aug-2025,Credit Card,20250815_102310,51305,Shoe Rent,40801,,Jennilyn,POS5,71.429,3.571,75
15-Aug-2025,Credit Card,20250815_102310,57052,Card Deposit,40801,,Jennilyn,POS5,4.762,0.238,5
15-Aug-2025,Credit Card,20250815_102310,57322,Multiplex Karting - ADULTS,40801,,Jennilyn,POS5,600,30,630
15-Aug-2025,Credit Card,20250815_102310,57322,Multiplex Karting - Dual Drive,40801,,Jennilyn,POS5,149.524,7.476,157
15-Aug-2025,Credit Card,20250815_102312,51605,Add Ons - Fluid Art - Rabbit -,40801,,Manisha,POS7,106.667,5.333,112
15-Aug-2025,Credit Card,20250815_102312,51605,Add Ons - Spider Man 20 cms,40801,,Manisha,POS7,167.619,8.381,176
15-Aug-2025,Credit Card,20250815_102313,57321,Discovery Pass,40801,,Sirjana,POS4,287.619,14.381,302
15-Aug-2025,Credit Card,20250815_102313,57322,Multiplex Karting - ADULTS,40801,,Sirjana,POS4,120,6,126
15-Aug-2025,Credit Card,20250815_102314,57322,Multiplex Karting - ADULTS,40801,,Sirjana,POS4,240,12,252
15-Aug-2025,Credit Card,20250815_102315,57321,Discovery Pass,40801,,Sirjana,POS4,143.81,7.19,151
15-Aug-2025,Credit Card,20250815_102316,51305,Shoe Rent,40801,,Sirjana,POS4,28.571,1.429,30
15-Aug-2025,Credit Card,20250815_102316,51305,Socks,40801,,Sirjana,POS4,19.048,0.952,20
15-Aug-2025,Credit Card,20250815_102316,57052,Card Deposit,40801,,Sirjana,POS4,4.762,0.238,5
15-Aug-2025,Credit Card,20250815_102316,57322,Multiplex Karting - ADULTS - D,40801,,Sirjana,POS4,400,20,420
16-Aug-2025,,20250816_102325,57321,Fazaa - Get Tired Playing,40801,,Glory Mae,POS3,0,0,0
16-Aug-2025,,20250816_102331,57321,Fazaa - Get Tired Playing,40801,,Glory Mae,POS3,0,0,0
16-Aug-2025,,20250816_102336,57321,Fazaa - Get Tired Playing,40801,,Omnia,POS6,0,0,0
16-Aug-2025,,20250816_102347,57321,Fazaa - Get Tired Playing,40801,,Glory Mae,POS3,0,0,0
16-Aug-2025,,20250816_102349,57321,Fazaa - Get Tired Playing,40801,,Glory Mae,POS3,0,0,0
16-Aug-2025,,20250816_102352,57321,Fazaa - Get Tired Playing,40801,,Glory Mae,POS3,0,0,0
16-Aug-2025,,20250816_102355,57321,Fazaa - Get Tired Playing,40801,,Sirjana,POS4,0,0,0
16-Aug-2025,,20250816_102358,57321,Fazaa - Get Tired Playing,40801,,Sirjana,POS4,0,0,0
16-Aug-2025,,20250816_102364,57321,Fazaa - Get Tired Playing,40801,,Sirjana,POS4,0,0,0
16-Aug-2025,,20250816_102368,57321,Fazaa - Get Tired Playing,40801,,Jennilyn,POS5,0,0,0
16-Aug-2025,,20250816_102369,57321,Fazaa - Get Tired Playing,40801,,Jennilyn,POS5,0,0,0
16-Aug-2025,,20250816_102370,57321,Fazaa - Get Tired Playing,40801,,Abdelmoula,POS6,0,0,0
16-Aug-2025,,20250816_102371,57321,Fazaa - Get Tired Playing,40801,,Jennilyn,POS5,0,0,0
16-Aug-2025,,20250816_102374,57321,Fazaa - Get Tired Playing,40801,,Abdelmoula,POS6,0,0,0
16-Aug-2025,,20250816_102379,57321,Fazaa - Get Tired Playing,40801,,Abdelmoula,POS6,0,0,0
16-Aug-2025,,20250816_102382,57321,Fazaa - Get Tired Playing,40801,,Abdelmoula,POS6,0,0,0
16-Aug-2025,,20250816_102384,57321,Fazaa - Get Tired Playing,40801,,Abdelmoula,POS6,0,0,0
16-Aug-2025,,20250816_102390,57321,Fazaa - Get Tired Playing,40801,,Jennilyn,POS5,0,0,0
16-Aug-2025,,20250816_102392,57321,Fazaa - Get Tired Playing,40801,,Jennilyn,POS5,0,0,0
16-Aug-2025,,20250816_102396,57321,Fazaa - Get Tired Playing,40801,,Jennilyn,POS5,0,0,0
16-Aug-2025,,20250816_102399,57321,Fazaa - Get Tired Playing,40801,,Jennilyn,POS5,0,0,0
16-Aug-2025,,20250816_102401,57321,Fazaa - Get Tired Playing,40801,,Jennilyn,POS5,0,0,0
16-Aug-2025,,20250816_102403,57321,Fazaa - Get Tired Playing,40801,,Glory Mae,POS3,0,0,0
16-Aug-2025,,20250816_102404,57321,Fazaa - Get Tired Playing,40801,,Glory Mae,POS3,0,0,0
16-Aug-2025,,20250816_102405,57321,Fazaa - Get Tired Playing,40801,,Abdelmoula,POS6,0,0,0
16-Aug-2025,,20250816_102408,57321,Fazaa - Get Tired Playing,40801,,Glory Mae,POS3,0,0,0
16-Aug-2025,,20250816_102414,57321,Fazaa - Get Tired Playing,40801,,Sirjana,POS4,0,0,0
16-Aug-2025,,20250816_102418,57321,Fazaa - Get Tired Playing,40801,,Abdelmoula,POS6,0,0,0
16-Aug-2025,,20250816_102432,57321,Fazaa - Get Tired Playing,40801,,Jennilyn,POS5,0,0,0
16-Aug-2025,,20250816_102441,57321,Fazaa - Get Tired Playing,40801,,Jennilyn,POS5,0,0,0
16-Aug-2025,,20250816_102455,57321,Fazaa - Get Tired Playing,40801,,Sirjana,POS4,0,0,0
16-Aug-2025,Cash,20250816_102326,57052,Card Deposit,40801,,Glory Mae,POS3,4.762,0.238,5
16-Aug-2025,Cash,20250816_102326,57322,Multiplex Karting - JUNIOR,40801,,Glory Mae,POS3,160,8,168
16-Aug-2025,Cash,20250816_102338,51305,Socks,40801,,Sirjana,POS4,9.524,0.476,10
16-Aug-2025,Cash,20250816_102338,57321,Toddler Pass,40801,,Sirjana,POS4,99.048,4.952,104
16-Aug-2025,Cash,20250816_102341,57162,Slime Experience - 41AED,40801,,Manisha,POS7,39.048,1.952,41
16-Aug-2025,Cash,20250816_102395,51305,Shoe Rent,40801,,Glory Mae,POS3,28.571,1.429,30
16-Aug-2025,Cash,20250816_102397,57322,Multiplex Karting - JUNIOR,40801,,Abdelmoula,POS6,160,8,168
16-Aug-2025,Cash,20250816_102440,57321,Discovery Pass Combo to Kartin,40801,,Abdelmoula,POS6,241.81,12.09,253.9
16-Aug-2025,Cash,20250816_102440,57322,Karting Combo to Discovery Pas,40801,,Abdelmoula,POS6,205.81,10.29,216.1
16-Aug-2025,Cash,20250816_102451,57321,Discovery Pass,40801,,Jennilyn,POS5,431.429,21.571,453
16-Aug-2025,Cash,20250816_102453,57321,Discovery Pass Combo to Kartin,40801,,Jennilyn,POS5,241.81,12.09,253.9
16-Aug-2025,Cash,20250816_102453,57322,Karting Combo to Discovery Pas,40801,,Jennilyn,POS5,205.81,10.29,216.1
16-Aug-2025,Cash,20250816_102464,57323,Spot Sale,40801,,Glory Mae,Tablet 3,71.429,3.571,75
16-Aug-2025,Cash;Credit Card,20250816_102343,57321,Thriller Pass,40801,,Glory Mae,POS3,685.714,34.286,720
16-Aug-2025,Cash;Credit Card,20250816_102350,57321,Discovery Pass,40801,,Glory Mae,POS3,143.81,7.19,151
16-Aug-2025,Credit Card,20250816_102317,57052,Card Deposit,40801,,Glory Mae,POS3,4.762,0.238,5
16-Aug-2025,Credit Card,20250816_102317,57321,Get Tired Playing ,40801,,Glory Mae,POS3,598.095,29.905,628
16-Aug-2025,Credit Card,20250816_102317,57322,Multiplex Karting - Dual Drive,40801,,Glory Mae,POS3,299.048,14.952,314
16-Aug-2025,Credit Card,20250816_102319,51305,Shoe Rent,40801,,Glory Mae,POS3,14.286,0.714,15
16-Aug-2025,Credit Card,20250816_102319,51305,Socks,40801,,Glory Mae,POS3,9.524,0.476,10
16-Aug-2025,Credit Card,20250816_102319,57052,Card Deposit,40801,,Glory Mae,POS3,4.762,0.238,5
16-Aug-2025,Credit Card,20250816_102319,57321,Discovery Pass,40801,,Glory Mae,POS3,287.619,14.381,302
16-Aug-2025,Credit Card,20250816_102319,57322,Multiplex Karting - ADULTS - D,40801,,Glory Mae,POS3,200,10,210
16-Aug-2025,Credit Card,20250816_102319,57322,Multiplex Karting - ADULTS,40801,,Glory Mae,POS3,120,6,126
16-Aug-2025,Credit Card,20250816_102322,57321,Toddler Pass,40801,,Glory Mae,POS3,99.048,4.952,104
16-Aug-2025,Credit Card,20250816_102323,57321,POD - Discovery Pass - 70.50 A,40801,,Glory Mae,POS3,67.143,3.357,70.5
16-Aug-2025,Credit Card,20250816_102324,57052,Card Deposit,40801,,Glory Mae,POS3,4.762,0.238,5
16-Aug-2025,Credit Card,20250816_102324,57162,100 Credit Top Up - Redemption,40801,,Glory Mae,POS3,95.238,4.762,100
16-Aug-2025,Credit Card,20250816_102327,57321,Discovery Pass,40801,,Omnia,POS6,287.619,14.381,302
16-Aug-2025,Credit Card,20250816_102328,57321,Thriller Pass,40801,,Glory Mae,POS3,914.286,45.714,960
16-Aug-2025,Credit Card,20250816_102329,57321,Discovery Pass Combo to Kartin,40801,,Glory Mae,POS3,362.714,18.136,380.85
16-Aug-2025,Credit Card,20250816_102329,57322,Karting Combo to Discovery Pas,40801,,Glory Mae,POS3,308.714,15.436,324.15
16-Aug-2025,Credit Card,20250816_102332,51305,Shoe Rent,40801,,Glory Mae,POS3,42.857,2.143,45
16-Aug-2025,Credit Card,20250816_102332,51305,Socks,40801,,Glory Mae,POS3,28.571,1.429,30
16-Aug-2025,Credit Card,20250816_102333,57322,Multiplex Karting - JUNIOR - D,40801,,Sirjana,POS4,133.333,6.667,140
16-Aug-2025,Credit Card,20250816_102334,57321,Discovery Pass Combo to Kartin,40801,,Omnia,POS6,120.905,6.045,126.95
16-Aug-2025,Credit Card,20250816_102334,57322,Karting Combo to Discovery Pas,40801,,Omnia,POS6,102.905,5.145,108.05
16-Aug-2025,Credit Card,20250816_102335,57162,100 Credit Top Up - Redemption,40801,,Glory Mae,POS3,95.238,4.762,100
16-Aug-2025,Credit Card,20250816_102337,57052,Card Deposit,40801,,Glory Mae,POS3,4.762,0.238,5
16-Aug-2025,Credit Card,20250816_102337,57162,50 AED Top Up - Redemption,40801,,Glory Mae,POS3,47.619,2.381,50
16-Aug-2025,Credit Card,20250816_102340,57052,Card Deposit,40801,,Omnia,POS6,4.762,0.238,5
16-Aug-2025,Credit Card,20250816_102340,57322,Multiplex Karting - ADULTS,40801,,Omnia,POS6,600,30,630
16-Aug-2025,Credit Card,20250816_102340,57322,Multiplex Karting - JUNIOR,40801,,Omnia,POS6,80,4,84
16-Aug-2025,Credit Card,20250816_102346,57322,Multiplex Karting - ADULTS - D,40801,,Sirjana,POS4,200,10,210
16-Aug-2025,Credit Card,20250816_102348,57323,Lockers ,40801,,Sirjana,POS4,9.524,0.476,10
16-Aug-2025,Credit Card,20250816_102351,51305,Shoe and Locker Rent,40801,,Sirjana,POS4,19.048,0.952,20
16-Aug-2025,Credit Card,20250816_102351,51305,Socks,40801,,Sirjana,POS4,28.571,1.429,30
16-Aug-2025,Credit Card,20250816_102351,57321,Fazaa - Get Tired Playing,40801,,Sirjana,POS4,0,0,0
16-Aug-2025,Credit Card,20250816_102353,51305,Shoe Rent,40801,,Glory Mae,POS3,14.286,0.714,15
16-Aug-2025,Credit Card,20250816_102353,51305,Socks,40801,,Glory Mae,POS3,9.524,0.476,10
16-Aug-2025,Credit Card,20250816_102354,57321,Adventure Pass,40801,,Sirjana,POS4,188.571,9.429,198
16-Aug-2025,Credit Card,20250816_102354,57321,Thriller Pass,40801,,Sirjana,POS4,914.286,45.714,960
16-Aug-2025,Credit Card,20250816_102356,57321,Discovery Pass,40801,,Rochelle,POS5,143.81,7.19,151
16-Aug-2025,Credit Card,20250816_102357,57162,100 Credit Top Up - Redemption,40801,,Rochelle,POS5,95.238,4.762,100
16-Aug-2025,Credit Card,20250816_102357,57162,50 AED Top Up - Redemption,40801,,Rochelle,POS5,47.619,2.381,50
16-Aug-2025,Credit Card,20250816_102361,57052,Card Deposit,40801,,Sirjana,POS4,4.762,0.238,5
16-Aug-2025,Credit Card,20250816_102361,57321,Fazaa - Get Tired Playing,40801,,Sirjana,POS4,0,0,0
16-Aug-2025,Credit Card,20250816_102361,57322,Multiplex Karting - ADULTS,40801,,Sirjana,POS4,240,12,252
16-Aug-2025,Credit Card,20250816_102362,51305,Shoe Rent,40801,,Jennilyn,POS5,28.571,1.429,30
16-Aug-2025,Credit Card,20250816_102362,51305,Socks,40801,,Jennilyn,POS5,19.048,0.952,20
16-Aug-2025,Credit Card,20250816_102362,57052,Card Deposit,40801,,Jennilyn,POS5,4.762,0.238,5
16-Aug-2025,Credit Card,20250816_102362,57322,Multiplex Karting - ADULTS,40801,,Jennilyn,POS5,120,6,126
16-Aug-2025,Credit Card,20250816_102362,57322,Multiplex Karting - Dual Drive,40801,,Jennilyn,POS5,299.048,14.952,314
16-Aug-2025,Credit Card,20250816_102363,57052,Card Deposit,40801,,Sirjana,POS4,4.762,0.238,5
16-Aug-2025,Credit Card,20250816_102363,57322,Multiplex Karting - ADULTS,40801,,Sirjana,POS4,120,6,126
16-Aug-2025,Credit Card,20250816_102363,57322,Multiplex Karting - Dual Drive,40801,,Sirjana,POS4,149.524,7.476,157
16-Aug-2025,Credit Card,20250816_102365,57052,Card Deposit,40801,,Sirjana,POS4,4.762,0.238,5
16-Aug-2025,Credit Card,20250816_102365,57322,Multiplex Karting - ADULTS,40801,,Sirjana,POS4,360,18,378
16-Aug-2025,Credit Card,20250816_102366,51305,Shoe Rent,40801,,Jennilyn,POS5,14.286,0.714,15
16-Aug-2025,Credit Card,20250816_102366,51305,Socks,40801,,Jennilyn,POS5,9.524,0.476,10
16-Aug-2025,Credit Card,20250816_102366,57052,Card Deposit,40801,,Jennilyn,POS5,4.762,0.238,5
16-Aug-2025,Credit Card,20250816_102366,57322,Multiplex Karting - ADULTS,40801,,Jennilyn,POS5,360,18,378
16-Aug-2025,Credit Card,20250816_102367,57321,Discovery Pass,40801,,Sirjana,POS4,287.619,14.381,302
16-Aug-2025,Credit Card,20250816_102372,57052,Card Deposit,40801,,Jennilyn,POS5,4.762,0.238,5
16-Aug-2025,Credit Card,20250816_102372,57322,Multiplex Karting - ADULTS,40801,,Jennilyn,POS5,120,6,126
16-Aug-2025,Credit Card,20250816_102373,57321,Adventure Pass,40801,,Jennilyn,POS5,377.143,18.857,396
16-Aug-2025,Credit Card,20250816_102375,57052,Card Deposit,40801,,Abdelmoula,POS6,4.762,0.238,5
16-Aug-2025,Credit Card,20250816_102375,57322,Multiplex Karting - ADULTS,40801,,Abdelmoula,POS6,120,6,126
16-Aug-2025,Credit Card,20250816_102377,57323,Rope Course,40801,,Abdelmoula,POS6,29.524,1.476,31
16-Aug-2025,Credit Card,20250816_102380,57052,Card Deposit,40801,,Jennilyn,POS5,4.762,0.238,5
16-Aug-2025,Credit Card,20250816_102380,57162,100 Credit Top Up - Redemption,40801,,Jennilyn,POS5,95.238,4.762,100
16-Aug-2025,Credit Card,20250816_102381,57321,Discovery Pass,40801,,Glory Mae,POS3,287.619,14.381,302
16-Aug-2025,Credit Card,20250816_102383,57321,Discovery Pass Combo to Kartin,40801,,Glory Mae,POS3,120.905,6.045,126.95
16-Aug-2025,Credit Card,20250816_102383,57322,Karting Combo to Discovery Pas,40801,,Glory Mae,POS3,102.905,5.145,108.05
16-Aug-2025,Credit Card,20250816_102385,57321,Discovery Pass,40801,,Jennilyn,POS5,143.81,7.19,151
16-Aug-2025,Credit Card,20250816_102386,57323,Flip Out,40801,,Glory Mae,POS3,24.762,1.238,26
16-Aug-2025,Credit Card,20250816_102387,57321,Get Tired Playing - 50% Staff ,40801,,Abdelmoula,POS6,299.048,14.952,314
16-Aug-2025,Credit Card,20250816_102389,57323,Through the Roof,40801,,Glory Mae,POS3,29.524,1.476,31
16-Aug-2025,Credit Card,20250816_102391,57323,Flip Out,40801,,Abdelmoula,POS6,24.762,1.238,26
16-Aug-2025,Credit Card,20250816_102394,57321,Discovery Pass,40801,,Jennilyn,POS5,143.81,7.19,151
16-Aug-2025,Credit Card,20250816_102398,57321,Discovery Pass,40801,,Jennilyn,POS5,143.81,7.19,151
16-Aug-2025,Credit Card,20250816_102400,57052,Card Deposit,40801,,Glory Mae,POS3,4.762,0.238,5
16-Aug-2025,Credit Card,20250816_102400,57322,Multiplex Karting - ADULTS,40801,,Glory Mae,POS3,240,12,252
16-Aug-2025,Credit Card,20250816_102406,51305,Socks,40801,,Abdelmoula,POS6,9.524,0.476,10
16-Aug-2025,Credit Card,20250816_102406,57323,Toddler Playland Unlimited,40801,,Abdelmoula,POS6,188.571,9.429,198
16-Aug-2025,Credit Card,20250816_102407,51305,Shoe Rent,40801,,Glory Mae,POS3,14.286,0.714,15
16-Aug-2025,Credit Card,20250816_102407,57321,Get Tired Playing ,40801,,Glory Mae,POS3,897.143,44.857,942
16-Aug-2025,Credit Card,20250816_102409,57321,Discovery Pass,40801,,Abdelmoula,POS6,431.429,21.571,453
16-Aug-2025,Credit Card,20250816_102410,57322,Karting - Adults - 50% Staff D,40801,,Glory Mae,POS3,180,9,189
16-Aug-2025,Credit Card,20250816_102411,57162,50 AED Top Up - Redemption,40801,,Glory Mae,POS3,47.619,2.381,50
16-Aug-2025,Credit Card,20250816_102413,51305,Socks,40801,,Sirjana,POS4,9.524,0.476,10
16-Aug-2025,Credit Card,20250816_102415,51305,Socks,40801,,Abdelmoula,POS6,9.524,0.476,10
16-Aug-2025,Credit Card,20250816_102416,57052,Card Deposit,40801,,Sirjana,POS4,4.762,0.238,5
16-Aug-2025,Credit Card,20250816_102416,57162,50 AED Top Up - Redemption,40801,,Sirjana,POS4,47.619,2.381,50
16-Aug-2025,Credit Card,20250816_102417,57321,Discovery Pass,40801,,Abdelmoula,POS6,143.81,7.19,151
16-Aug-2025,Credit Card,20250816_102419,51305,Socks,40801,,Sirjana,POS4,28.571,1.429,30
16-Aug-2025,Credit Card,20250816_102419,57321,Get Tired Playing ,40801,,Sirjana,POS4,598.095,29.905,628
16-Aug-2025,Credit Card,20250816_102420,57052,Card Deposit,40801,,Jennilyn,POS5,4.762,0.238,5
16-Aug-2025,Credit Card,20250816_102420,57321,Fazaa - Get Tired Playing,40801,,Jennilyn,POS5,0,0,0
16-Aug-2025,Credit Card,20250816_102420,57322,Multiplex Karting - ADULTS,40801,,Jennilyn,POS5,240,12,252
16-Aug-2025,Credit Card,20250816_102421,57052,Card Deposit,40801,,Abdelmoula,POS6,4.762,0.238,5
16-Aug-2025,Credit Card,20250816_102421,57322,Multiplex Karting - JUNIOR,40801,,Abdelmoula,POS6,80,4,84
16-Aug-2025,Credit Card,20250816_102421,57323,Through the Roof,40801,,Abdelmoula,POS6,29.524,1.476,31
16-Aug-2025,Credit Card,20250816_102422,57321,Discovery Pass,40801,,Sirjana,POS4,431.429,21.571,453
16-Aug-2025,Credit Card,20250816_102423,57323,Lockers ,40801,,Sirjana,POS4,9.524,0.476,10
16-Aug-2025,Credit Card,20250816_102424,57323,Inflatable 20mins - 29 AED,40801,,Jennilyn,POS5,27.619,1.381,29
16-Aug-2025,Credit Card,20250816_102425,57052,Card Deposit,40801,,Jennilyn,POS5,4.762,0.238,5
16-Aug-2025,Credit Card,20250816_102425,57322,Multiplex Karting - ADULTS,40801,,Jennilyn,POS5,480,24,504
16-Aug-2025,Credit Card,20250816_102425,57322,Multiplex Karting - Dual Drive,40801,,Jennilyn,POS5,149.524,7.476,157
16-Aug-2025,Credit Card,20250816_102426,57052,Card Deposit,40801,,Sirjana,POS4,4.762,0.238,5
16-Aug-2025,Credit Card,20250816_102426,57162,50 AED Top Up - Redemption,40801,,Sirjana,POS4,47.619,2.381,50
16-Aug-2025,Credit Card,20250816_102426,57321,Discovery Pass Combo to Kartin,40801,,Sirjana,POS4,241.81,12.09,253.9
16-Aug-2025,Credit Card,20250816_102426,57322,Karting Combo to Discovery Pas,40801,,Sirjana,POS4,205.81,10.29,216.1
16-Aug-2025,Credit Card,20250816_102427,51305,Socks,40801,,Jennilyn,POS5,19.048,0.952,20
16-Aug-2025,Credit Card,20250816_102427,57323,Inflatable 1 Hour - 99AED,40801,,Jennilyn,POS5,188.571,9.429,198
16-Aug-2025,Credit Card,20250816_102428,51605,Face Art - Full Size,40801,,Manisha,POS7,36.19,1.81,38
16-Aug-2025,Credit Card,20250816_102429,57324,Climbing Wall Session - 15minu,40801,,Sirjana,POS4,34.286,1.714,36
16-Aug-2025,Credit Card,20250816_102430,51305,Socks,40801,,Jennilyn,POS5,19.048,0.952,20
16-Aug-2025,Credit Card,20250816_102431,51305,Socks,40801,,Sirjana,POS4,9.524,0.476,10
16-Aug-2025,Credit Card,20250816_102433,57321,Discovery Pass,40801,,Sirjana,POS4,287.619,14.381,302
16-Aug-2025,Credit Card,20250816_102434,57321,Adventure Pass,40801,,Sirjana,POS4,188.571,9.429,198
16-Aug-2025,Credit Card,20250816_102435,57052,Card Deposit,40801,,Jennilyn,POS5,4.762,0.238,5
16-Aug-2025,Credit Card,20250816_102435,57322,Multiplex Karting - ADULTS,40801,,Jennilyn,POS5,240,12,252
16-Aug-2025,Credit Card,20250816_102436,57162,100 Credit Top Up - Redemption,40801,,Sirjana,POS4,95.238,4.762,100
16-Aug-2025,Credit Card,20250816_102436,57321,Thriller Pass,40801,,Sirjana,POS4,457.143,22.857,480
16-Aug-2025,Credit Card,20250816_102437,57321,Discovery Pass,40801,,Jennilyn,POS5,143.81,7.19,151
16-Aug-2025,Credit Card,20250816_102438,57321,Discovery Pass Combo to Kartin,40801,,Jennilyn,POS5,120.905,6.045,126.95
16-Aug-2025,Credit Card,20250816_102438,57322,Karting Combo to Discovery Pas,40801,,Jennilyn,POS5,102.905,5.145,108.05
16-Aug-2025,Credit Card,20250816_102439,57322,Entertainer Fluid Art - Medium,40801,,Manisha,POS7,356.19,17.81,374
16-Aug-2025,Credit Card,20250816_102442,57052,Card Deposit,40801,,Abdelmoula,POS6,4.762,0.238,5
16-Aug-2025,Credit Card,20250816_102442,57162,50 AED Top Up - Redemption,40801,,Abdelmoula,POS6,47.619,2.381,50
16-Aug-2025,Credit Card,20250816_102443,57052,Card Deposit,40801,,Abdelmoula,POS6,4.762,0.238,5
16-Aug-2025,Credit Card,20250816_102443,57322,Multiplex Karting - ADULTS,40801,,Abdelmoula,POS6,240,12,252
16-Aug-2025,Credit Card,20250816_102444,57323,Carousel,40801,,Sirjana,POS4,20,1,21
16-Aug-2025,Credit Card,20250816_102445,51305,Shoe Rent,40801,,Abdelmoula,POS6,14.286,0.714,15
16-Aug-2025,Credit Card,20250816_102445,51305,Socks,40801,,Abdelmoula,POS6,9.524,0.476,10
16-Aug-2025,Credit Card,20250816_102446,57052,Card Deposit,40801,,Abdelmoula,POS6,4.762,0.238,5
16-Aug-2025,Credit Card,20250816_102446,57322,Multiplex Karting - ADULTS,40801,,Abdelmoula,POS6,360,18,378
16-Aug-2025,Credit Card,20250816_102447,57052,Card Deposit,40801,,Jennilyn,POS5,4.762,0.238,5
16-Aug-2025,Credit Card,20250816_102447,57322,Multiplex Karting - ADULTS,40801,,Jennilyn,POS5,240,12,252
16-Aug-2025,Credit Card,20250816_102448,57321,Discovery Pass,40801,,Jennilyn,POS5,287.619,14.381,302
16-Aug-2025,Credit Card,20250816_102449,57162,50 AED Top Up - Redemption,40801,,Sirjana,POS4,47.619,2.381,50
16-Aug-2025,Credit Card,20250816_102450,57322,Multiplex Karting - Dual Drive,40801,,Jennilyn,POS5,149.524,7.476,157
16-Aug-2025,Credit Card,20250816_102452,57321,Discovery Pass,40801,,Abdelmoula,POS6,287.619,14.381,302
16-Aug-2025,Credit Card,20250816_102452,57323,Speed Glider,40801,,Abdelmoula,POS6,36.19,1.81,38
16-Aug-2025,Credit Card,20250816_102454,51605,Fluid Art - Meduim Fluid Bear ,40801,,Manisha,POS7,534.286,26.714,561
16-Aug-2025,Credit Card,20250816_102456,57052,Card Deposit,40801,,Abdelmoula,POS6,4.762,0.238,5
16-Aug-2025,Credit Card,20250816_102456,57162,50 AED Top Up - Redemption,40801,,Abdelmoula,POS6,47.619,2.381,50
16-Aug-2025,Credit Card,20250816_102457,57321,Discovery Pass Combo to Kartin,40801,,Sirjana,POS4,241.81,12.09,253.9
16-Aug-2025,Credit Card,20250816_102457,57322,Karting Combo to Discovery Pas,40801,,Sirjana,POS4,205.81,10.29,216.1
16-Aug-2025,Credit Card,20250816_102458,51605,Add Ons - Cennamoroll 17 cms,40801,,Manisha,POS7,160,8,168
16-Aug-2025,Credit Card,20250816_102459,57052,Card Deposit,40801,,Abdelmoula,POS6,4.762,0.238,5
16-Aug-2025,Credit Card,20250816_102459,57322,Multiplex Karting - ADULTS,40801,,Abdelmoula,POS6,240,12,252
16-Aug-2025,Credit Card,20250816_102460,51605,Add Ons - Freestyle Art - Larg,40801,,Manisha,POS7,98.095,4.905,103
16-Aug-2025,Credit Card,20250816_102460,51605,Fluid Art - Large Fluid Bear -,40801,,Manisha,POS7,269.524,13.476,283
16-Aug-2025,Credit Card,20250816_102460,51605,Fluid Art - Mickey Mouse - 20c,40801,,Manisha,POS7,144.762,7.238,152
16-Aug-2025,Credit Card,20250816_102460,51605,Tray Bear - 21cm,40801,,Manisha,POS7,152,7.6,159.6
16-Aug-2025,Credit Card,20250816_102461,57052,Card Deposit,40801,,Sirjana,POS4,4.762,0.238,5
16-Aug-2025,Credit Card,20250816_102461,57321,Discovery Pass,40801,,Sirjana,POS4,143.81,7.19,151
16-Aug-2025,Credit Card,20250816_102461,57322,Multiplex Karting - JUNIOR,40801,,Sirjana,POS4,80,4,84
16-Aug-2025,Credit Card,20250816_102462,57052,Card Deposit,40801,,Abdelmoula,POS6,4.762,0.238,5
16-Aug-2025,Credit Card,20250816_102462,57322,Multiplex Karting - ADULTS,40801,,Abdelmoula,POS6,360,18,378
16-Aug-2025,Credit Card,20250816_102463,57323,Speed Glider,40801,,Jennilyn,POS5,144.762,7.238,152
16-Aug-2025,Online Pay,20250816_102376,57321,Discovery Pass,40802, ,External POS,online,268.571,13.429,282
16-Aug-2025,Online Pay,20250816_102378,57321,Thriller Pass,40802, ,External POS,online,457.143,22.857,480
17-Aug-2025,,20250817_102465,57321,Fazaa - Get Tired Playing,40801,,Glory Mae,POS3,0,0,0
17-Aug-2025,,20250817_102468,57321,Fazaa - Get Tired Playing,40801,,Glory Mae,POS3,0,0,0
17-Aug-2025,,20250817_102478,57321,Fazaa - Get Tired Playing,40801,,Glory Mae,POS3,0,0,0
17-Aug-2025,,20250817_102482,57321,Fazaa - Get Tired Playing,40801,,Abdelmoula,POS5,0,0,0
17-Aug-2025,,20250817_102485,57321,Fazaa - Get Tired Playing,40801,,Abdelmoula,POS5,0,0,0
17-Aug-2025,,20250817_102487,57321,Fazaa - Get Tired Playing,40801,,Abdelmoula,POS5,0,0,0
17-Aug-2025,,20250817_102491,57321,Fazaa - Get Tired Playing,40801,,Sirjana,POS4,0,0,0
17-Aug-2025,,20250817_102495,57321,Fazaa - Get Tired Playing,40801,,Abdelmoula,POS5,0,0,0
17-Aug-2025,,20250817_102496,57321,Fazaa - Get Tired Playing,40801,,Glory Mae,POS3,0,0,0
17-Aug-2025,,20250817_102509,57321,Fazaa - Get Tired Playing,40801,,Glory Mae,POS3,0,0,0
17-Aug-2025,,20250817_102515,57321,Fazaa - Get Tired Playing,40801,,Glory Mae,POS3,0,0,0
17-Aug-2025,,20250817_102520,57321,Fazaa - Get Tired Playing,40801,,Abdelmoula,POS5,0,0,0
17-Aug-2025,,20250817_102521,57321,Fazaa - Get Tired Playing,40801,,Glory Mae,POS3,0,0,0
17-Aug-2025,,20250817_102523,57321,Fazaa - Get Tired Playing,40801,,Abdelmoula,POS5,0,0,0
17-Aug-2025,,20250817_102527,57321,Fazaa - Get Tired Playing,40801,,Glory Mae,POS3,0,0,0
17-Aug-2025,,20250817_102528,57321,Fazaa - Get Tired Playing,40801,,Sirjana,POS4,0,0,0
17-Aug-2025,,20250817_102530,57321,Fazaa - Get Tired Playing,40801,,Glory Mae,POS3,0,0,0
17-Aug-2025,,20250817_102532,57321,Fazaa - Get Tired Playing,40801,,Abdelmoula,POS5,0,0,0
17-Aug-2025,,20250817_102537,57321,Fazaa - Get Tired Playing,40801,,Sirjana,POS4,0,0,0
17-Aug-2025,,20250817_102545,57321,Fazaa - Get Tired Playing,40801,,Abdelmoula,POS5,0,0,0
17-Aug-2025,Cash,20250817_102499,57321,Adventure Pass - 50% Staff Dis,40801,,Abdelmoula,POS5,89.524,4.476,94
17-Aug-2025,Cash,20250817_102511,57321,Fazaa - Get Tired Playing,40801,,Sirjana,POS4,0,0,0
17-Aug-2025,Cash,20250817_102511,57323,Toddler Playland Unlimited,40801,,Sirjana,POS4,94.286,4.714,99
17-Aug-2025,Cash,20250817_102550,57162,50 AED Top Up - Redemption,40801,,Abdelmoula,POS5,47.619,2.381,50
17-Aug-2025,Credit Card,20250817_102466,57321,Thriller Pass 20% ADCB Card Ho,40801,,Glory Mae,POS3,548.571,27.429,576
17-Aug-2025,Credit Card,20250817_102469,57321,Thriller Pass,40801,,Glory Mae,POS3,228.571,11.429,240
17-Aug-2025,Credit Card,20250817_102470,57321,Get Tired Playing ,40801,,Glory Mae,POS3,299.048,14.952,314
17-Aug-2025,Credit Card,20250817_102470,57323,Toddler Playland Unlimited,40801,,Glory Mae,POS3,94.286,4.714,99
17-Aug-2025,Credit Card,20250817_102471,57052,Card Deposit,40801,,Glory Mae,POS3,4.762,0.238,5
17-Aug-2025,Credit Card,20250817_102471,57162,50 AED Top Up - Redemption,40801,,Glory Mae,POS3,47.619,2.381,50
17-Aug-2025,Credit Card,20250817_102472,57321,Discovery Pass Combo to Kartin,40801,,Glory Mae,POS3,120.905,6.045,126.95
17-Aug-2025,Credit Card,20250817_102472,57322,Karting Combo to Discovery Pas,40801,,Glory Mae,POS3,102.905,5.145,108.05
17-Aug-2025,Credit Card,20250817_102473,57162,100 Credit Top Up - Redemption,40801,,Glory Mae,POS3,95.238,4.762,100
17-Aug-2025,Credit Card,20250817_102474,57052,Card Deposit,40801,,Glory Mae,POS3,4.762,0.238,5
17-Aug-2025,Credit Card,20250817_102474,57322,Multiplex Karting - JUNIOR - D,40801,,Glory Mae,POS3,266.667,13.333,280
17-Aug-2025,Credit Card,20250817_102475,57052,Card Deposit,40801,,Glory Mae,POS3,4.762,0.238,5
17-Aug-2025,Credit Card,20250817_102475,57322,Multiplex Karting - ADULTS - D,40801,,Glory Mae,POS3,200,10,210
17-Aug-2025,Credit Card,20250817_102475,57322,Multiplex Karting - JUNIOR - D,40801,,Glory Mae,POS3,133.333,6.667,140
17-Aug-2025,Credit Card,20250817_102476,57162,50 AED Top Up - Redemption,40801,,Glory Mae,POS3,47.619,2.381,50
17-Aug-2025,Credit Card,20250817_102477,57322,Multiplex Karting - Dual Drive,40801,,Glory Mae,POS3,149.524,7.476,157
17-Aug-2025,Credit Card,20250817_102479,57052,Card Deposit,40801,,Sirjana,POS4,4.762,0.238,5
17-Aug-2025,Credit Card,20250817_102479,57162,100 Credit Top Up - Redemption,40801,,Sirjana,POS4,95.238,4.762,100
17-Aug-2025,Credit Card,20250817_102480,51605,Face Art - Full Size,40801,,Manisha,POS7,72.381,3.619,76
17-Aug-2025,Credit Card,20250817_102481,57322,Multiplex Karting - ADULTS - D,40801,,Glory Mae,POS3,200,10,210
17-Aug-2025,Credit Card,20250817_102483,57052,Card Deposit,40801,,Abdelmoula,POS5,4.762,0.238,5
17-Aug-2025,Credit Card,20250817_102483,57322,Multiplex Karting - ADULTS,40801,,Abdelmoula,POS5,240,12,252
17-Aug-2025,Credit Card,20250817_102483,57322,Multiplex Karting - JUNIOR,40801,,Abdelmoula,POS5,80,4,84
17-Aug-2025,Credit Card,20250817_102484,57323,Stunt Bags,40801,,Sirjana,POS4,14.286,0.714,15
17-Aug-2025,Credit Card,20250817_102486,57325,Birthday Package 2 (Adventure ,40801,,Sirjana,POS4,1785,89.25,1874.25
17-Aug-2025,Credit Card,20250817_102489,57321,Adventure Pass,40801,,Sirjana,POS4,188.571,9.429,198
17-Aug-2025,Credit Card,20250817_102490,51305,Shoe Rent,40801,,Abdelmoula,POS5,28.571,1.429,30
17-Aug-2025,Credit Card,20250817_102490,57052,Card Deposit,40801,,Abdelmoula,POS5,4.762,0.238,5
17-Aug-2025,Credit Card,20250817_102490,57322,Multiplex Karting - ADULTS,40801,,Abdelmoula,POS5,240,12,252
17-Aug-2025,Credit Card,20250817_102492,57052,Card Deposit,40801,,Abdelmoula,POS5,4.762,0.238,5
17-Aug-2025,Credit Card,20250817_102492,57162,50 AED Top Up - Redemption,40801,,Abdelmoula,POS5,47.619,2.381,50
17-Aug-2025,Credit Card,20250817_102493,57323,Toddler Playland Unlimited,40801,,Abdelmoula,POS5,94.286,4.714,99
17-Aug-2025,Credit Card,20250817_102494,57052,Card Deposit,40801,,Abdelmoula,POS5,4.762,0.238,5
17-Aug-2025,Credit Card,20250817_102494,57322,Multiplex Karting - ADULTS,40801,,Abdelmoula,POS5,240,12,252
17-Aug-2025,Credit Card,20250817_102497,57052,Card Deposit,40801,,Glory Mae,POS3,4.762,0.238,5
17-Aug-2025,Credit Card,20250817_102497,57162,100 Credit Top Up - Redemption,40801,,Glory Mae,POS3,95.238,4.762,100
17-Aug-2025,Credit Card,20250817_102498,57321,Toddler Pass,40801,,Sirjana,POS4,99.048,4.952,104
17-Aug-2025,Credit Card,20250817_102500,57321,Adventure Pass,40801,,Glory Mae,POS3,188.571,9.429,198
17-Aug-2025,Credit Card,20250817_102501,57321,Adventure Pass,40801,,Glory Mae,POS3,188.571,9.429,198
17-Aug-2025,Credit Card,20250817_102502,57052,Card Deposit,40801,,Sirjana,POS4,4.762,0.238,5
17-Aug-2025,Credit Card,20250817_102502,57321,Fazaa - Get Tired Playing,40801,,Sirjana,POS4,0,0,0
17-Aug-2025,Credit Card,20250817_102502,57322,Multiplex Karting - JUNIOR,40801,,Sirjana,POS4,80,4,84
17-Aug-2025,Credit Card,20250817_102503,57321,Discovery Pass,40801,,Sirjana,POS4,143.81,7.19,151
17-Aug-2025,Credit Card,20250817_102505,57321,Get Tired Playing ,40801,,Sirjana,POS4,299.048,14.952,314
17-Aug-2025,Credit Card,20250817_102506,57321,Get Tired Playing 20% ADCB Car,40801,,Sirjana,POS4,478.476,23.924,502.4
17-Aug-2025,Credit Card,20250817_102507,57321,Adventure Pass - 50% Staff Dis,40801,,Glory Mae,POS3,89.524,4.476,94
17-Aug-2025,Credit Card,20250817_102507,57321,Get Tired Playing - 50% Staff ,40801,,Glory Mae,POS3,149.524,7.476,157
17-Aug-2025,Credit Card,20250817_102508,57321,Discovery Pass,40801,,Sirjana,POS4,143.81,7.19,151
17-Aug-2025,Credit Card,20250817_102508,57321,POD - Discovery Pass - 70.50 A,40801,,Sirjana,POS4,67.143,3.357,70.5
17-Aug-2025,Credit Card,20250817_102510,57323,Lockers ,40801,,Glory Mae,POS3,9.524,0.476,10
17-Aug-2025,Credit Card,20250817_102512,57052,Card Deposit,40801,,Glory Mae,POS3,4.762,0.238,5
17-Aug-2025,Credit Card,20250817_102512,57162,100 Credit Top Up - Redemption,40801,,Glory Mae,POS3,95.238,4.762,100
17-Aug-2025,Credit Card,20250817_102513,57323,Toddler Playland Unlimited,40801,,Sirjana,POS4,188.571,9.429,198
17-Aug-2025,Credit Card,20250817_102514,57323,Carousel,40801,,Glory Mae,POS3,20,1,21
17-Aug-2025,Credit Card,20250817_102516,57052,Card Deposit,40801,,Glory Mae,POS3,4.762,0.238,5
17-Aug-2025,Credit Card,20250817_102516,57322,Multiplex Karting - JUNIOR,40801,,Glory Mae,POS3,160,8,168
17-Aug-2025,Credit Card,20250817_102517,57321,Discovery Pass,40801,,Abdelmoula,POS5,575.238,28.762,604
17-Aug-2025,Credit Card,20250817_102518,57321,Get Tired Playing ,40801,,Glory Mae,POS3,299.048,14.952,314
17-Aug-2025,Credit Card,20250817_102519,57321,Get Tired Playing ,40801,,Glory Mae,POS3,598.095,29.905,628
17-Aug-2025,Credit Card,20250817_102522,57162,100 Credit Top Up - Redemption,40801, ,Mohammed,POS4,95.238,4.762,100
17-Aug-2025,Credit Card,20250817_102524,57321,Get Tired Playing ,40801,,Glory Mae,POS3,598.095,29.905,628
17-Aug-2025,Credit Card,20250817_102524,57321,Thriller Pass,40801,,Glory Mae,POS3,228.571,11.429,240
17-Aug-2025,Credit Card,20250817_102525,57323,Toddler Playland Unlimited,40801,,Glory Mae,POS3,94.286,4.714,99
17-Aug-2025,Credit Card,20250817_102526,57323,Inflatable 1 Hour - 99AED,40801,,Abdelmoula,POS5,188.571,9.429,198
17-Aug-2025,Credit Card,20250817_102529,51305,Shoe and Locker Rent,40801,,Sirjana,POS4,19.048,0.952,20
17-Aug-2025,Credit Card,20250817_102529,51305,Shoe Rent,40801,,Sirjana,POS4,42.857,2.143,45
17-Aug-2025,Credit Card,20250817_102529,51305,Socks,40801,,Sirjana,POS4,38.095,1.905,40
17-Aug-2025,Credit Card,20250817_102529,57321,Fazaa - Get Tired Playing,40801,,Sirjana,POS4,0,0,0
17-Aug-2025,Credit Card,20250817_102531,57323,Toddler Playland Unlimited,40801,,Glory Mae,POS3,94.286,4.714,99
17-Aug-2025,Credit Card,20250817_102533,57321,Discovery Pass,40801,,Glory Mae,POS3,287.619,14.381,302
17-Aug-2025,Credit Card,20250817_102534,57162,50 AED Top Up - Redemption,40801, ,External POS,KIOSK1,47.619,2.381,50
17-Aug-2025,Credit Card,20250817_102535,57323,Inflatable 20mins - 29 AED,40801,,Glory Mae,POS3,27.619,1.381,29
17-Aug-2025,Credit Card,20250817_102536,51305,Shoe Rent,40801,,Sirjana,POS4,42.857,2.143,45
17-Aug-2025,Credit Card,20250817_102536,51305,Socks,40801,,Sirjana,POS4,28.571,1.429,30
17-Aug-2025,Credit Card,20250817_102536,57052,Card Deposit,40801,,Sirjana,POS4,4.762,0.238,5
17-Aug-2025,Credit Card,20250817_102536,57322,Multiplex Karting - Dual Drive,40801,,Sirjana,POS4,299.048,14.952,314
17-Aug-2025,Credit Card,20250817_102538,57323,Carousel,40801,,Abdelmoula,POS5,20,1,21
17-Aug-2025,Credit Card,20250817_102538,57323,Fun Walls,40801,,Abdelmoula,POS5,29.524,1.476,31
17-Aug-2025,Credit Card,20250817_102538,57323,Through the Roof,40801,,Abdelmoula,POS5,29.524,1.476,31
17-Aug-2025,Credit Card,20250817_102539,57321,Toddler Pass,40801,,Sirjana,POS4,99.048,4.952,104
17-Aug-2025,Credit Card,20250817_102540,57323,Through the Roof,40801,,Sirjana,POS4,29.524,1.476,31
17-Aug-2025,Credit Card,20250817_102541,57321,Thriller Pass,40801,,Sirjana,POS4,685.714,34.286,720
17-Aug-2025,Credit Card,20250817_102542,51305,Socks,40801,,Sirjana,POS4,9.524,0.476,10
17-Aug-2025,Credit Card,20250817_102542,57321,Fazaa - Get Tired Playing,40801,,Sirjana,POS4,0,0,0
17-Aug-2025,Credit Card,20250817_102542,57323,Toddler Playland Unlimited,40801,,Sirjana,POS4,94.286,4.714,99
17-Aug-2025,Credit Card,20250817_102543,57323,Through the Roof,40801,,Sirjana,POS4,29.524,1.476,31
17-Aug-2025,Credit Card,20250817_102544,57322,Multiplex Karting - ADULTS,40801,,Abdelmoula,POS5,120,6,126
17-Aug-2025,Credit Card,20250817_102544,57322,Multiplex Karting - JUNIOR,40801,,Abdelmoula,POS5,80,4,84
17-Aug-2025,Credit Card,20250817_102546,57323,Inflatable 1 Hour - 99AED,40801,,Sirjana,POS4,188.571,9.429,198
17-Aug-2025,Credit Card,20250817_102546,57323,Led Slides,40801,,Sirjana,POS4,9.524,0.476,10
17-Aug-2025,Credit Card,20250817_102546,57323,Through the Roof,40801,,Sirjana,POS4,88.571,4.429,93
17-Aug-2025,Credit Card,20250817_102547,57323,Through the Roof,40801,,Abdelmoula,POS5,59.048,2.952,62
17-Aug-2025,Credit Card,20250817_102548,57052,Card Deposit,40801,,Abdelmoula,POS5,4.762,0.238,5
17-Aug-2025,Credit Card,20250817_102548,57162,50 AED Top Up - Redemption,40801,,Abdelmoula,POS5,47.619,2.381,50
17-Aug-2025,Credit Card,20250817_102549,57321,Adventure Pass,40801,,Abdelmoula,POS5,754.286,37.714,792
17-Aug-2025,Credit Card,20250817_102551,57052,Card Deposit,40801,,Jennilyn,POS6,4.762,0.238,5
17-Aug-2025,Credit Card,20250817_102551,57322,Multiplex Karting - ADULTS,40801,,Jennilyn,POS6,240,12,252
17-Aug-2025,Credit Card,20250817_102552,57322,Multiplex Karting - ADULTS,40801,,Abdelmoula,POS5,240,12,252
17-Aug-2025,Credit Card,20250817_102553,57321,Discovery Pass,40801,,Abdelmoula,POS5,287.619,14.381,302
17-Aug-2025,Credit Card,20250817_102554,57322,Multiplex Karting - ADULTS,40801,,Sirjana,POS4,240,12,252
17-Aug-2025,Credit Card,20250817_102555,57323,Inflatable 20mins - 29 AED,40801,,Abdelmoula,POS5,55.238,2.762,58
17-Aug-2025,Online Pay,20250817_102467,57321,Thriller Pass,40802, ,External POS,online,685.714,34.286,720
18-Aug-2025,,20250818_102562,57321,Fazaa - Get Tired Playing,40801,,Rochelle,POS6,0,0,0
18-Aug-2025,,20250818_102563,57321,Fazaa - Get Tired Playing,40801,,Rochelle,POS6,0,0,0
18-Aug-2025,,20250818_102564,57321,Fazaa - Get Tired Playing,40801,,Rochelle,POS6,0,0,0
18-Aug-2025,,20250818_102568,57321,Fazaa - Get Tired Playing,40801,,Rochelle,POS6,0,0,0
18-Aug-2025,,20250818_102569,57321,Fazaa - Get Tired Playing,40801,,Rochelle,POS6,0,0,0
18-Aug-2025,,20250818_102571,57321,Fazaa - Get Tired Playing,40801,,Rochelle,POS6,0,0,0
18-Aug-2025,,20250818_102577,57321,Fazaa - Get Tired Playing,40801,,Jennilyn,POS5,0,0,0
18-Aug-2025,,20250818_102578,57321,Fazaa - Get Tired Playing,40801,,Shaikha,POS6,0,0,0
18-Aug-2025,,20250818_102581,57321,Fazaa - Get Tired Playing,40801,,Abdelmoula,POS3,0,0,0
18-Aug-2025,,20250818_102583,57321,Fazaa - Get Tired Playing,40801,,Shaikha,POS6,0,0,0
18-Aug-2025,,20250818_102587,57321,Fazaa - Get Tired Playing,40801,,Shaikha,POS6,0,0,0
18-Aug-2025,,20250818_102591,57321,Fazaa - Get Tired Playing,40801,,Sirjana,POS4,0,0,0
18-Aug-2025,,20250818_102593,57321,Fazaa - Get Tired Playing,40801,,Shaikha,POS6,0,0,0
18-Aug-2025,,20250818_102602,57321,Fazaa - Get Tired Playing,40801,,Abdelmoula,POS3,0,0,0
18-Aug-2025,,20250818_102607,57321,Fazaa - Get Tired Playing,40801,,Shaikha,POS6,0,0,0
18-Aug-2025,,20250818_102608,57321,Fazaa - Get Tired Playing,40801,,Shaikha,POS6,0,0,0
18-Aug-2025,Cash,20250818_102576,57162,50 AED Top Up - Redemption,40801,,Rochelle,POS6,47.619,2.381,50
18-Aug-2025,Cash,20250818_102582,57052,Card Deposit,40801,,Shaikha,POS6,4.762,0.238,5
18-Aug-2025,Cash,20250818_102582,57322,Multiplex Karting - ADULTS,40801,,Shaikha,POS6,360,18,378
18-Aug-2025,Cash,20250818_102582,57322,Multiplex Karting - JUNIOR,40801,,Shaikha,POS6,80,4,84
18-Aug-2025,Cash,20250818_102584,57323,Lockers ,40801,,Shaikha,POS6,9.524,0.476,10
18-Aug-2025,Cash,20250818_102585,51305,Shoe Rent,40801,,Sirjana,POS4,28.571,1.429,30
18-Aug-2025,Cash,20250818_102585,51305,Socks,40801,,Sirjana,POS4,19.048,0.952,20
18-Aug-2025,Cash,20250818_102588,57321,Thriller Pass,40801,,Abdelmoula,POS3,685.714,34.286,720
18-Aug-2025,Cash,20250818_102589,51305,Socks,40801,,Sirjana,POS4,9.524,0.476,10
18-Aug-2025,Cash,20250818_102596,57162,50 AED Top Up - Redemption,40801,,Sirjana,POS4,47.619,2.381,50
18-Aug-2025,Cash,20250818_102598,57052,Card Deposit,40801,,Sirjana,POS4,4.762,0.238,5
18-Aug-2025,Cash,20250818_102598,57322,Multiplex Karting - ADULTS,40801,,Sirjana,POS4,120,6,126
18-Aug-2025,Cash,20250818_102605,51305,Shoe Rent,40801,,Sirjana,POS4,14.286,0.714,15
18-Aug-2025,Cash,20250818_102605,57052,Card Deposit,40801,,Sirjana,POS4,4.762,0.238,5
18-Aug-2025,Cash,20250818_102605,57322,Multiplex Karting - ADULTS,40801,,Sirjana,POS4,120,6,126
18-Aug-2025,Cash,20250818_102616,57323,Spot Sale,40801,,Glory Mae,Tablet 3,47.619,2.381,50
18-Aug-2025,Credit Card,20250818_102556,57321,Discovery Pass Combo to Kartin,40801,,Rochelle,POS6,241.81,12.09,253.9
18-Aug-2025,Credit Card,20250818_102556,57322,Karting Combo to Discovery Pas,40801,,Rochelle,POS6,205.81,10.29,216.1
18-Aug-2025,Credit Card,20250818_102557,51305,Socks,40801,,Rochelle,POS6,9.524,0.476,10
18-Aug-2025,Credit Card,20250818_102559,51305,Socks,40801,,Rochelle,POS6,9.524,0.476,10
18-Aug-2025,Credit Card,20250818_102559,57321,Fazaa - Get Tired Playing,40801,,Rochelle,POS6,0.001,0,0.001
18-Aug-2025,Credit Card,20250818_102560,57052,Card Deposit,40801,,Rochelle,POS6,4.762,0.238,5
18-Aug-2025,Credit Card,20250818_102560,57322,Multiplex Karting - ADULTS,40801,,Rochelle,POS6,240,12,252
18-Aug-2025,Credit Card,20250818_102561,57052,Card Deposit,40801,,Rochelle,POS6,4.762,0.238,5
18-Aug-2025,Credit Card,20250818_102561,57162,100 Credit Top Up - Redemption,40801,,Rochelle,POS6,95.238,4.762,100
18-Aug-2025,Credit Card,20250818_102565,51305,Shoe Rent,40801,,Rochelle,POS6,14.286,0.714,15
18-Aug-2025,Credit Card,20250818_102565,51305,Socks,40801,,Rochelle,POS6,38.095,1.905,40
18-Aug-2025,Credit Card,20250818_102566,51305,Shoe Rent,40801,,Rochelle,POS6,14.286,0.714,15
18-Aug-2025,Credit Card,20250818_102567,57052,Card Deposit,40801,,Rochelle,POS6,4.762,0.238,5
18-Aug-2025,Credit Card,20250818_102567,57322,Multiplex Karting - ADULTS,40801,,Rochelle,POS6,120,6,126
18-Aug-2025,Credit Card,20250818_102567,57322,Multiplex Karting - JUNIOR,40801,,Rochelle,POS6,80,4,84
18-Aug-2025,Credit Card,20250818_102570,57162,50 AED Top Up - Redemption,40801,,Rochelle,POS6,47.619,2.381,50
18-Aug-2025,Credit Card,20250818_102572,57052,Card Deposit,40801,,Rochelle,POS6,4.762,0.238,5
18-Aug-2025,Credit Card,20250818_102572,57322,Multiplex Karting - ADULTS,40801,,Rochelle,POS6,120,6,126
18-Aug-2025,Credit Card,20250818_102572,57322,Multiplex Karting - Dual Drive,40801,,Rochelle,POS6,149.524,7.476,157
18-Aug-2025,Credit Card,20250818_102573,57052,Card Deposit,40801,,Rochelle,POS6,4.762,0.238,5
18-Aug-2025,Credit Card,20250818_102573,57322,Multiplex Karting - ADULTS,40801,,Rochelle,POS6,240,12,252
18-Aug-2025,Credit Card,20250818_102573,57322,Multiplex Karting - Dual Drive,40801,,Rochelle,POS6,149.524,7.476,157
18-Aug-2025,Credit Card,20250818_102573,57322,Multiplex Karting - JUNIOR,40801,,Rochelle,POS6,80,4,84
18-Aug-2025,Credit Card,20250818_102574,57321,Get Tired Playing ,40801,,Rochelle,POS6,299.048,14.952,314
18-Aug-2025,Credit Card,20250818_102574,57321,Get Tired Playing Combo to Kar,40801,,Rochelle,POS6,271.181,13.559,284.74
18-Aug-2025,Credit Card,20250818_102574,57322,Karting Combo to Get Tired Pla,40801,,Rochelle,POS6,108.819,5.441,114.26
18-Aug-2025,Credit Card,20250818_102575,57322,Multiplex Karting - ADULTS,40801,,Jennilyn,POS5,360,18,378
18-Aug-2025,Credit Card,20250818_102575,57323,Through the Roof,40801,,Jennilyn,POS5,59.048,2.952,62
18-Aug-2025,Credit Card,20250818_102580,57052,Card Deposit,40801,,Abdelmoula,POS3,4.762,0.238,5
18-Aug-2025,Credit Card,20250818_102580,57321,Discovery Pass Combo to Kartin,40801,,Abdelmoula,POS3,362.714,18.136,380.85
18-Aug-2025,Credit Card,20250818_102580,57322,Karting Combo to Discovery Pas,40801,,Abdelmoula,POS3,308.714,15.436,324.15
18-Aug-2025,Credit Card,20250818_102580,57322,Multiplex Karting - ADULTS,40801,,Abdelmoula,POS3,240,12,252
18-Aug-2025,Credit Card,20250818_102580,57322,Multiplex Karting - JUNIOR,40801,,Abdelmoula,POS3,80,4,84
18-Aug-2025,Credit Card,20250818_102586,57321,Adventure Pass,40801,,Abdelmoula,POS3,377.143,18.857,396
18-Aug-2025,Credit Card,20250818_102586,57321,Discovery Pass,40801,,Abdelmoula,POS3,287.619,14.381,302
18-Aug-2025,Credit Card,20250818_102590,57321,Discovery Pass Combo to Kartin,40801,,Sirjana,POS4,241.81,12.09,253.9
18-Aug-2025,Credit Card,20250818_102590,57322,Karting Combo to Discovery Pas,40801,,Sirjana,POS4,205.81,10.29,216.1
18-Aug-2025,Credit Card,20250818_102592,51305,Socks,40801,,Sirjana,POS4,9.524,0.476,10
18-Aug-2025,Credit Card,20250818_102592,57321,Fazaa - Get Tired Playing,40801,,Sirjana,POS4,0,0,0
18-Aug-2025,Credit Card,20250818_102592,57323,Toddler Playland Unlimited,40801,,Sirjana,POS4,94.286,4.714,99
18-Aug-2025,Credit Card,20250818_102594,57321,Discovery Pass,40801,,Shaikha,POS6,719.048,35.952,755
18-Aug-2025,Credit Card,20250818_102594,57321,Toddler Pass,40801,,Shaikha,POS6,99.048,4.952,104
18-Aug-2025,Credit Card,20250818_102595,51305,Socks,40801,,Shaikha,POS6,9.524,0.476,10
18-Aug-2025,Credit Card,20250818_102597,51305,Shoe and Locker Rent,40801,,Sirjana,POS4,19.048,0.952,20
18-Aug-2025,Credit Card,20250818_102597,57321,Fazaa - Get Tired Playing,40801,,Sirjana,POS4,0,0,0
18-Aug-2025,Credit Card,20250818_102599,57321,Discovery Pass,40801,,Abdelmoula,POS3,143.81,7.19,151
18-Aug-2025,Credit Card,20250818_102600,57162,100 Credit Top Up - Redemption,40801,,Abdelmoula,POS3,95.238,4.762,100
18-Aug-2025,Credit Card,20250818_102600,57321,Toddler Pass,40801,,Abdelmoula,POS3,99.048,4.952,104
18-Aug-2025,Credit Card,20250818_102601,57323,Through the Roof,40801,,Abdelmoula,POS3,29.524,1.476,31
18-Aug-2025,Credit Card,20250818_102603,57321,Discovery Pass,40801,,Shaikha,POS6,287.619,14.381,302
18-Aug-2025,Credit Card,20250818_102603,57321,POD - Discovery Pass - 70.50 A,40801,,Shaikha,POS6,67.143,3.357,70.5
18-Aug-2025,Credit Card,20250818_102604,57052,Card Deposit,40801,,Sirjana,POS4,4.762,0.238,5
18-Aug-2025,Credit Card,20250818_102604,57322,Multiplex Karting - ADULTS,40801,,Sirjana,POS4,240,12,252
18-Aug-2025,Credit Card,20250818_102606,51305,Shoe Rent,40801,,Shaikha,POS6,14.286,0.714,15
18-Aug-2025,Credit Card,20250818_102606,51305,Socks,40801,,Shaikha,POS6,9.524,0.476,10
18-Aug-2025,Credit Card,20250818_102609,57052,Card Deposit,40801,,Shaikha,POS6,4.762,0.238,5
18-Aug-2025,Credit Card,20250818_102609,57322,Multiplex Karting - ADULTS,40801,,Shaikha,POS6,240,12,252
18-Aug-2025,Credit Card,20250818_102609,57322,Multiplex Karting - JUNIOR,40801,,Shaikha,POS6,80,4,84
18-Aug-2025,Credit Card,20250818_102610,57052,Card Deposit,40801,,Shaikha,POS6,4.762,0.238,5
18-Aug-2025,Credit Card,20250818_102610,57322,Multiplex Karting - ADULTS,40801,,Shaikha,POS6,360,18,378
18-Aug-2025,Credit Card,20250818_102611,51305,Shoe Rent,40801,,Shaikha,POS6,14.286,0.714,15
18-Aug-2025,Credit Card,20250818_102612,57321,Discovery Pass,40801,,Abdelmoula,POS3,143.81,7.19,151
18-Aug-2025,Credit Card,20250818_102613,57052,Card Deposit,40801,,Shaikha,POS6,4.762,0.238,5
18-Aug-2025,Credit Card,20250818_102613,57322,Multiplex Karting - ADULTS,40801,,Shaikha,POS6,240,12,252
18-Aug-2025,Credit Card,20250818_102614,57052,Card Deposit,40801,,Abdelmoula,POS3,4.762,0.238,5
18-Aug-2025,Credit Card,20250818_102614,57322,Multiplex Karting - ADULTS,40801,,Abdelmoula,POS3,240,12,252
18-Aug-2025,Credit Card,20250818_102615,51305,Shoe Rent,40801,,Abdelmoula,POS3,28.571,1.429,30
18-Aug-2025,Credit Card,20250818_102615,51305,Socks,40801,,Abdelmoula,POS3,19.048,0.952,20
18-Aug-2025,Credit Card,20250818_102617,51605,Add Ons - Fluid Art - Small Fl,40801,,Manisha,POS7,106.667,5.333,112
18-Aug-2025,Online Pay,20250818_102558,57321,Adventure Pass,40802, ,External POS,online,358.095,17.905,376
19-Aug-2025,,20250819_102619,57321,Fazaa - Get Tired Playing,40801,,Glory Mae,POS3,0,0,0
19-Aug-2025,,20250819_102620,57321,Fazaa - Get Tired Playing,40801,,Glory Mae,POS3,0,0,0
19-Aug-2025,,20250819_102621,57321,Fazaa - Get Tired Playing,40801,,Glory Mae,POS3,0,0,0
19-Aug-2025,,20250819_102623,57321,Fazaa - Get Tired Playing,40801,,Glory Mae,POS3,0,0,0
19-Aug-2025,,20250819_102628,57321,Fazaa - Get Tired Playing,40801,,Glory Mae,POS3,0,0,0
19-Aug-2025,,20250819_102630,57321,Fazaa - Get Tired Playing,40801,,Glory Mae,POS3,0,0,0
19-Aug-2025,,20250819_102631,57321,Fazaa - Get Tired Playing,40801,,Glory Mae,POS3,0,0,0
19-Aug-2025,,20250819_102632,57321,Fazaa - Get Tired Playing,40801,,Glory Mae,POS3,0,0,0
19-Aug-2025,,20250819_102634,57321,Fazaa - Get Tired Playing,40801,,Glory Mae,POS3,0,0,0
19-Aug-2025,,20250819_102645,57321,Fazaa - Get Tired Playing,40801,,Nuripa,POS6,0,0,0
19-Aug-2025,,20250819_102648,57321,Fazaa - Get Tired Playing,40801,,Shaikha,POS5,0,0,0
19-Aug-2025,,20250819_102649,57321,Fazaa - Get Tired Playing,40801,,Shaikha,POS5,0,0,0
19-Aug-2025,,20250819_102652,57321,Fazaa - Get Tired Playing,40801,,Shaikha,POS5,0,0,0
19-Aug-2025,,20250819_102657,57321,Fazaa - Get Tired Playing,40801,,Nuripa,POS6,0,0,0
19-Aug-2025,,20250819_102658,57321,Fazaa - Get Tired Playing,40801,,Glory Mae,POS3,0,0,0
19-Aug-2025,,20250819_102661,57321,Fazaa - Get Tired Playing,40801,,Glory Mae,POS3,0,0,0
19-Aug-2025,,20250819_102662,57321,Fazaa - Get Tired Playing,40801,,Glory Mae,POS3,0,0,0
19-Aug-2025,,20250819_102663,57321,Fazaa - Get Tired Playing,40801,,Shaikha,POS5,0,0,0
19-Aug-2025,,20250819_102668,57321,Fazaa - Get Tired Playing,40801,,Nuripa,POS6,0,0,0
19-Aug-2025,,20250819_102670,57321,Fazaa - Get Tired Playing,40801,,Nuripa,POS6,0,0,0
19-Aug-2025,,20250819_102673,57321,Fazaa - Get Tired Playing,40801,,Nuripa,POS6,0,0,0
19-Aug-2025,,20250819_102678,57321,Fazaa - Get Tired Playing,40801,,Glory Mae,POS3,0,0,0
19-Aug-2025,,20250819_102679,57321,Fazaa - Get Tired Playing,40801,,Glory Mae,POS3,0,0,0
19-Aug-2025,,20250819_102684,57321,Fazaa - Get Tired Playing,40801,,Nuripa,POS6,0,0,0
19-Aug-2025,,20250819_102689,57321,Fazaa - Get Tired Playing,40801,,Sirjana,POS3,0,0,0
19-Aug-2025,Cash,20250819_102624,57311,School Add on  - Karting,40801,,Glory Mae,POS3,76.19,3.81,80
19-Aug-2025,Cash,20250819_102625,57162,50 AED Top Up - Redemption,40801,,Glory Mae,POS3,47.619,2.381,50
19-Aug-2025,Cash,20250819_102629,51305,Shoe Rent,40801,,Glory Mae,POS3,14.286,0.714,15
19-Aug-2025,Cash,20250819_102629,57052,Card Deposit,40801,,Glory Mae,POS3,4.762,0.238,5
19-Aug-2025,Cash,20250819_102629,57322,Multiplex Karting - ADULTS,40801,,Glory Mae,POS3,120,6,126
19-Aug-2025,Cash,20250819_102629,57322,Multiplex Karting - JUNIOR,40801,,Glory Mae,POS3,80,4,84
19-Aug-2025,Cash,20250819_102643,57321,Thriller Pass,40801,,Shaikha,POS5,228.571,11.429,240
19-Aug-2025,Cash,20250819_102644,51305,Socks,40801,,Shaikha,POS5,9.524,0.476,10
19-Aug-2025,Cash,20250819_102672,51305,Shoe Rent,40801,,Nuripa,POS6,14.286,0.714,15
19-Aug-2025,Cash,20250819_102672,51305,Socks,40801,,Nuripa,POS6,9.524,0.476,10
19-Aug-2025,Cash,20250819_102686,51305,Socks,40801,,Shaikha,POS5,9.524,0.476,10
19-Aug-2025,Cash,20250819_102686,57323,Toddler Playland Unlimited,40801,,Shaikha,POS5,188.571,9.429,198
19-Aug-2025,Cash,20250819_102688,57052,Card Deposit,40801,,Sirjana,POS3,4.762,0.238,5
19-Aug-2025,Cash,20250819_102688,57322,Multiplex Karting - ADULTS,40801,,Sirjana,POS3,240,12,252
19-Aug-2025,Cash,20250819_102692,51305,Shoe Rent,40801,,Nuripa,POS6,14.286,0.714,15
19-Aug-2025,Cash,20250819_102692,51305,Socks,40801,,Nuripa,POS6,9.524,0.476,10
19-Aug-2025,Cash,20250819_102692,57321,Discovery Pass Combo to Kartin,40801,,Nuripa,POS6,120.905,6.045,126.95
19-Aug-2025,Cash,20250819_102692,57322,Karting Combo to Discovery Pas,40801,,Nuripa,POS6,102.905,5.145,108.05
19-Aug-2025,Cash,20250819_102717,57323,Spot Sale,40801,,Glory Mae,Tablet 3,47.619,2.381,50
19-Aug-2025,Cash;Credit Card,20250819_102708,57322,Add-On: Birthday Karting – Adu,40801,,Nuripa,POS6,420,21,441
19-Aug-2025,Credit Card Adjustment,20250819_102618,35204,Daily Summer Camp - 10% Off Fo,40801,,Glory Mae,POS3,214.286,10.714,225
19-Aug-2025,Credit Card Adjustment,20250819_102618,35204,Daily Summer Camp 250AED,40801,,Glory Mae,POS3,238.095,11.905,250
19-Aug-2025,Credit Card,20250819_102622,57321,Discovery Pass,40801,,Glory Mae,POS3,287.619,14.381,302
19-Aug-2025,Credit Card,20250819_102626,57321,Discovery Pass Combo to Kartin,40801,,Glory Mae,POS3,120.905,6.045,126.95
19-Aug-2025,Credit Card,20250819_102626,57322,Karting Combo to Discovery Pas,40801,,Glory Mae,POS3,102.905,5.145,108.05
19-Aug-2025,Credit Card,20250819_102627,57322,Multiplex Karting - ADULTS,40801,,Glory Mae,POS3,120,6,126
19-Aug-2025,Credit Card,20250819_102633,57322,Multiplex Karting - ADULTS,40801,,Glory Mae,POS3,120,6,126
19-Aug-2025,Credit Card,20250819_102633,57322,Multiplex Karting - JUNIOR,40801,,Glory Mae,POS3,80,4,84
19-Aug-2025,Credit Card,20250819_102635,57322,Multiplex Karting - ADULTS,40801,,Glory Mae,POS3,240,12,252
19-Aug-2025,Credit Card,20250819_102635,57322,Multiplex Karting - Dual Drive,40801,,Glory Mae,POS3,149.524,7.476,157
19-Aug-2025,Credit Card,20250819_102636,57321,Discovery Pass,40801,,Glory Mae,POS3,431.429,21.571,453
19-Aug-2025,Credit Card,20250819_102637,57321,Discovery Pass Combo to Kartin,40801,,Nuripa,POS6,483.619,24.181,507.8
19-Aug-2025,Credit Card,20250819_102637,57322,Karting Combo to Discovery Pas,40801,,Nuripa,POS6,411.619,20.581,432.2
19-Aug-2025,Credit Card,20250819_102638,57052,Card Deposit,40801, ,External POS,KIOSK1,4.762,0.238,5
19-Aug-2025,Credit Card,20250819_102638,57162,100 Credit Top Up - Redemption,40801, ,External POS,KIOSK1,95.238,4.762,100
19-Aug-2025,Credit Card,20250819_102639,57162,100 Credit Top Up - Redemption,40801, ,External POS,KIOSK1,95.238,4.762,100
19-Aug-2025,Credit Card,20250819_102640,57322,Multiplex Karting - ADULTS - D,40801,,Glory Mae,POS3,200,10,210
19-Aug-2025,Credit Card,20250819_102641,51605,Graffiti- School Add-on,40801,,Nuripa,POS6,29.524,1.476,31
19-Aug-2025,Credit Card,20250819_102642,57052,Card Deposit,40801,,Abdelmoula,POS4,4.762,0.238,5
19-Aug-2025,Credit Card,20250819_102642,57162,50 AED Top Up - Redemption,40801,,Abdelmoula,POS4,47.619,2.381,50
19-Aug-2025,Credit Card,20250819_102646,57323,Lockers ,40801,,Shaikha,POS5,9.524,0.476,10
19-Aug-2025,Credit Card,20250819_102647,51305,Socks,40801,,Nuripa,POS6,19.048,0.952,20
19-Aug-2025,Credit Card,20250819_102647,57321,Adventure Pass,40801,,Nuripa,POS6,188.571,9.429,198
19-Aug-2025,Credit Card,20250819_102647,57321,Discovery Pass,40801,,Nuripa,POS6,287.619,14.381,302
19-Aug-2025,Credit Card,20250819_102650,57052,Card Deposit,40801,,Shaikha,POS5,4.762,0.238,5
19-Aug-2025,Credit Card,20250819_102650,57322,Multiplex Karting - ADULTS,40801,,Shaikha,POS5,240,12,252
19-Aug-2025,Credit Card,20250819_102650,57322,Multiplex Karting - JUNIOR,40801,,Shaikha,POS5,80,4,84
19-Aug-2025,Credit Card,20250819_102651,57322,Multiplex Karting - JUNIOR,40801,,Shaikha,POS5,160,8,168
19-Aug-2025,Credit Card,20250819_102653,57321,Adventure Pass,40801,,Nuripa,POS6,188.571,9.429,198
19-Aug-2025,Credit Card,20250819_102653,57321,Discovery Pass,40801,,Nuripa,POS6,143.81,7.19,151
19-Aug-2025,Credit Card,20250819_102653,57321,Get Tired Playing ,40801,,Nuripa,POS6,598.095,29.905,628
19-Aug-2025,Credit Card,20250819_102653,57321,Toddler Pass,40801,,Nuripa,POS6,99.048,4.952,104
19-Aug-2025,Credit Card,20250819_102654,57321,Fazaa - Get Tired Playing,40801,,Shaikha,POS5,0,0,0
19-Aug-2025,Credit Card,20250819_102654,57321,POD - Discovery Pass - 70.50 A,40801,,Shaikha,POS5,67.143,3.357,70.5
19-Aug-2025,Credit Card,20250819_102659,57052,Card Deposit,40801,,Glory Mae,POS3,4.762,0.238,5
19-Aug-2025,Credit Card,20250819_102659,57322,Multiplex Karting - ADULTS - D,40801,,Glory Mae,POS3,400,20,420
19-Aug-2025,Credit Card,20250819_102660,57052,Card Deposit,40801,,Glory Mae,POS3,4.762,0.238,5
19-Aug-2025,Credit Card,20250819_102660,57322,Multiplex Karting - ADULTS - D,40801,,Glory Mae,POS3,200,10,210
19-Aug-2025,Credit Card,20250819_102664,57052,Card Deposit,40801,,Glory Mae,POS3,4.762,0.238,5
19-Aug-2025,Credit Card,20250819_102664,57322,Multiplex Karting - ADULTS - D,40801,,Glory Mae,POS3,200,10,210
19-Aug-2025,Credit Card,20250819_102665,57052,Card Deposit,40801,,Shaikha,POS5,4.762,0.238,5
19-Aug-2025,Credit Card,20250819_102665,57322,Multiplex Karting - ADULTS,40801,,Shaikha,POS5,120,6,126
19-Aug-2025,Credit Card,20250819_102665,57322,Multiplex Karting - JUNIOR,40801,,Shaikha,POS5,80,4,84
19-Aug-2025,Credit Card,20250819_102666,57322,Multiplex Karting - ADULTS,40801,,Shaikha,POS5,240,12,252
19-Aug-2025,Credit Card,20250819_102667,57323,Through the Roof,40801,,Shaikha,POS5,59.048,2.952,62
19-Aug-2025,Credit Card,20250819_102669,57321,Adventure Pass,40801,,Shaikha,POS5,377.143,18.857,396
19-Aug-2025,Credit Card,20250819_102671,51305,Shoe Rent,40801,,Glory Mae,POS3,57.143,2.857,60
19-Aug-2025,Credit Card,20250819_102671,51305,Socks,40801,,Glory Mae,POS3,38.095,1.905,40
19-Aug-2025,Credit Card,20250819_102671,57052,Card Deposit,40801,,Glory Mae,POS3,4.762,0.238,5
19-Aug-2025,Credit Card,20250819_102671,57322,Multiplex Karting - ADULTS,40801,,Glory Mae,POS3,120,6,126
19-Aug-2025,Credit Card,20250819_102671,57322,Multiplex Karting - Dual Drive,40801,,Glory Mae,POS3,149.524,7.476,157
19-Aug-2025,Credit Card,20250819_102671,57322,Multiplex Karting - JUNIOR,40801,,Glory Mae,POS3,160,8,168
19-Aug-2025,Credit Card,20250819_102674,57321,Discovery Pass,40801,,Nuripa,POS6,143.81,7.19,151
19-Aug-2025,Credit Card,20250819_102675,57321,Discovery Pass,40801,,Nuripa,POS6,143.81,7.19,151
19-Aug-2025,Credit Card,20250819_102675,57321,Toddler Pass,40801,,Nuripa,POS6,198.095,9.905,208
19-Aug-2025,Credit Card,20250819_102676,57052,Card Deposit,40801,,Shaikha,POS5,4.762,0.238,5
19-Aug-2025,Credit Card,20250819_102676,57162,100 Credit Top Up - Redemption,40801,,Shaikha,POS5,190.476,9.524,200
19-Aug-2025,Credit Card,20250819_102677,57321,Toddler Pass,40801,,Nuripa,POS6,99.048,4.952,104
19-Aug-2025,Credit Card,20250819_102680,51305,Shoe Rent,40801,,Glory Mae,POS3,14.286,0.714,15
19-Aug-2025,Credit Card,20250819_102680,51305,Socks,40801,,Glory Mae,POS3,9.524,0.476,10
19-Aug-2025,Credit Card,20250819_102680,57321,Get Tired Playing ,40801,,Glory Mae,POS3,598.095,29.905,628
19-Aug-2025,Credit Card,20250819_102681,57052,Card Deposit,40801,,Shaikha,POS5,4.762,0.238,5
19-Aug-2025,Credit Card,20250819_102681,57322,Multiplex Karting - ADULTS,40801,,Shaikha,POS5,480,24,504
19-Aug-2025,Credit Card,20250819_102682,57321,Get Tired Playing ,40801,,Glory Mae,POS3,1196.19,59.81,1256
19-Aug-2025,Credit Card,20250819_102683,57052,Card Deposit,40801,,Shaikha,POS5,4.762,0.238,5
19-Aug-2025,Credit Card,20250819_102683,57322,Multiplex Karting - ADULTS,40801,,Shaikha,POS5,120,6,126
19-Aug-2025,Credit Card,20250819_102683,57322,Multiplex Karting - JUNIOR,40801,,Shaikha,POS5,160,8,168
19-Aug-2025,Credit Card,20250819_102685,57052,Card Deposit,40801,,Nuripa,POS6,4.762,0.238,5
19-Aug-2025,Credit Card,20250819_102685,57322,Multiplex Karting - ADULTS,40801,,Nuripa,POS6,240,12,252
19-Aug-2025,Credit Card,20250819_102687,57052,Card Deposit,40801,,Shaikha,POS5,4.762,0.238,5
19-Aug-2025,Credit Card,20250819_102687,57322,Multiplex Karting - ADULTS,40801,,Shaikha,POS5,120,6,126
19-Aug-2025,Credit Card,20250819_102687,57322,Multiplex Karting - JUNIOR,40801,,Shaikha,POS5,80,4,84
19-Aug-2025,Credit Card,20250819_102690,51305,Socks,40801,,Sirjana,POS3,9.524,0.476,10
19-Aug-2025,Credit Card,20250819_102693,57052,Card Deposit,40801,,Nuripa,POS6,4.762,0.238,5
19-Aug-2025,Credit Card,20250819_102693,57162,50 AED Top Up - Redemption,40801,,Nuripa,POS6,47.619,2.381,50
19-Aug-2025,Credit Card,20250819_102694,57052,Card Deposit,40801,,Nuripa,POS6,4.762,0.238,5
19-Aug-2025,Credit Card,20250819_102694,57322,Multiplex Karting - ADULTS,40801,,Nuripa,POS6,240,12,252
19-Aug-2025,Credit Card,20250819_102695,51305,Socks,40801,,Sirjana,POS3,9.524,0.476,10
19-Aug-2025,Credit Card,20250819_102696,57321,Discovery Pass,40801,,Nuripa,POS6,287.619,14.381,302
19-Aug-2025,Credit Card,20250819_102697,57322,Multiplex Karting - ADULTS,40801,,Nuripa,POS6,120,6,126
19-Aug-2025,Credit Card,20250819_102698,57162,50 AED Top Up - Redemption,40801,,Shaikha,POS5,47.619,2.381,50
19-Aug-2025,Credit Card,20250819_102699,57322,Multiplex Karting - ADULTS,40801,,Nuripa,POS6,240,12,252
19-Aug-2025,Credit Card,20250819_102700,57321,Discovery Pass,40801,,Nuripa,POS6,287.619,14.381,302
19-Aug-2025,Credit Card,20250819_102701,57052,Card Deposit,40801,,Nuripa,POS6,4.762,0.238,5
19-Aug-2025,Credit Card,20250819_102701,57322,Multiplex Karting - ADULTS,40801,,Nuripa,POS6,240,12,252
19-Aug-2025,Credit Card,20250819_102701,57322,Multiplex Karting - Dual Drive,40801,,Nuripa,POS6,149.524,7.476,157
19-Aug-2025,Credit Card,20250819_102702,57321,POD - Discovery Pass - 70.50 A,40801,,Nuripa,POS6,134.286,6.714,141
19-Aug-2025,Credit Card,20250819_102703,57052,Card Deposit,40801,,Shaikha,POS5,4.762,0.238,5
19-Aug-2025,Credit Card,20250819_102703,57322,Multiplex Karting - ADULTS,40801,,Shaikha,POS5,120,6,126
19-Aug-2025,Credit Card,20250819_102704,57322,Multiplex Karting - ADULTS,40801,,Nuripa,POS6,240,12,252
19-Aug-2025,Credit Card,20250819_102705,57052,Card Deposit,40801,,Nuripa,POS6,4.762,0.238,5
19-Aug-2025,Credit Card,20250819_102705,57162,100 Credit Top Up - Redemption,40801,,Nuripa,POS6,95.238,4.762,100
19-Aug-2025,Credit Card,20250819_102706,57162,50 AED Top Up - Redemption,40801,,Shaikha,POS5,47.619,2.381,50
19-Aug-2025,Credit Card,20250819_102707,57162,50 AED Top Up - Redemption,40801,,Shaikha,POS5,47.619,2.381,50
19-Aug-2025,Credit Card,20250819_102709,57162,Slime Experience - 41AED,40801,,Manisha,POS7,39.048,1.952,41
19-Aug-2025,Credit Card,20250819_102710,57162,100 Credit Top Up - Redemption,40801,,Shaikha,POS5,95.238,4.762,100
19-Aug-2025,Credit Card,20250819_102710,57162,50 AED Top Up - Redemption,40801,,Shaikha,POS5,47.619,2.381,50
19-Aug-2025,Credit Card,20250819_102711,57052,Card Deposit,40801,,Shaikha,POS5,4.762,0.238,5
19-Aug-2025,Credit Card,20250819_102711,57162,50 AED Top Up - Redemption,40801,,Shaikha,POS5,47.619,2.381,50
19-Aug-2025,Credit Card,20250819_102712,51305,Socks,40801,,Shaikha,POS5,9.524,0.476,10
19-Aug-2025,Credit Card,20250819_102713,51605,Face Art - Full Size,40801,,Manisha,POS7,36.19,1.81,38
19-Aug-2025,Credit Card,20250819_102714,57162,100 Credit Top Up - Redemption,40801,,Shaikha,POS5,95.238,4.762,100
19-Aug-2025,Online Pay,20250819_102691,57321,Adventure Pass,40802, ,External POS,online,358.095,17.905,376
19-Aug-2025,Payment Link,20250819_102655,57325,Birthday Package 1 (Adventure ,40801,,Shaikha,POS5,1275,63.75,1338.75
19-Aug-2025,Payment Link,20250819_102656,57325,Birthday Package 1 (Adventure ,40801,,Shaikha,POS5,1275,63.75,1338.75
20-Aug-2025,,20250820_102719,57321,Fazaa - Get Tired Playing,40801,,Glory Mae,POS3,0,0,0
20-Aug-2025,,20250820_102720,57321,Fazaa - Get Tired Playing,40801,,Glory Mae,POS3,0,0,0
20-Aug-2025,,20250820_102721,57321,Fazaa - Get Tired Playing,40801,,Glory Mae,POS3,0,0,0
20-Aug-2025,,20250820_102722,57321,Fazaa - Get Tired Playing,40801,,Glory Mae,POS3,0,0,0
20-Aug-2025,,20250820_102723,57321,Fazaa - Get Tired Playing,40801,,Glory Mae,POS3,0,0,0
20-Aug-2025,,20250820_102726,57321,Fazaa - Get Tired Playing,40801,,Glory Mae,POS3,0,0,0
20-Aug-2025,,20250820_102734,57321,Fazaa - Get Tired Playing,40801,,Nuripa,POS6,0,0,0
20-Aug-2025,,20250820_102736,57321,Fazaa - Get Tired Playing,40801,,Glory Mae,POS3,0,0,0
20-Aug-2025,,20250820_102739,57321,Fazaa - Get Tired Playing,40801,,Nuripa,POS6,0,0,0
20-Aug-2025,,20250820_102740,57321,Fazaa - Get Tired Playing,40801,,Shaikha,POS5,0,0,0
20-Aug-2025,,20250820_102741,57321,Fazaa - Get Tired Playing,40801,,Nuripa,POS6,0,0,0
20-Aug-2025,,20250820_102751,57321,Fazaa - Get Tired Playing,40801,,Glory Mae,POS3,0,0,0
20-Aug-2025,,20250820_102752,57321,Fazaa - Get Tired Playing,40801,,Glory Mae,POS3,0,0,0
20-Aug-2025,,20250820_102754,57321,Fazaa - Get Tired Playing,40801,,Glory Mae,POS3,0,0,0
20-Aug-2025,,20250820_102755,57321,Fazaa - Get Tired Playing,40801,,Glory Mae,POS3,0,0,0
20-Aug-2025,,20250820_102762,57321,Fazaa - Get Tired Playing,40801,,Glory Mae,POS3,0,0,0
20-Aug-2025,,20250820_102765,57321,Fazaa - Get Tired Playing,40801,,Glory Mae,POS3,0,0,0
20-Aug-2025,,20250820_102769,57321,Fazaa - Get Tired Playing,40801,,Shaikha,POS5,0,0,0
20-Aug-2025,,20250820_102770,57321,Fazaa - Get Tired Playing,40801,,Glory Mae,POS3,0,0,0
20-Aug-2025,,20250820_102778,57321,Fazaa - Get Tired Playing,40801,,Glory Mae,POS3,0,0,0
20-Aug-2025,,20250820_102786,57321,Fazaa - Get Tired Playing,40801,,Jennilyn,POS4,0,0,0
20-Aug-2025,,20250820_102788,57321,Fazaa - Get Tired Playing,40801,,Jennilyn,POS4,0,0,0
20-Aug-2025,,20250820_102790,57321,Fazaa - Get Tired Playing,40801,,Nuripa,POS6,0,0,0
20-Aug-2025,,20250820_102792,57321,Fazaa - Get Tired Playing,40801,,Jennilyn,POS4,0,0,0
20-Aug-2025,,20250820_102793,57321,Fazaa - Get Tired Playing,40801,,Glory Mae,POS3,0,0,0
20-Aug-2025,,20250820_102802,57321,Fazaa - Get Tired Playing,40801,,Jennilyn,POS4,0,0,0
20-Aug-2025,,20250820_102803,57321,Fazaa - Get Tired Playing,40801,,Nuripa,POS6,0,0,0
20-Aug-2025,,20250820_102810,57321,Fazaa - Get Tired Playing,40801,,Nuripa,POS6,0,0,0
20-Aug-2025,,20250820_102813,57321,Fazaa - Get Tired Playing,40801,,Nuripa,POS6,0,0,0
20-Aug-2025,Cash,20250820_102727,57321,Discovery Pass,40801,,Glory Mae,POS3,287.619,14.381,302
20-Aug-2025,Cash,20250820_102742,51305,Socks,40801,,Nuripa,POS6,9.524,0.476,10
20-Aug-2025,Cash,20250820_102772,57052,Card Deposit,40801,,Shaikha,POS5,4.762,0.238,5
20-Aug-2025,Cash,20250820_102772,57322,Multiplex Karting - ADULTS,40801,,Shaikha,POS5,240,12,252
20-Aug-2025,Cash,20250820_102773,57162,50 AED Top Up - Redemption,40801,,Glory Mae,POS3,47.619,2.381,50
20-Aug-2025,Cash,20250820_102776,57162,50 AED Top Up - Redemption,40801,,Nuripa,POS6,47.619,2.381,50
20-Aug-2025,Cash,20250820_102783,51305,Socks,40801,,Jennilyn,POS4,9.524,0.476,10
20-Aug-2025,Cash,20250820_102804,57321,Thriller Pass,40801,,Jennilyn,POS4,914.286,45.714,960
20-Aug-2025,Cash,20250820_102809,51305,Shoe Rent,40801,,Shaikha,POS5,14.286,0.714,15
20-Aug-2025,Cash,20250820_102828,57323,Spot Sale,40801,,Glory Mae,Tablet 3,95.238,4.762,100
20-Aug-2025,Credit Card Adjustment,20250820_102758,35204,Daily Summer Camp - 10% Off Fo,40801,,Shaikha,POS5,214.286,10.714,225
20-Aug-2025,Credit Card Adjustment,20250820_102758,35204,Daily Summer Camp 250AED,40801,,Shaikha,POS5,238.095,11.905,250
20-Aug-2025,Credit Card Adjustment,20250820_102759,35204,Daily Summer Camp 250AED,40801,,Shaikha,POS5,238.095,11.905,250
20-Aug-2025,Credit Card Adjustment,20250820_102759,35204,F&B La Ballena - 35AED,40801,,Shaikha,POS5,33.333,1.667,35
20-Aug-2025,Credit Card,20250820_102724,57321,Get Tired Playing ,40801,,Glory Mae,POS3,598.095,29.905,628
20-Aug-2025,Credit Card,20250820_102725,51305,Socks,40801,,Glory Mae,POS3,19.048,0.952,20
20-Aug-2025,Credit Card,20250820_102725,57321,Discovery Pass Combo to Kartin,40801,,Glory Mae,POS3,120.905,6.045,126.95
20-Aug-2025,Credit Card,20250820_102725,57321,Discovery Pass,40801,,Glory Mae,POS3,143.81,7.19,151
20-Aug-2025,Credit Card,20250820_102725,57322,Karting Combo to Discovery Pas,40801,,Glory Mae,POS3,102.905,5.145,108.05
20-Aug-2025,Credit Card,20250820_102728,57321,Get Tired Playing ,40801,,Glory Mae,POS3,1495.24,74.762,1570
20-Aug-2025,Credit Card,20250820_102729,51305,Shoe Rent,40801,,Glory Mae,POS3,14.286,0.714,15
20-Aug-2025,Credit Card,20250820_102730,51305,Shoe Rent,40801,,Glory Mae,POS3,14.286,0.714,15
20-Aug-2025,Credit Card,20250820_102730,51305,Socks,40801,,Glory Mae,POS3,9.524,0.476,10
20-Aug-2025,Credit Card,20250820_102730,57321,Fazaa - Get Tired Playing,40801,,Glory Mae,POS3,0,0,0
20-Aug-2025,Credit Card,20250820_102731,57322,Multiplex Karting - JUNIOR,40801,,Glory Mae,POS3,80,4,84
20-Aug-2025,Credit Card,20250820_102732,57052,Card Deposit,40801,,Glory Mae,POS3,4.762,0.238,5
20-Aug-2025,Credit Card,20250820_102732,57322,Multiplex Karting - Dual Drive,40801,,Glory Mae,POS3,149.524,7.476,157
20-Aug-2025,Credit Card,20250820_102733,57052,Card Deposit,40801,,Glory Mae,POS3,4.762,0.238,5
20-Aug-2025,Credit Card,20250820_102733,57322,Multiplex Karting - ADULTS,40801,,Glory Mae,POS3,240,12,252
20-Aug-2025,Credit Card,20250820_102735,57323,Lockers ,40801,,Nuripa,POS6,9.524,0.476,10
20-Aug-2025,Credit Card,20250820_102737,57323,Lockers ,40801,,Glory Mae,POS3,9.524,0.476,10
20-Aug-2025,Credit Card,20250820_102738,57052,Card Deposit,40801,,Nuripa,POS6,4.762,0.238,5
20-Aug-2025,Credit Card,20250820_102738,57322,Multiplex Karting - ADULTS,40801,,Nuripa,POS6,120,6,126
20-Aug-2025,Credit Card,20250820_102738,57322,Multiplex Karting - JUNIOR,40801,,Nuripa,POS6,80,4,84
20-Aug-2025,Credit Card,20250820_102743,57322,Multiplex Karting - ADULTS - D,40801,,Nuripa,POS6,200,10,210
20-Aug-2025,Credit Card,20250820_102744,57321,Discovery Pass,40801,,Nuripa,POS6,143.81,7.19,151
20-Aug-2025,Credit Card,20250820_102745,57321,Adventure Pass,40801,,Shaikha,POS5,377.143,18.857,396
20-Aug-2025,Credit Card,20250820_102746,57323,Toddler Playland Unlimited,40801,,Shaikha,POS5,94.286,4.714,99
20-Aug-2025,Credit Card,20250820_102747,57321,Adventure Pass,40801,,Shaikha,POS5,188.571,9.429,198
20-Aug-2025,Credit Card,20250820_102748,57322,Multiplex Karting - ADULTS - D,40801,,Nuripa,POS6,200,10,210
20-Aug-2025,Credit Card,20250820_102749,57321,Adventure Pass,40801,,Glory Mae,POS3,565.714,28.286,594
20-Aug-2025,Credit Card,20250820_102750,51305,Shoe Rent,40801,,Nuripa,POS6,14.286,0.714,15
20-Aug-2025,Credit Card,20250820_102750,57052,Card Deposit,40801,,Nuripa,POS6,4.762,0.238,5
20-Aug-2025,Credit Card,20250820_102750,57322,Multiplex Karting - ADULTS,40801,,Nuripa,POS6,480,24,504
20-Aug-2025,Credit Card,20250820_102753,57321,Get Tired Playing ,40801,,Glory Mae,POS3,598.095,29.905,628
20-Aug-2025,Credit Card,20250820_102756,57321,Get Tired Playing ,40801,,Glory Mae,POS3,1196.19,59.81,1256
20-Aug-2025,Credit Card,20250820_102757,57052,Card Deposit,40801,,Shaikha,POS5,4.762,0.238,5
20-Aug-2025,Credit Card,20250820_102757,57322,Multiplex Karting - ADULTS,40801,,Shaikha,POS5,480,24,504
20-Aug-2025,Credit Card,20250820_102760,57321,Platinum Card - Adventure Pass,40801,,Glory Mae,POS3,268.571,13.429,282
20-Aug-2025,Credit Card,20250820_102761,57162,50 AED Top Up - Redemption,40801,,Shaikha,POS5,47.619,2.381,50
20-Aug-2025,Credit Card,20250820_102763,57162,50 AED Top Up - Redemption,40801,,Shaikha,POS5,47.619,2.381,50
20-Aug-2025,Credit Card,20250820_102764,57162,50 AED Top Up - Redemption,40801,,Shaikha,POS5,47.619,2.381,50
20-Aug-2025,Credit Card,20250820_102766,51305,Socks,40801,,Glory Mae,POS3,9.524,0.476,10
20-Aug-2025,Credit Card,20250820_102767,57162,50 AED Top Up - Redemption,40801,,Shaikha,POS5,47.619,2.381,50
20-Aug-2025,Credit Card,20250820_102768,51305,Shoe Rent,40801,,Glory Mae,POS3,28.571,1.429,30
20-Aug-2025,Credit Card,20250820_102768,51305,Socks,40801,,Glory Mae,POS3,19.048,0.952,20
20-Aug-2025,Credit Card,20250820_102768,57321,Fazaa - Get Tired Playing,40801,,Glory Mae,POS3,0.001,0,0.001
20-Aug-2025,Credit Card,20250820_102771,57162,100 Credit Top Up - Redemption,40801,,Glory Mae,POS3,95.238,4.762,100
20-Aug-2025,Credit Card,20250820_102774,57321,Discovery Pass,40801,,Shaikha,POS5,143.81,7.19,151
20-Aug-2025,Credit Card,20250820_102775,57321,Discovery Pass,40801,,Glory Mae,POS3,575.238,28.762,604
20-Aug-2025,Credit Card,20250820_102777,51305,Socks,40801,,Glory Mae,POS3,9.524,0.476,10
20-Aug-2025,Credit Card,20250820_102779,57321,Adventure Pass,40801,,Nuripa,POS6,754.286,37.714,792
20-Aug-2025,Credit Card,20250820_102780,57321,Adventure Pass,40801,,Glory Mae,POS3,188.571,9.429,198
20-Aug-2025,Credit Card,20250820_102781,51305,Socks,40801,,Nuripa,POS6,9.524,0.476,10
20-Aug-2025,Credit Card,20250820_102781,57321,Discovery Pass,40801,,Nuripa,POS6,143.81,7.19,151
20-Aug-2025,Credit Card,20250820_102782,57321,Discovery Pass,40801,,Nuripa,POS6,143.81,7.19,151
20-Aug-2025,Credit Card,20250820_102784,57052,Card Deposit,40801,,Jennilyn,POS4,4.762,0.238,5
20-Aug-2025,Credit Card,20250820_102784,57322,Multiplex Karting - ADULTS,40801,,Jennilyn,POS4,240,12,252
20-Aug-2025,Credit Card,20250820_102785,57321,Discovery Pass,40801,,Nuripa,POS6,287.619,14.381,302
20-Aug-2025,Credit Card,20250820_102787,57321,Discovery Pass,40801,,Glory Mae,POS3,431.429,21.571,453
20-Aug-2025,Credit Card,20250820_102789,57052,Card Deposit,40801,,Glory Mae,POS3,4.762,0.238,5
20-Aug-2025,Credit Card,20250820_102789,57321,Discovery Pass Combo to Kartin,40801,,Glory Mae,POS3,241.81,12.09,253.9
20-Aug-2025,Credit Card,20250820_102789,57322,Karting Combo to Discovery Pas,40801,,Glory Mae,POS3,205.81,10.29,216.1
20-Aug-2025,Credit Card,20250820_102789,57322,Multiplex Karting - ADULTS,40801,,Glory Mae,POS3,240,12,252
20-Aug-2025,Credit Card,20250820_102791,51305,Socks,40801,,Nuripa,POS6,9.524,0.476,10
20-Aug-2025,Credit Card,20250820_102794,57321,Discovery Pass Combo to Kartin,40801,,Nuripa,POS6,241.81,12.09,253.9
20-Aug-2025,Credit Card,20250820_102794,57322,Karting Combo to Discovery Pas,40801,,Nuripa,POS6,205.81,10.29,216.1
20-Aug-2025,Credit Card,20250820_102794,57323,Toddler Playland Unlimited,40801,,Nuripa,POS6,94.286,4.714,99
20-Aug-2025,Credit Card,20250820_102795,51305,Shoe Rent,40801,,Jennilyn,POS4,14.286,0.714,15
20-Aug-2025,Credit Card,20250820_102796,57321,Discovery Pass Combo to Kartin,40801,,Nuripa,POS6,120.905,6.045,126.95
20-Aug-2025,Credit Card,20250820_102796,57322,Karting Combo to Discovery Pas,40801,,Nuripa,POS6,102.905,5.145,108.05
20-Aug-2025,Credit Card,20250820_102797,57162,100 Credit Top Up - Redemption,40801,,Jennilyn,POS4,95.238,4.762,100
20-Aug-2025,Credit Card,20250820_102798,57321,Discovery Pass,40801,,Nuripa,POS6,143.81,7.19,151
20-Aug-2025,Credit Card,20250820_102798,57323,Toddler Playland Unlimited,40801,,Nuripa,POS6,94.286,4.714,99
20-Aug-2025,Credit Card,20250820_102799,57052,Card Deposit,40801,,Jennilyn,POS4,4.762,0.238,5
20-Aug-2025,Credit Card,20250820_102799,57322,Multiplex Karting - ADULTS,40801,,Jennilyn,POS4,240,12,252
20-Aug-2025,Credit Card,20250820_102800,57052,Card Deposit,40801,,Nuripa,POS6,4.762,0.238,5
20-Aug-2025,Credit Card,20250820_102800,57322,Multiplex Karting - ADULTS,40801,,Nuripa,POS6,480,24,504
20-Aug-2025,Credit Card,20250820_102801,51305,Socks,40801,,Jennilyn,POS4,28.571,1.429,30
20-Aug-2025,Credit Card,20250820_102805,57321,Discovery Pass,40801,,Nuripa,POS6,287.619,14.381,302
20-Aug-2025,Credit Card,20250820_102806,57052,Card Deposit,40801,,Jennilyn,POS4,4.762,0.238,5
20-Aug-2025,Credit Card,20250820_102806,57322,Multiplex Karting - ADULTS,40801,,Jennilyn,POS4,120,6,126
20-Aug-2025,Credit Card,20250820_102807,51305,Shoe Rent,40801,,Nuripa,POS6,14.286,0.714,15
20-Aug-2025,Credit Card,20250820_102808,57052,Card Deposit,40801,,Shaikha,POS5,4.762,0.238,5
20-Aug-2025,Credit Card,20250820_102808,57322,Multiplex Karting - ADULTS,40801,,Shaikha,POS5,240,12,252
20-Aug-2025,Credit Card,20250820_102808,57322,Multiplex Karting - JUNIOR,40801,,Shaikha,POS5,240,12,252
20-Aug-2025,Credit Card,20250820_102811,51305,Shoe Rent,40801,,Nuripa,POS6,57.143,2.857,60
20-Aug-2025,Credit Card,20250820_102811,51305,Socks,40801,,Nuripa,POS6,38.095,1.905,40
20-Aug-2025,Credit Card,20250820_102811,57052,Card Deposit,40801,,Nuripa,POS6,4.762,0.238,5
20-Aug-2025,Credit Card,20250820_102811,57321,Discovery Pass,40801,,Nuripa,POS6,143.81,7.19,151
20-Aug-2025,Credit Card,20250820_102811,57322,Multiplex Karting - ADULTS,40801,,Nuripa,POS6,240,12,252
20-Aug-2025,Credit Card,20250820_102811,57322,Multiplex Karting - Dual Drive,40801,,Nuripa,POS6,149.524,7.476,157
20-Aug-2025,Credit Card,20250820_102812,51305,Socks,40801,,Shaikha,POS5,9.524,0.476,10
20-Aug-2025,Credit Card,20250820_102812,57052,Card Deposit,40801,,Shaikha,POS5,4.762,0.238,5
20-Aug-2025,Credit Card,20250820_102812,57321,Adventure Pass,40801,,Shaikha,POS5,377.143,18.857,396
20-Aug-2025,Credit Card,20250820_102812,57321,Discovery Pass,40801,,Shaikha,POS5,143.81,7.19,151
20-Aug-2025,Credit Card,20250820_102812,57322,Multiplex Karting - ADULTS,40801,,Shaikha,POS5,240,12,252
20-Aug-2025,Credit Card,20250820_102814,51305,Socks,40801,,Shaikha,POS5,19.048,0.952,20
20-Aug-2025,Credit Card,20250820_102815,51305,Shoe Rent,40801,,Nuripa,POS6,14.286,0.714,15
20-Aug-2025,Credit Card,20250820_102816,57052,Card Deposit,40801,,Shaikha,POS5,4.762,0.238,5
20-Aug-2025,Credit Card,20250820_102816,57162,100 Credit Top Up - Redemption,40801,,Shaikha,POS5,95.238,4.762,100
20-Aug-2025,Credit Card,20250820_102817,57321,Adventure Pass,40801,,Shaikha,POS5,377.143,18.857,396
20-Aug-2025,Credit Card,20250820_102818,51605,Face Art - Full Size,40801,,Manisha,POS7,36.19,1.81,38
20-Aug-2025,Credit Card,20250820_102819,57162,100 Credit Top Up - Redemption,40801,,Shaikha,POS5,95.238,4.762,100
20-Aug-2025,Credit Card,20250820_102819,57162,50 AED Top Up - Redemption,40801,,Shaikha,POS5,47.619,2.381,50
20-Aug-2025,Credit Card,20250820_102820,57323,Inflatable 20mins - 29 AED,40801,,Shaikha,POS5,27.619,1.381,29
20-Aug-2025,Credit Card,20250820_102821,57321,POD - Discovery Pass - 70.50 A,40801,,Shaikha,POS5,67.143,3.357,70.5
20-Aug-2025,Credit Card,20250820_102822,57321,Discovery Pass,40801,,Shaikha,POS5,287.619,14.381,302
20-Aug-2025,Credit Card,20250820_102823,57321,Discovery Pass,40801,,Shaikha,POS5,575.238,28.762,604
20-Aug-2025,Credit Card,20250820_102824,57321,Discovery Pass,40801,,Shaikha,POS5,143.81,7.19,151
20-Aug-2025,Credit Card,20250820_102824,57323,Toddler Playland Unlimited,40801,,Shaikha,POS5,94.286,4.714,99
20-Aug-2025,Credit Card,20250820_102826,57322,Multiplex Karting - ADULTS,40801,,Shaikha,POS5,120,6,126
20-Aug-2025,Credit Card,20250820_102826,57322,Multiplex Karting - Dual Drive,40801,,Shaikha,POS5,149.524,7.476,157
20-Aug-2025,Credit Card,20250820_102827,51605,Face Art - Full Size,40801,,Manisha,POS7,36.19,1.81,38
20-Aug-2025,Online Pay,20250820_102825,57321,Thriller Pass,40802, ,External POS,online,685.714,34.286,720
21-Aug-2025,,20250821_102832,57321,Fazaa - Get Tired Playing,40801,,Glory Mae,POS3,0,0,0
21-Aug-2025,,20250821_102833,57321,Fazaa - Get Tired Playing,40801,,Glory Mae,POS3,0,0,0
21-Aug-2025,,20250821_102835,57321,Fazaa - Get Tired Playing,40801,,Glory Mae,POS3,0,0,0
21-Aug-2025,,20250821_102846,57321,Fazaa - Get Tired Playing,40801,,Jennilyn,POS4,0,0,0
21-Aug-2025,,20250821_102852,57321,Fazaa - Get Tired Playing,40801,,Sirjana,POS5,0,0,0
21-Aug-2025,,20250821_102860,57321,Fazaa - Get Tired Playing,40801,,Glory Mae,POS3,0,0,0
21-Aug-2025,,20250821_102861,57321,Fazaa - Get Tired Playing,40801,,Glory Mae,POS3,0,0,0
21-Aug-2025,,20250821_102863,57321,Fazaa - Get Tired Playing,40801,,Glory Mae,POS3,0,0,0
21-Aug-2025,,20250821_102865,57321,Fazaa - Get Tired Playing,40801,,Glory Mae,POS3,0,0,0
21-Aug-2025,,20250821_102866,57321,Fazaa - Get Tired Playing,40801,,Glory Mae,POS3,0,0,0
21-Aug-2025,,20250821_102867,57321,Fazaa - Get Tired Playing,40801,,Sirjana,POS5,0,0,0
21-Aug-2025,,20250821_102868,57321,Fazaa - Get Tired Playing,40801,,Glory Mae,POS3,0,0,0
21-Aug-2025,,20250821_102870,57321,Fazaa - Get Tired Playing,40801,,Glory Mae,POS3,0,0,0
21-Aug-2025,,20250821_102871,57321,Fazaa - Get Tired Playing,40801,,Glory Mae,POS3,0,0,0
21-Aug-2025,,20250821_102873,57321,Fazaa - Get Tired Playing,40801,,Rochelle,POS6,0,0,0
21-Aug-2025,,20250821_102876,57321,Fazaa - Get Tired Playing,40801,,Rochelle,POS6,0,0,0
21-Aug-2025,,20250821_102881,57321,Fazaa - Get Tired Playing,40801,,Rochelle,POS6,0,0,0
21-Aug-2025,,20250821_102882,57321,Fazaa - Get Tired Playing,40801,,Rochelle,POS6,0,0,0
21-Aug-2025,,20250821_102884,57321,Fazaa - Get Tired Playing,40801,,Rochelle,POS6,0,0,0
21-Aug-2025,,20250821_102893,57321,Fazaa - Get Tired Playing,40801,,Glory Mae,POS3,0,0,0
21-Aug-2025,,20250821_102894,57321,Fazaa - Get Tired Playing,40801,,Glory Mae,POS3,0,0,0
21-Aug-2025,,20250821_102902,57321,Fazaa - Get Tired Playing,40801,,Glory Mae,POS3,0,0,0
21-Aug-2025,,20250821_102911,57321,Fazaa - Get Tired Playing,40801,,Sirjana,POS5,0,0,0
21-Aug-2025,,20250821_102914,57321,Fazaa - Get Tired Playing,40801,,Sirjana,POS5,0,0,0
21-Aug-2025,,20250821_102918,57321,Fazaa - Get Tired Playing,40801,,Sirjana,POS5,0,0,0
21-Aug-2025,,20250821_102920,57321,Fazaa - Get Tired Playing,40801,,Jennilyn,POS4,0,0,0
21-Aug-2025,Cash,20250821_102896,51305,Socks,40801,,Glory Mae,POS3,9.524,0.476,10
21-Aug-2025,Cash,20250821_102897,57162,50 AED Top Up - Redemption,40801,,Jennilyn,POS4,47.619,2.381,50
21-Aug-2025,Cash,20250821_102942,57322,Multiplex Karting - ADULTS,40801,,Sirjana,POS5,120,6,126
21-Aug-2025,Credit Card,20250821_102834,57321,Discovery Pass,40801,,Glory Mae,POS3,143.81,7.19,151
21-Aug-2025,Credit Card,20250821_102836,57321,Adventure Pass,40801,,Glory Mae,POS3,377.143,18.857,396
21-Aug-2025,Credit Card,20250821_102837,57052,Card Deposit,40801, ,Karleane,POS5,4.762,0.238,5
21-Aug-2025,Credit Card,20250821_102837,57322,Multiplex Karting - ADULTS,40801, ,Karleane,POS5,360,18,378
21-Aug-2025,Credit Card,20250821_102838,51305,Shoe Rent,40801,,Glory Mae,POS3,14.286,0.714,15
21-Aug-2025,Credit Card,20250821_102838,51305,Socks,40801,,Glory Mae,POS3,9.524,0.476,10
21-Aug-2025,Credit Card,20250821_102839,57321,Discovery Pass Combo to Kartin,40801,,Rochelle,POS6,483.619,24.181,507.8
21-Aug-2025,Credit Card,20250821_102839,57322,Karting Combo to Discovery Pas,40801,,Rochelle,POS6,411.619,20.581,432.2
21-Aug-2025,Credit Card,20250821_102840,57321,Get Tired Playing - 50% Staff ,40801,,Glory Mae,POS3,1345.71,67.286,1413
21-Aug-2025,Credit Card,20250821_102840,57322,Karting - Adults - 50% Staff D,40801,,Glory Mae,POS3,300,15,315
21-Aug-2025,Credit Card,20250821_102840,57322,Karting - Junior - 50% Staff D,40801,,Glory Mae,POS3,40,2,42
21-Aug-2025,Credit Card,20250821_102841,51305,Shoe Rent,40801,,Rochelle,POS6,28.571,1.429,30
21-Aug-2025,Credit Card,20250821_102841,57052,Card Deposit,40801,,Rochelle,POS6,4.762,0.238,5
21-Aug-2025,Credit Card,20250821_102841,57322,Multiplex Karting - ADULTS,40801,,Rochelle,POS6,240,12,252
21-Aug-2025,Credit Card,20250821_102842,51305,Shoe Rent,40801,,Glory Mae,POS3,14.286,0.714,15
21-Aug-2025,Credit Card,20250821_102842,51305,Socks,40801,,Glory Mae,POS3,9.524,0.476,10
21-Aug-2025,Credit Card,20250821_102842,57052,Card Deposit,40801,,Glory Mae,POS3,4.762,0.238,5
21-Aug-2025,Credit Card,20250821_102842,57322,Multiplex Karting - ADULTS - D,40801,,Glory Mae,POS3,200,10,210
21-Aug-2025,Credit Card,20250821_102845,57052,Card Deposit,40801,,Jennilyn,POS4,4.762,0.238,5
21-Aug-2025,Credit Card,20250821_102845,57322,Multiplex Karting - ADULTS,40801,,Jennilyn,POS4,240,12,252
21-Aug-2025,Credit Card,20250821_102847,57323,Lockers ,40801,,Jennilyn,POS4,9.524,0.476,10
21-Aug-2025,Credit Card,20250821_102848,51305,Socks,40801,,Sirjana,POS5,28.571,1.429,30
21-Aug-2025,Credit Card,20250821_102848,57321,Fazaa - Get Tired Playing,40801,,Sirjana,POS5,0,0,0
21-Aug-2025,Credit Card,20250821_102849,57321,Get Tired Playing ,40801,,Jennilyn,POS4,598.095,29.905,628
21-Aug-2025,Credit Card,20250821_102850,57052,Card Deposit,40801,,Jennilyn,POS4,4.762,0.238,5
21-Aug-2025,Credit Card,20250821_102850,57322,Multiplex Karting - ADULTS - D,40801,,Jennilyn,POS4,200,10,210
21-Aug-2025,Credit Card,20250821_102851,51305,Shoe Rent,40801,,Jennilyn,POS4,28.571,1.429,30
21-Aug-2025,Credit Card,20250821_102853,57052,Card Deposit,40801,,Jennilyn,POS4,4.762,0.238,5
21-Aug-2025,Credit Card,20250821_102853,57322,Multiplex Karting - JUNIOR,40801,,Jennilyn,POS4,160,8,168
21-Aug-2025,Credit Card,20250821_102855,57052,Card Deposit,40801,,Jennilyn,POS4,4.762,0.238,5
21-Aug-2025,Credit Card,20250821_102855,57162,100 Credit Top Up - Redemption,40801,,Jennilyn,POS4,95.238,4.762,100
21-Aug-2025,Credit Card,20250821_102856,57321,Discovery Pass,40801,,Jennilyn,POS4,143.81,7.19,151
21-Aug-2025,Credit Card,20250821_102858,51305,Socks,40801,,Jennilyn,POS4,9.524,0.476,10
21-Aug-2025,Credit Card,20250821_102862,51305,Socks,40801,,Glory Mae,POS3,9.524,0.476,10
21-Aug-2025,Credit Card,20250821_102864,51305,Shoe Rent,40801,,Sirjana,POS5,14.286,0.714,15
21-Aug-2025,Credit Card,20250821_102869,57322,Multiplex Karting - ADULTS,40801,,Sirjana,POS5,360,18,378
21-Aug-2025,Credit Card,20250821_102872,57162,100 Credit Top Up - Redemption,40801,,Glory Mae,POS3,95.238,4.762,100
21-Aug-2025,Credit Card,20250821_102874,57321,Toddler Pass,40801,,Glory Mae,POS3,198.095,9.905,208
21-Aug-2025,Credit Card,20250821_102875,57052,Card Deposit,40801,,Rochelle,POS6,4.762,0.238,5
21-Aug-2025,Credit Card,20250821_102875,57322,Multiplex Karting - ADULTS,40801,,Rochelle,POS6,120,6,126
21-Aug-2025,Credit Card,20250821_102875,57322,Multiplex Karting - Dual Drive,40801,,Rochelle,POS6,149.524,7.476,157
21-Aug-2025,Credit Card,20250821_102875,57323,Toddler Playland Unlimited,40801,,Rochelle,POS6,94.286,4.714,99
21-Aug-2025,Credit Card,20250821_102877,57321,Toddler Pass,40801,,Rochelle,POS6,99.048,4.952,104
21-Aug-2025,Credit Card,20250821_102877,57323,Toddler Playland Unlimited,40801,,Rochelle,POS6,94.286,4.714,99
21-Aug-2025,Credit Card,20250821_102878,51605,Add Ons - Cennamoroll 17 cms,40801,,Manisha,POS7,80,4,84
21-Aug-2025,Credit Card,20250821_102879,57052,Card Deposit,40801,,Jennilyn,POS4,4.762,0.238,5
21-Aug-2025,Credit Card,20250821_102879,57322,Multiplex Karting - ADULTS - D,40801,,Jennilyn,POS4,200,10,210
21-Aug-2025,Credit Card,20250821_102879,57322,Multiplex Karting - JUNIOR - D,40801,,Jennilyn,POS4,133.333,6.667,140
21-Aug-2025,Credit Card,20250821_102880,57052,Card Deposit,40801,,Jennilyn,POS4,4.762,0.238,5
21-Aug-2025,Credit Card,20250821_102880,57162,100 Credit Top Up - Redemption,40801,,Jennilyn,POS4,95.238,4.762,100
21-Aug-2025,Credit Card,20250821_102880,57162,50 AED Top Up - Redemption,40801,,Jennilyn,POS4,47.619,2.381,50
21-Aug-2025,Credit Card,20250821_102883,57052,Card Deposit,40801,,Jennilyn,POS4,4.762,0.238,5
21-Aug-2025,Credit Card,20250821_102883,57322,Multiplex Karting - ADULTS - D,40801,,Jennilyn,POS4,400,20,420
21-Aug-2025,Credit Card,20250821_102883,57322,Multiplex Karting - JUNIOR - D,40801,,Jennilyn,POS4,133.333,6.667,140
21-Aug-2025,Credit Card,20250821_102885,57162,50 AED Top Up - Redemption,40801,,Jennilyn,POS4,47.619,2.381,50
21-Aug-2025,Credit Card,20250821_102886,57052,Card Deposit,40801,,Rochelle,POS6,4.762,0.238,5
21-Aug-2025,Credit Card,20250821_102886,57322,Multiplex Karting - ADULTS,40801,,Rochelle,POS6,120,6,126
21-Aug-2025,Credit Card,20250821_102886,57322,Multiplex Karting - Dual Drive,40801,,Rochelle,POS6,149.524,7.476,157
21-Aug-2025,Credit Card,20250821_102887,57162,100 Credit Top Up - Redemption,40801, ,External POS,KIOSK1,95.238,4.762,100
21-Aug-2025,Credit Card,20250821_102888,57321,Discovery Pass,40801,,Jennilyn,POS4,431.429,21.571,453
21-Aug-2025,Credit Card,20250821_102889,57052,Card Deposit,40801,,Jennilyn,POS4,4.762,0.238,5
21-Aug-2025,Credit Card,20250821_102889,57322,Multiplex Karting - ADULTS,40801,,Jennilyn,POS4,240,12,252
21-Aug-2025,Credit Card,20250821_102889,57322,Multiplex Karting - JUNIOR,40801,,Jennilyn,POS4,80,4,84
21-Aug-2025,Credit Card,20250821_102890,57052,Card Deposit,40801,,Jennilyn,POS4,4.762,0.238,5
21-Aug-2025,Credit Card,20250821_102890,57322,Multiplex Karting - ADULTS - D,40801,,Jennilyn,POS4,200,10,210
21-Aug-2025,Credit Card,20250821_102890,57322,Multiplex Karting - JUNIOR - D,40801,,Jennilyn,POS4,266.667,13.333,280
21-Aug-2025,Credit Card,20250821_102891,57052,Card Deposit,40801,,Rochelle,POS6,4.762,0.238,5
21-Aug-2025,Credit Card,20250821_102891,57322,Multiplex Karting - ADULTS,40801,,Rochelle,POS6,480,24,504
21-Aug-2025,Credit Card,20250821_102891,57324,Climbing Wall Session - 15minu,40801,,Rochelle,POS6,68.571,3.429,72
21-Aug-2025,Credit Card,20250821_102892,57321,Toddler Pass,40801,,Jennilyn,POS4,297.143,14.857,312
21-Aug-2025,Credit Card,20250821_102895,57162,Slime Experience - 41AED,40801,,Manisha,POS7,117.143,5.857,123
21-Aug-2025,Credit Card,20250821_102898,57052,Card Deposit,40801,,Glory Mae,POS3,4.762,0.238,5
21-Aug-2025,Credit Card,20250821_102898,57322,Multiplex Karting - ADULTS,40801,,Glory Mae,POS3,480,24,504
21-Aug-2025,Credit Card,20250821_102898,57322,Multiplex Karting - Dual Drive,40801,,Glory Mae,POS3,149.524,7.476,157
21-Aug-2025,Credit Card,20250821_102899,57321,Adventure Pass,40801,,Jennilyn,POS4,377.143,18.857,396
21-Aug-2025,Credit Card,20250821_102900,57052,Card Deposit,40801,,Jennilyn,POS4,4.762,0.238,5
21-Aug-2025,Credit Card,20250821_102900,57322,Multiplex Karting - JUNIOR,40801,,Jennilyn,POS4,80,4,84
21-Aug-2025,Credit Card,20250821_102903,51305,Shoe Rent,40801,,Glory Mae,POS3,14.286,0.714,15
21-Aug-2025,Credit Card,20250821_102904,57321,Discovery Pass,40801,,Jennilyn,POS4,287.619,14.381,302
21-Aug-2025,Credit Card,20250821_102905,57323,Toddler Playland Unlimited,40801,,Glory Mae,POS3,94.286,4.714,99
21-Aug-2025,Credit Card,20250821_102906,57162,Slime Experience - 41AED,40801,,Manisha,POS7,39.048,1.952,41
21-Aug-2025,Credit Card,20250821_102907,57321,Discovery Pass Combo to Kartin,40801,,Jennilyn,POS4,241.81,12.09,253.9
21-Aug-2025,Credit Card,20250821_102907,57322,Karting Combo to Discovery Pas,40801,,Jennilyn,POS4,205.81,10.29,216.1
21-Aug-2025,Credit Card,20250821_102909,57052,Card Deposit,40801,,Sirjana,POS5,4.762,0.238,5
21-Aug-2025,Credit Card,20250821_102909,57162,50 AED Top Up - Redemption,40801,,Sirjana,POS5,47.619,2.381,50
21-Aug-2025,Credit Card,20250821_102912,57162,100 Credit Top Up - Redemption,40801,,Sirjana,POS5,95.238,4.762,100
21-Aug-2025,Credit Card,20250821_102913,51305,Shoe Rent,40801,,Jennilyn,POS4,42.857,2.143,45
21-Aug-2025,Credit Card,20250821_102913,51305,Socks,40801,,Jennilyn,POS4,19.048,0.952,20
21-Aug-2025,Credit Card,20250821_102913,57052,Card Deposit,40801,,Jennilyn,POS4,4.762,0.238,5
21-Aug-2025,Credit Card,20250821_102913,57322,Multiplex Karting - ADULTS,40801,,Jennilyn,POS4,720,36,756
21-Aug-2025,Credit Card,20250821_102915,57321,Discovery Pass,40801,,Sirjana,POS6,431.429,21.571,453
21-Aug-2025,Credit Card,20250821_102916,57052,Card Deposit,40801,,Sirjana,POS5,4.762,0.238,5
21-Aug-2025,Credit Card,20250821_102916,57322,Multiplex Karting - JUNIOR,40801,,Sirjana,POS5,80,4,84
21-Aug-2025,Credit Card,20250821_102917,57321,Adventure Pass,40801,,Jennilyn,POS4,377.143,18.857,396
21-Aug-2025,Credit Card,20250821_102919,57321,Adventure Pass,40801,,Sirjana,POS5,188.571,9.429,198
21-Aug-2025,Credit Card,20250821_102921,57321,Adventure Pass,40801,,Sirjana,POS5,188.571,9.429,198
21-Aug-2025,Credit Card,20250821_102922,57321,Adventure Pass,40801,,Sirjana,POS5,188.571,9.429,198
21-Aug-2025,Credit Card,20250821_102923,57321,Discovery Pass - 20% Teachers ,40801,,Sirjana,POS6,322.857,16.143,339
21-Aug-2025,Credit Card,20250821_102924,51305,Shoe Rent,40801,,Sirjana,POS5,42.857,2.143,45
21-Aug-2025,Credit Card,20250821_102924,51305,Socks,40801,,Sirjana,POS5,28.571,1.429,30
21-Aug-2025,Credit Card,20250821_102924,57052,Card Deposit,40801,,Sirjana,POS5,4.762,0.238,5
21-Aug-2025,Credit Card,20250821_102924,57322,Multiplex Karting - ADULTS,40801,,Sirjana,POS5,480,24,504
21-Aug-2025,Credit Card,20250821_102925,57321,Discovery Pass,40801,,Jennilyn,POS4,287.619,14.381,302
21-Aug-2025,Credit Card,20250821_102926,57321,Discovery Pass,40801,,Sirjana,POS5,143.81,7.19,151
21-Aug-2025,Credit Card,20250821_102927,57052,Card Deposit,40801,,Sirjana,POS5,4.762,0.238,5
21-Aug-2025,Credit Card,20250821_102927,57162,50 AED Top Up - Redemption,40801,,Sirjana,POS5,47.619,2.381,50
21-Aug-2025,Credit Card,20250821_102928,57052,Card Deposit,40801,,Sirjana,POS5,4.762,0.238,5
21-Aug-2025,Credit Card,20250821_102928,57322,Multiplex Karting - JUNIOR,40801,,Sirjana,POS5,160,8,168
21-Aug-2025,Credit Card,20250821_102929,57052,Card Deposit,40801,,Sirjana,POS5,4.762,0.238,5
21-Aug-2025,Credit Card,20250821_102929,57322,Multiplex Karting - ADULTS,40801,,Sirjana,POS5,120,6,126
21-Aug-2025,Credit Card,20250821_102929,57322,Multiplex Karting - JUNIOR,40801,,Sirjana,POS5,80,4,84
21-Aug-2025,Credit Card,20250821_102930,57322,Multiplex Karting - JUNIOR,40801,,Jennilyn,POS4,160,8,168
21-Aug-2025,Credit Card,20250821_102931,57052,Card Deposit,40801,,Sirjana,POS5,4.762,0.238,5
21-Aug-2025,Credit Card,20250821_102931,57162,100 Credit Top Up - Redemption,40801,,Sirjana,POS5,285.714,14.286,300
21-Aug-2025,Credit Card,20250821_102932,57052,Card Deposit,40801,,Sirjana,POS5,4.762,0.238,5
21-Aug-2025,Credit Card,20250821_102932,57321,Discovery Pass,40801,,Sirjana,POS5,287.619,14.381,302
21-Aug-2025,Credit Card,20250821_102932,57322,Multiplex Karting - ADULTS,40801,,Sirjana,POS5,120,6,126
21-Aug-2025,Credit Card,20250821_102933,57321,Discovery Pass,40801,,Jennilyn,POS4,143.81,7.19,151
21-Aug-2025,Credit Card,20250821_102934,57052,Card Deposit,40801,,Jennilyn,POS4,4.762,0.238,5
21-Aug-2025,Credit Card,20250821_102934,57322,Multiplex Karting - ADULTS,40801,,Jennilyn,POS4,360,18,378
21-Aug-2025,Credit Card,20250821_102935,57052,Card Deposit,40801,,Sirjana,POS5,4.762,0.238,5
21-Aug-2025,Credit Card,20250821_102935,57322,Multiplex Karting - JUNIOR,40801,,Sirjana,POS5,160,8,168
21-Aug-2025,Credit Card,20250821_102936,57321,Discovery Pass Combo to Kartin,40801,,Sirjana,POS5,241.81,12.09,253.9
21-Aug-2025,Credit Card,20250821_102936,57322,Karting Combo to Discovery Pas,40801,,Sirjana,POS5,205.81,10.29,216.1
21-Aug-2025,Credit Card,20250821_102937,57052,Card Deposit,40801,,Sirjana,POS5,4.762,0.238,5
21-Aug-2025,Credit Card,20250821_102937,57322,Multiplex Karting - ADULTS,40801,,Sirjana,POS5,120,6,126
21-Aug-2025,Credit Card,20250821_102937,57322,Multiplex Karting - Dual Drive,40801,,Sirjana,POS5,149.524,7.476,157
21-Aug-2025,Credit Card,20250821_102938,57321,Discovery Pass,40801,,Jennilyn,POS4,287.619,14.381,302
21-Aug-2025,Credit Card,20250821_102939,51305,Shoe Rent,40801,,Sirjana,POS5,14.286,0.714,15
21-Aug-2025,Credit Card,20250821_102939,51305,Socks,40801,,Sirjana,POS5,9.524,0.476,10
21-Aug-2025,Credit Card,20250821_102939,57052,Card Deposit,40801,,Sirjana,POS5,4.762,0.238,5
21-Aug-2025,Credit Card,20250821_102939,57322,Multiplex Karting - ADULTS,40801,,Sirjana,POS5,360,18,378
21-Aug-2025,Credit Card,20250821_102940,57052,Card Deposit,40801,,Jennilyn,POS4,4.762,0.238,5
21-Aug-2025,Credit Card,20250821_102940,57322,Multiplex Karting - JUNIOR,40801,,Jennilyn,POS4,240,12,252
21-Aug-2025,Credit Card,20250821_102941,51305,Shoe Rent,40801,,Sirjana,POS5,14.286,0.714,15
21-Aug-2025,Credit Card,20250821_102941,51305,Socks,40801,,Sirjana,POS5,9.524,0.476,10
21-Aug-2025,Credit Card,20250821_102941,57052,Card Deposit,40801,,Sirjana,POS5,4.762,0.238,5
21-Aug-2025,Credit Card,20250821_102941,57322,Multiplex Karting - JUNIOR,40801,,Sirjana,POS5,80,4,84
21-Aug-2025,Payment Link,20250821_102859,57322,Multiplex Karting - ADULTS,40801,,Jennilyn,POS4,600,30,630
22-Aug-2025,,20250822_102952,57321,Fazaa - Get Tired Playing,40801,,Rochelle,POS6,0,0,0
22-Aug-2025,,20250822_102954,57321,Fazaa - Get Tired Playing,40801,,Rochelle,POS6,0,0,0
22-Aug-2025,,20250822_102956,57321,Fazaa - Get Tired Playing,40801,,Rochelle,POS6,0,0,0
22-Aug-2025,,20250822_102957,57321,Fazaa - Get Tired Playing,40801,,Glory Mae,POS3,0,0,0
22-Aug-2025,,20250822_102960,57321,Fazaa - Get Tired Playing,40801,,Glory Mae,POS3,0,0,0
22-Aug-2025,,20250822_102962,57321,Fazaa - Get Tired Playing,40801,,Glory Mae,POS3,0,0,0
22-Aug-2025,,20250822_102968,57321,Fazaa - Get Tired Playing,40801,,Glory Mae,POS3,0,0,0
22-Aug-2025,,20250822_102973,57321,Fazaa - Get Tired Playing,40801,,Nuripa,POS4,0,0,0
22-Aug-2025,,20250822_102974,57321,Fazaa - Get Tired Playing,40801,,Glory Mae,POS3,0,0,0
22-Aug-2025,,20250822_102975,57321,Fazaa - Get Tired Playing,40801,,Nuripa,POS4,0,0,0
22-Aug-2025,,20250822_102995,57321,Fazaa - Get Tired Playing,40801,,Nuripa,POS4,0,0,0
22-Aug-2025,,20250822_102997,57321,Fazaa - Get Tired Playing,40801,,Nuripa,POS4,0,0,0
22-Aug-2025,,20250822_103015,57321,Fazaa - Get Tired Playing,40801,,Glory Mae,POS3,0,0,0
22-Aug-2025,,20250822_103017,57321,Fazaa - Get Tired Playing,40801,,Glory Mae,POS3,0,0,0
22-Aug-2025,,20250822_103018,57321,Gift Voucher - Adventure Pass ,40801,,Glory Mae,POS3,0,0,0
22-Aug-2025,,20250822_103019,57321,Fazaa - Get Tired Playing,40801,,Glory Mae,POS3,0,0,0
22-Aug-2025,,20250822_103022,57321,Fazaa - Get Tired Playing,40801,,Glory Mae,POS3,0,0,0
22-Aug-2025,,20250822_103025,57321,Fazaa - Get Tired Playing,40801,,Nuripa,POS4,0,0,0
22-Aug-2025,Cash,20250822_102948,57311,School Add on  - Karting,40801,,Rochelle,POS6,38.095,1.905,40
22-Aug-2025,Cash,20250822_102949,57311,School Add on  - Karting,40801,,Rochelle,POS6,38.095,1.905,40
22-Aug-2025,Cash,20250822_102950,57311,School Add on  - Karting,40801,,Rochelle,POS6,38.095,1.905,40
22-Aug-2025,Cash,20250822_102964,57311,School Add on  - Karting,40801,,Shaikha,POS5,38.095,1.905,40
22-Aug-2025,Cash,20250822_102967,57052,Card Deposit,40801,,Nuripa,POS4,4.762,0.238,5
22-Aug-2025,Cash,20250822_102967,57322,Multiplex Karting - Dual Drive,40801,,Nuripa,POS4,149.524,7.476,157
22-Aug-2025,Cash,20250822_102967,57322,Multiplex Karting - JUNIOR,40801,,Nuripa,POS4,80,4,84
22-Aug-2025,Cash,20250822_102970,51305,Shoe Rent,40801,,Glory Mae,POS3,42.857,2.143,45
22-Aug-2025,Cash,20250822_102970,51305,Socks,40801,,Glory Mae,POS3,28.571,1.429,30
22-Aug-2025,Cash,20250822_102970,57321,Fazaa - Get Tired Playing,40801,,Glory Mae,POS3,0.001,0,0.001
22-Aug-2025,Cash,20250822_102994,57321,Thriller Pass,40801,,Nuripa,POS4,457.143,22.857,480
22-Aug-2025,Cash,20250822_103001,57162,50 AED Top Up - Redemption,40801,,Glory Mae,POS3,47.619,2.381,50
22-Aug-2025,Cash,20250822_103001,57321,Fazaa - Get Tired Playing,40801,,Glory Mae,POS3,0,0,0
22-Aug-2025,Cash,20250822_103013,57052,Card Deposit,40801,,Nuripa,POS4,4.762,0.238,5
22-Aug-2025,Cash,20250822_103013,57162,50 AED Top Up - Redemption,40801,,Nuripa,POS4,47.619,2.381,50
22-Aug-2025,Cash,20250822_103031,57323,Spot Sale,40801,,Sirjana,Tablet 3,333.333,16.667,350
22-Aug-2025,Cash,20250822_103032,57323,Spot Sale,40801,,Sirjana,Tablet 3,190.476,9.524,200
22-Aug-2025,Cash;Credit Card,20250822_103012,57322,Multiplex Karting - ADULTS,40801,,Glory Mae,POS3,360,18,378
22-Aug-2025,Credit Card,20250822_102947,57311,School Add on  - Karting,40801,,Rochelle,POS6,38.095,1.905,40
22-Aug-2025,Credit Card,20250822_102951,57052,Card Deposit,40801,,Rochelle,POS6,4.762,0.238,5
22-Aug-2025,Credit Card,20250822_102951,57321,Discovery Pass Combo to Kartin,40801,,Rochelle,POS6,120.905,6.045,126.95
22-Aug-2025,Credit Card,20250822_102951,57322,Karting Combo to Discovery Pas,40801,,Rochelle,POS6,102.905,5.145,108.05
22-Aug-2025,Credit Card,20250822_102951,57322,Multiplex Karting - ADULTS,40801,,Rochelle,POS6,120,6,126
22-Aug-2025,Credit Card,20250822_102953,57052,Card Deposit,40801,,Rochelle,POS6,4.762,0.238,5
22-Aug-2025,Credit Card,20250822_102953,57322,Multiplex Karting - ADULTS,40801,,Rochelle,POS6,480,24,504
22-Aug-2025,Credit Card,20250822_102955,57162,50 AED Top Up - Redemption,40801,,Rochelle,POS6,95.238,4.762,100
22-Aug-2025,Credit Card,20250822_102958,51305,Shoe Rent,40801,,Rochelle,POS6,14.286,0.714,15
22-Aug-2025,Credit Card,20250822_102958,51305,Socks,40801,,Rochelle,POS6,19.048,0.952,20
22-Aug-2025,Credit Card,20250822_102958,57321,Discovery Pass Combo to Kartin,40801,,Rochelle,POS6,241.81,12.09,253.9
22-Aug-2025,Credit Card,20250822_102958,57322,Karting Combo to Discovery Pas,40801,,Rochelle,POS6,205.81,10.29,216.1
22-Aug-2025,Credit Card,20250822_102961,57052,Card Deposit,40801,,Nuripa,POS4,4.762,0.238,5
22-Aug-2025,Credit Card,20250822_102961,57322,Multiplex Karting - ADULTS - D,40801,,Nuripa,POS4,400,20,420
22-Aug-2025,Credit Card,20250822_102963,51305,Shoe Rent,40801,,Nuripa,POS4,14.286,0.714,15
22-Aug-2025,Credit Card,20250822_102965,57321,Get Tired Playing Combo to Kar,40801,,Nuripa,POS4,1355.91,67.795,1423.7
22-Aug-2025,Credit Card,20250822_102965,57321,Toddler Pass,40801,,Nuripa,POS4,99.048,4.952,104
22-Aug-2025,Credit Card,20250822_102965,57322,Karting Combo to Get Tired Pla,40801,,Nuripa,POS4,544.095,27.205,571.3
22-Aug-2025,Credit Card,20250822_102966,57052,Card Deposit,40801,,Nuripa,POS4,4.762,0.238,5
22-Aug-2025,Credit Card,20250822_102966,57322,Multiplex Karting - ADULTS,40801,,Nuripa,POS4,360,18,378
22-Aug-2025,Credit Card,20250822_102969,57321,Discovery Pass,40801,,Nuripa,POS4,287.619,14.381,302
22-Aug-2025,Credit Card,20250822_102971,57322,Multiplex Karting - Dual Drive,40801,,Nuripa,POS4,149.524,7.476,157
22-Aug-2025,Credit Card,20250822_102976,51305,Socks,40801,,Nuripa,POS4,19.048,0.952,20
22-Aug-2025,Credit Card,20250822_102977,51305,Socks,40801,,Shaikha,POS5,9.524,0.476,10
22-Aug-2025,Credit Card,20250822_102977,57321,Discovery Pass,40801,,Shaikha,POS5,287.619,14.381,302
22-Aug-2025,Credit Card,20250822_102978,57162,100 Credit Top Up - Redemption,40801,,Jennilyn,POS6,95.238,4.762,100
22-Aug-2025,Credit Card,20250822_102978,57321,Discovery Pass,40801,,Jennilyn,POS6,143.81,7.19,151
22-Aug-2025,Credit Card,20250822_102979,57321,Discovery Pass,40801,,Shaikha,POS5,287.619,14.381,302
22-Aug-2025,Credit Card,20250822_102980,51305,Socks,40801,,Jennilyn,POS6,19.048,0.952,20
22-Aug-2025,Credit Card,20250822_102980,57321,Get Tired Playing ,40801,,Jennilyn,POS6,598.095,29.905,628
22-Aug-2025,Credit Card,20250822_102981,51305,Shoe Rent,40801,,Jennilyn,POS6,14.286,0.714,15
22-Aug-2025,Credit Card,20250822_102981,51305,Socks,40801,,Jennilyn,POS6,9.524,0.476,10
22-Aug-2025,Credit Card,20250822_102981,57052,Card Deposit,40801,,Jennilyn,POS6,4.762,0.238,5
22-Aug-2025,Credit Card,20250822_102981,57322,Multiplex Karting - ADULTS,40801,,Jennilyn,POS6,240,12,252
22-Aug-2025,Credit Card,20250822_102982,57321,Adventure Pass,40801,,Nuripa,POS4,377.143,18.857,396
22-Aug-2025,Credit Card,20250822_102983,57321,Fazaa - Get Tired Playing,40801,,Shaikha,POS5,0,0,0
22-Aug-2025,Credit Card,20250822_102983,57323,Toddler Playland Unlimited,40801,,Shaikha,POS5,188.571,9.429,198
22-Aug-2025,Credit Card,20250822_102984,51305,Shoe Rent,40801,,Nuripa,POS4,14.286,0.714,15
22-Aug-2025,Credit Card,20250822_102984,51305,Socks,40801,,Nuripa,POS4,9.524,0.476,10
22-Aug-2025,Credit Card,20250822_102984,57052,Card Deposit,40801,,Nuripa,POS4,4.762,0.238,5
22-Aug-2025,Credit Card,20250822_102984,57322,Multiplex Karting - ADULTS,40801,,Nuripa,POS4,360,18,378
22-Aug-2025,Credit Card,20250822_102984,57322,Multiplex Karting - JUNIOR,40801,,Nuripa,POS4,80,4,84
22-Aug-2025,Credit Card,20250822_102985,51305,Shoe Rent,40801,,Shaikha,POS5,14.286,0.714,15
22-Aug-2025,Credit Card,20250822_102985,51305,Socks,40801,,Shaikha,POS5,9.524,0.476,10
22-Aug-2025,Credit Card,20250822_102985,57321,Discovery Pass Combo to Kartin,40801,,Shaikha,POS5,362.714,18.136,380.85
22-Aug-2025,Credit Card,20250822_102985,57321,Discovery Pass,40801,,Shaikha,POS5,287.619,14.381,302
22-Aug-2025,Credit Card,20250822_102985,57322,Karting Combo to Discovery Pas,40801,,Shaikha,POS5,308.714,15.436,324.15
22-Aug-2025,Credit Card,20250822_102986,57052,Card Deposit,40801,,Glory Mae,POS3,4.762,0.238,5
22-Aug-2025,Credit Card,20250822_102986,57322,Multiplex Karting - ADULTS,40801,,Glory Mae,POS3,240,12,252
22-Aug-2025,Credit Card,20250822_102986,57322,Multiplex Karting - Dual Drive,40801,,Glory Mae,POS3,149.524,7.476,157
22-Aug-2025,Credit Card,20250822_102987,57321,Adventure Pass,40801,,Nuripa,POS4,188.571,9.429,198
22-Aug-2025,Credit Card,20250822_102988,57321,Adventure Pass,40801,,Nuripa,POS4,188.571,9.429,198
22-Aug-2025,Credit Card,20250822_102989,57323,Toddler Playland Unlimited,40801,,Nuripa,POS4,94.286,4.714,99
22-Aug-2025,Credit Card,20250822_102990,51305,Socks,40801,,Glory Mae,POS3,9.524,0.476,10
22-Aug-2025,Credit Card,20250822_102990,57321,Discovery Pass,40801,,Glory Mae,POS3,143.81,7.19,151
22-Aug-2025,Credit Card,20250822_102991,51305,Shoe Rent,40801,,Nuripa,POS4,28.571,1.429,30
22-Aug-2025,Credit Card,20250822_102991,51305,Socks,40801,,Nuripa,POS4,19.048,0.952,20
22-Aug-2025,Credit Card,20250822_102991,57052,Card Deposit,40801,,Nuripa,POS4,4.762,0.238,5
22-Aug-2025,Credit Card,20250822_102991,57322,Multiplex Karting - ADULTS,40801,,Nuripa,POS4,360,18,378
22-Aug-2025,Credit Card,20250822_102992,57323,Through the Roof,40801,,Nuripa,POS4,29.524,1.476,31
22-Aug-2025,Credit Card,20250822_102993,51305,Socks,40801,,Glory Mae,POS3,19.048,0.952,20
22-Aug-2025,Credit Card,20250822_102993,57321,Toddler Pass,40801,,Glory Mae,POS3,297.143,14.857,312
22-Aug-2025,Credit Card,20250822_102996,51305,Socks,40801,,Jennilyn,POS6,9.524,0.476,10
22-Aug-2025,Credit Card,20250822_102998,57321,Discovery Pass,40801,,Glory Mae,POS3,431.429,21.571,453
22-Aug-2025,Credit Card,20250822_102999,51305,Socks,40801,,Jennilyn,POS6,9.524,0.476,10
22-Aug-2025,Credit Card,20250822_102999,57321,Discovery Pass Combo to Kartin,40801,,Jennilyn,POS6,241.81,12.09,253.9
22-Aug-2025,Credit Card,20250822_102999,57321,Discovery Pass,40801,,Jennilyn,POS6,143.81,7.19,151
22-Aug-2025,Credit Card,20250822_102999,57322,Karting Combo to Discovery Pas,40801,,Jennilyn,POS6,205.81,10.29,216.1
22-Aug-2025,Credit Card,20250822_103002,57321,Discovery Pass Combo to Kartin,40801,,Jennilyn,POS6,120.905,6.045,126.95
22-Aug-2025,Credit Card,20250822_103002,57322,Karting Combo to Discovery Pas,40801,,Jennilyn,POS6,102.905,5.145,108.05
22-Aug-2025,Credit Card,20250822_103003,57052,Card Deposit,40801,,Nuripa,POS4,4.762,0.238,5
22-Aug-2025,Credit Card,20250822_103003,57162,50 AED Top Up - Redemption,40801,,Nuripa,POS4,142.857,7.143,150
22-Aug-2025,Credit Card,20250822_103004,57323,Carousel,40801,,Nuripa,POS4,40,2,42
22-Aug-2025,Credit Card,20250822_103005,57321,Discovery Pass,40801,,Glory Mae,POS3,143.81,7.19,151
22-Aug-2025,Credit Card,20250822_103005,57321,Toddler Pass,40801,,Glory Mae,POS3,99.048,4.952,104
22-Aug-2025,Credit Card,20250822_103006,57321,Discovery Pass,40801,,Glory Mae,POS3,143.81,7.19,151
22-Aug-2025,Credit Card,20250822_103007,57321,Discovery Pass,40801,,Glory Mae,POS3,287.619,14.381,302
22-Aug-2025,Credit Card,20250822_103008,57052,Card Deposit,40801,,Jennilyn,POS6,4.762,0.238,5
22-Aug-2025,Credit Card,20250822_103008,57322,Multiplex Karting - ADULTS,40801,,Jennilyn,POS6,120,6,126
22-Aug-2025,Credit Card,20250822_103009,57321,Discovery Pass Combo to Kartin,40801,,Glory Mae,POS3,120.905,6.045,126.95
22-Aug-2025,Credit Card,20250822_103009,57322,Karting Combo to Discovery Pas,40801,,Glory Mae,POS3,102.905,5.145,108.05
22-Aug-2025,Credit Card,20250822_103010,57162,50 AED Top Up - Redemption,40801,,Jennilyn,POS6,47.619,2.381,50
22-Aug-2025,Credit Card,20250822_103010,57322,Multiplex Karting - JUNIOR,40801,,Jennilyn,POS6,80,4,84
22-Aug-2025,Credit Card,20250822_103011,57321,Discovery Pass Combo to Kartin,40801,,Glory Mae,POS3,120.905,6.045,126.95
22-Aug-2025,Credit Card,20250822_103011,57322,Karting Combo to Discovery Pas,40801,,Glory Mae,POS3,102.905,5.145,108.05
22-Aug-2025,Credit Card,20250822_103014,57052,Card Deposit,40801,,Sirjana,POS5,4.762,0.238,5
22-Aug-2025,Credit Card,20250822_103014,57322,Multiplex Karting - ADULTS,40801,,Sirjana,POS5,120,6,126
22-Aug-2025,Credit Card,20250822_103014,57322,Multiplex Karting - Dual Drive,40801,,Sirjana,POS5,149.524,7.476,157
22-Aug-2025,Credit Card,20250822_103016,51305,Shoe Rent,40801,,Glory Mae,POS3,14.286,0.714,15
22-Aug-2025,Credit Card,20250822_103020,57322,Karting - Adults - 20% Teacher,40801,,Sirjana,POS5,480.952,24.048,505
22-Aug-2025,Credit Card,20250822_103021,57322,Multiplex Karting - ADULTS,40801,,Nuripa,POS4,120,6,126
22-Aug-2025,Credit Card,20250822_103023,57321,Adventure Pass,40801,,Glory Mae,POS3,377.143,18.857,396
22-Aug-2025,Credit Card,20250822_103023,57321,Discovery Pass,40801,,Glory Mae,POS3,287.619,14.381,302
22-Aug-2025,Credit Card,20250822_103024,57321,Adventure Pass 20% ADCB Card H,40801,,Nuripa,POS4,143.238,7.162,150.4
22-Aug-2025,Credit Card,20250822_103026,51305,Shoe Rent,40801,,Nuripa,POS4,14.286,0.714,15
22-Aug-2025,Credit Card,20250822_103026,51305,Socks,40801,,Nuripa,POS4,9.524,0.476,10
22-Aug-2025,Credit Card,20250822_103026,57052,Card Deposit,40801,,Nuripa,POS4,4.762,0.238,5
22-Aug-2025,Credit Card,20250822_103026,57322,Multiplex Karting - ADULTS,40801,,Nuripa,POS4,240,12,252
22-Aug-2025,Credit Card,20250822_103027,57052,Card Deposit,40801,,Jennilyn,POS6,4.762,0.238,5
22-Aug-2025,Credit Card,20250822_103027,57322,Multiplex Karting - ADULTS,40801,,Jennilyn,POS6,480,24,504
22-Aug-2025,Credit Card,20250822_103028,51305,Shoe Rent,40801,,Jennilyn,POS6,28.571,1.429,30
22-Aug-2025,Credit Card,20250822_103028,51305,Socks,40801,,Jennilyn,POS6,19.048,0.952,20
22-Aug-2025,Credit Card,20250822_103029,57052,Card Deposit,40801,,Nuripa,POS4,4.762,0.238,5
22-Aug-2025,Credit Card,20250822_103029,57322,Multiplex Karting - ADULTS,40801,,Nuripa,POS4,240,12,252
22-Aug-2025,Credit Card,20250822_103030,57322,Multiplex Karting - ADULTS,40801,,Jennilyn,POS6,120,6,126
22-Aug-2025,Credit Card,20250822_103033,57052,Card Deposit,40801,,Jennilyn,POS6,4.762,0.238,5
22-Aug-2025,Credit Card,20250822_103033,57322,Multiplex Karting - ADULTS,40801,,Jennilyn,POS6,360,18,378
22-Aug-2025,Payment Link,20250822_102946,57325,Birthday Package A (Adventure ,40801,,Rochelle,POS6,2550,127.5,2677.5
23-Aug-2025,,20250823_103042,57321,Fazaa - Get Tired Playing,40801,,Glory Mae,POS3,0,0,0
23-Aug-2025,,20250823_103045,57321,Fazaa - Get Tired Playing,40801,,Rochelle,POS6,0,0,0
23-Aug-2025,,20250823_103046,57321,Fazaa - Get Tired Playing,40801,,Glory Mae,POS3,0,0,0
23-Aug-2025,,20250823_103047,57321,Fazaa - Get Tired Playing,40801,,Glory Mae,POS3,0,0,0
23-Aug-2025,,20250823_103048,57321,Fazaa - Get Tired Playing,40801,,Glory Mae,POS3,0,0,0
23-Aug-2025,,20250823_103049,57321,Fazaa - Get Tired Playing,40801,,Nuripa,POS6,0,0,0
23-Aug-2025,,20250823_103059,57321,Fazaa - Get Tired Playing,40801,,Nuripa,POS6,0,0,0
23-Aug-2025,,20250823_103060,57321,Fazaa - Get Tired Playing,40801,,Amal,POS4,0,0,0
23-Aug-2025,,20250823_103063,57321,Fazaa - Get Tired Playing,40801,,Nuripa,POS6,0,0,0
23-Aug-2025,,20250823_103070,57321,Fazaa - Get Tired Playing,40801,,Amal,POS4,0,0,0
23-Aug-2025,,20250823_103074,57321,Fazaa - Get Tired Playing,40801,,Amal,POS4,0,0,0
23-Aug-2025,,20250823_103075,57321,Fazaa - Get Tired Playing,40801,,Nuripa,POS6,0,0,0
23-Aug-2025,,20250823_103082,57321,Fazaa - Get Tired Playing,40801,,Amal,POS4,0,0,0
23-Aug-2025,,20250823_103084,57321,Fazaa - Get Tired Playing,40801,,Amal,POS4,0,0,0
23-Aug-2025,,20250823_103089,57321,Fazaa - Get Tired Playing,40801,,Nuripa,POS6,0,0,0
23-Aug-2025,,20250823_103091,57321,Fazaa - Get Tired Playing,40801,,Nuripa,POS6,0,0,0
23-Aug-2025,,20250823_103096,57321,Fazaa - Get Tired Playing,40801,,Nuripa,POS6,0,0,0
23-Aug-2025,,20250823_103097,57321,Fazaa - Get Tired Playing,40801,,Nuripa,POS6,0,0,0
23-Aug-2025,,20250823_103098,57321,Fazaa - Get Tired Playing,40801,,Jennilyn,POS5,0,0,0
23-Aug-2025,,20250823_103100,57321,Fazaa - Get Tired Playing,40801,,Amal,POS4,0,0,0
23-Aug-2025,,20250823_103102,57321,Fazaa - Get Tired Playing,40801,,Glory Mae,POS3,0,0,0
23-Aug-2025,,20250823_103103,57321,Fazaa - Get Tired Playing,40801,,Nuripa,POS6,0,0,0
23-Aug-2025,,20250823_103104,57321,Fazaa - Get Tired Playing,40801,,Glory Mae,POS3,0,0,0
23-Aug-2025,,20250823_103110,57321,Fazaa - Get Tired Playing,40801,,Glory Mae,POS3,0,0,0
23-Aug-2025,,20250823_103112,57321,Fazaa - Get Tired Playing,40801,,Glory Mae,POS3,0,0,0
23-Aug-2025,,20250823_103116,57321,FOC - Complementary Ticket - G,40801,,Nuripa,POS6,0,0,0
23-Aug-2025,,20250823_103120,57321,Fazaa - Get Tired Playing,40801,,Amal,POS4,0,0,0
23-Aug-2025,,20250823_103121,57321,Fazaa - Get Tired Playing,40801,,Nuripa,POS6,0,0,0
23-Aug-2025,,20250823_103122,57321,Fazaa - Get Tired Playing,40801,,Amal,POS4,0,0,0
23-Aug-2025,,20250823_103127,57321,Discovery Pass - Abudhabi Medi,40801,,Glory Mae,POS3,0,0,0
23-Aug-2025,,20250823_103128,57321,Discovery Pass - Abudhabi Medi,40801,,Glory Mae,POS3,0,0,0
23-Aug-2025,,20250823_103129,57321,Discovery Pass - Abudhabi Medi,40801,,Glory Mae,POS3,0,0,0
23-Aug-2025,,20250823_103131,57321,Fazaa - Get Tired Playing,40801,,Glory Mae,POS3,0,0,0
23-Aug-2025,,20250823_103137,57321,Fazaa - Get Tired Playing,40801,,Glory Mae,POS3,0,0,0
23-Aug-2025,,20250823_103143,57321,Fazaa - Get Tired Playing,40801,,Nuripa,POS6,0,0,0
23-Aug-2025,,20250823_103147,57321,Fazaa - Get Tired Playing,40801,,Glory Mae,POS3,0,0,0
23-Aug-2025,,20250823_103168,57321,Fazaa - Get Tired Playing,40801,,Nuripa,POS6,0,0,0
23-Aug-2025,,20250823_103173,57321,Fazaa - Get Tired Playing,40801,,Jennilyn,POS5,0,0,0
23-Aug-2025,Cash,20250823_103050,57052,Card Deposit,40801,,Nuripa,POS6,4.762,0.238,5
23-Aug-2025,Cash,20250823_103050,57162,100 Credit Top Up - Redemption,40801,,Nuripa,POS6,95.238,4.762,100
23-Aug-2025,Cash,20250823_103068,57321,POD - Discovery Pass - 70.50 A,40801,,Nuripa,POS6,67.143,3.357,70.5
23-Aug-2025,Cash,20250823_103069,57052,Card Deposit,40801,,Nuripa,POS6,4.762,0.238,5
23-Aug-2025,Cash,20250823_103069,57162,50 AED Top Up - Redemption,40801,,Nuripa,POS6,47.619,2.381,50
23-Aug-2025,Cash,20250823_103109,51305,Socks,40801,,Amal,POS4,9.524,0.476,10
23-Aug-2025,Cash,20250823_103141,57321,Discovery Pass,40801,,Glory Mae,POS3,143.81,7.19,151
23-Aug-2025,Cash,20250823_103150,51305,Shoe Rent,40801,,Nuripa,POS6,14.286,0.714,15
23-Aug-2025,Cash,20250823_103150,51305,Socks,40801,,Nuripa,POS6,9.524,0.476,10
23-Aug-2025,Cash,20250823_103150,57321,Thriller Pass,40801,,Nuripa,POS6,685.714,34.286,720
23-Aug-2025,Cash,20250823_103158,57321,Toddler Pass,40801,,Amal,POS4,99.048,4.952,104
23-Aug-2025,Cash,20250823_103163,57321,Discovery Pass,40801,,Amal,POS4,431.429,21.571,453
23-Aug-2025,Cash,20250823_103164,57323,Lockers ,40801,,Amal,POS4,9.524,0.476,10
23-Aug-2025,Cash,20250823_103172,57321,Discovery Pass,40801,,Sirjana,POS3,287.619,14.381,302
23-Aug-2025,Cash,20250823_103175,51305,Socks,40801,,Sirjana,POS3,19.048,0.952,20
23-Aug-2025,Cash,20250823_103175,57321,Adventure Pass,40801,,Sirjana,POS3,377.143,18.857,396
23-Aug-2025,Cash;Credit Card,20250823_103154,51305,Shoe Rent,40801,,Nuripa,POS6,28.571,1.429,30
23-Aug-2025,Cash;Credit Card,20250823_103154,51305,Socks,40801,,Nuripa,POS6,19.048,0.952,20
23-Aug-2025,Cash;Credit Card,20250823_103154,57052,Card Deposit,40801,,Nuripa,POS6,4.762,0.238,5
23-Aug-2025,Cash;Credit Card,20250823_103154,57322,Multiplex Karting - ADULTS,40801,,Nuripa,POS6,240,12,252
23-Aug-2025,Credit Card,20250823_103036,57321,Toddler Pass,40801,,Rochelle,POS6,99.048,4.952,104
23-Aug-2025,Credit Card,20250823_103037,57321,Get Tired Playing Combo to Kar,40801,,Glory Mae,POS3,542.362,27.118,569.48
23-Aug-2025,Credit Card,20250823_103037,57322,Karting Combo to Get Tired Pla,40801,,Glory Mae,POS3,217.638,10.882,228.52
23-Aug-2025,Credit Card,20250823_103038,57324,Entertainer Climbing Wall Sess,40801,,Glory Mae,POS3,60,3,63
23-Aug-2025,Credit Card,20250823_103039,57321,Discovery Pass - 20% Teachers ,40801,,Glory Mae,POS3,107.619,5.381,113
23-Aug-2025,Credit Card,20250823_103041,57321,Discovery Pass,40801,,Rochelle,POS6,287.619,14.381,302
23-Aug-2025,Credit Card,20250823_103043,57321,Discovery Pass,40801,,Rochelle,POS6,287.619,14.381,302
23-Aug-2025,Credit Card,20250823_103044,51305,Shoe Rent,40801,,Glory Mae,POS3,28.571,1.429,30
23-Aug-2025,Credit Card,20250823_103044,51305,Socks,40801,,Glory Mae,POS3,19.048,0.952,20
23-Aug-2025,Credit Card,20250823_103044,57321,Get Tired Playing ,40801,,Glory Mae,POS3,598.095,29.905,628
23-Aug-2025,Credit Card,20250823_103051,51305,Socks,40801,,Glory Mae,POS3,9.524,0.476,10
23-Aug-2025,Credit Card,20250823_103051,57321,Discovery Pass,40801,,Glory Mae,POS3,143.81,7.19,151
23-Aug-2025,Credit Card,20250823_103052,57162,Slime Experience - 41AED,40801,,Manisha,POS7,117.143,5.857,123
23-Aug-2025,Credit Card,20250823_103053,57321,Fazaa - Get Tired Playing,40801,,Amal,POS4,0,0,0
23-Aug-2025,Credit Card,20250823_103053,57323,Lockers ,40801,,Amal,POS4,9.524,0.476,10
23-Aug-2025,Credit Card,20250823_103054,51305,Socks,40801,,Amal,POS4,19.048,0.952,20
23-Aug-2025,Credit Card,20250823_103054,57321,Adventure Pass,40801,,Amal,POS4,377.143,18.857,396
23-Aug-2025,Credit Card,20250823_103055,57052,Card Deposit,40801,,Amal,POS4,4.762,0.238,5
23-Aug-2025,Credit Card,20250823_103055,57162,50 AED Top Up - Redemption,40801,,Amal,POS4,47.619,2.381,50
23-Aug-2025,Credit Card,20250823_103056,57162,50 AED Top Up - Redemption,40801,,Amal,POS4,47.619,2.381,50
23-Aug-2025,Credit Card,20250823_103057,57052,Card Deposit,40801,,Nuripa,POS6,4.762,0.238,5
23-Aug-2025,Credit Card,20250823_103057,57322,Multiplex Karting - ADULTS,40801,,Nuripa,POS6,120,6,126
23-Aug-2025,Credit Card,20250823_103057,57322,Multiplex Karting - Dual Drive,40801,,Nuripa,POS6,149.524,7.476,157
23-Aug-2025,Credit Card,20250823_103058,51305,Shoe Rent,40801,,Amal,POS4,42.857,2.143,45
23-Aug-2025,Credit Card,20250823_103058,51305,Socks,40801,,Amal,POS4,19.048,0.952,20
23-Aug-2025,Credit Card,20250823_103058,57321,Discovery Pass Combo to Kartin,40801,,Amal,POS4,241.81,12.09,253.9
23-Aug-2025,Credit Card,20250823_103058,57321,Discovery Pass,40801,,Amal,POS4,143.81,7.19,151
23-Aug-2025,Credit Card,20250823_103058,57322,Karting Combo to Discovery Pas,40801,,Amal,POS4,205.81,10.29,216.1
23-Aug-2025,Credit Card,20250823_103061,57052,Card Deposit,40801,,Nuripa,POS6,4.762,0.238,5
23-Aug-2025,Credit Card,20250823_103061,57322,Multiplex Karting - ADULTS,40801,,Nuripa,POS6,240,12,252
23-Aug-2025,Credit Card,20250823_103062,57052,Card Deposit,40801,,Nuripa,POS6,4.762,0.238,5
23-Aug-2025,Credit Card,20250823_103062,57322,Multiplex Karting - ADULTS,40801,,Nuripa,POS6,240,12,252
23-Aug-2025,Credit Card,20250823_103064,57052,Card Deposit,40801,,Amal,POS4,4.762,0.238,5
23-Aug-2025,Credit Card,20250823_103064,57322,Multiplex Karting - ADULTS,40801,,Amal,POS4,120,6,126
23-Aug-2025,Credit Card,20250823_103064,57322,Multiplex Karting - JUNIOR,40801,,Amal,POS4,80,4,84
23-Aug-2025,Credit Card,20250823_103065,57052,Card Deposit,40801,,Nuripa,POS6,4.762,0.238,5
23-Aug-2025,Credit Card,20250823_103065,57162,100 Credit Top Up - Redemption,40801,,Nuripa,POS6,95.238,4.762,100
23-Aug-2025,Credit Card,20250823_103066,51305,Shoe Rent,40801,,Amal,POS4,14.286,0.714,15
23-Aug-2025,Credit Card,20250823_103066,51305,Socks,40801,,Amal,POS4,9.524,0.476,10
23-Aug-2025,Credit Card,20250823_103067,57052,Card Deposit,40801,,Amal,POS4,4.762,0.238,5
23-Aug-2025,Credit Card,20250823_103067,57162,100 Credit Top Up - Redemption,40801,,Amal,POS4,95.238,4.762,100
23-Aug-2025,Credit Card,20250823_103071,57321,Thriller Pass,40801,,Amal,POS4,457.143,22.857,480
23-Aug-2025,Credit Card,20250823_103072,57052,Card Deposit,40801,,Amal,POS4,4.762,0.238,5
23-Aug-2025,Credit Card,20250823_103072,57321,Adventure Pass,40801,,Amal,POS4,188.571,9.429,198
23-Aug-2025,Credit Card,20250823_103072,57322,Multiplex Karting - ADULTS - D,40801,,Amal,POS4,400,20,420
23-Aug-2025,Credit Card,20250823_103073,57052,Card Deposit,40801,,Nuripa,POS6,4.762,0.238,5
23-Aug-2025,Credit Card,20250823_103073,57322,Multiplex Karting - JUNIOR,40801,,Nuripa,POS6,160,8,168
23-Aug-2025,Credit Card,20250823_103076,57324,Climbing Wall Session - 15minu,40801,,Amal,POS4,137.143,6.857,144
23-Aug-2025,Credit Card,20250823_103077,57321,Discovery Pass Combo to Kartin,40801,,Nuripa,POS6,120.905,6.045,126.95
23-Aug-2025,Credit Card,20250823_103077,57322,Karting Combo to Discovery Pas,40801,,Nuripa,POS6,102.905,5.145,108.05
23-Aug-2025,Credit Card,20250823_103078,57321,Discovery Pass Combo to Kartin,40801,,Nuripa,POS6,120.905,6.045,126.95
23-Aug-2025,Credit Card,20250823_103078,57322,Karting Combo to Discovery Pas,40801,,Nuripa,POS6,102.905,5.145,108.05
23-Aug-2025,Credit Card,20250823_103079,57162,50 AED Top Up - Redemption,40801, ,External POS,KIOSK1,47.619,2.381,50
23-Aug-2025,Credit Card,20250823_103080,57321,Discovery Pass Combo to Kartin,40801,,Amal,POS4,483.619,24.181,507.8
23-Aug-2025,Credit Card,20250823_103080,57322,Karting Combo to Discovery Pas,40801,,Amal,POS4,411.619,20.581,432.2
23-Aug-2025,Credit Card,20250823_103081,57162,100 Credit Top Up - Redemption,40801, ,External POS,KIOSK1,95.238,4.762,100
23-Aug-2025,Credit Card,20250823_103083,57321,Thriller Pass,40801,,Nuripa,POS6,685.714,34.286,720
23-Aug-2025,Credit Card,20250823_103086,57052,Card Deposit,40801,,Amal,POS4,4.762,0.238,5
23-Aug-2025,Credit Card,20250823_103086,57322,Multiplex Karting - ADULTS,40801,,Amal,POS4,120,6,126
23-Aug-2025,Credit Card,20250823_103086,57322,Multiplex Karting - Dual Drive,40801,,Amal,POS4,149.524,7.476,157
23-Aug-2025,Credit Card,20250823_103087,57052,Card Deposit,40801,,Nuripa,POS6,4.762,0.238,5
23-Aug-2025,Credit Card,20250823_103087,57162,100 Credit Top Up - Redemption,40801,,Nuripa,POS6,95.238,4.762,100
23-Aug-2025,Credit Card,20250823_103088,57162,100 Credit Top Up - Redemption,40801,,Nuripa,POS6,95.238,4.762,100
23-Aug-2025,Credit Card,20250823_103090,57162,50 AED Top Up - Redemption,40801, ,External POS,KIOSK1,47.619,2.381,50
23-Aug-2025,Credit Card,20250823_103092,51605,Add Ons - Fluid Art - Meduim F,40801,,Manisha,POS7,249.524,12.476,262
23-Aug-2025,Credit Card,20250823_103093,57321,Adventure Pass,40801,,Nuripa,POS6,565.714,28.286,594
23-Aug-2025,Credit Card,20250823_103093,57321,Toddler Pass,40801,,Nuripa,POS6,99.048,4.952,104
23-Aug-2025,Credit Card,20250823_103094,57321,Adventure Pass,40801,,Nuripa,POS6,188.571,9.429,198
23-Aug-2025,Credit Card,20250823_103094,57321,Toddler Pass,40801,,Nuripa,POS6,99.048,4.952,104
23-Aug-2025,Credit Card,20250823_103095,57321,Get Tired Playing ,40801,,Sirjana,POS5,598.095,29.905,628
23-Aug-2025,Credit Card,20250823_103099,57052,Card Deposit,40801,,Jennilyn,POS5,4.762,0.238,5
23-Aug-2025,Credit Card,20250823_103099,57322,Multiplex Karting - ADULTS,40801,,Jennilyn,POS5,120,6,126
23-Aug-2025,Credit Card,20250823_103099,57322,Multiplex Karting - JUNIOR,40801,,Jennilyn,POS5,80,4,84
23-Aug-2025,Credit Card,20250823_103101,57162,Slime Experience - 41AED,40801,,Manisha,POS7,39.048,1.952,41
23-Aug-2025,Credit Card,20250823_103105,57052,Card Deposit,40801,,Amal,POS4,4.762,0.238,5
23-Aug-2025,Credit Card,20250823_103105,57322,Multiplex Karting - ADULTS,40801,,Amal,POS4,360,18,378
23-Aug-2025,Credit Card,20250823_103106,57321,POD - Discovery Pass - 70.50 A,40801,,Nuripa,POS6,67.143,3.357,70.5
23-Aug-2025,Credit Card,20250823_103107,57162,Slime Experience - 41AED,40801,,Manisha,POS7,39.048,1.952,41
23-Aug-2025,Credit Card,20250823_103108,51305,Shoe Rent,40801,,Glory Mae,POS3,14.286,0.714,15
23-Aug-2025,Credit Card,20250823_103111,57052,Card Deposit,40801,,Glory Mae,POS3,4.762,0.238,5
23-Aug-2025,Credit Card,20250823_103111,57322,Multiplex Karting - ADULTS,40801,,Glory Mae,POS3,240,12,252
23-Aug-2025,Credit Card,20250823_103113,57321,Discovery Pass,40801,,Glory Mae,POS3,287.619,14.381,302
23-Aug-2025,Credit Card,20250823_103114,57162,Slime Experience - 41AED,40801,,Manisha,POS7,39.048,1.952,41
23-Aug-2025,Credit Card,20250823_103115,57052,Card Deposit,40801,,Amal,POS4,4.762,0.238,5
23-Aug-2025,Credit Card,20250823_103115,57321,Fazaa - Get Tired Playing,40801,,Amal,POS4,0,0,0
23-Aug-2025,Credit Card,20250823_103115,57322,Multiplex Karting - ADULTS,40801,,Amal,POS4,120,6,126
23-Aug-2025,Credit Card,20250823_103117,57323,Inflatable 1 Hour - 99AED,40801,,Amal,POS4,94.286,4.714,99
23-Aug-2025,Credit Card,20250823_103118,57321,Discovery Pass Combo to Kartin,40801,,Glory Mae,POS3,241.81,12.09,253.9
23-Aug-2025,Credit Card,20250823_103118,57322,Karting Combo to Discovery Pas,40801,,Glory Mae,POS3,205.81,10.29,216.1
23-Aug-2025,Credit Card,20250823_103119,57323,Inflatable 1 Hour - 99AED,40801,,Amal,POS4,94.286,4.714,99
23-Aug-2025,Credit Card,20250823_103123,57052,Card Deposit,40801,,Glory Mae,POS3,4.762,0.238,5
23-Aug-2025,Credit Card,20250823_103123,57322,Multiplex Karting - ADULTS - D,40801,,Glory Mae,POS3,400,20,420
23-Aug-2025,Credit Card,20250823_103124,57052,Card Deposit,40801,,Amal,POS4,4.762,0.238,5
23-Aug-2025,Credit Card,20250823_103124,57322,Multiplex Karting - ADULTS - D,40801,,Amal,POS4,400,20,420
23-Aug-2025,Credit Card,20250823_103125,57321,Discovery Pass Combo to Kartin,40801,,Nuripa,POS6,241.81,12.09,253.9
23-Aug-2025,Credit Card,20250823_103125,57322,Karting Combo to Discovery Pas,40801,,Nuripa,POS6,205.81,10.29,216.1
23-Aug-2025,Credit Card,20250823_103126,57052,Card Deposit,40801,,Amal,POS4,4.762,0.238,5
23-Aug-2025,Credit Card,20250823_103126,57321,Discovery Pass,40801,,Amal,POS4,287.619,14.381,302
23-Aug-2025,Credit Card,20250823_103126,57322,Multiplex Karting - ADULTS,40801,,Amal,POS4,120,6,126
23-Aug-2025,Credit Card,20250823_103126,57322,Multiplex Karting - Dual Drive,40801,,Amal,POS4,149.524,7.476,157
23-Aug-2025,Credit Card,20250823_103126,57322,Multiplex Karting - JUNIOR,40801,,Amal,POS4,80,4,84
23-Aug-2025,Credit Card,20250823_103130,57321,Get Tired Playing ,40801,,Amal,POS4,299.048,14.952,314
23-Aug-2025,Credit Card,20250823_103132,57052,Card Deposit,40801,,Amal,POS4,4.762,0.238,5
23-Aug-2025,Credit Card,20250823_103132,57322,Multiplex Karting - ADULTS,40801,,Amal,POS4,120,6,126
23-Aug-2025,Credit Card,20250823_103133,57321,Discovery Pass,40801,,Amal,POS4,719.048,35.952,755
23-Aug-2025,Credit Card,20250823_103135,57321,Adventure Pass,40801,,Glory Mae,POS3,188.571,9.429,198
23-Aug-2025,Credit Card,20250823_103135,57321,Discovery Pass,40801,,Glory Mae,POS3,143.81,7.19,151
23-Aug-2025,Credit Card,20250823_103136,57321,Discovery Pass,40801,,Nuripa,POS6,143.81,7.19,151
23-Aug-2025,Credit Card,20250823_103136,57321,Toddler Pass,40801,,Nuripa,POS6,99.048,4.952,104
23-Aug-2025,Credit Card,20250823_103138,51305,Socks,40801,,Glory Mae,POS3,9.524,0.476,10
23-Aug-2025,Credit Card,20250823_103139,57321,Discovery Pass,40801,,Nuripa,POS6,287.619,14.381,302
23-Aug-2025,Credit Card,20250823_103139,57321,POD - Discovery Pass - 70.50 A,40801,,Nuripa,POS6,67.143,3.357,70.5
23-Aug-2025,Credit Card,20250823_103140,57321,Discovery Pass,40801,,Nuripa,POS6,287.619,14.381,302
23-Aug-2025,Credit Card,20250823_103142,57052,Card Deposit,40801,,Jennilyn,POS5,4.762,0.238,5
23-Aug-2025,Credit Card,20250823_103142,57322,Multiplex Karting - ADULTS,40801,,Jennilyn,POS5,120,6,126
23-Aug-2025,Credit Card,20250823_103144,51305,Shoe Rent,40801,,Nuripa,POS6,71.429,3.571,75
23-Aug-2025,Credit Card,20250823_103144,51305,Socks,40801,,Nuripa,POS6,38.095,1.905,40
23-Aug-2025,Credit Card,20250823_103144,57052,Card Deposit,40801,,Nuripa,POS6,4.762,0.238,5
23-Aug-2025,Credit Card,20250823_103144,57322,Multiplex Karting - ADULTS,40801,,Nuripa,POS6,840,42,882
23-Aug-2025,Credit Card,20250823_103145,57321,Get Tired Playing ,40801,,Nuripa,POS6,598.095,29.905,628
23-Aug-2025,Credit Card,20250823_103146,57321,Discovery Pass,40801,,Amal,POS4,431.429,21.571,453
23-Aug-2025,Credit Card,20250823_103148,57321,POD - Discovery Pass - 70.50 A,40801,,Nuripa,POS6,67.143,3.357,70.5
23-Aug-2025,Credit Card,20250823_103149,57323,Via Ferrata,40801,,Amal,POS4,29.524,1.476,31
23-Aug-2025,Credit Card,20250823_103151,57321,Adventure Pass 20% ADCB Card H,40801,,Amal,POS4,286.476,14.324,300.8
23-Aug-2025,Credit Card,20250823_103152,57052,Card Deposit,40801,,Amal,POS4,4.762,0.238,5
23-Aug-2025,Credit Card,20250823_103152,57162,100 Credit Top Up - Redemption,40801,,Amal,POS4,95.238,4.762,100
23-Aug-2025,Credit Card,20250823_103153,57321,Discovery Pass,40801,,Amal,POS4,143.81,7.19,151
23-Aug-2025,Credit Card,20250823_103155,57321,Toddler Pass,40801,,Amal,POS4,99.048,4.952,104
23-Aug-2025,Credit Card,20250823_103156,57322,Multiplex Karting - ADULTS,40801,,Amal,POS4,120,6,126
23-Aug-2025,Credit Card,20250823_103157,57052,Card Deposit,40801,,Amal,POS4,4.762,0.238,5
23-Aug-2025,Credit Card,20250823_103157,57162,100 Credit Top Up - Redemption,40801,,Amal,POS4,95.238,4.762,100
23-Aug-2025,Credit Card,20250823_103159,57052,Card Deposit,40801,,Nuripa,POS6,4.762,0.238,5
23-Aug-2025,Credit Card,20250823_103159,57322,Multiplex Karting - ADULTS,40801,,Nuripa,POS6,240,12,252
23-Aug-2025,Credit Card,20250823_103159,57322,Multiplex Karting - JUNIOR,40801,,Nuripa,POS6,80,4,84
23-Aug-2025,Credit Card,20250823_103160,57321,Discovery Pass,40801,,Amal,POS4,143.81,7.19,151
23-Aug-2025,Credit Card,20250823_103161,57323,Toddler Playland Unlimited,40801,,Nuripa,POS6,188.571,9.429,198
23-Aug-2025,Credit Card,20250823_103162,57321,Discovery Pass Combo to Kartin,40801,,Nuripa,POS6,120.905,6.045,126.95
23-Aug-2025,Credit Card,20250823_103162,57322,Karting Combo to Discovery Pas,40801,,Nuripa,POS6,102.905,5.145,108.05
23-Aug-2025,Credit Card,20250823_103165,57052,Card Deposit,40801,,Nuripa,POS6,4.762,0.238,5
23-Aug-2025,Credit Card,20250823_103165,57322,Multiplex Karting - ADULTS,40801,,Nuripa,POS6,120,6,126
23-Aug-2025,Credit Card,20250823_103165,57322,Multiplex Karting - JUNIOR,40801,,Nuripa,POS6,80,4,84
23-Aug-2025,Credit Card,20250823_103166,57321,Discovery Pass,40801,,Jennilyn,POS5,143.81,7.19,151
23-Aug-2025,Credit Card,20250823_103167,57321,Discovery Pass,40801,,Jennilyn,POS5,431.429,21.571,453
23-Aug-2025,Credit Card,20250823_103170,51305,Shoe Rent,40801,,Nuripa,POS6,14.286,0.714,15
23-Aug-2025,Credit Card,20250823_103170,51305,Socks,40801,,Nuripa,POS6,9.524,0.476,10
23-Aug-2025,Credit Card,20250823_103170,57052,Card Deposit,40801,,Nuripa,POS6,4.762,0.238,5
23-Aug-2025,Credit Card,20250823_103170,57322,Multiplex Karting - ADULTS,40801,,Nuripa,POS6,240,12,252
23-Aug-2025,Credit Card,20250823_103171,57321,POD - Discovery Pass - 70.50 A,40801,,Jennilyn,POS5,67.143,3.357,70.5
23-Aug-2025,Credit Card,20250823_103174,57321,Adventure Pass,40801,,Jennilyn,POS5,188.571,9.429,198
23-Aug-2025,Credit Card,20250823_103176,57321,Discovery Pass,40801,,Sirjana,POS3,287.619,14.381,302
23-Aug-2025,Credit Card,20250823_103177,57052,Card Deposit,40801,,Sirjana,POS3,4.762,0.238,5
23-Aug-2025,Credit Card,20250823_103177,57162,100 Credit Top Up - Redemption,40801,,Sirjana,POS3,95.238,4.762,100
23-Aug-2025,Credit Card,20250823_103178,57052,Card Deposit,40801,,Sirjana,POS3,4.762,0.238,5
23-Aug-2025,Credit Card,20250823_103178,57322,Multiplex Karting - ADULTS,40801,,Sirjana,POS3,240,12,252
23-Aug-2025,Credit Card,20250823_103180,57052,Card Deposit,40801,,Sirjana,POS3,4.762,0.238,5
23-Aug-2025,Credit Card,20250823_103180,57322,Multiplex Karting - ADULTS,40801,,Sirjana,POS3,120,6,126
23-Aug-2025,Credit Card,20250823_103180,57322,Multiplex Karting - Dual Drive,40801,,Sirjana,POS3,149.524,7.476,157
23-Aug-2025,Credit Card,20250823_103181,57323,Speed Glider,40801,,Sirjana,POS3,72.381,3.619,76
23-Aug-2025,Credit Card,20250823_103181,57323,Stunt Bags,40801,,Sirjana,POS3,28.571,1.429,30
23-Aug-2025,Credit Card,20250823_103181,57323,Through the Roof,40801,,Sirjana,POS3,59.048,2.952,62
23-Aug-2025,Credit Card,20250823_103182,57322,Multiplex Karting - JUNIOR,40801,,Sirjana,POS3,80,4,84
23-Aug-2025,Online Pay,20250823_103034,57321,Get Tired Playing ,40802, ,External POS,online,897.143,44.857,942
24-Aug-2025,,20250824_103185,57321,Fazaa - Get Tired Playing,40801,,Amal,POS6,0,0,0
24-Aug-2025,,20250824_103191,57321,Fazaa - Get Tired Playing,40801,,Amal,POS6,0,0,0
24-Aug-2025,,20250824_103204,57321,Fazaa - Get Tired Playing,40801,,Sirjana,POS4,0,0,0
24-Aug-2025,,20250824_103209,57321,Fazaa - Get Tired Playing,40801,,Jennilyn,POS5,0,0,0
24-Aug-2025,,20250824_103212,57321,Fazaa - Get Tired Playing,40801,,Jennilyn,POS5,0,0,0
24-Aug-2025,,20250824_103213,57321,Fazaa - Get Tired Playing,40801,,Jennilyn,POS5,0,0,0
24-Aug-2025,,20250824_103214,57321,Fazaa - Get Tired Playing,40801,,Sirjana,POS4,0,0,0
24-Aug-2025,,20250824_103228,57321,Fazaa - Get Tired Playing,40801,,Amal,POS6,0,0,0
24-Aug-2025,Cash,20250824_103205,57052,Card Deposit,40801,,Sirjana,POS4,4.762,0.238,5
24-Aug-2025,Cash,20250824_103205,57322,Multiplex Karting - ADULTS,40801,,Sirjana,POS4,120,6,126
24-Aug-2025,Cash,20250824_103205,57322,Multiplex Karting - JUNIOR,40801,,Sirjana,POS4,80,4,84
24-Aug-2025,Cash,20250824_103205,57324,Entertainer Climbing Wall Sess,40801,,Sirjana,POS4,60,3,63
24-Aug-2025,Cash,20250824_103206,57321,Discovery Pass,40801,,Jennilyn,POS5,143.81,7.19,151
24-Aug-2025,Cash,20250824_103208,57321,Discovery Pass,40801,,Jennilyn,POS5,143.81,7.19,151
24-Aug-2025,Cash,20250824_103208,57323,Lockers ,40801,,Jennilyn,POS5,9.524,0.476,10
24-Aug-2025,Cash;Credit Card,20250824_103189,57052,Card Deposit,40801,,Amal,POS6,4.762,0.238,5
24-Aug-2025,Cash;Credit Card,20250824_103189,57321,Thriller Pass,40801,,Amal,POS6,457.143,22.857,480
24-Aug-2025,Cash;Credit Card,20250824_103189,57322,Multiplex Karting - JUNIOR,40801,,Amal,POS6,80,4,84
24-Aug-2025,Credit Card,20250824_103183,57321,Adventure Pass,40801,,Amal,POS6,377.143,18.857,396
24-Aug-2025,Credit Card,20250824_103184,51305,Shoe Rent,40801,,Amal,POS6,42.857,2.143,45
24-Aug-2025,Credit Card,20250824_103184,51305,Socks,40801,,Amal,POS6,28.571,1.429,30
24-Aug-2025,Credit Card,20250824_103184,57052,Card Deposit,40801,,Amal,POS6,4.762,0.238,5
24-Aug-2025,Credit Card,20250824_103184,57322,Multiplex Karting - ADULTS,40801,,Amal,POS6,360,18,378
24-Aug-2025,Credit Card,20250824_103186,51305,Shoe Rent,40801,,Amal,POS6,14.286,0.714,15
24-Aug-2025,Credit Card,20250824_103186,57052,Card Deposit,40801,,Amal,POS6,4.762,0.238,5
24-Aug-2025,Credit Card,20250824_103186,57322,Multiplex Karting - ADULTS,40801,,Amal,POS6,120,6,126
24-Aug-2025,Credit Card,20250824_103186,57322,Multiplex Karting - JUNIOR,40801,,Amal,POS6,80,4,84
24-Aug-2025,Credit Card,20250824_103187,57321,Adventure Pass,40801,,Amal,POS6,188.571,9.429,198
24-Aug-2025,Credit Card,20250824_103187,57321,Thriller Pass,40801,,Amal,POS6,457.143,22.857,480
24-Aug-2025,Credit Card,20250824_103188,57321,Discovery Pass,40801,,Amal,POS6,431.429,21.571,453
24-Aug-2025,Credit Card,20250824_103190,57321,Toddler Pass,40801,,Amal,POS6,99.048,4.952,104
24-Aug-2025,Credit Card,20250824_103192,51305,Socks,40801,,Amal,POS6,19.048,0.952,20
24-Aug-2025,Credit Card,20250824_103193,57323,Toddler Playland Unlimited,40801,,Amal,POS6,94.286,4.714,99
24-Aug-2025,Credit Card,20250824_103194,57325,Birthday Package B (Adventure ,40801,,Amal,POS6,210,10.5,220.5
24-Aug-2025,Credit Card,20250824_103195,57321,Get Tired Playing ,40801,,Amal,POS6,897.143,44.857,942
24-Aug-2025,Credit Card,20250824_103196,51305,Socks,40801,,Amal,POS6,19.048,0.952,20
24-Aug-2025,Credit Card,20250824_103198,57162,Slime Experience - 41AED,40801,,Manisha,POS7,39.048,1.952,41
24-Aug-2025,Credit Card,20250824_103199,57321,Thriller Pass,40801,,Amal,POS6,228.571,11.429,240
24-Aug-2025,Credit Card,20250824_103199,57323,Toddler Playland Unlimited,40801,,Amal,POS6,94.286,4.714,99
24-Aug-2025,Credit Card,20250824_103200,57162,Slime Experience - 41AED,40801,,Manisha,POS7,78.095,3.905,82
24-Aug-2025,Credit Card,20250824_103201,57321,Get Tired Playing ,40801,,Amal,POS6,299.048,14.952,314
24-Aug-2025,Credit Card,20250824_103202,57321,Discovery Pass Combo to Kartin,40801,,Amal,POS6,120.905,6.045,126.95
24-Aug-2025,Credit Card,20250824_103202,57322,Karting Combo to Discovery Pas,40801,,Amal,POS6,102.905,5.145,108.05
24-Aug-2025,Credit Card,20250824_103203,57321,Discovery Pass Combo to Kartin,40801,,Jennilyn,POS5,483.619,24.181,507.8
24-Aug-2025,Credit Card,20250824_103203,57322,Karting Combo to Discovery Pas,40801,,Jennilyn,POS5,411.619,20.581,432.2
24-Aug-2025,Credit Card,20250824_103207,57321,Discovery Pass,40801,,Jennilyn,POS5,143.81,7.19,151
24-Aug-2025,Credit Card,20250824_103210,51305,Shoe Rent,40801,,Jennilyn,POS5,42.857,2.143,45
24-Aug-2025,Credit Card,20250824_103210,57321,Toddler Pass,40801,,Jennilyn,POS5,99.048,4.952,104
24-Aug-2025,Credit Card,20250824_103211,51305,Socks,40801,,Jennilyn,POS5,9.524,0.476,10
24-Aug-2025,Credit Card,20250824_103211,57052,Card Deposit,40801,,Jennilyn,POS5,4.762,0.238,5
24-Aug-2025,Credit Card,20250824_103211,57162,50 AED Top Up - Redemption,40801,,Jennilyn,POS5,47.619,2.381,50
24-Aug-2025,Credit Card,20250824_103215,57162,100 Credit Top Up - Redemption,40801,,Sirjana,POS4,95.238,4.762,100
24-Aug-2025,Credit Card,20250824_103216,57322,Multiplex Karting - Dual Drive,40801,,Sirjana,POS4,149.524,7.476,157
24-Aug-2025,Credit Card,20250824_103217,57052,Card Deposit,40801,,Sirjana,POS4,4.762,0.238,5
24-Aug-2025,Credit Card,20250824_103217,57322,Multiplex Karting - Dual Drive,40801,,Sirjana,POS4,149.524,7.476,157
24-Aug-2025,Credit Card,20250824_103218,51605,Add Ons - Cennamoroll 17 cms,40801,,Manisha,POS7,80,4,84
24-Aug-2025,Credit Card,20250824_103219,57052,Card Deposit,40801,,Amal,POS6,4.762,0.238,5
24-Aug-2025,Credit Card,20250824_103219,57162,100 Credit Top Up - Redemption,40801,,Amal,POS6,95.238,4.762,100
24-Aug-2025,Credit Card,20250824_103220,57324,Climbing Wall Session - 15minu,40801,,Sirjana,POS4,68.571,3.429,72
24-Aug-2025,Credit Card,20250824_103221,57321,Discovery Pass,40801,,Amal,POS6,143.81,7.19,151
24-Aug-2025,Credit Card,20250824_103222,57052,Card Deposit,40801,,Sirjana,POS4,4.762,0.238,5
24-Aug-2025,Credit Card,20250824_103222,57162,50 AED Top Up - Redemption,40801,,Sirjana,POS4,47.619,2.381,50
24-Aug-2025,Credit Card,20250824_103225,57052,Card Deposit,40801,,Amal,POS6,4.762,0.238,5
24-Aug-2025,Credit Card,20250824_103225,57322,Multiplex Karting - Dual Drive,40801,,Amal,POS6,149.524,7.476,157
24-Aug-2025,Credit Card,20250824_103226,57321,Discovery Pass,40801,,Amal,POS6,143.81,7.19,151
24-Aug-2025,Credit Card,20250824_103227,57052,Card Deposit,40801,,Amal,POS6,4.762,0.238,5
24-Aug-2025,Credit Card,20250824_103227,57322,Multiplex Karting - ADULTS,40801,,Amal,POS6,120,6,126
24-Aug-2025,Credit Card,20250824_103229,57323,Lockers ,40801,,Amal,POS6,9.524,0.476,10
24-Aug-2025,Credit Card,20250824_103230,57323,Carousel,40801,,Amal,POS6,20,1,21
24-Aug-2025,Credit Card,20250824_103231,57325,Add-On: 1-Hour Birthday Activi,40801,,Amal,POS6,500,25,525
24-Aug-2025,Credit Card,20250824_103233,51305,Socks,40801,,Amal,POS6,19.048,0.952,20
24-Aug-2025,Credit Card,20250824_103234,57052,Card Deposit,40801,,Jennilyn,POS5,4.762,0.238,5
24-Aug-2025,Credit Card,20250824_103234,57322,Multiplex Karting - ADULTS,40801,,Jennilyn,POS5,120,6,126
24-Aug-2025,Credit Card,20250824_103234,57322,Multiplex Karting - Dual Drive,40801,,Jennilyn,POS5,299.048,14.952,314
24-Aug-2025,Credit Card,20250824_103235,57321,Discovery Pass,40801,,Sirjana,POS4,143.81,7.19,151
24-Aug-2025,Credit Card,20250824_103236,57321,Discovery Pass,40801,,Jennilyn,POS5,143.81,7.19,151
24-Aug-2025,Credit Card,20250824_103237,57052,Card Deposit,40801,,Jennilyn,POS5,4.762,0.238,5
24-Aug-2025,Credit Card,20250824_103237,57322,Multiplex Karting - ADULTS,40801,,Jennilyn,POS5,120,6,126
24-Aug-2025,Credit Card,20250824_103238,57321,POD - Discovery Pass - 70.50 A,40801,,Jennilyn,POS5,67.143,3.357,70.5
24-Aug-2025,Credit Card,20250824_103239,57052,Card Deposit,40801,,Sirjana,POS4,4.762,0.238,5
24-Aug-2025,Credit Card,20250824_103239,57162,100 Credit Top Up - Redemption,40801,,Sirjana,POS4,95.238,4.762,100
24-Aug-2025,Credit Card,20250824_103239,57321,Adventure Pass,40801,,Sirjana,POS4,188.571,9.429,198
24-Aug-2025,Credit Card,20250824_103241,51305,Shoe Rent,40801,,Amal,POS6,28.571,1.429,30
24-Aug-2025,Credit Card,20250824_103242,57052,Card Deposit,40801,,Jennilyn,POS5,4.762,0.238,5
24-Aug-2025,Credit Card,20250824_103242,57322,Multiplex Karting - ADULTS,40801,,Jennilyn,POS5,240,12,252
24-Aug-2025,Credit Card,20250824_103243,51305,Socks,40801,,Sirjana,POS4,9.524,0.476,10
24-Aug-2025,Credit Card,20250824_103243,57321,Discovery Pass,40801,,Sirjana,POS4,431.429,21.571,453
24-Aug-2025,Credit Card,20250824_103244,57052,Card Deposit,40801,,Jennilyn,POS5,4.762,0.238,5
24-Aug-2025,Credit Card,20250824_103244,57322,Multiplex Karting - ADULTS,40801,,Jennilyn,POS5,120,6,126
24-Aug-2025,Credit Card,20250824_103244,57322,Multiplex Karting - JUNIOR,40801,,Jennilyn,POS5,80,4,84
24-Aug-2025,Credit Card,20250824_103245,51305,Shoe Rent,40801,,Jennilyn,POS5,14.286,0.714,15
24-Aug-2025,Credit Card,20250824_103246,57322,Multiplex Karting - ADULTS,40801,,Sirjana,POS4,120,6,126
24-Aug-2025,Credit Card,20250824_103246,57322,Multiplex Karting - JUNIOR,40801,,Sirjana,POS4,80,4,84
24-Aug-2025,Credit Card,20250824_103247,57052,Card Deposit,40801,,Jennilyn,POS5,4.762,0.238,5
24-Aug-2025,Credit Card,20250824_103247,57322,Multiplex Karting - ADULTS - D,40801,,Jennilyn,POS5,800,40,840
24-Aug-2025,Credit Card,20250824_103248,57052,Card Deposit,40801,,Sirjana,POS4,4.762,0.238,5
24-Aug-2025,Credit Card,20250824_103248,57162,100 Credit Top Up - Redemption,40801,,Sirjana,POS4,95.238,4.762,100
24-Aug-2025,Credit Card,20250824_103249,57321,Get Tired Playing ,40801,,Sirjana,POS4,598.095,29.905,628
24-Aug-2025,Credit Card,20250824_103250,57162,100 Credit Top Up - Redemption,40801,,Sirjana,POS4,95.238,4.762,100
24-Aug-2025,Credit Card,20250824_103251,57162,50 AED Top Up - Redemption,40801,,Sirjana,POS4,47.619,2.381,50
24-Aug-2025,Credit Card,20250824_103252,57321,Discovery Pass,40801,,Sirjana,POS4,431.429,21.571,453
24-Aug-2025,Credit Card,20250824_103253,57052,Card Deposit,40801,,Sirjana,POS4,4.762,0.238,5
24-Aug-2025,Credit Card,20250824_103253,57322,Multiplex Karting - ADULTS,40801,,Sirjana,POS4,360,18,378
24-Aug-2025,Credit Card,20250824_103254,57052,Card Deposit,40801,,Sirjana,POS4,4.762,0.238,5
24-Aug-2025,Credit Card,20250824_103254,57162,50 AED Top Up - Redemption,40801,,Sirjana,POS4,47.619,2.381,50
24-Aug-2025,Credit Card,20250824_103255,57052,Card Deposit,40801,,Sirjana,POS4,4.762,0.238,5
24-Aug-2025,Credit Card,20250824_103255,57322,Multiplex Karting - ADULTS,40801,,Sirjana,POS4,240,12,252
24-Aug-2025,Credit Card,20250824_103256,57323,Rope Course,40801,,Sirjana,POS4,29.524,1.476,31
25-Aug-2025,,20250825_103259,57321,Fazaa - Get Tired Playing,40801,,Nuripa,POS3,0,0,0
25-Aug-2025,Cash,20250825_103257,57323,Toddler Playland Unlimited,40801,,Shaikha,POS6,94.286,4.714,99
25-Aug-2025,Cash,20250825_103261,57323,Carousel,40801,,Shaikha,POS6,20,1,21
25-Aug-2025,Cash;Credit Card,20250825_103289,57321,Toddler Pass,40801,,Glory Mae,POS3,99.048,4.952,104
25-Aug-2025,Cash;Credit Card,20250825_103289,57323,Toddler Playland Unlimited,40801,,Glory Mae,POS3,94.286,4.714,99
25-Aug-2025,Credit Card,20250825_103262,57321,Adventure Pass,40801,,Shaikha,POS6,565.714,28.286,594
25-Aug-2025,Credit Card,20250825_103263,57323,Entertainer Inflatable 1 Hour,40801,,Nuripa,POS3,94.286,4.714,99
25-Aug-2025,Credit Card,20250825_103265,57052,Card Deposit,40801,,Glory Mae,POS3,4.762,0.238,5
25-Aug-2025,Credit Card,20250825_103265,57162,100 Credit Top Up - Redemption,40801,,Glory Mae,POS3,95.238,4.762,100
25-Aug-2025,Credit Card,20250825_103266,51305,Shoe Rent,40801,,Glory Mae,POS3,14.286,0.714,15
25-Aug-2025,Credit Card,20250825_103266,51305,Socks,40801,,Glory Mae,POS3,9.524,0.476,10
25-Aug-2025,Credit Card,20250825_103266,57321,Discovery Pass Combo to Kartin,40801,,Glory Mae,POS3,362.714,18.136,380.85
25-Aug-2025,Credit Card,20250825_103266,57321,Discovery Pass,40801,,Glory Mae,POS3,143.81,7.19,151
25-Aug-2025,Credit Card,20250825_103266,57322,Karting Combo to Discovery Pas,40801,,Glory Mae,POS3,308.714,15.436,324.15
25-Aug-2025,Credit Card,20250825_103267,51305,Shoe Rent,40801,,Glory Mae,POS3,42.857,2.143,45
25-Aug-2025,Credit Card,20250825_103267,51305,Socks,40801,,Glory Mae,POS3,19.048,0.952,20
25-Aug-2025,Credit Card,20250825_103267,57052,Card Deposit,40801,,Glory Mae,POS3,4.762,0.238,5
25-Aug-2025,Credit Card,20250825_103267,57322,Multiplex Karting - ADULTS,40801,,Glory Mae,POS3,360,18,378
25-Aug-2025,Credit Card,20250825_103267,57322,Multiplex Karting - Dual Drive,40801,,Glory Mae,POS3,299.048,14.952,314
25-Aug-2025,Credit Card,20250825_103268,51305,Shoe Rent,40801,,Glory Mae,POS3,14.286,0.714,15
25-Aug-2025,Credit Card,20250825_103268,51305,Socks,40801,,Glory Mae,POS3,9.524,0.476,10
25-Aug-2025,Credit Card,20250825_103268,57052,Card Deposit,40801,,Glory Mae,POS3,4.762,0.238,5
25-Aug-2025,Credit Card,20250825_103268,57322,Multiplex Karting - ADULTS,40801,,Glory Mae,POS3,120,6,126
25-Aug-2025,Credit Card,20250825_103269,51305,Shoe Rent,40801,,Glory Mae,POS3,14.286,0.714,15
25-Aug-2025,Credit Card,20250825_103269,51305,Socks,40801,,Glory Mae,POS3,9.524,0.476,10
25-Aug-2025,Credit Card,20250825_103269,57052,Card Deposit,40801,,Glory Mae,POS3,4.762,0.238,5
25-Aug-2025,Credit Card,20250825_103269,57322,Multiplex Karting - Dual Drive,40801,,Glory Mae,POS3,149.524,7.476,157
25-Aug-2025,Credit Card,20250825_103270,51305,Jump Suit,40801,,Glory Mae,POS3,38.095,1.905,40
25-Aug-2025,Credit Card,20250825_103270,51305,Shoe Rent,40801,,Glory Mae,POS3,28.571,1.429,30
25-Aug-2025,Credit Card,20250825_103270,51305,Socks,40801,,Glory Mae,POS3,19.048,0.952,20
25-Aug-2025,Credit Card,20250825_103270,57052,Card Deposit,40801,,Glory Mae,POS3,4.762,0.238,5
25-Aug-2025,Credit Card,20250825_103270,57162,100 Credit Top Up - Redemption,40801,,Glory Mae,POS3,95.238,4.762,100
25-Aug-2025,Credit Card,20250825_103270,57321,Get Tired Playing Combo to Kar,40801,,Glory Mae,POS3,1084.72,54.236,1138.96
25-Aug-2025,Credit Card,20250825_103270,57322,Karting Combo to Get Tired Pla,40801,,Glory Mae,POS3,435.276,21.764,457.04
25-Aug-2025,Credit Card,20250825_103271,57322,Multiplex Karting - ADULTS,40801,,Glory Mae,POS3,120,6,126
25-Aug-2025,Credit Card,20250825_103272,57052,Card Deposit,40801,,Rochelle,POS4,4.762,0.238,5
25-Aug-2025,Credit Card,20250825_103272,57322,Multiplex Karting - ADULTS,40801,,Rochelle,POS4,240,12,252
25-Aug-2025,Credit Card,20250825_103273,51305,Shoe Rent,40801,,Glory Mae,POS3,28.571,1.429,30
25-Aug-2025,Credit Card,20250825_103273,51305,Socks,40801,,Glory Mae,POS3,19.048,0.952,20
25-Aug-2025,Credit Card,20250825_103273,57321,Get Tired Playing Combo to Kar,40801,,Glory Mae,POS3,1084.72,54.236,1138.96
25-Aug-2025,Credit Card,20250825_103273,57322,Karting Combo to Get Tired Pla,40801,,Glory Mae,POS3,435.276,21.764,457.04
25-Aug-2025,Credit Card,20250825_103274,57321,Get Tired Playing ,40801,,Glory Mae,POS3,897.143,44.857,942
25-Aug-2025,Credit Card,20250825_103275,57321,Adventure Pass,40801,,Glory Mae,POS3,188.571,9.429,198
25-Aug-2025,Credit Card,20250825_103275,57321,Thriller Pass,40801,,Glory Mae,POS3,228.571,11.429,240
25-Aug-2025,Credit Card,20250825_103276,57052,Card Deposit,40801,,Glory Mae,POS3,4.762,0.238,5
25-Aug-2025,Credit Card,20250825_103276,57322,Multiplex Karting - ADULTS,40801,,Glory Mae,POS3,240,12,252
25-Aug-2025,Credit Card,20250825_103277,57321,Adventure Pass,40801,,Glory Mae,POS3,377.143,18.857,396
25-Aug-2025,Credit Card,20250825_103278,57322,Multiplex Karting - ADULTS,40801,,Glory Mae,POS3,360,18,378
25-Aug-2025,Credit Card,20250825_103278,57322,Multiplex Karting - JUNIOR,40801,,Glory Mae,POS3,80,4,84
25-Aug-2025,Credit Card,20250825_103279,57162,50 AED Top Up - Redemption,40801,,Glory Mae,POS3,47.619,2.381,50
25-Aug-2025,Credit Card,20250825_103280,57162,Slime Experience - 41AED,40801,,Manisha,POS7,39.048,1.952,41
25-Aug-2025,Credit Card,20250825_103281,57162,50 AED Top Up - Redemption,40801,,Glory Mae,POS3,47.619,2.381,50
25-Aug-2025,Credit Card,20250825_103282,51305,Shoe Rent,40801,,Glory Mae,POS3,14.286,0.714,15
25-Aug-2025,Credit Card,20250825_103282,51305,Socks,40801,,Glory Mae,POS3,9.524,0.476,10
25-Aug-2025,Credit Card,20250825_103282,57321,Discovery Pass,40801,,Glory Mae,POS3,287.619,14.381,302
25-Aug-2025,Credit Card,20250825_103283,57323,Lockers ,40801,,Glory Mae,POS3,9.524,0.476,10
25-Aug-2025,Credit Card,20250825_103284,57052,Card Deposit,40801,,Glory Mae,POS3,4.762,0.238,5
25-Aug-2025,Credit Card,20250825_103284,57322,Multiplex Karting - ADULTS,40801,,Glory Mae,POS3,240,12,252
25-Aug-2025,Credit Card,20250825_103285,57321,Discovery Pass,40801,,Glory Mae,POS3,431.429,21.571,453
25-Aug-2025,Credit Card,20250825_103286,51305,Shoe Rent,40801,,Glory Mae,POS3,42.857,2.143,45
25-Aug-2025,Credit Card,20250825_103286,51305,Socks,40801,,Glory Mae,POS3,28.571,1.429,30
25-Aug-2025,Credit Card,20250825_103286,57052,Card Deposit,40801,,Glory Mae,POS3,4.762,0.238,5
25-Aug-2025,Credit Card,20250825_103286,57322,Multiplex Karting - ADULTS,40801,,Glory Mae,POS3,360,18,378
25-Aug-2025,Credit Card,20250825_103287,51305,Shoe Rent,40801,,Glory Mae,POS3,14.286,0.714,15
25-Aug-2025,Credit Card,20250825_103287,51305,Socks,40801,,Glory Mae,POS3,9.524,0.476,10
25-Aug-2025,Credit Card,20250825_103287,57052,Card Deposit,40801,,Glory Mae,POS3,4.762,0.238,5
25-Aug-2025,Credit Card,20250825_103287,57322,Multiplex Karting - ADULTS,40801,,Glory Mae,POS3,120,6,126
25-Aug-2025,Credit Card,20250825_103287,57322,Multiplex Karting - JUNIOR,40801,,Glory Mae,POS3,80,4,84
25-Aug-2025,Credit Card,20250825_103288,51305,Socks,40801,,Glory Mae,POS3,9.524,0.476,10
25-Aug-2025,Credit Card,20250825_103290,57323,Rope Course,40801,,Glory Mae,POS3,59.048,2.952,62
25-Aug-2025,Payment Link,20250825_103260,35204,Daily Summer Camp 250AED,40801,,Shaikha,POS6,238.095,11.905,250
25-Aug-2025,Payment Link,20250825_103264,57325,Birthday Package 1 (Adventure ,40801,,Glory Mae,POS3,1445,72.25,1517.25
25-Aug-2025,Payment Link,20250825_103264,57325,Birthday Package A (Adventure ,40801,,Glory Mae,POS3,1500,75,1575
26-Aug-2025,,20250826_103294,51305,Shoe Rent,40801,,Nuripa,POS6,0,0,0
26-Aug-2025,,20250826_103294,51305,Socks,40801,,Nuripa,POS6,0,0,0
26-Aug-2025,,20250826_103294,57052,Card Deposit,40801,,Nuripa,POS6,0,0,0
26-Aug-2025,,20250826_103294,57322,Multiplex Karting - ADULTS,40801,,Nuripa,POS6,0,0,0
26-Aug-2025,Cash,20250826_103302,57321,Toddler Pass,40801,,Nuripa,POS6,99.048,4.952,104
26-Aug-2025,Cash,20250826_103306,57322,Multiplex Karting - ADULTS,40801,,Nuripa,POS6,120,6,126
26-Aug-2025,Cash,20250826_103310,51305,Socks,40801,,Nuripa,POS6,19.048,0.952,20
26-Aug-2025,Cash,20250826_103310,57321,Discovery Pass,40801,,Nuripa,POS6,287.619,14.381,302
26-Aug-2025,Cash,20250826_103311,57321,Discovery Pass,40801,,Nuripa,POS6,287.619,14.381,302
26-Aug-2025,Credit Card,20250826_103291,57052,Card Deposit,40801,,Nuripa,POS6,4.762,0.238,5
26-Aug-2025,Credit Card,20250826_103291,57322,Multiplex Karting - ADULTS,40801,,Nuripa,POS6,240,12,252
26-Aug-2025,Credit Card,20250826_103292,57052,Card Deposit,40801,,Glory Mae,POS3,4.762,0.238,5
26-Aug-2025,Credit Card,20250826_103292,57321,Discovery Pass Combo to Kartin,40801,,Glory Mae,POS3,241.81,12.09,253.9
26-Aug-2025,Credit Card,20250826_103292,57322,Karting Combo to Discovery Pas,40801,,Glory Mae,POS3,205.81,10.29,216.1
26-Aug-2025,Credit Card,20250826_103292,57322,Multiplex Karting - ADULTS,40801,,Glory Mae,POS3,120,6,126
26-Aug-2025,Credit Card,20250826_103293,57321,Adventure Pass,40801,,Glory Mae,POS3,377.143,18.857,396
26-Aug-2025,Credit Card,20250826_103293,57321,Discovery Pass Combo to Kartin,40801,,Glory Mae,POS3,120.905,6.045,126.95
26-Aug-2025,Credit Card,20250826_103293,57322,Karting Combo to Discovery Pas,40801,,Glory Mae,POS3,102.905,5.145,108.05
26-Aug-2025,Credit Card,20250826_103293,57322,Multiplex Karting - ADULTS,40801,,Glory Mae,POS3,240,12,252
26-Aug-2025,Credit Card,20250826_103295,57052,Adrenark Card,40801,,Nuripa,POS6,4.762,0.238,5
26-Aug-2025,Credit Card,20250826_103295,57322,Multiplex Karting - ADULTS,40801,,Nuripa,POS6,120,6,126
26-Aug-2025,Credit Card,20250826_103296,57322,Multiplex Karting - ADULTS,40801,,Nuripa,POS6,120,6,126
26-Aug-2025,Credit Card,20250826_103297,57322,Multiplex Karting - ADULTS,40801,,Nuripa,POS6,120,6,126
26-Aug-2025,Credit Card,20250826_103298,57322,Multiplex Karting - ADULTS,40801,,Nuripa,POS6,120,6,126
26-Aug-2025,Credit Card,20250826_103299,51305,Shoe Rent,40801,,Nuripa,POS6,14.286,0.714,15
26-Aug-2025,Credit Card,20250826_103299,51305,Socks,40801,,Nuripa,POS6,9.524,0.476,10
26-Aug-2025,Credit Card,20250826_103299,57322,Multiplex Karting - ADULTS,40801,,Nuripa,POS6,120,6,126
26-Aug-2025,Credit Card,20250826_103300,57321,Discovery Pass,40801,,Glory Mae,POS3,143.81,7.19,151
26-Aug-2025,Credit Card,20250826_103301,57321,Adventure Pass,40801,,Glory Mae,POS3,377.143,18.857,396
26-Aug-2025,Credit Card,20250826_103303,51305,Shoe Rent,40801,,Nuripa,POS6,42.857,2.143,45
26-Aug-2025,Credit Card,20250826_103303,51305,Socks,40801,,Nuripa,POS6,38.095,1.905,40
26-Aug-2025,Credit Card,20250826_103303,57052,Card Deposit,40801,,Nuripa,POS6,4.762,0.238,5
26-Aug-2025,Credit Card,20250826_103303,57322,Multiplex Karting - ADULTS,40801,,Nuripa,POS6,480,24,504
26-Aug-2025,Credit Card,20250826_103304,57321,Toddler Pass,40801,,Nuripa,POS6,99.048,4.952,104
26-Aug-2025,Credit Card,20250826_103305,57052,Card Deposit,40801,,Nuripa,POS6,4.762,0.238,5
26-Aug-2025,Credit Card,20250826_103305,57322,Multiplex Karting - ADULTS,40801,,Nuripa,POS6,120,6,126
26-Aug-2025,Credit Card,20250826_103305,57322,Multiplex Karting - JUNIOR,40801,,Nuripa,POS6,80,4,84
26-Aug-2025,Credit Card,20250826_103307,51305,Shoe Rent,40801,,Nuripa,POS6,14.286,0.714,15
26-Aug-2025,Credit Card,20250826_103307,51305,Socks,40801,,Nuripa,POS6,9.524,0.476,10
26-Aug-2025,Credit Card,20250826_103307,57052,Card Deposit,40801,,Nuripa,POS6,4.762,0.238,5
26-Aug-2025,Credit Card,20250826_103307,57322,Multiplex Karting - ADULTS,40801,,Nuripa,POS6,120,6,126
26-Aug-2025,Credit Card,20250826_103308,57322,Multiplex Karting - JUNIOR,40801,,Nuripa,POS6,160,8,168
26-Aug-2025,Credit Card,20250826_103309,57052,Card Deposit,40801,,Nuripa,POS6,4.762,0.238,5
26-Aug-2025,Credit Card,20250826_103309,57322,Multiplex Karting - ADULTS,40801,,Nuripa,POS6,240,12,252
26-Aug-2025,Credit Card,20250826_103312,57052,Card Deposit,40801,,Glory Mae,POS3,4.762,0.238,5
26-Aug-2025,Credit Card,20250826_103312,57322,Multiplex Karting - ADULTS,40801,,Glory Mae,POS3,240,12,252
26-Aug-2025,Credit Card,20250826_103314,57321,Discovery Pass,40801,,Nuripa,POS6,287.619,14.381,302
27-Aug-2025,Credit Card,20250827_103317,51305,Jump Suit,40801,,Glory Mae,POS3,19.048,0.952,20
27-Aug-2025,Credit Card,20250827_103317,51305,Shoe and Locker Rent,40801,,Glory Mae,POS3,19.048,0.952,20
27-Aug-2025,Credit Card,20250827_103317,51305,Shoe Rent,40801,,Glory Mae,POS3,14.286,0.714,15
27-Aug-2025,Credit Card,20250827_103317,51305,Socks,40801,,Glory Mae,POS3,19.048,0.952,20
27-Aug-2025,Credit Card,20250827_103317,57321,Get Tired Playing Combo to Kar,40801,,Glory Mae,POS3,542.362,27.118,569.48
27-Aug-2025,Credit Card,20250827_103317,57322,Karting Combo to Get Tired Pla,40801,,Glory Mae,POS3,217.638,10.882,228.52
27-Aug-2025,Credit Card,20250827_103318,51305,Shoe Rent,40801,,Amal,POS6,14.286,0.714,15
27-Aug-2025,Credit Card,20250827_103318,51305,Socks,40801,,Amal,POS6,9.524,0.476,10
27-Aug-2025,Credit Card,20250827_103318,57052,Card Deposit,40801,,Amal,POS6,4.762,0.238,5
27-Aug-2025,Credit Card,20250827_103318,57322,Multiplex Karting - ADULTS,40801,,Amal,POS6,120,6,126
27-Aug-2025,Credit Card,20250827_103319,57052,Card Deposit,40801,,Amal,POS6,4.762,0.238,5
27-Aug-2025,Credit Card,20250827_103319,57322,Multiplex Karting - ADULTS,40801,,Amal,POS6,120,6,126
27-Aug-2025,Credit Card,20250827_103320,57052,Card Deposit,40801,,Glory Mae,POS3,4.762,0.238,5
27-Aug-2025,Credit Card,20250827_103320,57322,Multiplex Karting - ADULTS,40801,,Glory Mae,POS3,360,18,378
27-Aug-2025,Credit Card,20250827_103321,57321,Discovery Pass,40801,,Nuripa,POS4,143.81,7.19,151
27-Aug-2025,Credit Card,20250827_103322,57052,Card Deposit,40801,,Nuripa,POS4,4.762,0.238,5
27-Aug-2025,Credit Card,20250827_103322,57322,Multiplex Karting - ADULTS,40801,,Nuripa,POS4,120,6,126
27-Aug-2025,Credit Card,20250827_103323,51305,Shoe Rent,40801,,Nuripa,POS4,14.286,0.714,15
27-Aug-2025,Credit Card,20250827_103323,51305,Socks,40801,,Nuripa,POS4,9.524,0.476,10
27-Aug-2025,Credit Card,20250827_103323,57321,Discovery Pass,40801,,Nuripa,POS4,143.81,7.19,151
27-Aug-2025,Credit Card,20250827_103324,51305,Shoe Rent,40801,,Nuripa,POS4,28.571,1.429,30
27-Aug-2025,Credit Card,20250827_103324,57324,Entertainer Climbing Wall Sess,40801,,Nuripa,POS4,60,3,63
27-Aug-2025,Credit Card,20250827_103326,57052,Card Deposit,40801,,Nuripa,POS4,4.762,0.238,5
27-Aug-2025,Credit Card,20250827_103326,57322,Multiplex Karting - ADULTS,40801,,Nuripa,POS4,480,24,504
27-Aug-2025,Credit Card,20250827_103327,57323,Rope Course,40801,,Nuripa,POS4,29.524,1.476,31
27-Aug-2025,Credit Card,20250827_103328,57323,Cave Explorer,40801,,Glory Mae,POS3,20,1,21
27-Aug-2025,Credit Card,20250827_103328,57323,Through the Roof,40801,,Glory Mae,POS3,29.524,1.476,31
27-Aug-2025,Online Pay,20250827_103316,57321,Get Tired Playing ,40802, ,External POS,online,897.143,44.857,942
27-Aug-2025,Payment Link,20250827_103325,57325,Birthday Package A (Adventure ,40801,,Nuripa,POS4,1700,85,1785
28-Aug-2025,Cash,20250828_103342,57323,Spot Sale,40801,,Jennilyn,Tablet 3,23.81,1.19,25
28-Aug-2025,Cash,20250828_103343,57323,Spot Sale,40801,,Jennilyn,Tablet 3,47.619,2.381,50
28-Aug-2025,Credit Card,20250828_103329,51305,Shoe Rent,40801,,Amal,POS4,14.286,0.714,15
28-Aug-2025,Credit Card,20250828_103329,57321,Discovery Pass,40801,,Amal,POS4,287.619,14.381,302
28-Aug-2025,Credit Card,20250828_103330,57325,Add-On: Birthday Extra Fee,40801,,Amal,POS4,300,15,315
28-Aug-2025,Credit Card,20250828_103331,51305,Shoe Rent,40801,,Jennilyn,POS3,14.286,0.714,15
28-Aug-2025,Credit Card,20250828_103331,51305,Socks,40801,,Jennilyn,POS3,9.524,0.476,10
28-Aug-2025,Credit Card,20250828_103331,57052,Card Deposit,40801,,Jennilyn,POS3,4.762,0.238,5
28-Aug-2025,Credit Card,20250828_103331,57322,Multiplex Karting - ADULTS,40801,,Jennilyn,POS3,120,6,126
28-Aug-2025,Credit Card,20250828_103332,51305,Socks,40801,,Jennilyn,POS3,9.524,0.476,10
28-Aug-2025,Credit Card,20250828_103332,57321,Toddler Pass,40801,,Jennilyn,POS3,99.048,4.952,104
28-Aug-2025,Credit Card,20250828_103333,57321,Discovery Pass,40801,,Amal,POS4,287.619,14.381,302
28-Aug-2025,Credit Card,20250828_103334,57321,Adventure Pass 20% ADCB Card H,40801,,Amal,POS4,286.476,14.324,300.8
28-Aug-2025,Credit Card,20250828_103335,57162,50 AED Top Up - Redemption,40801,,Jennilyn,POS3,47.619,2.381,50
28-Aug-2025,Credit Card,20250828_103335,57321,Discovery Pass,40801,,Jennilyn,POS3,143.81,7.19,151
28-Aug-2025,Credit Card,20250828_103335,57321,Toddler Pass,40801,,Jennilyn,POS3,99.048,4.952,104
28-Aug-2025,Credit Card,20250828_103336,51305,Socks,40801,,Jennilyn,POS3,9.524,0.476,10
28-Aug-2025,Credit Card,20250828_103337,57321,Discovery Pass,40801,,Jennilyn,POS3,143.81,7.19,151
28-Aug-2025,Credit Card,20250828_103338,57052,Card Deposit,40801,,Jennilyn,POS3,4.762,0.238,5
28-Aug-2025,Credit Card,20250828_103338,57322,Multiplex Karting - ADULTS,40801,,Jennilyn,POS3,240,12,252
28-Aug-2025,Credit Card,20250828_103339,57323,Through the Roof,40801,,Jennilyn,POS3,236.19,11.81,248
28-Aug-2025,Credit Card,20250828_103340,51305,Shoe Rent,40801,,Jennilyn,POS3,14.286,0.714,15
28-Aug-2025,Credit Card,20250828_103340,51305,Socks,40801,,Jennilyn,POS3,9.524,0.476,10
28-Aug-2025,Credit Card,20250828_103340,57052,Card Deposit,40801,,Jennilyn,POS3,4.762,0.238,5
28-Aug-2025,Credit Card,20250828_103340,57322,Multiplex Karting - ADULTS,40801,,Jennilyn,POS3,240,12,252
28-Aug-2025,Credit Card,20250828_103341,51305,Shoe Rent,40801,,Jennilyn,POS3,14.286,0.714,15
28-Aug-2025,Credit Card,20250828_103341,51305,Socks,40801,,Jennilyn,POS3,9.524,0.476,10
28-Aug-2025,Credit Card,20250828_103341,57052,Card Deposit,40801,,Jennilyn,POS3,4.762,0.238,5
28-Aug-2025,Credit Card,20250828_103341,57322,Multiplex Karting - ADULTS,40801,,Jennilyn,POS3,240,12,252
29-Aug-2025,Cash,20250829_103345,51305,Socks,40801,,Amal,POS6,9.524,0.476,10
29-Aug-2025,Cash,20250829_103359,57321,Discovery Pass,40801,,Jennilyn,POS4,431.429,21.571,453
29-Aug-2025,Cash,20250829_103372,51605,Face Art - Small Size,40801,,Manisha,POS7,20,1,21
29-Aug-2025,Cash,20250829_103374,57162,50 AED Top Up - Redemption,40801,,Sirjana,POS5,47.619,2.381,50
29-Aug-2025,Cash,20250829_103386,51605,Face Art - Small Size,40801,,Manisha,POS7,20,1,21
29-Aug-2025,Cash,20250829_103423,51305,Socks,40801,,Jennilyn,POS4,9.524,0.476,10
29-Aug-2025,Cash,20250829_103424,57321,Discovery Pass,40801,,Sirjana,POS5,287.619,14.381,302
29-Aug-2025,Cash,20250829_103427,57162,Slime Experience - 41AED,40801,,Manisha,POS7,39.048,1.952,41
29-Aug-2025,Cash;Credit Card,20250829_103344,57321,Discovery Pass,40801,,Amal,POS6,143.81,7.19,151
29-Aug-2025,Cash;Credit Card,20250829_103405,57052,Card Deposit,40801,,Glory Mae,POS3,4.762,0.238,5
29-Aug-2025,Cash;Credit Card,20250829_103405,57162,100 Credit Top Up - Redemption,40801,,Glory Mae,POS3,95.238,4.762,100
29-Aug-2025,Cash;Credit Card,20250829_103405,57321,Discovery Pass Combo to Kartin,40801,,Glory Mae,POS3,120.905,6.045,126.95
29-Aug-2025,Cash;Credit Card,20250829_103405,57321,Discovery Pass,40801,,Glory Mae,POS3,143.81,7.19,151
29-Aug-2025,Cash;Credit Card,20250829_103405,57322,Karting Combo to Discovery Pas,40801,,Glory Mae,POS3,102.905,5.145,108.05
29-Aug-2025,Cash;Credit Card,20250829_103405,57322,Multiplex Karting - ADULTS,40801,,Glory Mae,POS3,120,6,126
29-Aug-2025,Cash;Credit Card,20250829_103434,57052,Card Deposit,40801,,Sirjana,POS5,4.762,0.238,5
29-Aug-2025,Cash;Credit Card,20250829_103434,57322,Multiplex Karting - ADULTS,40801,,Sirjana,POS5,720,36,756
29-Aug-2025,Credit Card,20250829_103346,57321,Get Tired Playing ,40801,,Amal,POS6,299.048,14.952,314
29-Aug-2025,Credit Card,20250829_103347,57321,Best Bites Discount - Adventur,40801,,Amal,POS6,429.714,21.486,451.2
29-Aug-2025,Credit Card,20250829_103348,57321,Adventure Pass 20% ADCB Card H,40801,,Amal,POS6,286.476,14.324,300.8
29-Aug-2025,Credit Card,20250829_103349,57321,Adventure Pass 20% ADCB Card H,40801,,Amal,POS6,143.238,7.162,150.4
29-Aug-2025,Credit Card,20250829_103350,57321,Adventure Pass 20% ADCB Card H,40801,,Amal,POS6,143.238,7.162,150.4
29-Aug-2025,Credit Card,20250829_103351,57321,Get Tired Playing ,40801,,Amal,POS6,598.095,29.905,628
29-Aug-2025,Credit Card,20250829_103351,57323,Toddler Playland Unlimited,40801,,Amal,POS6,94.286,4.714,99
29-Aug-2025,Credit Card,20250829_103352,57322,Multiplex Karting - ADULTS - D,40801,,Amal,POS6,400,20,420
29-Aug-2025,Credit Card,20250829_103353,57321,Discovery Pass,40801,,Amal,POS6,287.619,14.381,302
29-Aug-2025,Credit Card,20250829_103354,57321,Toddler Pass,40801,,Jennilyn,POS4,99.048,4.952,104
29-Aug-2025,Credit Card,20250829_103355,51305,Socks,40801,,Sirjana,POS5,9.524,0.476,10
29-Aug-2025,Credit Card,20250829_103355,57321,Discovery Pass,40801,,Sirjana,POS5,143.81,7.19,151
29-Aug-2025,Credit Card,20250829_103355,57321,Get Tired Playing ,40801,,Sirjana,POS5,1196.19,59.81,1256
29-Aug-2025,Credit Card,20250829_103356,57321,Adventure Pass - 50% Staff Dis,40801,,Jennilyn,POS4,89.524,4.476,94
29-Aug-2025,Credit Card,20250829_103356,57322,Karting - Junior - 50% Staff D,40801,,Jennilyn,POS4,120,6,126
29-Aug-2025,Credit Card,20250829_103357,57321,Discovery Pass,40801,,Amal,POS6,287.619,14.381,302
29-Aug-2025,Credit Card,20250829_103358,57321,Discovery Pass,40801,,Amal,POS6,287.619,14.381,302
29-Aug-2025,Credit Card,20250829_103360,57321,Adventure Pass,40801,,Amal,POS6,377.143,18.857,396
29-Aug-2025,Credit Card,20250829_103361,57321,POD - Discovery Pass - 70.50 A,40801,,Jennilyn,POS4,134.286,6.714,141
29-Aug-2025,Credit Card,20250829_103362,51305,Shoe Rent,40801,,Amal,POS6,14.286,0.714,15
29-Aug-2025,Credit Card,20250829_103362,51305,Socks,40801,,Amal,POS6,9.524,0.476,10
29-Aug-2025,Credit Card,20250829_103362,57052,Card Deposit,40801,,Amal,POS6,4.762,0.238,5
29-Aug-2025,Credit Card,20250829_103362,57322,Multiplex Karting - ADULTS,40801,,Amal,POS6,240,12,252
29-Aug-2025,Credit Card,20250829_103363,57321,Adventure Pass 20% ADCB Card H,40801,,Jennilyn,POS4,429.714,21.486,451.2
29-Aug-2025,Credit Card,20250829_103364,57323,Lockers ,40801,,Jennilyn,POS4,9.524,0.476,10
29-Aug-2025,Credit Card,20250829_103365,57321,Discovery Pass,40801,,Amal,POS6,287.619,14.381,302
29-Aug-2025,Credit Card,20250829_103366,57321,Get Tired Playing ,40801,,Jennilyn,POS4,598.095,29.905,628
29-Aug-2025,Credit Card,20250829_103368,57052,Card Deposit,40801,,Jennilyn,POS4,4.762,0.238,5
29-Aug-2025,Credit Card,20250829_103368,57162,100 Credit Top Up - Redemption,40801,,Jennilyn,POS4,95.238,4.762,100
29-Aug-2025,Credit Card,20250829_103369,57321,Get Tired Playing ,40801,,Sirjana,POS5,598.095,29.905,628
29-Aug-2025,Credit Card,20250829_103369,57321,Toddler Pass,40801,,Sirjana,POS5,99.048,4.952,104
29-Aug-2025,Credit Card,20250829_103370,57321,Discovery Pass,40801,,Jennilyn,POS4,287.619,14.381,302
29-Aug-2025,Credit Card,20250829_103371,57052,Card Deposit,40801,,Sirjana,POS5,4.762,0.238,5
29-Aug-2025,Credit Card,20250829_103371,57322,Multiplex Karting - JUNIOR,40801,,Sirjana,POS5,80,4,84
29-Aug-2025,Credit Card,20250829_103373,57052,Card Deposit,40801,,Sirjana,POS5,4.762,0.238,5
29-Aug-2025,Credit Card,20250829_103373,57322,Multiplex Karting - ADULTS - D,40801,,Sirjana,POS5,200,10,210
29-Aug-2025,Credit Card,20250829_103375,57321,Discovery Pass,40801,,Amal,POS6,143.81,7.19,151
29-Aug-2025,Credit Card,20250829_103376,51305,Socks,40801,,Amal,POS6,9.524,0.476,10
29-Aug-2025,Credit Card,20250829_103377,57321,Discovery Pass,40801,,Amal,POS6,143.81,7.19,151
29-Aug-2025,Credit Card,20250829_103378,57321,Adventure Pass,40801,,Amal,POS6,188.571,9.429,198
29-Aug-2025,Credit Card,20250829_103378,57323,Toddler Playland Unlimited,40801,,Amal,POS6,94.286,4.714,99
29-Aug-2025,Credit Card,20250829_103379,51305,Socks,40801,,Sirjana,POS5,9.524,0.476,10
29-Aug-2025,Credit Card,20250829_103380,57321,Adventure Pass - 20% Teachers ,40801,,Sirjana,POS5,571.429,28.571,600
29-Aug-2025,Credit Card,20250829_103381,57321,Adventure Pass,40801,,Amal,POS6,377.143,18.857,396
29-Aug-2025,Credit Card,20250829_103382,57321,Discovery Pass,40801,,Amal,POS6,143.81,7.19,151
29-Aug-2025,Credit Card,20250829_103383,57321,Adventure Pass - 20% Teachers ,40801,,Sirjana,POS5,285.714,14.286,300
29-Aug-2025,Credit Card,20250829_103384,57321,Discovery Pass,40801,,Amal,POS6,143.81,7.19,151
29-Aug-2025,Credit Card,20250829_103385,57321,Discovery Pass,40801,,Sirjana,POS5,143.81,7.19,151
29-Aug-2025,Credit Card,20250829_103387,51305,Shoe Rent,40801,,Amal,POS6,14.286,0.714,15
29-Aug-2025,Credit Card,20250829_103387,51305,Socks,40801,,Amal,POS6,9.524,0.476,10
29-Aug-2025,Credit Card,20250829_103387,57052,Card Deposit,40801,,Amal,POS6,4.762,0.238,5
29-Aug-2025,Credit Card,20250829_103387,57322,Multiplex Karting - ADULTS,40801,,Amal,POS6,240,12,252
29-Aug-2025,Credit Card,20250829_103388,57321,Discovery Pass,40801,,Amal,POS6,287.619,14.381,302
29-Aug-2025,Credit Card,20250829_103389,57321,POD - Discovery Pass - 70.50 A,40801,,Jennilyn,POS4,134.286,6.714,141
29-Aug-2025,Credit Card,20250829_103390,57321,Discovery Pass,40801,,Sirjana,POS5,287.619,14.381,302
29-Aug-2025,Credit Card,20250829_103391,57323,Through the Roof,40801,,Sirjana,POS5,59.048,2.952,62
29-Aug-2025,Credit Card,20250829_103392,57321,Adventure Pass,40801,,Jennilyn,POS4,188.571,9.429,198
29-Aug-2025,Credit Card,20250829_103393,57323,Through the Roof,40801,,Sirjana,POS5,29.524,1.476,31
29-Aug-2025,Credit Card,20250829_103394,57321,Thriller Pass,40801,,Jennilyn,POS4,228.571,11.429,240
29-Aug-2025,Credit Card,20250829_103395,57052,Card Deposit,40801,,Jennilyn,POS4,4.762,0.238,5
29-Aug-2025,Credit Card,20250829_103395,57322,Multiplex Karting - ADULTS,40801,,Jennilyn,POS4,360,18,378
29-Aug-2025,Credit Card,20250829_103396,57162,Slime Experience - 41AED,40801,,Manisha,POS7,78.095,3.905,82
29-Aug-2025,Credit Card,20250829_103397,57323,Inflatable 20mins - 29 AED,40801,,Sirjana,POS5,55.238,2.762,58
29-Aug-2025,Credit Card,20250829_103398,57321,Get Tired Playing - 50% Staff ,40801,,Sirjana,POS5,149.524,7.476,157
29-Aug-2025,Credit Card,20250829_103399,57321,Discovery Pass,40801,,Jennilyn,POS4,287.619,14.381,302
29-Aug-2025,Credit Card,20250829_103400,57321,Adventure Pass,40801,,Sirjana,POS5,377.143,18.857,396
29-Aug-2025,Credit Card,20250829_103401,57052,Card Deposit,40801,,Jennilyn,POS4,4.762,0.238,5
29-Aug-2025,Credit Card,20250829_103401,57321,Discovery Pass Combo to Kartin,40801,,Jennilyn,POS4,241.81,12.09,253.9
29-Aug-2025,Credit Card,20250829_103401,57321,Discovery Pass,40801,,Jennilyn,POS4,143.81,7.19,151
29-Aug-2025,Credit Card,20250829_103401,57322,Karting Combo to Discovery Pas,40801,,Jennilyn,POS4,205.81,10.29,216.1
29-Aug-2025,Credit Card,20250829_103401,57322,Multiplex Karting - Dual Drive,40801,,Jennilyn,POS4,149.524,7.476,157
29-Aug-2025,Credit Card,20250829_103402,57321,Discovery Pass,40801,,Jennilyn,POS4,575.238,28.762,604
29-Aug-2025,Credit Card,20250829_103403,51305,Socks,40801,,Jennilyn,POS4,9.524,0.476,10
29-Aug-2025,Credit Card,20250829_103404,57052,Card Deposit,40801,,Jennilyn,POS4,4.762,0.238,5
29-Aug-2025,Credit Card,20250829_103404,57321,Toddler Pass,40801,,Jennilyn,POS4,99.048,4.952,104
29-Aug-2025,Credit Card,20250829_103404,57322,Multiplex Karting - ADULTS,40801,,Jennilyn,POS4,240,12,252
29-Aug-2025,Credit Card,20250829_103404,57322,Multiplex Karting - Dual Drive,40801,,Jennilyn,POS4,149.524,7.476,157
29-Aug-2025,Credit Card,20250829_103404,57322,Multiplex Karting - JUNIOR,40801,,Jennilyn,POS4,80,4,84
29-Aug-2025,Credit Card,20250829_103406,57052,Card Deposit,40801,,Jennilyn,POS4,4.762,0.238,5
29-Aug-2025,Credit Card,20250829_103406,57162,100 Credit Top Up - Redemption,40801,,Jennilyn,POS4,95.238,4.762,100
29-Aug-2025,Credit Card,20250829_103407,57324,Climbing Wall Session - 15minu,40801,,Jennilyn,POS4,137.143,6.857,144
29-Aug-2025,Credit Card,20250829_103408,57322,Add-On: Birthday Karting – Adu,40801,,Jennilyn,POS4,360,18,378
29-Aug-2025,Credit Card,20250829_103408,57325,Birthday Package 2 (Adventure ,40801,,Jennilyn,POS4,2142,107.1,2249.1
29-Aug-2025,Credit Card,20250829_103409,51305,Socks,40801,,Sirjana,POS5,9.524,0.476,10
29-Aug-2025,Credit Card,20250829_103410,57162,50 AED Top Up - Redemption,40801,,Glory Mae,POS3,47.619,2.381,50
29-Aug-2025,Credit Card,20250829_103411,51305,Shoe Rent,40801,,Jennilyn,POS4,28.571,1.429,30
29-Aug-2025,Credit Card,20250829_103411,51305,Socks,40801,,Jennilyn,POS4,19.048,0.952,20
29-Aug-2025,Credit Card,20250829_103411,57321,Discovery Pass Combo to Kartin,40801,,Jennilyn,POS4,241.81,12.09,253.9
29-Aug-2025,Credit Card,20250829_103411,57322,Karting Combo to Discovery Pas,40801,,Jennilyn,POS4,205.81,10.29,216.1
29-Aug-2025,Credit Card,20250829_103412,57321,Discovery Pass Combo to Kartin,40801,,Glory Mae,POS3,241.81,12.09,253.9
29-Aug-2025,Credit Card,20250829_103412,57322,Karting Combo to Discovery Pas,40801,,Glory Mae,POS3,205.81,10.29,216.1
29-Aug-2025,Credit Card,20250829_103413,57321,Discovery Pass Combo to Kartin,40801,,Sirjana,POS5,241.81,12.09,253.9
29-Aug-2025,Credit Card,20250829_103413,57322,Karting Combo to Discovery Pas,40801,,Sirjana,POS5,205.81,10.29,216.1
29-Aug-2025,Credit Card,20250829_103414,57322,Multiplex Karting - ADULTS,40801,,Jennilyn,POS4,120,6,126
29-Aug-2025,Credit Card,20250829_103414,57322,Multiplex Karting - JUNIOR,40801,,Jennilyn,POS4,80,4,84
29-Aug-2025,Credit Card,20250829_103415,51305,Shoe Rent,40801,,Jennilyn,POS4,14.286,0.714,15
29-Aug-2025,Credit Card,20250829_103415,51305,Socks,40801,,Jennilyn,POS4,9.524,0.476,10
29-Aug-2025,Credit Card,20250829_103415,57322,Multiplex Karting - ADULTS,40801,,Jennilyn,POS4,120,6,126
29-Aug-2025,Credit Card,20250829_103416,57321,Discovery Pass,40801,,Glory Mae,POS3,287.619,14.381,302
29-Aug-2025,Credit Card,20250829_103417,57052,Card Deposit,40801,,Sirjana,POS5,4.762,0.238,5
29-Aug-2025,Credit Card,20250829_103417,57322,Multiplex Karting - ADULTS - D,40801,,Sirjana,POS5,1200,60,1260
29-Aug-2025,Credit Card,20250829_103418,57321,Discovery Pass,40801,,Glory Mae,POS3,143.81,7.19,151
29-Aug-2025,Credit Card,20250829_103419,57323,Stunt Bags,40801,,Jennilyn,POS4,14.286,0.714,15
29-Aug-2025,Credit Card,20250829_103420,57321,Adventure Pass 20% ADCB Card H,40801,,Jennilyn,POS4,286.476,14.324,300.8
29-Aug-2025,Credit Card,20250829_103422,57162,50 AED Top Up - Redemption,40801,,Jennilyn,POS4,95.238,4.762,100
29-Aug-2025,Credit Card,20250829_103425,51305,Shoe Rent,40801,,Jennilyn,POS4,14.286,0.714,15
29-Aug-2025,Credit Card,20250829_103425,51305,Socks,40801,,Jennilyn,POS4,9.524,0.476,10
29-Aug-2025,Credit Card,20250829_103425,57052,Card Deposit,40801,,Jennilyn,POS4,4.762,0.238,5
29-Aug-2025,Credit Card,20250829_103425,57322,Multiplex Karting - ADULTS,40801,,Jennilyn,POS4,240,12,252
29-Aug-2025,Credit Card,20250829_103425,57324,Climbing Wall Session - 15minu,40801,,Jennilyn,POS4,68.571,3.429,72
29-Aug-2025,Credit Card,20250829_103426,57052,Card Deposit,40801,,Jennilyn,POS4,4.762,0.238,5
29-Aug-2025,Credit Card,20250829_103426,57162,100 Credit Top Up - Redemption,40801,,Jennilyn,POS4,95.238,4.762,100
29-Aug-2025,Credit Card,20250829_103428,51305,Shoe Rent,40801,,Jennilyn,POS4,14.286,0.714,15
29-Aug-2025,Credit Card,20250829_103428,51305,Socks,40801,,Jennilyn,POS4,9.524,0.476,10
29-Aug-2025,Credit Card,20250829_103428,57052,Card Deposit,40801,,Jennilyn,POS4,4.762,0.238,5
29-Aug-2025,Credit Card,20250829_103428,57322,Multiplex Karting - ADULTS,40801,,Jennilyn,POS4,120,6,126
29-Aug-2025,Credit Card,20250829_103429,57323,Flip Out,40801,,Sirjana,POS5,74.286,3.714,78
29-Aug-2025,Credit Card,20250829_103430,57162,100 Credit Top Up - Redemption,40801,,Sirjana,POS5,95.238,4.762,100
29-Aug-2025,Credit Card,20250829_103431,57162,50 AED Top Up - Redemption,40801,,Jennilyn,POS4,47.619,2.381,50
29-Aug-2025,Credit Card,20250829_103432,57323,Speed Glider,40801,,Jennilyn,POS4,72.381,3.619,76
29-Aug-2025,Credit Card,20250829_103433,57052,Card Deposit,40801,,Sirjana,POS5,4.762,0.238,5
29-Aug-2025,Credit Card,20250829_103433,57162,50 AED Top Up - Redemption,40801,,Sirjana,POS5,47.619,2.381,50
29-Aug-2025,Credit Card,20250829_103435,51605,Face Art - Full Size,40801,,Manisha,POS7,36.19,1.81,38
29-Aug-2025,Credit Card,20250829_103436,51605,Face Art - Full Size,40801,,Manisha,POS7,36.19,1.81,38
29-Aug-2025,Payment Link,20250829_103367,57325,Birthday Package 1 (Adventure ,40801,,Amal,POS6,1445,72.25,1517.25
30-Aug-2025,,20250830_103545,57321,Discovery Pass - Abudhabi Medi,40801,,Glory Mae,POS5,0,0,0
30-Aug-2025,Cash,20250830_103445,51305,Socks,40801,,Amal,POS4,9.524,0.476,10
30-Aug-2025,Cash,20250830_103451,51305,Shoe Rent,40801,,Amal,POS6,28.571,1.429,30
30-Aug-2025,Cash,20250830_103451,51305,Socks,40801,,Amal,POS6,19.048,0.952,20
30-Aug-2025,Cash,20250830_103451,57321,Thriller Pass,40801,,Amal,POS6,457.143,22.857,480
30-Aug-2025,Cash,20250830_103459,57321,Discovery Pass Combo to Kartin,40801,,Sirjana,POS2,120.905,6.045,126.95
30-Aug-2025,Cash,20250830_103459,57322,Karting Combo to Discovery Pas,40801,,Sirjana,POS2,102.905,5.145,108.05
30-Aug-2025,Cash,20250830_103496,57321,Discovery Pass 20% corporate,40801,,Sirjana,POS3,107.619,5.381,113
30-Aug-2025,Cash,20250830_103506,51605,1M Bear - 60% Off,40801,,Manisha,POS7,761.905,38.095,800
30-Aug-2025,Cash,20250830_103509,57321,Discovery Pass,40801, ,Karleane,POS6,143.81,7.19,151
30-Aug-2025,Cash,20250830_103510,51305,Socks,40801, ,Karleane,POS6,9.524,0.476,10
30-Aug-2025,Cash,20250830_103543,57162,100 Credit Top Up - Redemption,40801,,Sirjana,POS3,95.238,4.762,100
30-Aug-2025,Cash,20250830_103544,57321,Adventure Pass,40801,,Sirjana,POS3,188.571,9.429,198
30-Aug-2025,Cash,20250830_103568,57162,100 Credit Top Up - Redemption,40801,,Sirjana,POS6,95.238,4.762,100
30-Aug-2025,Cash,20250830_103578,57162,50 AED Top Up - Redemption,40801, ,Karleane,POS5,95.238,4.762,100
30-Aug-2025,Cash,20250830_103583,57162,50 AED Top Up - Redemption,40801,,Jennilyn,POS4,47.619,2.381,50
30-Aug-2025,Cash,20250830_103584,57162,50 AED Top Up - Redemption,40801,,Jennilyn,POS4,47.619,2.381,50
30-Aug-2025,Cash,20250830_103585,57162,50 AED Top Up - Redemption,40801,,Jennilyn,POS4,47.619,2.381,50
30-Aug-2025,Cash,20250830_103593,57322,Multiplex Karting - ADULTS,40801,,Jennilyn,POS4,360,18,378
30-Aug-2025,Cash,20250830_103605,57162,50 AED Top Up - Redemption,40801,,Jennilyn,POS4,47.619,2.381,50
30-Aug-2025,Cash,20250830_103607,51305,Socks,40801,,Glory Mae,POS5,19.048,0.952,20
30-Aug-2025,Cash,20250830_103607,57052,Card Deposit,40801,,Glory Mae,POS5,4.762,0.238,5
30-Aug-2025,Cash,20250830_103607,57322,Multiplex Karting - ADULTS,40801,,Glory Mae,POS5,120,6,126
30-Aug-2025,Cash,20250830_103607,57322,Multiplex Karting - JUNIOR,40801,,Glory Mae,POS5,80,4,84
30-Aug-2025,Cash,20250830_103612,57323,Spot Sale,40801,,Glory Mae,Tablet 2,71.429,3.571,75
30-Aug-2025,Cash;Credit Card,20250830_103498,57321,Discovery Pass 20% corporate,40801,,Sirjana,POS3,107.619,5.381,113
30-Aug-2025,Cash;Credit Card,20250830_103498,57323,Lockers ,40801,,Sirjana,POS3,9.524,0.476,10
30-Aug-2025,Cash;Credit Card,20250830_103550,51305,Shoe Rent,40801,,Amal,POS6,28.571,1.429,30
30-Aug-2025,Cash;Credit Card,20250830_103550,51305,Socks,40801,,Amal,POS6,19.048,0.952,20
30-Aug-2025,Cash;Credit Card,20250830_103550,57052,Card Deposit,40801,,Amal,POS6,4.762,0.238,5
30-Aug-2025,Cash;Credit Card,20250830_103550,57322,Multiplex Karting - ADULTS,40801,,Amal,POS6,360,18,378
30-Aug-2025,Cash;Credit Card,20250830_103576,57321,POD - Discovery Pass - 70.50 A,40801,,Sirjana,POS6,67.143,3.357,70.5
30-Aug-2025,Cash;Credit Card,20250830_103576,57321,Toddler Pass,40801,,Sirjana,POS6,99.048,4.952,104
30-Aug-2025,Credit Card,20250830_103439,57321,Adventure Pass,40801,,Amal,POS4,188.571,9.429,198
30-Aug-2025,Credit Card,20250830_103441,57321,Discovery Pass,40801,,Amal,POS4,431.429,21.571,453
30-Aug-2025,Credit Card,20250830_103442,57321,Discovery Pass,40801,,Amal,POS4,143.81,7.19,151
30-Aug-2025,Credit Card,20250830_103444,57325,Birthday Package B (Adventure ,40801,,Amal,POS4,210,10.5,220.5
30-Aug-2025,Credit Card,20250830_103446,57052,Card Deposit,40801,,Amal,POS4,4.762,0.238,5
30-Aug-2025,Credit Card,20250830_103446,57162,100 Credit Top Up - Redemption,40801,,Amal,POS4,95.238,4.762,100
30-Aug-2025,Credit Card,20250830_103447,51305,Shoe Rent,40801,,Amal,POS4,14.286,0.714,15
30-Aug-2025,Credit Card,20250830_103447,51305,Socks,40801,,Amal,POS4,9.524,0.476,10
30-Aug-2025,Credit Card,20250830_103447,57052,Card Deposit,40801,,Amal,POS4,4.762,0.238,5
30-Aug-2025,Credit Card,20250830_103447,57322,Multiplex Karting - ADULTS - D,40801,,Amal,POS4,600,30,630
30-Aug-2025,Credit Card,20250830_103448,57321,Discovery Pass,40801,,Amal,POS6,287.619,14.381,302
30-Aug-2025,Credit Card,20250830_103449,57321,Discovery Pass,40801,,Amal,POS6,287.619,14.381,302
30-Aug-2025,Credit Card,20250830_103449,57323,Toddler Playland Unlimited,40801,,Amal,POS6,94.286,4.714,99
30-Aug-2025,Credit Card,20250830_103450,57321,Get Tired Playing ,40801,,Amal,POS4,598.095,29.905,628
30-Aug-2025,Credit Card,20250830_103452,51305,Socks,40801,,Amal,POS6,9.524,0.476,10
30-Aug-2025,Credit Card,20250830_103453,57321,Get Tired Playing 20% ADCB Car,40801,,Amal,POS4,239.238,11.962,251.2
30-Aug-2025,Credit Card,20250830_103454,57321,POD - Discovery Pass - 70.50 A,40801,,Amal,POS4,67.143,3.357,70.5
30-Aug-2025,Credit Card,20250830_103455,57321,Discovery Pass,40801,,Amal,POS6,143.81,7.19,151
30-Aug-2025,Credit Card,20250830_103456,57321,Discovery Pass,40801,,Amal,POS6,287.619,14.381,302
30-Aug-2025,Credit Card,20250830_103458,57321,POD - Discovery Pass - 70.50 A,40801,,Amal,POS6,67.143,3.357,70.5
30-Aug-2025,Credit Card,20250830_103460,57052,Card Deposit,40801,,Amal,POS4,4.762,0.238,5
30-Aug-2025,Credit Card,20250830_103460,57162,50 AED Top Up - Redemption,40801,,Amal,POS4,47.619,2.381,50
30-Aug-2025,Credit Card,20250830_103461,57052,Card Deposit,40801,,Sirjana,POS3,4.762,0.238,5
30-Aug-2025,Credit Card,20250830_103461,57162,100 Credit Top Up - Redemption,40801,,Sirjana,POS3,190.476,9.524,200
30-Aug-2025,Credit Card,20250830_103462,57321,Discovery Pass Combo to Kartin,40801,,Sirjana,POS3,483.619,24.181,507.8
30-Aug-2025,Credit Card,20250830_103462,57322,Karting Combo to Discovery Pas,40801,,Sirjana,POS3,411.619,20.581,432.2
30-Aug-2025,Credit Card,20250830_103463,57052,Card Deposit,40801,,Amal,POS4,4.762,0.238,5
30-Aug-2025,Credit Card,20250830_103463,57162,50 AED Top Up - Redemption,40801,,Amal,POS4,47.619,2.381,50
30-Aug-2025,Credit Card,20250830_103464,57052,Card Deposit,40801,,Amal,POS6,4.762,0.238,5
30-Aug-2025,Credit Card,20250830_103464,57162,100 Credit Top Up - Redemption,40801,,Amal,POS6,95.238,4.762,100
30-Aug-2025,Credit Card,20250830_103465,57052,Card Deposit,40801,,Amal,POS6,4.762,0.238,5
30-Aug-2025,Credit Card,20250830_103465,57322,Multiplex Karting - ADULTS,40801,,Amal,POS6,240,12,252
30-Aug-2025,Credit Card,20250830_103466,57321,Discovery Pass,40801,,Amal,POS6,143.81,7.19,151
30-Aug-2025,Credit Card,20250830_103467,57052,Card Deposit,40801,,Amal,POS4,4.762,0.238,5
30-Aug-2025,Credit Card,20250830_103467,57322,Multiplex Karting - JUNIOR,40801,,Amal,POS4,160,8,168
30-Aug-2025,Credit Card,20250830_103468,51605,Add Ons - Fluid Art - Meduim F,40801,,Manisha,POS7,124.762,6.238,131
30-Aug-2025,Credit Card,20250830_103469,51305,Shoe Rent,40801,,Amal,POS6,14.286,0.714,15
30-Aug-2025,Credit Card,20250830_103469,51305,Socks,40801,,Amal,POS6,9.524,0.476,10
30-Aug-2025,Credit Card,20250830_103469,57052,Card Deposit,40801,,Amal,POS6,4.762,0.238,5
30-Aug-2025,Credit Card,20250830_103469,57322,Multiplex Karting - ADULTS - D,40801,,Amal,POS6,400,20,420
30-Aug-2025,Credit Card,20250830_103470,57052,Card Deposit,40801,,Amal,POS4,4.762,0.238,5
30-Aug-2025,Credit Card,20250830_103470,57322,Multiplex Karting - ADULTS - D,40801,,Amal,POS4,400,20,420
30-Aug-2025,Credit Card,20250830_103472,57322,Multiplex Karting - JUNIOR,40801,,Amal,POS4,80,4,84
30-Aug-2025,Credit Card,20250830_103473,57162,50 AED Top Up - Redemption,40801,,Amal,POS6,47.619,2.381,50
30-Aug-2025,Credit Card,20250830_103474,57321,Get Tired Playing 20% ADCB Car,40801,,Amal,POS6,478.476,23.924,502.4
30-Aug-2025,Credit Card,20250830_103475,57325,Birthday Package B (Adventure ,40801,,Sirjana,POS3,210,10.5,220.5
30-Aug-2025,Credit Card,20250830_103476,57162,50 AED Top Up - Redemption,40801,,Amal,POS6,47.619,2.381,50
30-Aug-2025,Credit Card,20250830_103477,57324,Climbing Wall Session - 15minu,40801,,Sirjana,POS3,34.286,1.714,36
30-Aug-2025,Credit Card,20250830_103478,57162,100 Credit Top Up - Redemption,40801,,Amal,POS4,95.238,4.762,100
30-Aug-2025,Credit Card,20250830_103479,57052,Card Deposit,40801,,Sirjana,POS3,4.762,0.238,5
30-Aug-2025,Credit Card,20250830_103479,57322,Karting - Adults - 20% Teacher,40801,,Sirjana,POS3,192.381,9.619,202
30-Aug-2025,Credit Card,20250830_103480,57321,Thriller Pass,40801,,Amal,POS6,457.143,22.857,480
30-Aug-2025,Credit Card,20250830_103481,57052,Card Deposit,40801,,Amal,POS6,4.762,0.238,5
30-Aug-2025,Credit Card,20250830_103481,57322,Multiplex Karting - ADULTS,40801,,Amal,POS6,120,6,126
30-Aug-2025,Credit Card,20250830_103481,57322,Multiplex Karting - Dual Drive,40801,,Amal,POS6,149.524,7.476,157
30-Aug-2025,Credit Card,20250830_103482,51605,Add Ons - Fluid Art - Meduim F,40801,,Manisha,POS7,249.524,12.476,262
30-Aug-2025,Credit Card,20250830_103483,57052,Card Deposit,40801,,Amal,POS6,4.762,0.238,5
30-Aug-2025,Credit Card,20250830_103483,57322,Multiplex Karting - ADULTS,40801,,Amal,POS6,120,6,126
30-Aug-2025,Credit Card,20250830_103487,57321,Get Tired Playing ,40801,,Amal,POS6,598.095,29.905,628
30-Aug-2025,Credit Card,20250830_103489,57321,Get Tired Playing ,40801,,Amal,POS6,897.143,44.857,942
30-Aug-2025,Credit Card,20250830_103490,57321,Discovery Pass 20% corporate,40801,,Sirjana,POS3,322.857,16.143,339
30-Aug-2025,Credit Card,20250830_103492,57323,Inflatable 1 Hour - 99AED,40801,,Sirjana,POS3,188.571,9.429,198
30-Aug-2025,Credit Card,20250830_103493,57321,Get Tired Playing ,40801,,Amal,POS6,299.048,14.952,314
30-Aug-2025,Credit Card,20250830_103493,57321,POD - Discovery Pass - 70.50 A,40801,,Amal,POS6,67.143,3.357,70.5
30-Aug-2025,Credit Card,20250830_103493,57323,Toddler Playland Unlimited,40801,,Amal,POS6,94.286,4.714,99
30-Aug-2025,Credit Card,20250830_103499,57052,Card Deposit,40801,,Jennilyn,POS4,4.762,0.238,5
30-Aug-2025,Credit Card,20250830_103499,57322,Multiplex Karting - ADULTS,40801,,Jennilyn,POS4,120,6,126
30-Aug-2025,Credit Card,20250830_103499,57322,Multiplex Karting - Dual Drive,40801,,Jennilyn,POS4,149.524,7.476,157
30-Aug-2025,Credit Card,20250830_103500,57052,Card Deposit,40801,,Jennilyn,POS4,4.762,0.238,5
30-Aug-2025,Credit Card,20250830_103500,57322,Multiplex Karting - JUNIOR,40801,,Jennilyn,POS4,160,8,168
30-Aug-2025,Credit Card,20250830_103501,57321,Discovery Pass,40801,,Jennilyn,POS4,431.429,21.571,453
30-Aug-2025,Credit Card,20250830_103502,57052,Card Deposit,40801,,Glory Mae,POS5,4.762,0.238,5
30-Aug-2025,Credit Card,20250830_103502,57321,Thriller Pass,40801,,Glory Mae,POS5,685.714,34.286,720
30-Aug-2025,Credit Card,20250830_103502,57322,Multiplex Karting - ADULTS,40801,,Glory Mae,POS5,240,12,252
30-Aug-2025,Credit Card,20250830_103502,57322,Multiplex Karting - JUNIOR,40801,,Glory Mae,POS5,80,4,84
30-Aug-2025,Credit Card,20250830_103503,57321,Discovery Pass,40801,,Jennilyn,POS4,431.429,21.571,453
30-Aug-2025,Credit Card,20250830_103504,57324,Climbing Wall Session - 15minu,40801,,Jennilyn,POS4,34.286,1.714,36
30-Aug-2025,Credit Card,20250830_103507,57052,Card Deposit,40801,,Glory Mae,POS5,4.762,0.238,5
30-Aug-2025,Credit Card,20250830_103507,57322,Multiplex Karting - ADULTS - D,40801,,Glory Mae,POS5,200,10,210
30-Aug-2025,Credit Card,20250830_103507,57322,Multiplex Karting - JUNIOR - D,40801,,Glory Mae,POS5,266.667,13.333,280
30-Aug-2025,Credit Card,20250830_103508,57052,Card Deposit,40801,,Jennilyn,POS4,4.762,0.238,5
30-Aug-2025,Credit Card,20250830_103508,57321,Adventure Pass 20% ADCB Card H,40801,,Jennilyn,POS4,572.952,28.648,601.6
30-Aug-2025,Credit Card,20250830_103508,57322,Multiplex Karting - ADULTS,40801,,Jennilyn,POS4,120,6,126
30-Aug-2025,Credit Card,20250830_103508,57322,Multiplex Karting - Dual Drive,40801,,Jennilyn,POS4,149.524,7.476,157
30-Aug-2025,Credit Card,20250830_103508,57322,Multiplex Karting - JUNIOR,40801,,Jennilyn,POS4,160,8,168
30-Aug-2025,Credit Card,20250830_103511,57052,Card Deposit,40801,,Glory Mae,POS5,4.762,0.238,5
30-Aug-2025,Credit Card,20250830_103511,57162,100 Credit Top Up - Redemption,40801,,Glory Mae,POS5,95.238,4.762,100
30-Aug-2025,Credit Card,20250830_103511,57321,Discovery Pass,40801,,Glory Mae,POS5,143.81,7.19,151
30-Aug-2025,Credit Card,20250830_103511,57322,Multiplex Karting - Dual Drive,40801,,Glory Mae,POS5,149.524,7.476,157
30-Aug-2025,Credit Card,20250830_103511,57322,Multiplex Karting - JUNIOR,40801,,Glory Mae,POS5,80,4,84
30-Aug-2025,Credit Card,20250830_103513,57052,Card Deposit,40801,,Glory Mae,POS5,4.762,0.238,5
30-Aug-2025,Credit Card,20250830_103513,57322,Multiplex Karting - ADULTS,40801,,Glory Mae,POS5,120,6,126
30-Aug-2025,Credit Card,20250830_103514,57323,Lockers ,40801, ,Karleane,POS6,9.524,0.476,10
30-Aug-2025,Credit Card,20250830_103515,57321,Discovery Pass,40801,,Jennilyn,POS4,287.619,14.381,302
30-Aug-2025,Credit Card,20250830_103516,57321,Adventure Pass,40801,,Glory Mae,POS5,377.143,18.857,396
30-Aug-2025,Credit Card,20250830_103518,57321,Adventure Pass,40801,,Jennilyn,POS4,377.143,18.857,396
30-Aug-2025,Credit Card,20250830_103519,51305,Shoe Rent,40801,,Amal,POS6,14.286,0.714,15
30-Aug-2025,Credit Card,20250830_103519,51305,Socks,40801,,Amal,POS6,9.524,0.476,10
30-Aug-2025,Credit Card,20250830_103519,57052,Card Deposit,40801,,Amal,POS6,4.762,0.238,5
30-Aug-2025,Credit Card,20250830_103519,57321,Get Tired Playing ,40801,,Amal,POS6,598.095,29.905,628
30-Aug-2025,Credit Card,20250830_103519,57321,Get Tired Playing Combo to Kar,40801,,Amal,POS6,271.181,13.559,284.74
30-Aug-2025,Credit Card,20250830_103519,57322,Karting Combo to Get Tired Pla,40801,,Amal,POS6,108.819,5.441,114.26
30-Aug-2025,Credit Card,20250830_103519,57322,Multiplex Karting - Dual Drive,40801,,Amal,POS6,149.524,7.476,157
30-Aug-2025,Credit Card,20250830_103520,57321,Adventure Pass,40801,,Glory Mae,POS5,565.714,28.286,594
30-Aug-2025,Credit Card,20250830_103521,57322,Multiplex Karting - JUNIOR,40801,,Glory Mae,POS5,80,4,84
30-Aug-2025,Credit Card,20250830_103522,57321,POD - Discovery Pass - 70.50 A,40801,,Jennilyn,POS4,67.143,3.357,70.5
30-Aug-2025,Credit Card,20250830_103523,57321,Thriller Pass,40801,,Jennilyn,POS4,914.286,45.714,960
30-Aug-2025,Credit Card,20250830_103524,57322,Multiplex Karting - ADULTS,40801,,Glory Mae,POS5,120,6,126
30-Aug-2025,Credit Card,20250830_103525,57321,Discovery Pass,40801, ,Karleane,POS4,-431.429,-21.571,-453
30-Aug-2025,Credit Card,20250830_103526,57052,Card Deposit,40801,,Amal,POS6,4.762,0.238,5
30-Aug-2025,Credit Card,20250830_103526,57162,100 Credit Top Up - Redemption,40801,,Amal,POS6,95.238,4.762,100
30-Aug-2025,Credit Card,20250830_103526,57321,POD - Discovery Pass - 70.50 A,40801,,Amal,POS6,134.286,6.714,141
30-Aug-2025,Credit Card,20250830_103527,57052,Card Deposit,40801,,Amal,POS6,4.762,0.238,5
30-Aug-2025,Credit Card,20250830_103527,57322,Multiplex Karting - ADULTS,40801,,Amal,POS6,120,6,126
30-Aug-2025,Credit Card,20250830_103527,57322,Multiplex Karting - Dual Drive,40801,,Amal,POS6,149.524,7.476,157
30-Aug-2025,Credit Card,20250830_103527,57324,Climbing Wall Session - 15minu,40801,,Amal,POS6,102.857,5.143,108
30-Aug-2025,Credit Card,20250830_103528,57321,Discovery Pass,40801,,Glory Mae,POS5,143.81,7.19,151
30-Aug-2025,Credit Card,20250830_103528,57323,Toddler Playland Unlimited,40801,,Glory Mae,POS5,188.571,9.429,198
30-Aug-2025,Credit Card,20250830_103529,57321,Get Tired Playing ,40801,,Jennilyn,POS4,598.095,29.905,628
30-Aug-2025,Credit Card,20250830_103530,57321,Discovery Pass,40801,,Amal,POS6,287.619,14.381,302
30-Aug-2025,Credit Card,20250830_103531,57323,Toddler Playland Unlimited,40801,,Amal,POS6,94.286,4.714,99
30-Aug-2025,Credit Card,20250830_103533,51305,Socks,40801,,Jennilyn,POS4,19.048,0.952,20
30-Aug-2025,Credit Card,20250830_103533,57321,Discovery Pass,40801,,Jennilyn,POS4,287.619,14.381,302
30-Aug-2025,Credit Card,20250830_103534,57321,Get Tired Playing ,40801,,Sirjana,POS3,897.143,44.857,942
30-Aug-2025,Credit Card,20250830_103534,57321,Thriller Pass,40801,,Sirjana,POS3,228.571,11.429,240
30-Aug-2025,Credit Card,20250830_103535,57322,Multiplex Karting - ADULTS,40801,,Jennilyn,POS4,120,6,126
30-Aug-2025,Credit Card,20250830_103535,57322,Multiplex Karting - JUNIOR,40801,,Jennilyn,POS4,160,8,168
30-Aug-2025,Credit Card,20250830_103536,57321,Get Tired Playing ,40801,,Glory Mae,POS5,897.143,44.857,942
30-Aug-2025,Credit Card,20250830_103537,57321,Adventure Pass,40801,,Sirjana,POS3,188.571,9.429,198
30-Aug-2025,Credit Card,20250830_103537,57321,Discovery Pass,40801,,Sirjana,POS3,287.619,14.381,302
30-Aug-2025,Credit Card,20250830_103538,57321,Adventure Pass,40801,,Jennilyn,POS4,377.143,18.857,396
30-Aug-2025,Credit Card,20250830_103539,57321,Adventure Pass,40801,,Sirjana,POS3,188.571,9.429,198
30-Aug-2025,Credit Card,20250830_103540,57052,Card Deposit,40801,,Glory Mae,POS5,4.762,0.238,5
30-Aug-2025,Credit Card,20250830_103540,57322,Multiplex Karting - ADULTS - D,40801,,Glory Mae,POS5,400,20,420
30-Aug-2025,Credit Card,20250830_103541,51305,Socks,40801,,Sirjana,POS3,9.524,0.476,10
30-Aug-2025,Credit Card,20250830_103541,57321,Adventure Pass,40801,,Sirjana,POS3,377.143,18.857,396
30-Aug-2025,Credit Card,20250830_103542,51305,Socks,40801,,Sirjana,POS3,9.524,0.476,10
30-Aug-2025,Credit Card,20250830_103546,57321,Adventure Pass,40801,,Amal,POS6,1320,66,1386
30-Aug-2025,Credit Card,20250830_103546,57322,Multiplex Karting - ADULTS,40801,,Amal,POS6,240,12,252
30-Aug-2025,Credit Card,20250830_103546,57322,Multiplex Karting - JUNIOR,40801,,Amal,POS6,400,20,420
30-Aug-2025,Credit Card,20250830_103547,57052,Card Deposit,40801,,Sirjana,POS3,4.762,0.238,5
30-Aug-2025,Credit Card,20250830_103547,57322,Multiplex Karting - ADULTS,40801,,Sirjana,POS3,240,12,252
30-Aug-2025,Credit Card,20250830_103548,57052,Card Deposit,40801,,Glory Mae,POS5,4.762,0.238,5
30-Aug-2025,Credit Card,20250830_103548,57322,Multiplex Karting - ADULTS,40801,,Glory Mae,POS5,120,6,126
30-Aug-2025,Credit Card,20250830_103549,51305,Shoe Rent,40801,,Jennilyn,POS4,14.286,0.714,15
30-Aug-2025,Credit Card,20250830_103549,57052,Card Deposit,40801,,Jennilyn,POS4,4.762,0.238,5
30-Aug-2025,Credit Card,20250830_103549,57322,Multiplex Karting - Dual Drive,40801,,Jennilyn,POS4,299.048,14.952,314
30-Aug-2025,Credit Card,20250830_103551,57321,Get Tired Playing ,40801,,Glory Mae,POS5,598.095,29.905,628
30-Aug-2025,Credit Card,20250830_103551,57321,Thriller Pass,40801,,Glory Mae,POS5,228.571,11.429,240
30-Aug-2025,Credit Card,20250830_103552,57321,Discovery Pass,40801,,Sirjana,POS3,143.81,7.19,151
30-Aug-2025,Credit Card,20250830_103553,57321,Discovery Pass,40801,,Jennilyn,POS4,719.048,35.952,755
30-Aug-2025,Credit Card,20250830_103554,57323,Lockers ,40801,,Glory Mae,POS5,9.524,0.476,10
30-Aug-2025,Credit Card,20250830_103555,57323,Toddler Playland Unlimited,40801,,Jennilyn,POS4,188.571,9.429,198
30-Aug-2025,Credit Card,20250830_103556,57321,Get Tired Playing ,40801,,Sirjana,POS3,897.143,44.857,942
30-Aug-2025,Credit Card,20250830_103557,57321,Discovery Pass,40801,,Sirjana,POS3,287.619,14.381,302
30-Aug-2025,Credit Card,20250830_103559,57324,Climbing Wall Session - 15minu,40801,,Sirjana,POS3,34.286,1.714,36
30-Aug-2025,Credit Card,20250830_103560,57052,Card Deposit,40801,,Amal,POS6,4.762,0.238,5
30-Aug-2025,Credit Card,20250830_103560,57321,Get Tired Playing 20% ADCB Car,40801,,Amal,POS6,478.476,23.924,502.4
30-Aug-2025,Credit Card,20250830_103560,57322,Multiplex Karting - ADULTS,40801,,Amal,POS6,240,12,252
30-Aug-2025,Credit Card,20250830_103561,57321,Adventure Pass,40801,,Sirjana,POS3,565.714,28.286,594
30-Aug-2025,Credit Card,20250830_103562,57321,Toddler Pass,40801,,Amal,POS6,99.048,4.952,104
30-Aug-2025,Credit Card,20250830_103563,57162,100 Credit Top Up - Redemption,40801,,Jennilyn,POS4,95.238,4.762,100
30-Aug-2025,Credit Card,20250830_103564,57052,Card Deposit,40801,,Jennilyn,POS4,4.762,0.238,5
30-Aug-2025,Credit Card,20250830_103564,57322,Multiplex Karting - ADULTS,40801,,Jennilyn,POS4,480,24,504
30-Aug-2025,Credit Card,20250830_103565,51305,Shoe and Locker Rent,40801,,Sirjana,POS3,19.048,0.952,20
30-Aug-2025,Credit Card,20250830_103565,51305,Shoe Rent,40801,,Sirjana,POS3,14.286,0.714,15
30-Aug-2025,Credit Card,20250830_103565,51305,Socks,40801,,Sirjana,POS3,19.048,0.952,20
30-Aug-2025,Credit Card,20250830_103565,57052,Card Deposit,40801,,Sirjana,POS3,4.762,0.238,5
30-Aug-2025,Credit Card,20250830_103565,57321,Thriller Pass,40801,,Sirjana,POS3,457.143,22.857,480
30-Aug-2025,Credit Card,20250830_103565,57322,Multiplex Karting - JUNIOR,40801,,Sirjana,POS3,80,4,84
30-Aug-2025,Credit Card,20250830_103566,57162,50 AED Top Up - Redemption,40801,,Jennilyn,POS4,47.619,2.381,50
30-Aug-2025,Credit Card,20250830_103567,57321,Discovery Pass,40801,,Sirjana,POS3,143.81,7.19,151
30-Aug-2025,Credit Card,20250830_103567,57321,Toddler Pass,40801,,Sirjana,POS3,99.048,4.952,104
30-Aug-2025,Credit Card,20250830_103569,57162,50 AED Top Up - Redemption,40801,,Jennilyn,POS4,47.619,2.381,50
30-Aug-2025,Credit Card,20250830_103570,57321,Toddler Pass,40801,,Sirjana,POS3,99.048,4.952,104
30-Aug-2025,Credit Card,20250830_103571,57052,Card Deposit,40801, ,External POS,KIOSK1,4.762,0.238,5
30-Aug-2025,Credit Card,20250830_103571,57162,100 Credit Top Up - Redemption,40801, ,External POS,KIOSK1,95.238,4.762,100
30-Aug-2025,Credit Card,20250830_103572,57052,Card Deposit,40801,,Sirjana,POS6,4.762,0.238,5
30-Aug-2025,Credit Card,20250830_103572,57322,Multiplex Karting - JUNIOR,40801,,Sirjana,POS6,80,4,84
30-Aug-2025,Credit Card,20250830_103573,57052,Card Deposit,40801, ,Karleane,POS5,4.762,0.238,5
30-Aug-2025,Credit Card,20250830_103573,57322,Multiplex Karting - ADULTS,40801, ,Karleane,POS5,120,6,126
30-Aug-2025,Credit Card,20250830_103573,57323,Carousel,40801, ,Karleane,POS5,20,1,21
30-Aug-2025,Credit Card,20250830_103574,57052,Card Deposit,40801,,Jennilyn,POS4,4.762,0.238,5
30-Aug-2025,Credit Card,20250830_103574,57321,Discovery Pass Combo to Kartin,40801,,Jennilyn,POS4,241.81,12.09,253.9
30-Aug-2025,Credit Card,20250830_103574,57321,Discovery Pass,40801,,Jennilyn,POS4,287.619,14.381,302
30-Aug-2025,Credit Card,20250830_103574,57322,Karting Combo to Discovery Pas,40801,,Jennilyn,POS4,205.81,10.29,216.1
30-Aug-2025,Credit Card,20250830_103574,57322,Multiplex Karting - Dual Drive,40801,,Jennilyn,POS4,149.524,7.476,157
30-Aug-2025,Credit Card,20250830_103575,57162,50 AED Top Up - Redemption,40801,,Jennilyn,POS4,47.619,2.381,50
30-Aug-2025,Credit Card,20250830_103577,57323,Through the Roof,40801,,Jennilyn,POS4,88.571,4.429,93
30-Aug-2025,Credit Card,20250830_103580,57321,Adventure Pass,40801,,Jennilyn,POS4,188.571,9.429,198
30-Aug-2025,Credit Card,20250830_103581,57052,Card Deposit,40801,,Jennilyn,POS4,4.762,0.238,5
30-Aug-2025,Credit Card,20250830_103581,57322,Multiplex Karting - ADULTS,40801,,Jennilyn,POS4,120,6,126
30-Aug-2025,Credit Card,20250830_103581,57322,Multiplex Karting - JUNIOR,40801,,Jennilyn,POS4,80,4,84
30-Aug-2025,Credit Card,20250830_103582,57321,Discovery Pass,40801,,Sirjana,POS3,575.238,28.762,604
30-Aug-2025,Credit Card,20250830_103586,57162,100 Credit Top Up - Redemption,40801,,Jennilyn,POS4,95.238,4.762,100
30-Aug-2025,Credit Card,20250830_103587,51305,Socks,40801,,Sirjana,POS3,28.571,1.429,30
30-Aug-2025,Credit Card,20250830_103587,57321,Discovery Pass,40801,,Sirjana,POS3,431.429,21.571,453
30-Aug-2025,Credit Card,20250830_103588,57321,Adventure Pass,40801, ,Karleane,POS5,942.857,47.143,990
30-Aug-2025,Credit Card,20250830_103589,57162,50 AED Top Up - Redemption,40801,,Jennilyn,POS4,47.619,2.381,50
30-Aug-2025,Credit Card,20250830_103590,51305,Socks,40801,,Sirjana,POS3,9.524,0.476,10
30-Aug-2025,Credit Card,20250830_103591,51305,Shoe Rent,40801,,Jennilyn,POS4,14.286,0.714,15
30-Aug-2025,Credit Card,20250830_103591,51305,Socks,40801,,Jennilyn,POS4,9.524,0.476,10
30-Aug-2025,Credit Card,20250830_103591,57052,Card Deposit,40801,,Jennilyn,POS4,4.762,0.238,5
30-Aug-2025,Credit Card,20250830_103591,57322,Multiplex Karting - ADULTS,40801,,Jennilyn,POS4,120,6,126
30-Aug-2025,Credit Card,20250830_103592,57321,Discovery Pass,40801,,Sirjana,POS3,287.619,14.381,302
30-Aug-2025,Credit Card,20250830_103594,57052,Card Deposit,40801,,Sirjana,POS3,4.762,0.238,5
30-Aug-2025,Credit Card,20250830_103594,57162,100 Credit Top Up - Redemption,40801,,Sirjana,POS3,95.238,4.762,100
30-Aug-2025,Credit Card,20250830_103595,51305,Shoe Rent,40801,,Jennilyn,POS4,14.286,0.714,15
30-Aug-2025,Credit Card,20250830_103595,51305,Socks,40801,,Jennilyn,POS4,9.524,0.476,10
30-Aug-2025,Credit Card,20250830_103596,51305,Socks,40801, ,Karleane,POS3,-28.571,-1.429,-30
30-Aug-2025,Credit Card,20250830_103596,57321,Discovery Pass,40801, ,Karleane,POS3,-431.429,-21.571,-453
30-Aug-2025,Credit Card,20250830_103597,57321,Discovery Pass,40801,,Jennilyn,POS4,287.619,14.381,302
30-Aug-2025,Credit Card,20250830_103598,57052,Card Deposit,40801,,Jennilyn,POS4,4.762,0.238,5
30-Aug-2025,Credit Card,20250830_103598,57322,Multiplex Karting - ADULTS,40801,,Jennilyn,POS4,240,12,252
30-Aug-2025,Credit Card,20250830_103599,57321,Thriller Pass,40801,,Sirjana,POS3,457.143,22.857,480
30-Aug-2025,Credit Card,20250830_103599,57323,Lockers ,40801,,Sirjana,POS3,9.524,0.476,10
30-Aug-2025,Credit Card,20250830_103600,57052,Card Deposit,40801,,Jennilyn,POS4,4.762,0.238,5
30-Aug-2025,Credit Card,20250830_103600,57162,50 AED Top Up - Redemption,40801,,Jennilyn,POS4,47.619,2.381,50
30-Aug-2025,Credit Card,20250830_103600,57322,Multiplex Karting - JUNIOR,40801,,Jennilyn,POS4,80,4,84
30-Aug-2025,Credit Card,20250830_103601,51305,Socks,40801,,Sirjana,POS3,28.571,1.429,30
30-Aug-2025,Credit Card,20250830_103601,57321,Discovery Pass,40801,,Sirjana,POS3,287.619,14.381,302
30-Aug-2025,Credit Card,20250830_103601,57321,Toddler Pass,40801,,Sirjana,POS3,99.048,4.952,104
30-Aug-2025,Credit Card,20250830_103602,51305,Shoe Rent,40801,,Glory Mae,POS5,14.286,0.714,15
30-Aug-2025,Credit Card,20250830_103602,51305,Socks,40801,,Glory Mae,POS5,9.524,0.476,10
30-Aug-2025,Credit Card,20250830_103602,57052,Card Deposit,40801,,Glory Mae,POS5,4.762,0.238,5
30-Aug-2025,Credit Card,20250830_103602,57322,Multiplex Karting - ADULTS,40801,,Glory Mae,POS5,120,6,126
30-Aug-2025,Credit Card,20250830_103603,51305,Socks,40801,,Sirjana,POS3,9.524,0.476,10
30-Aug-2025,Credit Card,20250830_103604,57321,Discovery Pass,40801,,Jennilyn,POS4,287.619,14.381,302
30-Aug-2025,Credit Card,20250830_103606,51305,Shoe Rent,40801,,Jennilyn,POS4,28.571,1.429,30
30-Aug-2025,Credit Card,20250830_103606,51305,Socks,40801,,Jennilyn,POS4,9.524,0.476,10
30-Aug-2025,Credit Card,20250830_103606,57052,Card Deposit,40801,,Jennilyn,POS4,4.762,0.238,5
30-Aug-2025,Credit Card,20250830_103606,57322,Multiplex Karting - ADULTS,40801,,Jennilyn,POS4,600,30,630
30-Aug-2025,Credit Card,20250830_103608,57321,Discovery Pass,40801,,Glory Mae,POS5,431.429,21.571,453
30-Aug-2025,Credit Card,20250830_103609,51305,Socks,40801,,Jennilyn,POS4,9.524,0.476,10
30-Aug-2025,Credit Card,20250830_103609,57321,Adventure Pass,40801,,Jennilyn,POS4,377.143,18.857,396
30-Aug-2025,Credit Card,20250830_103610,57322,Multiplex Karting - ADULTS,40801,,Jennilyn,POS4,120,6,126
30-Aug-2025,Credit Card,20250830_103611,57321,POD - Discovery Pass - 70.50 A,40801,,Jennilyn,POS4,67.143,3.357,70.5
30-Aug-2025,Credit Card,20250830_103613,57162,50 AED Top Up - Redemption,40801,,Glory Mae,POS5,47.619,2.381,50
30-Aug-2025,Credit Card,20250830_103614,57323,Rope Course,40801,,Jennilyn,POS4,59.048,2.952,62
30-Aug-2025,Credit Card,20250830_103615,57323,Speed Glider,40801,,Glory Mae,POS5,72.381,3.619,76
30-Aug-2025,Credit Card,20250830_103616,51305,Jump Suit,40801,,Glory Mae,POS5,38.095,1.905,40
30-Aug-2025,Credit Card,20250830_103616,51305,Shoe Rent,40801,,Glory Mae,POS5,28.571,1.429,30
30-Aug-2025,Credit Card,20250830_103616,51305,Socks,40801,,Glory Mae,POS5,19.048,0.952,20
30-Aug-2025,Credit Card,20250830_103616,57324,Climbing Wall Session - 15minu,40801,,Glory Mae,POS5,68.571,3.429,72
30-Aug-2025,Online Pay,20250830_103558,57321,Discovery Pass,40802, ,External POS,online,671.429,33.571,705
30-Aug-2025,Payment Link,20250830_103484,57321,Discovery Pass 20% corporate,40801,,Sirjana,POS3,107.619,5.381,113
30-Aug-2025,Payment Link,20250830_103485,57321,Discovery Pass 20% corporate,40801,,Sirjana,POS3,107.619,5.381,113
30-Aug-2025,Payment Link,20250830_103486,57321,Discovery Pass 20% corporate,40801,,Sirjana,POS3,107.619,5.381,113
30-Aug-2025,Payment Link,20250830_103488,57321,Discovery Pass 20% corporate,40801,,Sirjana,POS3,430.476,21.524,452
30-Aug-2025,Payment Link,20250830_103491,57321,Discovery Pass 20% corporate,40801,,Sirjana,POS3,107.619,5.381,113
30-Aug-2025,Payment Link,20250830_103494,57321,Discovery Pass 20% corporate,40801,,Sirjana,POS3,1937.14,96.857,2034
30-Aug-2025,Payment Link,20250830_103495,57321,Discovery Pass 20% corporate,40801,,Sirjana,POS3,107.619,5.381,113
31-Aug-2025,Cash,20250831_103642,57321,Get Tired Playing ,40801,,Sirjana,POS3,299.048,14.952,314
31-Aug-2025,Cash,20250831_103643,57052,Card Deposit,40801,,Sirjana,POS3,4.762,0.238,5
31-Aug-2025,Cash,20250831_103643,57162,100 Credit Top Up - Redemption,40801,,Sirjana,POS3,95.238,4.762,100
31-Aug-2025,Cash,20250831_103643,57321,Discovery Pass,40801,,Sirjana,POS3,143.81,7.19,151
31-Aug-2025,Cash,20250831_103652,57321,Adventure Pass,40801,,Amal,POS6,377.143,18.857,396
31-Aug-2025,Cash,20250831_103656,57162,50 AED Top Up - Redemption,40801,,Amal,POS6,47.619,2.381,50
31-Aug-2025,Cash,20250831_103658,57324,Climbing Wall Session - 60minu,40801,,Amal,POS6,200,10,210
31-Aug-2025,Cash,20250831_103659,57162,100 Credit Top Up - Redemption,40801,,Sirjana,POS3,95.238,4.762,100
31-Aug-2025,Cash,20250831_103670,51305,Socks,40801,,Amal,POS6,9.524,0.476,10
31-Aug-2025,Cash,20250831_103670,57321,Discovery Pass,40801,,Amal,POS6,287.619,14.381,302
31-Aug-2025,Cash,20250831_103691,57162,100 Credit Top Up - Redemption,40801,,Jennilyn,POS4,95.238,4.762,100
31-Aug-2025,Cash,20250831_103693,57321,Adventure Pass,40801,,Sirjana,POS3,188.571,9.429,198
31-Aug-2025,Cash,20250831_103696,57321,Toddler Pass,40801,,Jennilyn,POS4,99.048,4.952,104
31-Aug-2025,Cash;Credit Card,20250831_103635,57321,Get Tired Playing Combo to Kar,40801,,Amal,POS6,271.181,13.559,284.74
31-Aug-2025,Cash;Credit Card,20250831_103635,57322,Karting Combo to Get Tired Pla,40801,,Amal,POS6,108.819,5.441,114.26
31-Aug-2025,Credit Card Adjustment,20250831_103698,57162,Slime Experience - 41AED,40801,,Manisha,POS7,39.048,1.952,41
31-Aug-2025,Credit Card,20250831_103617,57321,Adventure Pass,40801,,Amal,POS6,377.143,18.857,396
31-Aug-2025,Credit Card,20250831_103618,57321,Get Tired Playing ,40801,,Amal,POS6,897.143,44.857,942
31-Aug-2025,Credit Card,20250831_103619,57321,Discovery Pass,40801,,Amal,POS6,143.81,7.19,151
31-Aug-2025,Credit Card,20250831_103619,57321,Toddler Pass,40801,,Amal,POS6,99.048,4.952,104
31-Aug-2025,Credit Card,20250831_103620,57323,Entertainer Inflatable 1 Hour,40801,,Amal,POS6,94.286,4.714,99
31-Aug-2025,Credit Card,20250831_103621,51305,Shoe Rent,40801,,Amal,POS6,14.286,0.714,15
31-Aug-2025,Credit Card,20250831_103621,57321,Discovery Pass,40801,,Amal,POS6,143.81,7.19,151
31-Aug-2025,Credit Card,20250831_103622,57052,Card Deposit,40801,,Amal,POS6,4.762,0.238,5
31-Aug-2025,Credit Card,20250831_103622,57322,Multiplex Karting - Dual Drive,40801,,Amal,POS6,149.524,7.476,157
31-Aug-2025,Credit Card,20250831_103623,57321,Get Tired Playing ,40801,,Amal,POS6,299.048,14.952,314
31-Aug-2025,Credit Card,20250831_103624,57321,Get Tired Playing ,40801,,Amal,POS6,299.048,14.952,314
31-Aug-2025,Credit Card,20250831_103626,57323,Rope Course,40801,,Amal,POS6,29.524,1.476,31
31-Aug-2025,Credit Card,20250831_103627,57162,100 Credit Top Up - Redemption,40801,,Amal,POS6,95.238,4.762,100
31-Aug-2025,Credit Card,20250831_103628,57322,Multiplex Karting - JUNIOR - D,40801,,Amal,POS6,133.333,6.667,140
31-Aug-2025,Credit Card,20250831_103629,57321,Thriller Pass,40801,,Amal,POS6,685.714,34.286,720
31-Aug-2025,Credit Card,20250831_103629,57321,Toddler Pass,40801,,Amal,POS6,99.048,4.952,104
31-Aug-2025,Credit Card,20250831_103629,57323,Carousel,40801,,Amal,POS6,20,1,21
31-Aug-2025,Credit Card,20250831_103630,57052,Card Deposit,40801,,Amal,POS6,4.762,0.238,5
31-Aug-2025,Credit Card,20250831_103630,57321,Discovery Pass,40801,,Amal,POS6,143.81,7.19,151
31-Aug-2025,Credit Card,20250831_103630,57322,Multiplex Karting - ADULTS - D,40801,,Amal,POS6,200,10,210
31-Aug-2025,Credit Card,20250831_103631,57162,100 Credit Top Up - Redemption,40801,,Amal,POS6,95.238,4.762,100
31-Aug-2025,Credit Card,20250831_103632,57321,Adventure Pass,40801,,Amal,POS6,188.571,9.429,198
31-Aug-2025,Credit Card,20250831_103633,57321,Get Tired Playing Combo to Kar,40801,,Amal,POS6,271.181,13.559,284.74
31-Aug-2025,Credit Card,20250831_103633,57322,Karting Combo to Get Tired Pla,40801,,Amal,POS6,108.819,5.441,114.26
31-Aug-2025,Credit Card,20250831_103634,57321,Get Tired Playing Combo to Kar,40801,,Amal,POS6,271.181,13.559,284.74
31-Aug-2025,Credit Card,20250831_103634,57322,Karting Combo to Get Tired Pla,40801,,Amal,POS6,108.819,5.441,114.26
31-Aug-2025,Credit Card,20250831_103636,57052,Card Deposit,40801,,Amal,POS6,4.762,0.238,5
31-Aug-2025,Credit Card,20250831_103636,57162,50 AED Top Up - Redemption,40801,,Amal,POS6,47.619,2.381,50
31-Aug-2025,Credit Card,20250831_103637,57323,Lockers ,40801,,Amal,POS6,9.524,0.476,10
31-Aug-2025,Credit Card,20250831_103638,57321,Discovery Pass Combo to Kartin,40801,,Amal,POS6,241.81,12.09,253.9
31-Aug-2025,Credit Card,20250831_103638,57322,Karting Combo to Discovery Pas,40801,,Amal,POS6,205.81,10.29,216.1
31-Aug-2025,Credit Card,20250831_103639,57321,Adventure Pass,40801,,Amal,POS6,377.143,18.857,396
31-Aug-2025,Credit Card,20250831_103640,51605,Add Ons - Fluid Art - Small Fl,40801,,Manisha,POS7,106.667,5.333,112
31-Aug-2025,Credit Card,20250831_103641,57321,Thriller Pass,40801,,Sirjana,POS3,457.143,22.857,480
31-Aug-2025,Credit Card,20250831_103644,51305,Shoe Rent,40801,,Sirjana,POS3,42.857,2.143,45
31-Aug-2025,Credit Card,20250831_103644,51305,Socks,40801,,Sirjana,POS3,28.571,1.429,30
31-Aug-2025,Credit Card,20250831_103644,57052,Card Deposit,40801,,Sirjana,POS3,4.762,0.238,5
31-Aug-2025,Credit Card,20250831_103644,57322,Multiplex Karting - ADULTS,40801,,Sirjana,POS3,720,36,756
31-Aug-2025,Credit Card,20250831_103645,57052,Card Deposit,40801,,Sirjana,POS3,4.762,0.238,5
31-Aug-2025,Credit Card,20250831_103645,57322,Karting - Adults - 20% Teacher,40801,,Sirjana,POS3,192.381,9.619,202
31-Aug-2025,Credit Card,20250831_103646,57321,Thriller Pass,40801,,Sirjana,POS3,228.571,11.429,240
31-Aug-2025,Credit Card,20250831_103646,57321,Toddler Pass,40801,,Sirjana,POS3,99.048,4.952,104
31-Aug-2025,Credit Card,20250831_103647,57052,Card Deposit,40801,,Sirjana,POS3,4.762,0.238,5
31-Aug-2025,Credit Card,20250831_103647,57321,Discovery Pass Combo to Kartin,40801,,Sirjana,POS3,120.905,6.045,126.95
31-Aug-2025,Credit Card,20250831_103647,57321,Discovery Pass,40801,,Sirjana,POS3,287.619,14.381,302
31-Aug-2025,Credit Card,20250831_103647,57322,Karting Combo to Discovery Pas,40801,,Sirjana,POS3,102.905,5.145,108.05
31-Aug-2025,Credit Card,20250831_103647,57322,Multiplex Karting - Dual Drive,40801,,Sirjana,POS3,149.524,7.476,157
31-Aug-2025,Credit Card,20250831_103648,57321,Discovery Pass Combo to Kartin,40801,,Sirjana,POS3,362.714,18.136,380.85
31-Aug-2025,Credit Card,20250831_103648,57322,Karting Combo to Discovery Pas,40801,,Sirjana,POS3,308.714,15.436,324.15
31-Aug-2025,Credit Card,20250831_103649,57052,Card Deposit,40801,,Sirjana,POS3,4.762,0.238,5
31-Aug-2025,Credit Card,20250831_103649,57321,Thriller Pass,40801,,Sirjana,POS3,685.714,34.286,720
31-Aug-2025,Credit Card,20250831_103649,57322,Multiplex Karting - ADULTS,40801,,Sirjana,POS3,240,12,252
31-Aug-2025,Credit Card,20250831_103649,57322,Multiplex Karting - Dual Drive,40801,,Sirjana,POS3,149.524,7.476,157
31-Aug-2025,Credit Card,20250831_103649,57322,Multiplex Karting - JUNIOR,40801,,Sirjana,POS3,80,4,84
31-Aug-2025,Credit Card,20250831_103650,57162,50 AED Top Up - Redemption,40801,,Sirjana,POS3,47.619,2.381,50
31-Aug-2025,Credit Card,20250831_103651,57321,Adventure Pass 20% ADCB Card H,40801,,Sirjana,POS3,286.476,14.324,300.8
31-Aug-2025,Credit Card,20250831_103653,57162,50 AED Top Up - Redemption,40801,,Amal,POS6,47.619,2.381,50
31-Aug-2025,Credit Card,20250831_103655,57162,50 AED Top Up - Redemption,40801,,Amal,POS6,47.619,2.381,50
31-Aug-2025,Credit Card,20250831_103657,57323,Toddler Playland Unlimited,40801,,Amal,POS6,94.286,4.714,99
31-Aug-2025,Credit Card,20250831_103660,57323,Lockers ,40801,,Amal,POS6,9.524,0.476,10
31-Aug-2025,Credit Card,20250831_103661,57321,Thriller Pass,40801,,Amal,POS6,457.143,22.857,480
31-Aug-2025,Credit Card,20250831_103662,57162,50 AED Top Up - Redemption,40801,,Sirjana,POS3,47.619,2.381,50
31-Aug-2025,Credit Card,20250831_103663,57321,Adventure Pass,40801,,Amal,POS6,188.571,9.429,198
31-Aug-2025,Credit Card,20250831_103664,57321,Discovery Pass,40801,,Sirjana,POS3,287.619,14.381,302
31-Aug-2025,Credit Card,20250831_103665,57052,Card Deposit,40801,,Sirjana,POS3,4.762,0.238,5
31-Aug-2025,Credit Card,20250831_103665,57322,Multiplex Karting - ADULTS - D,40801,,Sirjana,POS3,200,10,210
31-Aug-2025,Credit Card,20250831_103666,57052,Card Deposit,40801,,Sirjana,POS3,4.762,0.238,5
31-Aug-2025,Credit Card,20250831_103666,57322,Multiplex Karting - ADULTS,40801,,Sirjana,POS3,120,6,126
31-Aug-2025,Credit Card,20250831_103666,57322,Multiplex Karting - JUNIOR,40801,,Sirjana,POS3,80,4,84
31-Aug-2025,Credit Card,20250831_103667,57323,Rope Course,40801,,Sirjana,POS3,29.524,1.476,31
31-Aug-2025,Credit Card,20250831_103668,57321,Discovery Pass Combo to Kartin,40801,,Amal,POS6,241.81,12.09,253.9
31-Aug-2025,Credit Card,20250831_103668,57322,Karting Combo to Discovery Pas,40801,,Amal,POS6,205.81,10.29,216.1
31-Aug-2025,Credit Card,20250831_103669,57321,Thriller Pass,40801,,Amal,POS6,457.143,22.857,480
31-Aug-2025,Credit Card,20250831_103671,57321,Thriller Pass,40801,,Amal,POS6,457.143,22.857,480
31-Aug-2025,Credit Card,20250831_103672,57321,Discovery Pass,40801,,Amal,POS6,575.238,28.762,604
31-Aug-2025,Credit Card,20250831_103673,57321,Get Tired Playing ,40801,,Sirjana,POS3,598.095,29.905,628
31-Aug-2025,Credit Card,20250831_103674,51305,Shoe Rent,40801,,Sirjana,POS3,14.286,0.714,15
31-Aug-2025,Credit Card,20250831_103675,57321,Discovery Pass,40801,,Sirjana,POS3,287.619,14.381,302
31-Aug-2025,Credit Card,20250831_103675,57324,Climbing Wall Session - 15minu,40801,,Sirjana,POS3,34.286,1.714,36
31-Aug-2025,Credit Card,20250831_103676,57321,Discovery Pass,40801,,Sirjana,POS3,287.619,14.381,302
31-Aug-2025,Credit Card,20250831_103677,57321,Discovery Pass,40801,,Sirjana,POS3,287.619,14.381,302
31-Aug-2025,Credit Card,20250831_103678,51305,Shoe Rent,40801,,Amal,POS6,14.286,0.714,15
31-Aug-2025,Credit Card,20250831_103679,51605,Fluid Art - Mickey Mouse - 20c,40801,,Manisha,POS7,144.762,7.238,152
31-Aug-2025,Credit Card,20250831_103680,57321,Adventure Pass,40801,,Amal,POS6,754.286,37.714,792
31-Aug-2025,Credit Card,20250831_103681,57321,Get Tired Playing ,40801,,Amal,POS6,598.095,29.905,628
31-Aug-2025,Credit Card,20250831_103682,51305,Shoe Rent,40801,,Amal,POS6,14.286,0.714,15
31-Aug-2025,Credit Card,20250831_103682,51305,Socks,40801,,Amal,POS6,9.524,0.476,10
31-Aug-2025,Credit Card,20250831_103682,57321,Discovery Pass,40801,,Amal,POS6,143.81,7.19,151
31-Aug-2025,Credit Card,20250831_103683,57321,Get Tired Playing ,40801,,Jennilyn,POS4,598.095,29.905,628
31-Aug-2025,Credit Card,20250831_103684,57323,Entertainer Inflatable 1 Hour,40801,,Amal,POS6,188.571,9.429,198
31-Aug-2025,Credit Card,20250831_103685,57052,Card Deposit,40801,,Amal,POS6,4.762,0.238,5
31-Aug-2025,Credit Card,20250831_103685,57322,Multiplex Karting - ADULTS,40801,,Amal,POS6,120,6,126
31-Aug-2025,Credit Card,20250831_103685,57322,Multiplex Karting - JUNIOR,40801,,Amal,POS6,80,4,84
31-Aug-2025,Credit Card,20250831_103686,57321,Adventure Pass,40801,,Amal,POS6,188.571,9.429,198
31-Aug-2025,Credit Card,20250831_103686,57321,Thriller Pass,40801,,Amal,POS6,457.143,22.857,480
31-Aug-2025,Credit Card,20250831_103687,57321,Discovery Pass,40801,,Jennilyn,POS4,143.81,7.19,151
31-Aug-2025,Credit Card,20250831_103688,57052,Adrenark Card,40801,,Jennilyn,POS4,4.762,0.238,5
31-Aug-2025,Credit Card,20250831_103688,57324,Climbing Wall Session - 15minu,40801,,Jennilyn,POS4,68.571,3.429,72
31-Aug-2025,Credit Card,20250831_103689,51605,Add Ons - Fluid Art - Large Fl,40801,,Manisha,POS7,188.571,9.429,198
31-Aug-2025,Credit Card,20250831_103689,57162,Slime Experience - 41AED,40801,,Manisha,POS7,39.048,1.952,41
31-Aug-2025,Credit Card,20250831_103690,57321,Discovery Pass,40801,,Jennilyn,POS4,287.619,14.381,302
31-Aug-2025,Credit Card,20250831_103692,57321,POD - Discovery Pass - 70.50 A,40801,,Sirjana,POS3,67.143,3.357,70.5
31-Aug-2025,Credit Card,20250831_103694,57321,Discovery Pass,40801,,Sirjana,POS3,287.619,14.381,302
31-Aug-2025,Credit Card,20250831_103695,57322,Multiplex Karting - ADULTS - D,40801,,Sirjana,POS3,400,20,420
31-Aug-2025,Credit Card,20250831_103697,51305,Socks,40801,,Jennilyn,POS4,9.524,0.476,10
31-Aug-2025,Credit Card,20250831_103699,51305,Socks,40801,,Jennilyn,POS4,38.095,1.905,40
31-Aug-2025,Credit Card,20250831_103700,57321,Discovery Pass,40801,,Jennilyn,POS4,287.619,14.381,302
31-Aug-2025,Credit Card,20250831_103701,57052,Card Deposit,40801,,Sirjana,POS3,4.762,0.238,5
31-Aug-2025,Credit Card,20250831_103701,57322,Multiplex Karting - ADULTS,40801,,Sirjana,POS3,120,6,126
31-Aug-2025,Credit Card,20250831_103701,57322,Multiplex Karting - JUNIOR,40801,,Sirjana,POS3,80,4,84
31-Aug-2025,Credit Card,20250831_103702,51605,Fluid Art - Key Chain,40801,,Manisha,POS7,55.238,2.762,58
31-Aug-2025,Credit Card,20250831_103702,51605,Fluid Art - Meduim Fluid Bear ,40801,,Manisha,POS7,178.095,8.905,187
31-Aug-2025,Credit Card,20250831_103703,57162,100 Credit Top Up - Redemption,40801,,Sirjana,POS3,95.238,4.762,100
31-Aug-2025,Credit Card,20250831_103704,57162,100 Credit Top Up - Redemption,40801,,Jennilyn,POS4,95.238,4.762,100
31-Aug-2025,Credit Card,20250831_103705,51605,Add Ons - Cennamoroll 17 cms,40801,,Manisha,POS7,80,4,84
31-Aug-2025,Credit Card,20250831_103705,57162,Slime Experience - 41AED,40801,,Manisha,POS7,78.095,3.905,82
31-Aug-2025,Credit Card,20250831_103706,57162,50 AED Top Up - Redemption,40801,,Jennilyn,POS4,47.619,2.381,50
31-Aug-2025,Credit Card,20250831_103707,57162,Slime Experience - 41AED,40801,,Manisha,POS7,39.048,1.952,41
31-Aug-2025,Online Pay,20250831_103654,57321,Adventure Pass,40802, ,External POS,online,716.19,35.81,752